npm warn deprecated whatwg-encoding@3.1.1: Use @exodus/bytes instead for a more spec-conformant and faster implementation

added 527 packages, and audited 528 packages in 13s

172 packages are looking for funding
  run `npm fund` for details

16 vulnerabilities (1 moderate, 13 high, 2 critical)

To address issues that do not require attention, run:
  npm audit fix

To address all issues (including breaking changes), run:
  npm audit fix --force

Run `npm audit` for details.
Prisma schema loaded from prisma/schema.prisma
The schema at prisma/schema.prisma is valid 🚀
Prisma schema loaded from prisma/schema.prisma

✔ Generated Prisma Client (v6.19.2) to ./node_modules/@prisma/client in 248ms

Start by importing your Prisma Client (See: https://pris.ly/d/importing-client)

Tip: Interested in query caching in just a few lines of code? Try Accelerate today! https://pris.ly/tip-3-accelerate

Prisma schema loaded from prisma/schema.prisma
Datasource "db": PostgreSQL database "cps_novel_p1_05b_20261008162730_92414", schema "public" at "127.0.0.1:58960"

23 migrations found in prisma/migrations

Applying migration `20260803090000_p1_initial_schema`
Applying migration `20260804090000_p1_08_credential_status_parity`
Applying migration `20260804140000_p1_08b_admin_auth_persistence`
Applying migration `20260816160000_p2_06_5_tagging_v3`
Applying migration `20260818120000_v020_foundation_shared`
Applying migration `20260905090000_site_setting_carousel_config`
Applying migration `20260906090000_p2_02b_article_template_cps_parity`
Applying migration `20260907090000_p3_generic_task_catalog_scan_indexes`
Applying migration `20260907091500_p3_drop_catalog_scan_task`
Applying migration `20260909090000_c24_article_axes`
Applying migration `20260910090000_c27_blog_article_foundation`
Applying migration `20260911090000_c30_novel_rebind_foundation`
Applying migration `20260912090000_l10n_article_template_locale_not_null`
Applying migration `20260912100000_carousel_serving_source_check_fix`
Applying migration `20260913120000_catalog_batch_parent`
Applying migration `20260916090000_x10_task_control_paused_cancelled`
Applying migration `20260918090000_preview_account_hold`
Applying migration `20260924090000_p5a_catalog_position`
Applying migration `20260926150000_periodic_sweep_skip_reason`
Applying migration `20260927090000_side_effect_manual_review_guard`
Applying migration `20260930100000_site_setting_yandex`
Applying migration `20261005100000_worker_health_partial_indexes`
Applying migration `20261008120000_revenue_account_level_dashboard`

The following migration(s) have been applied:

migrations/
  └─ 20260803090000_p1_initial_schema/
    └─ migration.sql
  └─ 20260804090000_p1_08_credential_status_parity/
    └─ migration.sql
  └─ 20260804140000_p1_08b_admin_auth_persistence/
    └─ migration.sql
  └─ 20260816160000_p2_06_5_tagging_v3/
    └─ migration.sql
  └─ 20260818120000_v020_foundation_shared/
    └─ migration.sql
  └─ 20260905090000_site_setting_carousel_config/
    └─ migration.sql
  └─ 20260906090000_p2_02b_article_template_cps_parity/
    └─ migration.sql
  └─ 20260907090000_p3_generic_task_catalog_scan_indexes/
    └─ migration.sql
  └─ 20260907091500_p3_drop_catalog_scan_task/
    └─ migration.sql
  └─ 20260909090000_c24_article_axes/
    └─ migration.sql
  └─ 20260910090000_c27_blog_article_foundation/
    └─ migration.sql
  └─ 20260911090000_c30_novel_rebind_foundation/
    └─ migration.sql
  └─ 20260912090000_l10n_article_template_locale_not_null/
    └─ migration.sql
  └─ 20260912100000_carousel_serving_source_check_fix/
    └─ migration.sql
  └─ 20260913120000_catalog_batch_parent/
    └─ migration.sql
  └─ 20260916090000_x10_task_control_paused_cancelled/
    └─ migration.sql
  └─ 20260918090000_preview_account_hold/
    └─ migration.sql
  └─ 20260924090000_p5a_catalog_position/
    └─ migration.sql
  └─ 20260926150000_periodic_sweep_skip_reason/
    └─ migration.sql
  └─ 20260927090000_side_effect_manual_review_guard/
    └─ migration.sql
  └─ 20260930100000_site_setting_yandex/
    └─ migration.sql
  └─ 20261005100000_worker_health_partial_indexes/
    └─ migration.sql
  └─ 20261008120000_revenue_account_level_dashboard/
    └─ migration.sql
      
All migrations have been successfully applied.
Prisma schema loaded from prisma/schema.prisma
Datasource "db": PostgreSQL database "cps_novel_p1_05b_20261008162730_92414", schema "public" at "127.0.0.1:58960"

23 migrations found in prisma/migrations


No pending migrations to apply.
No difference detected.

No difference detected.

{"status":"ok","models":57,"recordCount":1326,"activeCount":1256,"tableCount":57,"constraintCount":270,"indexCount":238,"triggerCount":3}

> cps-novel@0.5.11 typecheck
> tsc --noEmit


> cps-novel@0.5.11 lint
> eslint


/Users/chenweifeng/Documents/cps海阅/release-v0.5.11/scripts/preproduction/image-identity.mjs
  36:53  warning  'EX_UNAVAILABLE' is assigned a value but never used  @typescript-eslint/no-unused-vars

/Users/chenweifeng/Documents/cps海阅/release-v0.5.11/src/app/(admin)/tasks/_lib/task-copy.ts
  64:38  warning  '_family' is defined but never used  @typescript-eslint/no-unused-vars

/Users/chenweifeng/Documents/cps海阅/release-v0.5.11/src/lib/adapters/moboreader-rate-limit.ts
  439:17  warning  '_endpoint' is defined but never used  @typescript-eslint/no-unused-vars

/Users/chenweifeng/Documents/cps海阅/release-v0.5.11/src/lib/tasks/promo-claim-release.ts
  139:3  warning  Unused eslint-disable directive (no problems were reported from 'no-console')

/Users/chenweifeng/Documents/cps海阅/release-v0.5.11/tests/backend/database/wal-retention-guards.test.ts
  8:3  warning  'readFileSync' is defined but never used  @typescript-eslint/no-unused-vars

/Users/chenweifeng/Documents/cps海阅/release-v0.5.11/tests/backend/indexnow/delivery-handler.test.ts
  99:36  warning  '_input' is defined but never used  @typescript-eslint/no-unused-vars
  99:63  warning  '_init' is defined but never used   @typescript-eslint/no-unused-vars

/Users/chenweifeng/Documents/cps海阅/release-v0.5.11/tests/backend/indexnow/fake-db.ts
  385:24  warning  '_args' is defined but never used  @typescript-eslint/no-unused-vars

/Users/chenweifeng/Documents/cps海阅/release-v0.5.11/tests/backend/runtime/preproduction-deployment-contract.test.ts
  867:13  warning  'dir' is assigned a value but never used  @typescript-eslint/no-unused-vars

/Users/chenweifeng/Documents/cps海阅/release-v0.5.11/tests/integration/catalog-batch/postgres.test.ts
  1077:9  warning  Unused eslint-disable directive (no problems were reported from 'no-console')
  1103:7  warning  Unused eslint-disable directive (no problems were reported from 'no-console')
  1116:7  warning  Unused eslint-disable directive (no problems were reported from 'no-console')
  1129:7  warning  Unused eslint-disable directive (no problems were reported from 'no-console')

/Users/chenweifeng/Documents/cps海阅/release-v0.5.11/tests/integration/catalog-batch/promo-claim-lifecycle-shard-enumeration-postgres.test.ts
  198:7  warning  Unused eslint-disable directive (no problems were reported from 'no-console')

/Users/chenweifeng/Documents/cps海阅/release-v0.5.11/tests/integration/tasks/preview-opening-postgres.test.ts
   23:10  warning  'Prisma' is defined but never used           @typescript-eslint/no-unused-vars
  440:11  warning  'second' is assigned a value but never used  @typescript-eslint/no-unused-vars
  531:11  warning  'held' is assigned a value but never used    @typescript-eslint/no-unused-vars

/Users/chenweifeng/Documents/cps海阅/release-v0.5.11/tests/integration/tasks/promo-claim-batch-control-postgres.test.ts
  59:3  warning  'TaskAdminError' is defined but never used  @typescript-eslint/no-unused-vars

/Users/chenweifeng/Documents/cps海阅/release-v0.5.11/tests/integration/tasks/promo-claim-release-postgres.test.ts
  206:5  warning  Unused eslint-disable directive (no problems were reported from 'no-console')

✖ 19 problems (0 errors, 19 warnings)
  0 errors and 7 warnings potentially fixable with the `--fix` option.


> cps-novel@0.5.11 test:backend
> vitest run --project node tests/backend --maxWorkers=4


 RUN  v3.2.7 /Users/chenweifeng/Documents/cps海阅/release-v0.5.11

 ✓ |node| tests/backend/articles/service.test.ts (57 tests) 34ms
 ✓ |node| tests/backend/tasks/promo-link-claim-handler.test.ts (53 tests) 41ms
 ✓ |node| tests/backend/tasks/moboreader.test.ts (50 tests) 465ms
 ✓ |node| tests/backend/database/grants-returning.test.ts (25 tests) 8ms
 ✓ |node| tests/backend/article-templates/service.test.ts (38 tests) 28ms
 ✓ |node| tests/backend/local-x8/wal-gc-daily-apply.test.ts (29 tests) 22397ms
   ✓ wal-gc-daily-apply.sh: preflight NOOP -> NOTHING_TO_DO, apply never invoked > WAL_RETENTION=NOOP short-circuits before any apply call  566ms
   ✓ wal-gc-daily-apply.sh: preflight NOOP -> NOTHING_TO_DO, apply never invoked > WAL_RETENTION=DRY_RUN planned_delete=0 is also NOTHING_TO_DO  701ms
   ✓ wal-gc-daily-apply.sh: happy path (planned_delete > 0) > calls preflight, then apply with exactly --apply --json, then post, and reports APPLIED  1185ms
   ✓ wal-gc-daily-apply.sh: preflight REFUSED/LOCKED stops before any apply call > WAL_RETENTION=REFUSED at preflight -> STOPPED stage=preflight, exit 65, apply never invoked  1407ms
   ✓ wal-gc-daily-apply.sh: apply-stage refusal stops the run, exit 65, post never invoked > WAL_RETENTION=REFUSED at apply -> STOPPED stage=apply, post never called  1279ms
   ✓ wal-gc-daily-apply.sh: local circuit breaker (X8_LOCAL_WAL_GC_MAX_DELETE) > planned_delete exceeding the cap stops before any apply call  1035ms
   ✓ wal-gc-daily-apply.sh: deleted count must match the preflight plan > apply's deleted=N diverging from preflight's planned_delete -> STOPPED, deletion already happened per the message  1881ms
   ✓ wal-gc-daily-apply.sh: residual plan after apply warns instead of silently succeeding > post still shows planned_delete>0 -> WARN stage=post reason=residual_plan, exit 62  1644ms
   ✓ wal-gc-daily-apply.sh: post-stage refusal after a successful apply (P2-4) > post output WAL_RETENTION=REFUSED -> WARN stage=post reason=<original line>, exit 62, history WARN_AFTER_DELETE  1026ms
   ✓ wal-gc-daily-apply.sh: post-stage refusal after a successful apply (P2-4) > post command exits non-zero with no recognizable token -> WARN stage=post reason=post_command_exit_N, exit 62  1033ms
   ✓ wal-gc-daily-apply.sh: anchor parsing has no Node runtime dependency (P2-3) > apply output with no WAL_RETENTION_SUMMARY_JSON at all -> still APPLIED, anchor=UNKNOWN, history recorded  1449ms
   ✓ wal-gc-daily-apply.sh: anchor parsing has no Node runtime dependency (P2-3) > a PATH with no node binary (only /bin:/usr/bin) still reaches APPLIED end to end  1033ms
   ✓ wal-gc-daily-apply.sh: additional branch coverage (P2-9) > apply output WAL_RETENTION_WARN=reconcile_mismatch -> STOPPED_AFTER_DELETE, post never invoked, exit 65  787ms
   ✓ wal-gc-daily-apply.sh: additional branch coverage (P2-9) > preflight output that is unparseable (no REFUSED/NOOP/DRY_RUN token) -> STOPPED, apply never invoked  1047ms
   ✓ wal-gc-daily-apply.sh: additional branch coverage (P2-9) > apply command exits rc=125 with no recognizable token -> STOPPED, reason=apply_command_exit_125  1083ms
   ✓ wal-gc-daily-apply.sh: evidence pruning also runs on STOPPED/WARN exit paths (P2-6) > 35 pre-existing evidence groups + one STOPPED run -> pruned down to 30  727ms
   ✓ wal-gc-daily-apply.sh: Darwin-only hard gate > a non-Darwin host is refused with no override at all (the gate itself, not the override)  1424ms
   ✓ wal-gc-daily-apply.sh: test-mode gate on overrides > without X8_LOCAL_TEST_MODE, X8_LOCAL_WAL_GC_ENTRY is ignored (warned, shim never invoked)  1172ms
   ✓ wal-gc-daily-apply.sh: test-mode gate on overrides > without X8_LOCAL_TEST_MODE, X8_LOCAL_UNAME is ignored (the real uname probe decides the Darwin gate)  731ms
   ✓ wal-gc-daily-apply.sh: evidence retention (30 groups by count) > prunes down to the 30 most recent preflight/apply/post groups after a successful run  1084ms
 ✓ |node| tests/backend/article-rebind/batch.test.ts (35 tests) 123ms
stderr | tests/backend/tasks/preview-account-hold.test.ts > 试读 handler：凭据类失败拉闸，其余不拉 > Case 7：凭据可用、上游超时 → 只失败这一条，不带 protectedWrite、不落 hold
{"schemaVersion":1,"event":"preview_read_failed","kind":"unclassified_error","stage":"getbydataid","errorClass":"Error","outcomeCode":"upstream_material_read_failed","taskId":"11111111-1111-4111-8111-111111111111","itemId":"22222222-2222-4222-8222-222222222222","mode":"apply","attempt":1,"novelId":"40000000-0000-4000-8000-000000000001","novelSourceItemId":"10000000-0000-4000-8000-000000000001","seriesId":"series-1","dataId":"series-1","agencyId":"7","language":"1"}

 ✓ |node| tests/backend/tasks/preview-account-hold.test.ts (42 tests) 28ms
 ✓ |node| tests/backend/runtime/admin-login-turnstile-config-contract.test.ts (68 tests) 41416ms
   ✓ 3. env examples > no committed file carries a real-looking Turnstile key (only the published dummy ones)  331ms
   ✓ 4. startup: start-web.sh loads the secret only when the switch is exactly true, never fatally > switch off / unset / TRUE: the file is not even looked at (it may not exist) and the boot log is quiet  8015ms
   ✓ 4. startup: start-web.sh loads the secret only when the switch is exactly true, never fatally > switch true + readable one-line file: the value reaches node (without being printed) and preflights run in order  3037ms
   ✓ 4. startup: start-web.sh loads the secret only when the switch is exactly true, never fatally > switch true + missing file: warns on stderr and keeps booting with NO secret (admin login then refuses; the public site stays up)  1753ms
   ✓ 4. startup: start-web.sh loads the secret only when the switch is exactly true, never fatally > switch true + /dev/null (the off-state mount): warns on stderr and keeps booting with NO secret (admin login then refuses; the public site stays up)  2564ms
   ✓ 4. startup: start-web.sh loads the secret only when the switch is exactly true, never fatally > switch true + empty file: warns on stderr and keeps booting with NO secret (admin login then refuses; the public site stays up)  1828ms
   ✓ 4. startup: start-web.sh loads the secret only when the switch is exactly true, never fatally > switch true + multi-line file: warns on stderr and keeps booting with NO secret (admin login then refuses; the public site stays up)  2087ms
   ✓ 4. startup: start-web.sh loads the secret only when the switch is exactly true, never fatally > switch true + relative path: warns on stderr and keeps booting with NO secret (admin login then refuses; the public site stays up)  2371ms
   ✓ 4. startup: start-web.sh loads the secret only when the switch is exactly true, never fatally > switch true with BOTH a direct value and a file is refused as ambiguous (the file is not silently preferred)  1736ms
   ✓ 7. secrets-preflight: the Turnstile secret is checked if and only if the switch is exactly true > switch true: a missing file, an empty file and a symlink all FAIL secret_file  348ms
   ✓ 7. secrets-preflight: the Turnstile secret is checked if and only if the switch is exactly true > full consumer-access mode (stubbed docker / getfacl / stat / id) > switch true + a correct file: PASS, probed as the app uid (readable) and the postgres uid (not readable)  4126ms
   ✓ 7. secrets-preflight: the Turnstile secret is checked if and only if the switch is exactly true > full consumer-access mode (stubbed docker / getfacl / stat / id) > switch off: PASS and the Turnstile file is never probed  4700ms
   ✓ 7. secrets-preflight: the Turnstile secret is checked if and only if the switch is exactly true > full consumer-access mode (stubbed docker / getfacl / stat / id) > switch true: a postgres-readable file FAILs the negative probe  3391ms
   ✓ 7. secrets-preflight: the Turnstile secret is checked if and only if the switch is exactly true > full consumer-access mode (stubbed docker / getfacl / stat / id) > switch true: a wrong named-ACL permission FAILs consumer_acl  1574ms
 ✓ |node| tests/backend/runtime/x8-production-like-contract.test.ts (30 tests) 2469ms
   ✓ X8 local production-like contracts > renders to the exact isolated seven-service topology  467ms
   ✓ X8 local production-like contracts > renders the P2-06.5 tagging double-gate across Level 0 / UAT / R with the frozen per-level values  1264ms
   ✓ X8 local production-like contracts > ADR guard: the validator fails closed if FEATURE_NOVEL_TAG_AUTO or AUTO_WRITE_AUTHORIZED is ever not false/NO  459ms
 ✓ |node| tests/backend/task-admin/read-contracts.test.ts (24 tests) 19ms
 ✓ |node| tests/backend/locale/article-template-bootstrap.test.ts (32 tests) 87ms
 ✓ |node| tests/backend/adapters/upstream-observation.test.ts (38 tests) 57ms
 ✓ |node| tests/backend/adapters/moboreader-per-endpoint-rate-gate.test.ts (60 tests) 14ms
 ✓ |node| tests/backend/runtime/p1-12-compose-contract.test.ts (29 tests) 369ms
 ✓ |node| tests/backend/runtime/x8-gate-catalog.test.ts (70 tests) 53290ms
   ✓ X8 gate command: candidate vs. committed identity (P0-1 / 决策二) > succeeds once a committed identity exists, even if a stale candidate is still sitting next to it  1271ms
   ✓ X8 gate command: never builds or pulls, and refuses a missing/drifted frozen image > fails when the identity's image does not exist locally, and never touches the state file  1335ms
   ✓ X8 gate command: never builds or pulls, and refuses a missing/drifted frozen image > fails when the local image exists but its digest does not match the identity  1481ms
   ✓ X8 gate command: container labels are used only for front-and-back comparison > fails when the running web container's compose-project label does not match the identity  1306ms
   ✓ X8 gate command: container labels are used only for front-and-back comparison > fails when the running worker container's image digest does not match the identity  1451ms
   ✓ X8 gate command: container labels are used only for front-and-back comparison > fails when web or worker is not running yet at all  1512ms
   ✓ X8 gate command: container labels are used only for front-and-back comparison > fails when the running web container's working-directory label does not match the identity (P1-8)  1539ms
   ✓ X8 gate command: compose context is bound to the release identity, not the script directory (P1-8) > invokes docker compose with the identity's own project name and config files on every call  1336ms
   ✓ X8 gate command: the three-way pre-check catches drift the reference implementation cannot > fails closed when the persisted state says the gate is open but the containers actually have it closed  1420ms
   ✓ X8 gate command: the three-way pre-check catches drift the reference implementation cannot > passes the three-way check when persisted state and container reality agree  1433ms
   ✓ X8 gate command: the three-way pre-check catches drift the reference implementation cannot > fails closed on drift in the preview source allowlist -- a key the old curated 7-key list never covered (P0-3 / P0-4)  1542ms
   ✓ X8 gate command: the three-way pre-check catches drift the reference implementation cannot > fails closed on drift in the promo-link double-gate -- also never covered by the old curated list (P0-3 / P0-4)  1444ms
   ✓ X8 gate command: the three-way pre-check catches drift the reference implementation cannot > fails closed when the container is missing a key the baseline declares (baseline has, container doesn't)  1377ms
   ✓ X8 gate command: the three-way pre-check catches drift the reference implementation cannot > fails closed when the container has a key the baseline never declared (container has, baseline doesn't, and it is not on the exemption list)  1915ms
   ✓ X8 gate command: the three-way pre-check catches drift the reference implementation cannot > does NOT flag a base-image-baked key present only in the container as drift, when its value matches the image's own baked default (the documented, tested exemption)  1466ms
   ✓ X8 gate command: the three-way pre-check catches drift the reference implementation cannot > finding 一: FLAGS a base-image-baked key whose actual container value diverges from the identity-bound image's own baked default  1475ms
   ✓ X8 gate command: plan mode is the default and produces zero writes > makes zero changes anywhere in the runtime directory without --apply (byte-level snapshot, not just one file's mtime)  857ms
   ✓ X8 gate command: plan mode is the default and produces zero writes > does not create a recreate marker (i.e. never calls compose up) in plan mode  1262ms
   ✓ X8 gate command: temp files never leak, and never trust TMPDIR blindly (finding 二) > still runs normally when TMPDIR points somewhere unrelated to the runtime directory  1412ms
   ✓ X8 gate command: temp files never leak, and never trust TMPDIR blindly (finding 二) > finding 二: an EXIT trap removes baseline_file/candidate_file even when SIGTERM arrives while blocked in `docker compose up`  709ms
   ✓ X8 gate command: status is read-only > reports the persisted state and a container match, with zero writes  982ms
   ✓ X8 gate command: status is read-only > reports drift (but still exits 0, a warning not a failure) when the container disagrees with the state file  1095ms
   ✓ X8 gate command: status is read-only > checks BOTH web and worker, not only web (P1-9)  1484ms
   ✓ X8 gate command: status is read-only > treats a query failure as an error, not as 'no container' (P1-9 fail-closed)  1360ms
   ✓ X8 gate command: `gate catalog-write status` against the REAL docker compose binary (group 4) > runs to completion in a clean shell -- no ambient compose env beyond PATH/HOME, and no stub  404ms
   ✓ X8 top-level `status` command: also read-only (P2-10) > lists containers via the identity-bound compose context with zero writes to the runtime directory  672ms
   ✓ X8 top-level `status` command: also read-only (P2-10) > reports DRIFT, non-zero, when a container is running a different commit than the identity records  656ms
   ✓ X8 top-level `status` command: also read-only (P2-10) > treats an image with no revision label as drift, not as agreement  648ms
   ✓ X8 gate command: readiness wait before post-recreate verification (P2-12) > fails post-recreate verification when the recreated container never reports healthy  1430ms
   ✓ X8 gate command: apply mode recreates, verifies, and only then writes state > recreates with --no-build --pull never, changes only the two gate variables, and writes the new state  1301ms
   ✓ X8 gate command: apply mode recreates, verifies, and only then writes state > leaves the state file completely untouched when the recreate command itself fails outright (nothing ever changed)  1446ms
   ✓ X8 gate command: apply mode recreates, verifies, and only then writes state > P0-2: a partial success (web reached target, worker never touched) is detected and rolled back to the pre-operation values  1926ms
   ✓ X8 gate command: apply mode recreates, verifies, and only then writes state > P0-2: post-recreate verification catching a wrong image digest triggers a rollback that succeeds  1320ms
   ✓ X8 gate command: apply mode recreates, verifies, and only then writes state > P0-2: post-recreate verification catching a drifted non-gate key (WORKER_TASK_ALLOWLIST) triggers a rollback that succeeds  2073ms
   ✓ X8 gate command: apply mode recreates, verifies, and only then writes state > group 3: post-recreate verification now also catches drift in a key the OLD hand-checked list never covered (MOBOREADER_PREVIEW_SOURCE_APP_CODES)  2247ms
   ✓ X8 gate command: apply mode recreates, verifies, and only then writes state > group 2: a failure writing the FINAL gate state file (after a fully successful recreate+verify) is routed through the same compensating rollback  2497ms
   ✓ X8 gate command: apply mode recreates, verifies, and only then writes state > P0-2: when the compensating rollback ALSO fails to verify, this fails loudly with both services' actual live state, and never writes state  1425ms
 ✓ |node| tests/backend/runtime/runtime-dir-isolation-guard.test.ts (409 tests) 13ms
 ✓ |node| tests/backend/runtime/preproduction-deployment-contract.test.ts (39 tests) 56831ms
   ✓ Phase 2B preproduction deployment contract > Defect B behavioral: release.sh's real EXIT trap under bash 5 errexit semantics (Docker bash:5.2) > deploy()'s real trap prints RELEASE=FAILED (and does not crash) when a step fails under set -e  470ms
   ✓ Phase 2B preproduction deployment contract > Defect B behavioral: release.sh's real EXIT trap under bash 5 errexit semantics (Docker bash:5.2) > rollback()'s real trap prints ROLLBACK=FAILED (and does not crash) when a step fails under set -e  662ms
   ✓ Phase 2B preproduction deployment contract > Defect A guard: preprod_wait_for_service_health (lib.sh) > bounded timeout: fails with a distinct, greppable reason naming the service and its last health status  2663ms
   ✓ Phase 2B preproduction deployment contract > Defect A guard: preprod_wait_for_service_health (lib.sh) > no healthcheck defined: does not hang forever waiting for a status that will never appear -- passes once running  817ms
   ✓ Phase 2B preproduction deployment contract > Defect A guard: preprod_wait_for_service_health (lib.sh) > polls until healthy rather than sampling only once  3485ms
   ✓ Phase 2B preproduction deployment contract > Defect A guard: preprod_wait_for_service_health (lib.sh) > a crashed/exited container fails fast, without waiting out the full timeout  987ms
   ✓ Phase 2B preproduction deployment contract > 2026-09-27 fix: preprod_ensure_backup_timer_running (lib.sh) > recreates with --no-deps and reports BACKUP_TIMER=RUNNING when the container comes back healthy  6274ms
   ✓ Phase 2B preproduction deployment contract > 2026-09-27 fix: preprod_ensure_backup_timer_running (lib.sh) > fails with a distinct reason when the recreated container is not running  6192ms
   ✓ Phase 2B preproduction deployment contract > 2026-09-27 fix: preprod_ensure_backup_timer_running (lib.sh) > fails with a distinct reason when the recreated container is stuck restarting  5422ms
   ✓ Phase 2B preproduction deployment contract > 2026-09-27 fix: preprod_ensure_backup_timer_running (lib.sh) > fails with a distinct reason when the recreated container's working_dir does not match this release checkout  6082ms
   ✓ Phase 2B preproduction deployment contract > 2026-09-27 fix: preprod_ensure_backup_timer_running (lib.sh) > waits out a busy backup loop (a run_once step in progress) before recreating, rather than killing it mid-run  11553ms
   ✓ Phase 2B preproduction deployment contract > 2026-09-27 fix: preprod_ensure_backup_timer_running (lib.sh) > fails with reason=backup_timer_busy when the loop never goes idle within the bounded timeout  5460ms
   ✓ Phase 2B preproduction deployment contract > 2026-09-27 fix: preprod_ensure_backup_timer_running (lib.sh) > recreates without waiting when exec fails because the container stopped between checks  5712ms
   ✓ Phase 2B preproduction deployment contract > fails the persistent path when the stable volume is absent  419ms
 ✓ |node| tests/backend/runtime/preproduction-database-contract.test.ts (12 tests) 43ms
 ✓ |node| tests/backend/runtime/preproduction-compose-oneoff-runner.test.ts (22 tests) 6458ms
   ✓ one-off 应用容器的真实运行时行为 > CASE 1：批准镜像在本地 → one-off 跑通，不 build 不 pull  474ms
   ✓ one-off 应用容器的真实运行时行为 > 🔴 CASE 3 核心 mutation：Dockerfile 还在 + 镜像缺失，闸门撤掉之后 compose 真的会就地构建  731ms
   ✓ one-off 应用容器的真实运行时行为 > 没有 manifest 时明说身份未核（unverified_no_manifest），不冒充已核  522ms
   ✓ one-off 应用容器的真实运行时行为 > 🔴 CASE 6：one-off 的 -e / -v / compose secret 在抹掉 build 之后全部照常  632ms
   ✓ 两个 one-off 调用方发出的 argv 必须被目标 CLI 接受 > 🔴 CASE 5：database.sh migrate-approved 经 one-off 入口，且 argv 全部合法  785ms
   ✓ 两个 one-off 调用方发出的 argv 必须被目标 CLI 接受 > 🔴 preprod_compose_app_up 发出的 argv 同样全部合法  488ms
 ✓ |node| tests/backend/seo/sitemap-ops-round2.test.ts (21 tests) 323ms
 ✓ |node| tests/backend/content-creation/service.test.ts (33 tests) 23ms
 ✓ |node| tests/backend/runtime/public-cutover-install.test.ts (61 tests) 37564ms
   ✓ public nginx transaction > bootstrap is additive, public replaces it, and exact restore retains the default-site symlink  9179ms
   ✓ public nginx transaction > restores all files after FAIL_AT  1038ms
   ✓ public nginx transaction > restores all files after FAIL_RELOAD_AT  1000ms
   ✓ public nginx transaction > restores all files after INTERRUPT_AT  979ms
   ✓ public nginx transaction > installs the real candidate (link-abs) > public mode writes the complete, verified candidate  714ms
   ✓ public nginx transaction > installs the real candidate (link-abs) > rehearsal mode writes the complete, verified candidate  759ms
   ✓ public nginx transaction > installs the real candidate (link-rel) > public mode writes the complete, verified candidate  709ms
   ✓ public nginx transaction > installs the real candidate (link-rel) > rehearsal mode writes the complete, verified candidate  684ms
   ✓ other entry points keep working through the symlinked release > --mode preprod installs the preprod template with the same gates and readiness wait  669ms
   ✓ candidate gate: nothing under /etc/nginx is touched when the candidate is wrong > refuses an empty candidate (installer-side check, independent of the renderer)  485ms
   ✓ candidate gate: nothing under /etc/nginx is touched when the candidate is wrong > legacy install-nginx.sh (no --mode) also refuses an empty candidate before touching anything  564ms
   ✓ post-install hash check > rolls back and exits non-zero when the site file differs from the candidate  972ms
   ✓ post-install hash check > rolls back and exits non-zero when an installed snippet differs from the candidate  1053ms
   ✓ reload readiness wait > waits until the new workers appear (ready on the 4th poll: three sleeps)  1720ms
   ✓ reload readiness wait > accepts old workers that have already exited as well as ones announcing shutdown  730ms
   ✓ reload readiness wait > times out after 10 rounds when no new worker ever appears, rolls back, exits 73  1701ms
   ✓ reload readiness wait > times out after 10 rounds when an old worker keeps serving without being told to quit, rolls back, exits 73  1852ms
   ✓ reload readiness wait > fails with its own reason when the workers handed off but :443 is not listening  2215ms
   ✓ reload readiness wait > does not read a transiently unreadable master (systemctl show hiccup) as a restart  1065ms
   ✓ reload readiness wait > fails immediately when the master process changed during the reload  1613ms
   ✓ reload readiness wait > reports an unconfirmed rollback distinctly (71) when the restore reload never hands off either  3070ms
   ✓ reload readiness wait > the additive HTTP bootstrap only needs :80, and a restore asserts the handoff but no port  2581ms
 ✓ |node| tests/backend/tagging/bootstrap.test.ts (23 tests) 59ms
 ✓ |node| tests/backend/seo/static-sitemap-retention.test.ts (27 tests) 3150ms
   ✓ B-33 删除失败与首次大批量 > 首次上线：300 个旧目录按每次最多 100 个、先删最旧的分批消化，最后只剩最近 10 个  1337ms
 ✓ |node| tests/backend/runtime/preproduction-write-gates.test.ts (98 tests) 9595ms
   ✓ bash 5 下的行为对照（docker bash:5.2，不可用则跳过） > sitemap bash 5 registration, single-side and invalid checks  2909ms
   ✓ bash 5 下的行为对照（docker bash:5.2，不可用则跳过） > auto_tag_write bash 5 registration, single-side and invalid checks (different value domain: YES/NO)  3105ms
   ✓ bash 5 下的行为对照（docker bash:5.2，不可用则跳过） > FAIL catalog_write：未登记但 catalog 打开  338ms
 ✓ |node| tests/backend/database/backup-timer-static.test.ts (19 tests) 3498ms
   ✓ backup-timer.sh forever loop: DEGRADED on steps 2-4 failure (Gate 5 review fix P1-6) > prints BACKUP_TIMER_RUN=DEGRADED and keeps looping (does not exit non-zero) when only step 4 fails  2060ms
   ✓ backup-timer.sh: marker-write isolation (Gate 5 review fix F-2) > forever loop: a read-only X8_TIMER_STATE_DIR still prints BACKUP_TIMER_RUN=DEGRADED and exits 0 (does not crash-restart)  1039ms
 ✓ |node| tests/backend/runtime/preproduction-foundation-assets.test.ts (24 tests) 7948ms
   ✓ 阶段顺序 + FAIL 走 stderr（桩 docker，真实脚本） > 阶段顺序：四个 CLI 按 moboreader -> tagging -> translation-overlay -> article-template 依次被调用，且 tagging 带上了 stage 1 产出的 --channel-app  1393ms
   ✓ 阶段顺序 + FAIL 走 stderr（桩 docker，真实脚本） > channel_app 尚未就绪时：tagging 报 BLOCKED_DEPENDENCY（stdout，非失败），plan 仍然继续跑到 article-template 并整体 PASS  744ms
   ✓ 阶段顺序 + FAIL 走 stderr（桩 docker，真实脚本） > 🔴 某一阶段失败 -> 该阶段与整体的 FAIL 行必须落在 stderr，此前阶段的 PASS 相关行仍在 stdout，exit 65  532ms
   ✓ 阶段顺序 + FAIL 走 stderr（桩 docker，真实脚本） > 一个非 SHA 相关的阶段失败：同样落在 stderr，detail 原样带出方便排查  628ms
   ✓ 阶段顺序 + FAIL 走 stderr（桩 docker，真实脚本） > apply 全部阶段 ALREADY_SATISFIED 之后，ANALYZE 收尾在最后跑且校验通过 -> 两条 PASS 都在 stdout  1368ms
   ✓ 阶段顺序 + FAIL 走 stderr（桩 docker，真实脚本） > 🔴 校验发现有表零统计 -> FOUNDATION_ANALYZE=FAIL 连同表名一起走 stderr，exit 65，此前各阶段的 PASS 相关行仍在 stdout  1422ms
   ✓ 阶段顺序 + FAIL 走 stderr（桩 docker，真实脚本） > ANALYZE 本身执行失败（非校验失败）-> REFUSED reason=analyze_failed 走 stderr，带可复制的恢复命令  1320ms
 ✓ |node| tests/backend/tasks/preview-read-failure.test.ts (39 tests) 59ms
 ✓ |node| tests/backend/article-rebind/service.test.ts (25 tests) 26ms
 ✓ |node| tests/backend/article-templates/tkd-repair.test.ts (40 tests) 42ms
 ✓ |node| tests/backend/p2-06-5-lane-b/b1-artifacts.test.ts (15 tests) 467ms
 ✓ |node| tests/backend/p2-06-5-lane-b/b2-mapping.test.ts (17 tests) 21ms
 ✓ |node| tests/backend/auth/admin-login-turnstile.test.ts (43 tests) 92ms
 ✓ |node| tests/backend/runtime/x8-gate-diff.test.ts (34 tests) 241ms
 ✓ |node| tests/backend/article-rebind/preview.test.ts (21 tests) 21ms
 ✓ |node| tests/backend/runtime/preproduction-moboreader-rate-gate-config-gate.test.ts (191 tests) 6843ms
 ✓ |node| tests/backend/revenue/revenue-sync-handler.test.ts (35 tests) 20ms
 ✓ |node| tests/backend/runtime/preproduction-secret-consumers.test.ts (20 tests | 1 skipped) 19425ms
   ✓ secret consumer preflight model > labels host-only execution as consumer access unverified  302ms
   ✓ secret consumer preflight model > fails on rootless or userns Docker before any probe  658ms
   ✓ secret consumer preflight model > fails for a missing local probe image without pulling or running  715ms
   ✓ secret consumer preflight model > runs all positive and cross-consumer negative probes with no registry access  3131ms
   ✓ secret consumer preflight model > fails when APP can read even one PostgreSQL secret  2623ms
   ✓ secret consumer preflight model > fails closed when a traverse directory grants any access to others  3261ms
   ✓ secret consumer preflight model > fails closed when the maintenance directory is missing the www-data traverse ACL  4805ms
   ✓ secret consumer preflight model > fails closed when the maintenance page is not readable by www-data  3590ms
 ✓ |node| tests/backend/p2-06-5-lane-b/run-store-and-secret-scan.test.ts (12 tests) 316ms
stdout | tests/backend/runtime/preproduction-image-store-portability.test.ts > 真实 daemon 可用性 > 🔴 两种 image store 都有真实 daemon，否则本组结论无效
IMAGE_STORE=classic serverVersion=29.8.1 driver=overlay2 driverStatus=[["Backing Filesystem","extfs"],["Supports d_type","true"],["Using metacopy","false"],["Native Overlay Diff","true"],["userxattr","false"]]
IMAGE_STORE=containerd serverVersion=29.8.1 driver=overlayfs driverStatus=[["driver-type","io.containerd.snapshotter.v1"]]

 ✓ |node| tests/backend/runtime/x8-image-retention.test.ts (29 tests) 20535ms
   ✓ X8 D-9b release-image retention gc (x8_gc) > §4.2 category 1: currently committed identity > is kept even when it falls outside the most recent N and no container references it  560ms
   ✓ X8 D-9b release-image retention gc (x8_gc) > §4.2 category 2: previous committed identity > is kept when the previous-identity ledger names it, even outside N and unreferenced  681ms
   ✓ X8 D-9b release-image retention gc (x8_gc) > §4.2 category 2: previous committed identity > falls back to the second-newest tag by creation time when the ledger file does not exist yet, and says so  630ms
   ✓ X8 D-9b release-image retention gc (x8_gc) > §4.2 category 3: most recent N by creation time > keeps exactly the newest N tags and deletes the rest when N=3  728ms
   ✓ X8 D-9b release-image retention gc (x8_gc) > §4.2 category 3: most recent N by creation time > defaults N to 5 when neither --keep nor either env var is given  754ms
   ✓ X8 D-9b release-image retention gc (x8_gc) > §4.2 category 3: most recent N by creation time > honors both env var spellings (X8_GC_KEEP_RECENT and X8_GC_KEEP), with X8_GC_KEEP taking priority  600ms
   ✓ X8 D-9b release-image retention gc (x8_gc) > §4.2 category 4: referenced by any container, running or stopped -- the safety floor > never deletes the oldest tag on the box when a STOPPED container still references it, even though it is outside N and not committed/previous  631ms
   ✓ X8 D-9b release-image retention gc (x8_gc) > §4.2 category 5: this up's own about-to-build image > keeps $CPS_NOVEL_APP_IMAGE even when it has no container yet and falls outside N  2186ms
   ✓ X8 D-9b release-image retention gc (x8_gc) > §4.2 category 5: this up's own about-to-build image > is a no-op when gc runs standalone and $CPS_NOVEL_APP_IMAGE is unset (never calls prepare_x8_environment())  745ms
   ✓ X8 D-9b release-image retention gc (x8_gc) > dry-run is the default and deletes nothing > prints the plan but issues zero `docker rmi` calls without --apply  672ms
   ✓ X8 D-9b release-image retention gc (x8_gc) > dry-run is the default and deletes nothing > also lists the dangling set in dry-run (informational) without pruning it  424ms
   ✓ X8 D-9b release-image retention gc (x8_gc) > single `docker rmi` failure never aborts the round > warns and keeps deleting the rest when one tag's rmi is refused  788ms
   ✓ X8 D-9b release-image retention gc (x8_gc) > X8_GC_PRUNE_DANGLING=0 never touches dangling layers > calls neither the dangling listing nor `docker image prune` when disabled  661ms
   ✓ X8 D-9b release-image retention gc (x8_gc) > X8_GC_PRUNE_DANGLING=0 never touches dangling layers > --auto defaults dangling cleanup OFF even though a manual gc would default it on  731ms
   ✓ X8 D-9b release-image retention gc (x8_gc) > X8_GC_PRUNE_DANGLING=0 never touches dangling layers > an explicit X8_GC_PRUNE_DANGLING=1 overrides --auto's own default and does prune  808ms
   ✓ X8 D-9b release-image retention gc (x8_gc) > absolute prohibitions (§4.2) -- never seen in any invocation, ever > never issues `docker rmi -f`, `docker image prune -a`, or `docker system prune`, across a full apply round with dangling cleanup on  495ms
   ✓ X8 D-9b release-image retention gc (x8_gc) > scope: only cps-novel:<version>-<sha> release tags are ever candidates > never lets a non-matching tag the stub might return leak into the delete set (bash-side filter, not just --filter)  617ms
   ✓ X8 D-9b release-image retention gc (x8_gc) > scope: only cps-novel:<version>-<sha> release tags are ever candidates > hands docker a --filter reference glob that matches every release version and nothing else  875ms
   ✓ X8 D-9b release-image retention gc (x8_gc) > version-agnostic: tags from any release version are candidates, not just 0.1.0 > treats the tag this checkout's own build produces (package.json version) as a candidate  895ms
   ✓ X8 D-9b release-image retention gc (x8_gc) > version-agnostic: tags from any release version are candidates, not just 0.1.0 > ranks legacy and post-bump tags together by creation time, deletes across both, and keeps the in-use floor  1114ms
   ✓ X8 D-9b release-image retention gc (x8_gc) > no candidates > is a clean no-op when no cps-novel release tags exist at all  980ms
   ✓ X8 D-9b release-image retention gc (x8_gc) > no candidates > still emits the --json summary on the zero-candidate path, so a parser never sees a silent round  1115ms
   ✓ X8 D-9b release-image retention gc (x8_gc) > standalone gc never touches git-derived state or secrets > does not call prepare_x8_environment() -- no secret directory or build-date file is created  1552ms
   ✓ X8 D-9b release-image retention gc (x8_gc) > --json emits a machine-readable summary alongside the human log > includes a compact JSON line with the delete list and reclaimable bytes  1169ms
 ✓ |node| tests/backend/runtime/docker-build-context-no-excluded-import.test.ts (9 tests) 1256ms
   ✓ Docker 构建上下文守卫：源文件不得引用 tests/ 或被 .dockerignore 排除的路径 > 真实仓库 > 构建上下文内的源文件不引用 tests/、被 .dockerignore 排除的路径或仓库根之外  734ms
   ✓ Docker 构建上下文守卫：源文件不得引用 tests/ 或被 .dockerignore 排除的路径 > 真实仓库 > B-21 旧实现 oracle 只能被测量脚本引用，不得接进 src/、worker/、scheduler/ 或其它脚本  511ms
 ✓ |node| tests/backend/database/wal-retention-guards.test.ts (14 tests) 10076ms
   ✓ wal-retention.sh: set -e must not swallow a REFUSED line (P1-A/P1-B) > psql exiting non-zero prints REFUSED reason=archiver_unreadable on stdout, exit 65  805ms
   ✓ wal-retention.sh: set -e must not swallow a REFUSED line (P1-A/P1-B) > psql returning a non-numeric failed_count ('x') prints REFUSED reason=archiver_unreadable, exit 65  1043ms
   ✓ wal-retention.sh --require-archiver-healthy: time-based predicate (P1-C) > refuses with archiver_failing when Postgres reports the last failure is newer than the last success  870ms
   ✓ wal-retention.sh --require-archiver-healthy: time-based predicate (P1-C) > does not refuse (falls through to a normal DRY_RUN) when Postgres reports the archiver is healthy  2249ms
   ✓ wal-retention.sh --force: bypasses delete_surge_guard only, not the other refusals > --force does not bypass plan_failed  1289ms
   ✓ wal-retention.sh: all WAL_RETENTION judgment lines are on stdout, never stderr > stderr never contains a WAL_RETENTION= line across the four refusal scenarios above  1137ms
   ✓ wal-retention.sh: archive_not_writable only gates --apply (Gate 5-Dev) > a read-only archive-dir still produces a normal DRY_RUN without --apply  1092ms
   ✓ wal-retention.sh: a directory with neither VERIFIED nor RETIRED is warned, not silently skipped (P2-5) > prints WAL_RETENTION_WARN=unverified_backup_dir for a legally-named orphan directory, without refusing or gating on it  549ms
   ✓ wal-retention.sh: a directory with neither VERIFIED nor RETIRED is warned, not silently skipped (P2-5) > does not warn about a directory that already has RETIRED (a backup mid-retirement, not an orphan)  677ms
 ✓ |node| tests/backend/tagging/canonical-tag-translation-overlay.test.ts (11 tests) 166ms
 ✓ |node| tests/backend/runtime/x8-identity-lifecycle.test.ts (11 tests) 9752ms
   ✓ X8 release identity lifecycle: candidate write -> health check -> promote (group 1) > promotes the candidate to the committed identity once every service reports healthy  814ms
   ✓ X8 release identity lifecycle: candidate write -> health check -> promote (group 1) > does NOT promote when worker never reports healthy, even though web and scheduler do  980ms
   ✓ X8 release identity lifecycle: candidate write -> health check -> promote (group 1) > does NOT promote when worker-light never reports healthy, even though web and scheduler do  1106ms
   ✓ X8 release identity lifecycle: candidate write -> health check -> promote (group 1) > a service that never even started (no container at all) fails the same way as one that started but never became healthy  1035ms
   ✓ X8 release identity lifecycle: candidate write -> health check -> promote (group 1) > leaves a PRE-EXISTING committed identity byte-for-byte untouched when the new deploy fails the health check  1091ms
   ✓ X8 release identity lifecycle: candidate write -> health check -> promote (group 1) > group 1 bullet 2: a failure AFTER promotion succeeds never produces a failure marker that falsely claims the identity was left untouched  1522ms
   ✓ X8 release identity lifecycle: candidate write -> health check -> promote (group 1) > group 1 bullet 3: a failure partway through writing the failure marker never masks the ORIGINAL exit status  1094ms
   ✓ X8 release identity lifecycle: candidate write -> health check -> promote (group 1) > D-9b §4.3: the previous-identity ledger > archives the pre-existing committed identity to the previous ledger before promoting the new one  813ms
   ✓ X8 release identity lifecycle: candidate write -> health check -> promote (group 1) > D-9b §4.3: the previous-identity ledger > does not write a previous ledger on the very first ever promotion (no pre-existing committed identity)  610ms
   ✓ X8 release identity lifecycle: candidate write -> health check -> promote (group 1) > D-9b §4.3: the previous-identity ledger > a failure archiving the previous ledger never blocks promotion -- promotion still succeeds and commits the new identity  663ms
 ✓ |node| tests/backend/p2-06-5-lane-c/calibration.test.ts (20 tests) 117ms
 ✓ |node| tests/backend/task-admin/task-control-mutations.test.ts (21 tests) 13ms
 ✓ |node| tests/backend/p2-06-5-lane-c/lexicon-eligibility.test.ts (19 tests) 468ms
   ✓ field and locale eligibility matcher > stops he/be from triggering ending tags on description  379ms
 ✓ |node| tests/backend/runtime/preproduction-image-store-portability.test.ts (41 tests) 48546ms
   ✓ image store = classic > 正确归档通过，并记录实际使用的锚点  310ms
   ✓ image store = classic > 🔴 tag 被改指到另一个镜像即拒绝  559ms
   ✓ image store = classic > 🔴 本地已有正确镜像 A，送入只含 B 的错误归档也必须拒绝  382ms
   ✓ image store = classic > 🔴 tag 正确但实际容器跑的是旧镜像时，容器校验拒绝  589ms
   ✓ image store = classic > 容器跑的就是被批准的镜像时通过，且锚点随 store 变化  564ms
   ✓ image store = containerd > 正确归档通过，并记录实际使用的锚点  306ms
   ✓ image store = containerd > 🔴 tag 被改指到另一个镜像即拒绝  665ms
   ✓ image store = containerd > 🔴 本地已有正确镜像 A，送入只含 B 的错误归档也必须拒绝  437ms
   ✓ image store = containerd > 🔴 tag 正确但实际容器跑的是旧镜像时，容器校验拒绝  712ms
   ✓ image store = containerd > 容器跑的就是被批准的镜像时通过，且锚点随 store 变化  638ms
 ✓ |node| tests/backend/p2-06-5-lane-b/raw-and-sampling.test.ts (15 tests) 1755ms
   ✓ P2-06.5 Lane B deterministic 10k quota sample > meets feasible raw-language quotas, prioritises coverage, and returns exactly 10k unique books  1448ms
 ✓ |node| tests/backend/runtime/preproduction-promo-claim-lifecycle-config-gate.test.ts (114 tests) 4037ms
 ✓ |node| tests/backend/content-creation/article-generate-eligibility.test.ts (14 tests) 15ms
 ✓ |node| tests/backend/tasks/worker-runtime-finalize-failure.test.ts (8 tests) 14ms
 ✓ |node| tests/backend/runtime/x8-database-prep-atomicity.test.ts (16 tests) 15130ms
   ✓ D-9a: prepare_database() atomicity > restores the running release's grants.sql (via --single-transaction) when migrate deploy fails  1054ms
   ✓ D-9a: prepare_database() atomicity > prints the fixed X8_DB_PREP_FAILED_AT/X8_DB_PREP_GRANTS_INTACT status lines when migrate deploy fails  742ms
   ✓ D-9a: prepare_database() atomicity > never swallows the original migrate-deploy exit code behind the grants restore  744ms
   ✓ D-9a: prepare_database() atomicity > reports n/a and makes zero grants-replay attempts on the very first ever `up` (no committed identity)  963ms
   ✓ D-9a: prepare_database() atomicity > gate B refuses before any DDL/role statement when free space is below X8_MIN_FREE_KIB_DB  860ms
   ✓ D-9a: prepare_database() atomicity > gate B passes through untouched when free space is at or above the threshold (does not itself block a healthy run)  1308ms
   ✓ D-9a: prepare_database() atomicity > a grants.sql failure under --single-transaction is reported intact without a second, redundant replay  931ms
   ✓ D-9a: prepare_database() atomicity > prints a copy-pasteable recovery command referencing the running release's commit when grants could not be confirmed intact  1097ms
   ✓ D-9a: gate A (disk preflight before build) x8_gc handoff seam > does not call x8_gc when free space is at or above the warn threshold  771ms
   ✓ D-9a: gate A (disk preflight before build) x8_gc handoff seam > calls x8_gc --auto when free space is below the warn threshold but still above the hard line  1038ms
   ✓ D-9a: gate A (disk preflight before build) x8_gc handoff seam > refuses at the hard line without calling x8_gc when it is not defined (structural degradation, D-9a cherry-picked without D-9b)  1444ms
   ✓ D-9a: gate A (disk preflight before build) x8_gc handoff seam > does not call x8_gc when X8_GC_ON_UP=0, even below the warn threshold  1360ms
   ✓ D-9a: gate A (disk preflight before build) x8_gc handoff seam > still refuses at the hard line with X8_GC_ON_UP=0, without ever calling x8_gc  1379ms
   ✓ D-9a: gate A (disk preflight before build) x8_gc handoff seam > still refuses at the hard line even after calling x8_gc, when the stubbed space never actually improves  1374ms
 ✓ |node| tests/backend/site-settings/write-service.test.ts (24 tests) 12ms
 ✓ |node| tests/backend/database/carousel-check-static.test.ts (15 tests) 4ms
 ✓ |node| tests/backend/database/wal-gc-x8.test.ts (15 tests) 13763ms
   ✓ wal-gc-x8.sh: --apply refuses when the archiver cannot be read, --force does not change that > psql exiting non-zero (archiver unreadable) refuses, deletes nothing, no state file  802ms
   ✓ wal-gc-x8.sh: --apply refuses when the archiver cannot be read, --force does not change that > psql reporting the archiver is failing refuses, deletes nothing, no state file  1091ms
   ✓ wal-gc-x8.sh: --apply refuses when the archiver cannot be read, --force does not change that > --force does not change the archiver_unreadable refusal  1012ms
   ✓ wal-gc-x8.sh: --apply refuses when the archiver cannot be read, --force does not change that > --force does not change the archiver_failing refusal  1018ms
   ✓ wal-gc-x8.sh: a healthy archiver falls through to a normal dry-run > without --apply, reports DRY_RUN planned_delete>0 and deletes nothing  2206ms
   ✓ wal-gc-x8.sh: --force prints a disabled-guard notice before wal-retention.sh runs (P2-9) > prints WAL_GC_X8_NOTICE=delete_surge_guard_disabled_for_this_run before WAL_RETENTION=APPLIED when --force is passed  2126ms
   ✓ wal-gc-x8.sh: --force prints a disabled-guard notice before wal-retention.sh runs (P2-9) > does not print the notice when --force is omitted  2796ms
   ✓ wal-gc-x8.sh: only {--apply, --keep-base, --json, --force} are accepted > a legal argument set reaches and invokes wal-retention.sh (marker is created)  1307ms
   ✓ wal-gc-x8.sh: only {--apply, --keep-base, --json, --force} are accepted > invokes wal-retention.sh with --max-backup-age-seconds 93600 when no override env var is set  1390ms
 ✓ |node| tests/backend/adapters/promo-link-claim.test.ts (28 tests) 24ms
 ✓ |node| tests/backend/revenue/revenue-read-service.test.ts (28 tests) 11ms
 ✓ |node| tests/backend/auth/reset-admin-auth-state.test.ts (15 tests) 7ms
stderr | tests/backend/channel-capability/service.test.ts > setChannelCapabilityStatus: db-retry wiring > retries a transient P1008 failure and succeeds on the second attempt without double-writing
[db-retry] {"op":"channel-capability.setChannelCapabilityStatus","attempt":1,"delay":565,"error":"P1008: simulated P1008","itemId":"channel-app-1","idempotencyKey":"req-retry-1"}

 ✓ |node| tests/backend/tasks/novel-article-decouple-handlers.test.ts (14 tests) 15ms
 ✓ |node| tests/backend/revenue/moboreader-revenue-adapter.test.ts (42 tests) 83ms
 ✓ |node| tests/backend/publish-gate/service.test.ts (13 tests) 10ms
 ✓ |node| tests/backend/channel-capability/service.test.ts (19 tests) 574ms
   ✓ setChannelCapabilityStatus: db-retry wiring > retries a transient P1008 failure and succeeds on the second attempt without double-writing  567ms
 ✓ |node| tests/backend/publication/visibility.test.ts (49 tests) 6ms
 ✓ |node| tests/backend/preview-recovery/backfill.test.ts (15 tests) 15ms
 ✓ |node| tests/backend/adapters/moboreader.test.ts (30 tests) 38ms
 ✓ |node| tests/backend/entity-fix/moboreader-foundation-swap-unit.test.ts (20 tests) 7ms
 ✓ |node| tests/backend/tasks/promo-claim-lifecycle.test.ts (42 tests) 6ms
stderr | tests/backend/tasks/db-retry-wiring.test.ts > db-retry wiring: claimPendingItem > retries a transient P1008 failure and succeeds on the second attempt
[db-retry] {"op":"tasks.claimPendingItem","attempt":1,"delay":553,"error":"P1008: simulated P1008","sourceKey":"generic"}

 ✓ |node| tests/backend/runtime/x8-backup-pgpass-reconcile.test.ts (14 tests) 499ms
 ✓ |node| tests/backend/catalog-batch/lifecycle-shard-enumeration.test.ts (45 tests) 8ms
stderr | tests/backend/tasks/db-retry-wiring.test.ts > db-retry wiring: recoverExpiredItem > retries a transient P1008 failure and succeeds on the second attempt
[db-retry] {"op":"tasks.recoverExpiredItem","attempt":1,"delay":541,"error":"P1008: simulated P1008","sourceKey":"generic"}

stderr | tests/backend/tasks/db-retry-wiring.test.ts > db-retry wiring: finalizeTaskItem > retries a transient P1008 failure and succeeds on the second attempt
[db-retry] {"op":"tasks.finalizeTaskItem","attempt":1,"delay":542,"error":"P1008: simulated P1008","itemId":"item-1","sourceKey":"generic"}

stderr | tests/backend/tasks/db-retry-wiring.test.ts > db-retry wiring: heartbeatTaskItem > retries a transient P1008 failure on the single UPDATE statement and succeeds
[db-retry] {"op":"tasks.heartbeatTaskItem","attempt":1,"delay":527,"error":"P1008: simulated P1008","itemId":"item-1","sourceKey":"generic"}

 ✓ |node| tests/backend/runtime/indexnow-outbox-passthrough-contract.test.ts (17 tests) 1469ms
 ✓ |node| tests/backend/tasks/db-retry-wiring.test.ts (17 tests) 2179ms
   ✓ db-retry wiring: claimPendingItem > retries a transient P1008 failure and succeeds on the second attempt  556ms
   ✓ db-retry wiring: recoverExpiredItem > retries a transient P1008 failure and succeeds on the second attempt  543ms
   ✓ db-retry wiring: finalizeTaskItem > retries a transient P1008 failure and succeeds on the second attempt  543ms
   ✓ db-retry wiring: heartbeatTaskItem > retries a transient P1008 failure on the single UPDATE statement and succeeds  528ms
 ✓ |node| tests/backend/alerts/check-wal-archive.test.ts (25 tests) 18964ms
   ✓ check-wal-archive.sh: judgement 1 -- WAL archive directory capacity > healthy (bytes well under max) does not fire  713ms
   ✓ check-wal-archive.sh: judgement 1 -- WAL archive directory capacity > bytes >= max fires wal_archive_capacity_over  776ms
   ✓ check-wal-archive.sh: judgement 1 -- WAL archive directory capacity > a failed docker exec fails closed with wal_archive_capacity_unreadable  1031ms
   ✓ check-wal-archive.sh: judgement 1 -- WAL archive directory capacity > non-numeric du output fails closed with wal_archive_capacity_unreadable  1055ms
   ✓ check-wal-archive.sh: judgement 1 -- WAL archive directory capacity > firing wal_archive_capacity_over logs a would-clear for the degraded/warn/unreadable debounce keys  1054ms
   ✓ check-wal-archive.sh: judgement 2 -- pg_stat_archiver health > healthy (psql reports f) does not fire  1022ms
   ✓ check-wal-archive.sh: judgement 2 -- pg_stat_archiver health > psql reports t (last failure newer than last success) fires wal_archiver_failing  1023ms
   ✓ check-wal-archive.sh: judgement 2 -- pg_stat_archiver health > a failed psql connection fails closed with wal_archiver_unreadable  1040ms
   ✓ check-wal-archive.sh: judgement 2 predicate matches wal-retention.sh byte-for-byte (P1-1) > check_wal_archiver_health() issues a query containing last_failed_time > last_archived_time  1065ms
   ✓ check-wal-archive.sh: judgement 3 -- ALERT_BASE_BACKUP_DIR resolution from container mounts (P1-5) > unset ALERT_BASE_BACKUP_DIR resolves the host path via docker inspect mounts  840ms
   ✓ check-wal-archive.sh: judgement 3 -- ALERT_BASE_BACKUP_DIR resolution from container mounts (P1-5) > a /host_mnt/-prefixed mount source (Docker Desktop for macOS) is retried with the prefix stripped  1405ms
   ✓ check-wal-archive.sh: judgement 3 -- ALERT_BASE_BACKUP_DIR resolution from container mounts (P1-5) > an empty docker inspect result (no matching mount) fires base_backup_dir_unresolved, not base_backup_missing  1403ms
   ✓ check-wal-archive.sh: judgement 3 -- ALERT_BASE_BACKUP_DIR resolution from container mounts (P1-5) > a failed docker inspect (nonzero exit) also fires base_backup_dir_unresolved  1425ms
   ✓ check-wal-archive.sh: judgement 4 -- pg_wal directory size > healthy (bytes well under max) does not fire  1288ms
   ✓ check-wal-archive.sh: judgement 4 -- pg_wal directory size > bytes > max fires pg_wal_bloat  680ms
   ✓ check-wal-archive.sh: judgement 4 -- pg_wal directory size > a failed docker exec fails closed with pg_wal_unreadable  739ms
   ✓ check-wal-archive.sh: judgement 4 -- pg_wal directory size > non-numeric du output fails closed with pg_wal_unreadable  725ms
   ✓ check-wal-archive.sh: run_wal_archive_checks() aggregate > a fully healthy environment fires zero alerts across all four judgements  1378ms
 ✓ |node| tests/backend/publish-gate/evaluator.test.ts (33 tests) 6ms
 ✓ |node| tests/backend/catalog-batch/source-created-filter.test.ts (77 tests) 13ms
 ✓ |node| tests/backend/revenue/revenue-sync-enqueue.test.ts (24 tests) 11ms
 ✓ |node| tests/backend/contracts/admin-contracts.test.ts (26 tests) 6ms
 ✓ |node| tests/backend/adapters/moboreader-rate-gate-endpoint-wiring.test.ts (18 tests) 24ms
 ✓ |node| tests/backend/locale/backfill-source-item-locale.test.ts (20 tests) 15ms
 ✓ |node| tests/backend/security/next-proxy-probe.test.ts (20 tests) 28ms
 ✓ |node| tests/backend/task-admin/book-counts.test.ts (12 tests) 7ms
 ✓ |node| tests/backend/seo/sitemap-empty-locale-not-indexed.test.ts (5 tests) 25ms
 ✓ |node| tests/backend/tasks/promo-claim-release-branches.test.ts (6 tests) 5ms
 ✓ |node| tests/backend/database/active-locales-grants.test.ts (7 tests) 22ms
 ✓ |node| tests/backend/task-admin/mutations.test.ts (15 tests) 20ms
 ✓ |node| tests/backend/auth/two-factor.test.ts (11 tests) 207ms
 ✓ |node| tests/backend/article-templates/compile-blocks.test.ts (28 tests) 8ms
 ✓ |node| tests/backend/task-admin/progress.test.ts (17 tests) 23ms
stderr | tests/backend/publish-gate/invalidation-wiring.test.ts > applyPublishTransition invalidation wiring > a thrown invalidation failure does not block the write or its returned outcome
[publish-gate] public cache invalidation failed after a committed write: Error: simulated cache invalidation failure
    at /Users/chenweifeng/Documents/cps海阅/release-v0.5.11/tests/backend/publish-gate/invalidation-wiring.test.ts:136:13
    at mockCall (file:///Users/chenweifeng/Documents/cps%E6%B5%B7%E9%98%85/release-v0.5.11/node_modules/@vitest/spy/dist/index.js:96:15)
    at spy (file:///Users/chenweifeng/Documents/cps%E6%B5%B7%E9%98%85/release-v0.5.11/node_modules/tinyspy/dist/index.js:47:80)
    at revalidatePublicArticlePaths (/Users/chenweifeng/Documents/cps海阅/release-v0.5.11/tests/backend/publish-gate/invalidation-wiring.test.ts:26:57)
    at /Users/chenweifeng/Documents/cps海阅/release-v0.5.11/src/server/publish-gate/service.ts:578:39
    at safeInvalidatePublicCache (/Users/chenweifeng/Documents/cps海阅/release-v0.5.11/src/server/publish-gate/service.ts:193:5)
    at Module.applyPublishTransition (/Users/chenweifeng/Documents/cps海阅/release-v0.5.11/src/server/publish-gate/service.ts:578:7)
    at processTicksAndRejections (node:internal/process/task_queues:95:5)
    at /Users/chenweifeng/Documents/cps海阅/release-v0.5.11/tests/backend/publish-gate/invalidation-wiring.test.ts:139:20
    at file:///Users/chenweifeng/Documents/cps%E6%B5%B7%E9%98%85/release-v0.5.11/node_modules/@vitest/runner/dist/chunk-hooks.js:752:20

stderr | tests/backend/publish-gate/invalidation-wiring.test.ts > blog first-publish invalidation wiring (C-29b) > a thrown blog invalidation failure does not block the write or its returned outcome
[publish-gate] public cache invalidation failed after a committed write: Error: simulated cache invalidation failure
    at /Users/chenweifeng/Documents/cps海阅/release-v0.5.11/tests/backend/publish-gate/invalidation-wiring.test.ts:213:13
    at mockCall (file:///Users/chenweifeng/Documents/cps%E6%B5%B7%E9%98%85/release-v0.5.11/node_modules/@vitest/spy/dist/index.js:96:15)
    at spy (file:///Users/chenweifeng/Documents/cps%E6%B5%B7%E9%98%85/release-v0.5.11/node_modules/tinyspy/dist/index.js:47:80)
    at revalidatePublicBlogPaths (/Users/chenweifeng/Documents/cps海阅/release-v0.5.11/tests/backend/publish-gate/invalidation-wiring.test.ts:28:54)
    at /Users/chenweifeng/Documents/cps海阅/release-v0.5.11/src/server/publish-gate/service.ts:580:39
    at safeInvalidatePublicCache (/Users/chenweifeng/Documents/cps海阅/release-v0.5.11/src/server/publish-gate/service.ts:193:5)
    at Module.applyPublishTransition (/Users/chenweifeng/Documents/cps海阅/release-v0.5.11/src/server/publish-gate/service.ts:580:7)
    at processTicksAndRejections (node:internal/process/task_queues:95:5)
    at /Users/chenweifeng/Documents/cps海阅/release-v0.5.11/tests/backend/publish-gate/invalidation-wiring.test.ts:216:20
    at file:///Users/chenweifeng/Documents/cps%E6%B5%B7%E9%98%85/release-v0.5.11/node_modules/@vitest/runner/dist/chunk-hooks.js:752:20

stderr | tests/backend/publish-gate/invalidation-wiring.test.ts > Novel rights-transition invalidation wiring > a thrown invalidation failure does not block withdrawNovel's write or its returned outcome
[publish-gate] public cache invalidation failed after a committed write: Error: simulated cache invalidation failure
    at /Users/chenweifeng/Documents/cps海阅/release-v0.5.11/tests/backend/publish-gate/invalidation-wiring.test.ts:302:13
    at mockCall (file:///Users/chenweifeng/Documents/cps%E6%B5%B7%E9%98%85/release-v0.5.11/node_modules/@vitest/spy/dist/index.js:96:15)
    at spy (file:///Users/chenweifeng/Documents/cps%E6%B5%B7%E9%98%85/release-v0.5.11/node_modules/tinyspy/dist/index.js:47:80)
    at revalidatePublicArticleSet (/Users/chenweifeng/Documents/cps海阅/release-v0.5.11/tests/backend/publish-gate/invalidation-wiring.test.ts:27:55)
    at /Users/chenweifeng/Documents/cps海阅/release-v0.5.11/src/server/publish-gate/service.ts:1006:35
    at safeInvalidatePublicCache (/Users/chenweifeng/Documents/cps海阅/release-v0.5.11/src/server/publish-gate/service.ts:193:5)
    at applyNovelRightsTransition (/Users/chenweifeng/Documents/cps海阅/release-v0.5.11/src/server/publish-gate/service.ts:1006:3)
    at processTicksAndRejections (node:internal/process/task_queues:95:5)
    at /Users/chenweifeng/Documents/cps海阅/release-v0.5.11/tests/backend/publish-gate/invalidation-wiring.test.ts:309:20
    at file:///Users/chenweifeng/Documents/cps%E6%B5%B7%E9%98%85/release-v0.5.11/node_modules/@vitest/runner/dist/chunk-hooks.js:752:20

 ✓ |node| tests/backend/publish-gate/invalidation-wiring.test.ts (12 tests) 36ms
 ✓ |node| tests/backend/p2-06-5-owner-final/owner-final-artifacts.test.ts (4 tests) 96ms
 ✓ |node| tests/backend/public/queries.test.ts (20 tests) 15ms
 ✓ |node| tests/backend/task-admin/article-generate-parent-aggregation.test.ts (8 tests) 13ms
 ✓ |node| tests/backend/auth/bootstrap-admin-identity.test.ts (12 tests) 854ms
 ✓ |node| tests/backend/auth/add-admin-identity.test.ts (15 tests) 1601ms
 ✓ |node| tests/backend/article-rebind/guards.test.ts (18 tests) 8ms
 ✓ |node| tests/backend/indexnow/delivery-handler.test.ts (15 tests) 19ms
 ✓ |node| tests/backend/runtime/preproduction-archive-contract.test.ts (18 tests) 951ms
 ✓ |node| tests/backend/slug/short-id-sole-source.test.ts (12 tests) 225ms
 ✓ |node| tests/backend/home-carousel/compute.test.ts (9 tests) 23ms
 ✓ |node| tests/backend/tagging/task-creation-chunking.test.ts (7 tests) 194ms
 ✓ |node| tests/backend/runtime/preproduction-archive-consumer.test.ts (11 tests) 4494ms
   ✓ 归档消费端身份校验（真实 docker 行为） > 正常：归档装载后 tag / digest / revision / 平台全部对上  622ms
   ✓ 归档消费端身份校验（真实 docker 行为） > 🔴 负例 1：load 之后 tag 被改指到另一个镜像 → 拒绝  823ms
   ✓ 归档消费端身份校验（真实 docker 行为） > 🔴 负例 2：manifest 的 image_tag 指向另一个镜像 → 拒绝  397ms
   ✓ 归档消费端身份校验（真实 docker 行为） > 🔴 负例 3：正确镜像已缓存，但传入的是错误归档 → 拒绝  665ms
   ✓ 归档消费端身份校验（真实 docker 行为） > 🔴 运行中容器的镜像身份：真容器，真 inspect  1036ms
 ✓ |node| tests/backend/foundation/register-moboreader-foundation.test.ts (11 tests) 7ms
 ✓ |node| tests/backend/indexnow/outbox.test.ts (19 tests) 7ms
 ✓ |node| tests/backend/database/p1-06-static.test.ts (5 tests) 72ms
 ✓ |node| tests/backend/auth/session-capabilities.test.ts (12 tests) 6ms
 ✓ |node| tests/backend/revenue/moboreader-revenue-parser.test.ts (78 tests) 12ms
 ✓ |node| tests/backend/runtime/offsite-readonly-gate.test.ts (19 tests) 3093ms
   ✓ offsite-readonly-gate.sh：受限入口脚本 > get 文件名格式合法但从未出现在当前 list 里：拒绝  2257ms
 ✓ |node| tests/backend/tagging/classifier-config-b23.test.ts (11 tests) 9ms
 ✓ |node| tests/backend/tagging/classifier.test.ts (11 tests) 40ms
 ✓ |node| tests/backend/locale/channel-language.test.ts (60 tests) 8ms
 ✓ |node| tests/backend/articles/content-mode-sole-write-paths.test.ts (11 tests) 74ms
 ✓ |node| tests/backend/credentials/jwt-normalization-service.test.ts (2 tests) 9ms
 ✓ |node| tests/backend/tasks/worker-failure-observability.test.ts (8 tests) 12ms
 ✓ |node| tests/backend/article-rebind/preview-query-bounds.test.ts (2 tests) 45ms
 ✓ |node| tests/backend/publish-gate/rights-transitions.test.ts (15 tests) 9ms
 ✓ |node| tests/backend/catalog-sync/read-source-items-eligibility.test.ts (10 tests) 6ms
 ✓ |node| tests/backend/local-x8/x8-local-wal-gc-launchd.test.ts (8 tests) 6203ms
   ✓ x8-local-wal-gc-launchd.sh install: three preflight-classification outcomes, none of them install anything > wal-gc itself refuses (WAL_RETENTION=REFUSED) -> INSTALL_REFUSED reason=stack_refusing:<line>, plist not written, launchctl never invoked  1072ms
   ✓ x8-local-wal-gc-launchd.sh install: three preflight-classification outcomes, none of them install anything > the worktree-binding guard itself rejects (ERROR: compose project ... different worktree) -> REFUSED reason=worktree_not_bound_to_stack, plist not written, launchctl never invoked  1938ms
   ✓ x8-local-wal-gc-launchd.sh install: three preflight-classification outcomes, none of them install anything > an unclassified preflight failure (neither token) -> falls back to REFUSED reason=worktree_not_bound_to_stack, plist not written, launchctl never invoked  1871ms
   ✓ x8-local-wal-gc-launchd.sh: --worktree must be absolute > a relative --worktree -> REFUSED reason=worktree_not_absolute, before any preflight call, plist not written  654ms
   ✓ x8-local-wal-gc-launchd.sh: Darwin-only gate (require_darwin) > a non-Darwin host -> REFUSED reason=not_darwin, before the preflight call, plist not written, launchctl never invoked  662ms
 ✓ |node| tests/backend/adapters/moboreader-rate-limit.test.ts (28 tests) 6ms
 ✓ |node| tests/backend/site/public-query-budget.test.ts (8 tests) 14ms
 ✓ |node| tests/backend/runtime/offsite-pull-stat-portability.test.ts (16 tests) 20797ms
   ✓ offsite-pull.sh：stat shim 保真自检 > GNU 方言:stat -f '%m' F = 文件系统报告打到 stdout (多行) + 退出码 1;stat -c '%Y' F = 纯整数  1195ms
   ✓ offsite-pull.sh：stat shim 保真自检 > BSD 方言:stat -c 失败且 stdout 为空;stat -f '%m' F = 纯整数  1327ms
   ✓ offsite-pull.sh：探测块 + local_stat_mtime 直接单元 (抠自脚本源码) > gnu 方言:探测结果与方言一致,取到的 mtime 是唯一一行纯整数  1412ms
   ✓ offsite-pull.sh：探测块 + local_stat_mtime 直接单元 (抠自脚本源码) > bsd 方言:探测结果与方言一致,取到的 mtime 是唯一一行纯整数  1412ms
   ✓ offsite-pull.sh：探测块 + local_stat_mtime 直接单元 (抠自脚本源码) > 两种方言都不可用:探测块明确 fail(tool_missing),非零退出,不静默  1301ms
   ✓ offsite-pull.sh：探测块 + local_stat_mtime 直接单元 (抠自脚本源码) > 单个文件取不到纯整数 (gnu-metadata-blank):local_stat_mtime 返回 1、stdout 为空、stderr 有说明  722ms
   ✓ offsite-pull.sh：探测块 + local_stat_mtime 直接单元 (抠自脚本源码) > 单个文件取不到纯整数 (gnu-metadata-doubled):local_stat_mtime 返回 1、stdout 为空、stderr 有说明  893ms
   ✓ offsite-pull.sh：探测块 + local_stat_mtime 直接单元 (抠自脚本源码) > 单个文件取不到纯整数 (gnu-metadata-fails):local_stat_mtime 返回 1、stdout 为空、stderr 有说明  505ms
   ✓ offsite-pull.sh：gnu stat 方言下 --keep 保留策略 (端到端,假 ssh --gate) > --keep 3:只删 mtime 最旧的三份 (含 .sha256/.metadata),新的不动;stderr 无杂讯;SHA256SUMS 与留存一致  1995ms
   ✓ offsite-pull.sh：gnu stat 方言下 --keep 保留策略 (端到端,假 ssh --gate) > 本地份数不超过 --keep:一份都不删,同样无杂讯  1367ms
   ✓ offsite-pull.sh：bsd stat 方言下 --keep 保留策略 (端到端,假 ssh --gate) > --keep 3:只删 mtime 最旧的三份 (含 .sha256/.metadata),新的不动;stderr 无杂讯;SHA256SUMS 与留存一致  1367ms
   ✓ offsite-pull.sh：bsd stat 方言下 --keep 保留策略 (端到端,假 ssh --gate) > 本地份数不超过 --keep:一份都不删,同样无杂讯  1274ms
   ✓ offsite-pull.sh：stat 取不到纯整数时失败闭合 (不删任何备份) > 两种方言都不可用:在传输前就 OFFSITE_PULL=FAIL,退出 65,本地目录原样不动  781ms
   ✓ offsite-pull.sh：stat 取不到纯整数时失败闭合 (不删任何备份) > 探测通过但某个 .metadata 的 mtime 不是纯整数 (gnu-metadata-fails):reason=local_mtime_unavailable,非零退出,旧备份一份不删  2353ms
   ✓ offsite-pull.sh：stat 取不到纯整数时失败闭合 (不删任何备份) > 探测通过但某个 .metadata 的 mtime 不是纯整数 (gnu-metadata-blank):reason=local_mtime_unavailable,非零退出,旧备份一份不删  1472ms
   ✓ offsite-pull.sh：stat 取不到纯整数时失败闭合 (不删任何备份) > 探测通过但某个 .metadata 的 mtime 不是纯整数 (gnu-metadata-doubled):reason=local_mtime_unavailable,非零退出,旧备份一份不删  1400ms
stdout | tests/backend/content-creation/batch.test.ts > batch validation — dedupe + size cap, mirrors createPromoLinkClaimTask's own backstop > duplicate ids collapse to a single processed item
[tagging-initialize] {
  context: 'req-dedupe',
  status: 'skipped',
  reason: 'tagging_gates_closed'
}

stdout | tests/backend/content-creation/batch.test.ts > apply — each item reuses the single-item transaction verbatim, one failure never blocks the rest > created / skipped_already_linked / failed classify independently in one run
[tagging-initialize] {
  context: 'req-mixed',
  status: 'skipped',
  reason: 'tagging_gates_closed'
}

stdout | tests/backend/content-creation/batch.test.ts > apply — each item reuses the single-item transaction verbatim, one failure never blocks the rest > a malformed id (defensive ContentCreationInputError branch) fails only that item, not the batch
[tagging-initialize] {
  context: 'req-malformed',
  status: 'skipped',
  reason: 'tagging_gates_closed'
}

stdout | tests/backend/content-creation/batch.test.ts > apply — each item reuses the single-item transaction verbatim, one failure never blocks the rest > requestId is suffixed per item (traceable back to the batch, still distinct per audit row)
[tagging-initialize] {
  context: 'batch-req-1',
  status: 'skipped',
  reason: 'tagging_gates_closed'
}

stdout | tests/backend/content-creation/batch.test.ts > wall-clock budget — see batch.ts module header, this is the CPS v7.9.6 504 mitigation > budgetMs: 0 processes nothing; every id comes back not_processed with zero writes
[tagging-initialize] {
  context: 'req-budget-zero',
  status: 'skipped',
  reason: 'tagging_gates_closed'
}

stdout | tests/backend/content-creation/batch.test.ts > wall-clock budget — see batch.ts module header, this is the CPS v7.9.6 504 mitigation > budget exhausted mid-batch: already-committed items are not rolled back, the rest come back not_processed untouched
[tagging-initialize] {
  context: 'req-budget-cutoff',
  status: 'skipped',
  reason: 'tagging_gates_closed'
}

 ✓ |node| tests/backend/content-creation/batch.test.ts (10 tests) 17ms
 ✓ |node| tests/backend/home-carousel/carousel-check-simulation.test.ts (16 tests) 9ms
 ✓ |node| tests/backend/adapters/moboreader-failure-diagnostic.test.ts (49 tests) 25ms
 ✓ |node| tests/backend/tasks/sitemap-refresh.test.ts (12 tests) 17ms
 ✓ |node| tests/backend/catalog-batch/promo-claim-batch-lifecycle-view.test.ts (27 tests) 7ms
 ✓ |node| tests/backend/publish-gate/no-bypass.test.ts (8 tests) 117ms
 ✓ |node| tests/backend/p2-06-5-lane-c/description-only-blind-review.test.ts (18 tests) 70ms
 ✓ |node| tests/backend/adapters/moboreader-upstream-rate-limit-policy.test.ts (12 tests) 10ms
 ✓ |node| tests/backend/article-rebind/write-shape-static.test.ts (14 tests) 7ms
 ✓ |node| tests/backend/content-creation/generate.test.ts (10 tests) 16ms
 ✓ |node| tests/backend/revenue/revenue-migration-static.test.ts (13 tests) 24ms
stdout | tests/backend/seo/static-sitemap.test.ts > static sitemap generation and refresh state > L10N P4: generates through the refresh chain over the default SITE_LOCALES registry (the D-7 publish whitelist this default used to be is deleted)
{"schemaVersion":1,"event":"sitemap_release_cleanup","outcome":"ok","keepRecent":10,"current":"d7-en","total":1,"kept":1,"removed":0,"failed":0,"deferred":0,"freedBytes":0,"keptOrphans":0,"ignored":1,"durationMs":1}

 ✓ |node| tests/backend/seo/static-sitemap.test.ts (15 tests) 104ms
 ✓ |node| tests/backend/tasks/worker-lanes.test.ts (28 tests) 922ms
 ✓ |node| tests/backend/revenue/revenue-sync-params.test.ts (25 tests) 12ms
 ✓ |node| tests/backend/seo/sitemap-chunked-load.test.ts (7 tests) 19ms
 ✓ |node| tests/backend/indexnow/eligibility.test.ts (30 tests) 7ms
 ✓ |node| tests/backend/database/wal-retention-apply-order.test.ts (3 tests) 1518ms
   ✓ wal-retention.sh apply ordering and refusal paths > marks RETIRED and keeps the directory in place until AFTER pg_archivecleanup -d runs, then removes it  921ms
   ✓ wal-retention.sh apply ordering and refusal paths > refuses with plan_failed and deletes nothing when pg_archivecleanup -n exits non-zero  517ms
 ✓ |node| tests/backend/publication/promo-ready-where.test.ts (15 tests) 3ms
 ✓ |node| tests/backend/public/go-redirect.test.ts (15 tests) 14ms
 ✓ |node| tests/backend/runtime/public-cutover-edge.test.ts (75 tests) 3266ms
 ✓ |node| tests/backend/tagging/tagging-auto-preview-sampling.test.ts (30 tests) 24ms
stderr | tests/backend/health/rc7b-backup-status.test.ts > RC-7b evaluateBackupStatus > returns failed when the status file is not valid JSON
[health/backup] status file corrupt json { reasonCode: 'corrupt_json' }

stderr | tests/backend/health/rc7b-backup-status.test.ts > RC-7b evaluateBackupStatus > returns failed when the status file is well-formed JSON but missing required fields
[health/backup] status file invalid shape { reasonCode: 'invalid_status_shape' }

stderr | tests/backend/health/rc7b-backup-status.test.ts > RC-7b evaluateBackupStatus > returns failed when reading the status file errors for a reason other than missing
[health/backup] status file read error { reasonCode: 'read_error' }

stderr | tests/backend/health/rc7b-backup-status.test.ts > RC-7b evaluateBackupStatus > returns failed when reading the status file hangs past the read timeout
[health/backup] status file read timeout { reasonCode: 'read_timeout' }

 ✓ |node| tests/backend/health/rc7b-backup-status.test.ts (16 tests) 33ms
 ✓ |node| tests/backend/publish-gate/preview-decoupling.test.ts (13 tests) 8ms
 ✓ |node| tests/backend/local-x8/no-leak-static-guards.test.ts (17 tests) 28ms
 ✓ |node| tests/backend/seo/sitemap-multi-locale.test.ts (7 tests) 23ms
 ✓ |node| tests/backend/flags/article-blog-flags-passthrough.test.ts (11 tests) 10ms
 ✓ |node| tests/backend/seo/sitemap-category-cap.test.ts (4 tests) 31ms
 ✓ |node| tests/backend/publication/access.test.ts (19 tests) 6ms
 ✓ |node| tests/backend/runtime/preproduction-backup-timer-healthcheck.test.ts (9 tests) 152ms
 ✓ |node| tests/backend/content-creation/blog.test.ts (18 tests) 9ms
 ✓ |node| tests/backend/catalog-batch/promo-link-status-filter.test.ts (26 tests) 11ms
stderr | tests/backend/auth/db-retry-wiring.test.ts > db-retry wiring: PostgreSQLSessionStore.touchLastSeen > retries a transient P1008 failure on the single UPDATE statement and succeeds
[db-retry] {"op":"auth.session.touchLastSeen","attempt":1,"delay":522,"error":"P1008: simulated P1008","itemId":"session-1"}

 ✓ |node| tests/backend/tasks/article-publish-handlers.test.ts (11 tests) 7ms
 ✓ |node| tests/backend/home-carousel/cron.test.ts (14 tests) 9ms
stderr | tests/backend/auth/db-retry-wiring.test.ts > db-retry wiring: PostgreSQLTwoFactorStore > savePendingSetup retries a transient P1008 failure on its upsert and succeeds
[db-retry] {"op":"auth.twoFactor.savePendingSetup","attempt":1,"delay":585,"error":"P1008: simulated P1008","itemId":"admin-1"}

stderr | tests/backend/auth/db-retry-wiring.test.ts > db-retry wiring: PostgreSQLTwoFactorStore > createChallenge retries a transient P1008 failure on its create and succeeds
[db-retry] {"op":"auth.twoFactor.createChallenge","attempt":1,"delay":593,"error":"P1008: simulated P1008","itemId":"challenge-1"}

 ✓ |node| tests/backend/auth/ensure-local-admin-identities.test.ts (10 tests) 486ms
 ✓ |node| tests/backend/tagging/classifier-b23.test.ts (9 tests) 22ms
 ✓ |node| tests/backend/health/rc7b-worker-status.test.ts (12 tests) 17ms
stderr | tests/backend/publish-gate/db-retry-wiring.test.ts > db-retry wiring: applyPublishTransition > retries a transient P1008 failure and succeeds on the second attempt
[db-retry] {"op":"publish-gate.applyPublishTransition","attempt":1,"delay":525,"error":"P1008: simulated P1008","itemId":"article-1","idempotencyKey":"req-1"}

stderr | tests/backend/auth/db-retry-wiring.test.ts > db-retry wiring: PostgreSQLAuthUnitOfWork > confirmTwoFactorSetup retries a transient P1008 failure and succeeds on the second attempt
[db-retry] {"op":"auth.twoFactor.confirmTwoFactorSetup","attempt":1,"delay":519,"error":"P1008: simulated P1008","itemId":"admin-1"}

stderr | tests/backend/publish-gate/db-retry-wiring.test.ts > db-retry wiring: applyPublishTransition > gives up and rethrows once every transient failure is exhausted
[db-retry] {"op":"publish-gate.applyPublishTransition","attempt":1,"delay":580,"error":"P1008: simulated P1008","itemId":"article-1","idempotencyKey":"req-1"}

stderr | tests/backend/auth/db-retry-wiring.test.ts > db-retry wiring: PostgreSQLAuthUnitOfWork > completeTwoFactorChallenge retries a transient P1008 failure and succeeds on the second attempt
[db-retry] {"op":"auth.twoFactor.completeTwoFactorChallenge","attempt":1,"delay":534,"error":"P1008: simulated P1008","itemId":"challenge-1"}

 ✓ |node| tests/backend/auth/db-retry-wiring.test.ts (8 tests) 2767ms
   ✓ db-retry wiring: PostgreSQLSessionStore.touchLastSeen > retries a transient P1008 failure on the single UPDATE statement and succeeds  526ms
   ✓ db-retry wiring: PostgreSQLTwoFactorStore > savePendingSetup retries a transient P1008 failure on its upsert and succeeds  586ms
   ✓ db-retry wiring: PostgreSQLTwoFactorStore > createChallenge retries a transient P1008 failure on its create and succeeds  595ms
   ✓ db-retry wiring: PostgreSQLAuthUnitOfWork > confirmTwoFactorSetup retries a transient P1008 failure and succeeds on the second attempt  522ms
   ✓ db-retry wiring: PostgreSQLAuthUnitOfWork > completeTwoFactorChallenge retries a transient P1008 failure and succeeds on the second attempt  535ms
stderr | tests/backend/publish-gate/db-retry-wiring.test.ts > db-retry wiring: applyPublishTransition > gives up and rethrows once every transient failure is exhausted
[db-retry] {"op":"publish-gate.applyPublishTransition","attempt":2,"delay":1510,"error":"P1008: simulated P1008","itemId":"article-1","idempotencyKey":"req-1"}

 ✓ |node| tests/backend/p2-06-5-lane-b/b2-input.test.ts (2 tests) 158ms
 ✓ |node| tests/backend/tasks/promo-link-claim-publish-gate-e2e.test.ts (2 tests) 4ms
 ✓ |node| tests/backend/seo/sitemap-blog.test.ts (12 tests) 6ms
 ✓ |node| tests/backend/admin-content/p2-04-admin-content.test.ts (16 tests) 7ms
 ✓ |node| tests/backend/publish-gate/c27-article-type-fork.test.ts (4 tests) 6ms
 ✓ |node| tests/backend/seo/sitemap-data.test.ts (5 tests) 41ms
stdout | tests/backend/tagging/novel-id-scope.test.ts > bounded novel ID scope > direct first initialization checks gates before reading a snapshot
[tagging-initialize] {
  status: 'skipped',
  reason: 'tagging_gates_closed',
  novelId: '00000000-0000-4000-8000-000000000000'
}

 ✓ |node| tests/backend/tagging/novel-id-scope.test.ts (6 tests) 64ms
stderr | tests/backend/publish-gate/db-retry-wiring.test.ts > db-retry wiring: applyPublishTransition > gives up and rethrows once every transient failure is exhausted
[db-retry] {"op":"publish-gate.applyPublishTransition","attempt":3,"delay":3047,"error":"P1008: simulated P1008","itemId":"article-1","idempotencyKey":"req-1"}

 ✓ |node| tests/backend/public/novel-locale-check.test.ts (14 tests) 10ms
 ✓ |node| tests/backend/home-carousel/queries.test.ts (8 tests) 4ms
 ✓ |node| tests/backend/indexnow/eligibility-blog.test.ts (13 tests) 4ms
stderr | tests/backend/credentials/db-retry-wiring.test.ts > db-retry wiring: createChannelAccount > retries a transient P1008 failure and succeeds on the second attempt
[db-retry] {"op":"credentials.createChannelAccount","attempt":1,"delay":541,"error":"P1008: simulated P1008","idempotencyKey":"008aa023-077a-4364-b3b4-ce0f274cbde0"}

 ✓ |node| tests/backend/credentials/db-retry-wiring.test.ts (2 tests) 547ms
   ✓ db-retry wiring: createChannelAccount > retries a transient P1008 failure and succeeds on the second attempt  546ms
 ✓ |node| tests/backend/tagging/rule-impact.test.ts (4 tests) 15ms
 ✓ |node| tests/backend/flags/tagging-flags-passthrough.test.ts (7 tests) 74ms
 ✓ |node| tests/backend/tasks/promo-link-claim-factory.test.ts (10 tests) 7ms
 ✓ |node| tests/backend/p2-06-5-lane-b/b2-io.test.ts (5 tests) 304ms
 ✓ |node| tests/backend/channel-capability/cli.test.ts (13 tests) 5ms
 ✓ |node| tests/backend/tasks/article-generate-factory.test.ts (7 tests) 6ms
 ✓ |node| tests/backend/contracts/no-sensitive-fields.test.ts (8 tests) 7ms
 ✓ |node| tests/backend/auth/admin-registry-parity.test.ts (3 tests) 14ms
 ✓ |node| tests/backend/runtime/bash-bare-dbracket-assertion-guard.test.ts (2 tests) 17ms
stderr | tests/backend/publish-gate/db-retry-wiring.test.ts > db-retry wiring: applyNovelRightsTransition (withdrawNovel) > retries a transient P1008 failure and succeeds on the second attempt
[db-retry] {"op":"publish-gate.applyNovelRightsTransition","attempt":1,"delay":510,"error":"P1008: simulated P1008","itemId":"novel-1","idempotencyKey":"27d7ebe1-9b1f-4799-90b2-0e2026a1011e"}

 ✓ |node| tests/backend/tagging/description-boilerplate.test.ts (16 tests) 7ms
stderr | tests/backend/home-carousel/scheduler-wiring.test.ts > 行为断言：main() 刷新后的快照真的驱动了 HOME_CAROUSEL_SCHEDULE.build() > queryActiveLocales 返回 [ru] 时，main() 之后 build() 产出 ru 条目、不产出 en 条目
promo_claim_release.tick_failed Error: [vitest] No "Prisma" export is defined on the "@prisma/client" mock. Did you forget to return it from "vi.mock"?
If you need to partially mock a module, you can use "importOriginal" helper inside:

    at VitestMocker.createError (file:///Users/chenweifeng/Documents/cps%E6%B5%B7%E9%98%85/release-v0.5.11/node_modules/vitest/dist/chunks/execute.B7h3T_Hc.js:284:17)
    at Object.get (file:///Users/chenweifeng/Documents/cps%E6%B5%B7%E9%98%85/release-v0.5.11/node_modules/vitest/dist/chunks/execute.B7h3T_Hc.js:330:16)
    at findPromoClaimReleaseCandidateAccountIds (/Users/chenweifeng/Documents/cps海阅/release-v0.5.11/src/lib/tasks/promo-claim-release.ts:636:74)
    at runPromoClaimReleaseTick (/Users/chenweifeng/Documents/cps海阅/release-v0.5.11/src/lib/tasks/promo-claim-release.ts:820:28)
    at runPromoClaimReleaseTickSafely (/Users/chenweifeng/Documents/cps海阅/release-v0.5.11/scheduler/index.ts:109:11)
    at Module.main (/Users/chenweifeng/Documents/cps海阅/release-v0.5.11/scheduler/index.ts:121:11)
    at processTicksAndRejections (node:internal/process/task_queues:95:5)
    at /Users/chenweifeng/Documents/cps海阅/release-v0.5.11/tests/backend/home-carousel/scheduler-wiring.test.ts:129:5
    at file:///Users/chenweifeng/Documents/cps%E6%B5%B7%E9%98%85/release-v0.5.11/node_modules/@vitest/runner/dist/chunk-hooks.js:752:20 {
  codeFrame: 'vi.mock(import("@prisma/client"), async (importOriginal) => {\n' +
    '  const actual = await importOriginal()\n' +
    '  return {\n' +
    '    ...actual,\n' +
    '    // your mocked methods\n' +
    '  }\n' +
    '})'
}

 ✓ |node| tests/backend/home-carousel/scheduler-wiring.test.ts (3 tests) 65ms
 ✓ |node| tests/backend/runtime/preproduction-backup-health-readable.test.ts (3 tests) 10384ms
   ✓ web can read backup-timer's last-success.json (2026-09-27 group_add + chmod fix) > behavioral: real backup-loop.sh, real ownership/modes, inside postgres:16.14 > web (uid 1001, gid 1001 + group 1000) can read the published status file; without group 1000 it cannot  10278ms
 ✓ |node| tests/backend/content-creation/preview-enqueue.test.ts (5 tests) 46ms
 ✓ |node| tests/backend/publish-gate/db-retry-wiring.test.ts (5 tests) 6190ms
   ✓ db-retry wiring: applyPublishTransition > retries a transient P1008 failure and succeeds on the second attempt  532ms
   ✓ db-retry wiring: applyPublishTransition > gives up and rethrows once every transient failure is exhausted  5142ms
   ✓ db-retry wiring: applyNovelRightsTransition (withdrawNovel) > retries a transient P1008 failure and succeeds on the second attempt  514ms
 ✓ |node| tests/backend/catalog-batch/catalog-context-promo-link-status.test.ts (19 tests) 7ms
 ✓ |node| tests/backend/publication/access-blog.test.ts (15 tests) 5ms
 ✓ |node| tests/backend/tasks/side-effect-state.test.ts (12 tests) 7ms
 ✓ |node| tests/backend/health/p1-12-health-service.test.ts (11 tests) 32ms
 ✓ |node| tests/backend/revenue/revenue-sync-worker-lane.test.ts (14 tests) 153ms
 ✓ |node| tests/backend/site/category-queries.test.ts (6 tests) 7ms
 ✓ |node| tests/backend/flags/seo-visibility-flags-passthrough.test.ts (7 tests) 3ms
 ✓ |node| tests/backend/tasks/failure-reporter.test.ts (19 tests) 17ms
 ✓ |node| tests/backend/runtime/preproduction-capacity-contract.test.ts (4 tests) 262ms
 ✓ |node| tests/backend/site/related-novels.test.ts (3 tests) 7ms
 ✓ |node| tests/backend/locale/probe-unnamed-language-codes-apply.test.ts (1 test) 27ms
 ✓ |node| tests/backend/runtime/revenue-view-compose-passthrough.test.ts (12 tests) 854ms
 ✓ |node| tests/backend/publication/revalidate.test.ts (11 tests) 5ms
 ✓ |node| tests/backend/indexnow/recovery.test.ts (8 tests) 5ms
 ✓ |node| tests/backend/runtime/x8-worktree-stack-binding.test.ts (6 tests) 1651ms
   ✓ X8 D-4 worktree <-> stack binding pre-flight > passes silently when no container is running under the compose project at all  368ms
   ✓ X8 D-4 worktree <-> stack binding pre-flight > passes when a running container's labels are set (from inside the shell) to match this worktree exactly  400ms
   ✓ X8 D-4 worktree <-> stack binding pre-flight > rejects when a running container's labels point at a different worktree root  418ms
   ✓ X8 D-4 worktree <-> stack binding pre-flight > rejects when the project name matches but only the config_files label differs  463ms
 ✓ |node| tests/backend/redirect/no-bypass.test.ts (7 tests) 113ms
 ✓ |node| tests/backend/seo/novel-hreflang.test.ts (6 tests) 5ms
 ✓ |node| tests/backend/article-publish/filter.test.ts (7 tests) 7ms
 ✓ |node| tests/backend/p2-06-5-lane-b/http-security.test.ts (8 tests) 40ms
 ✓ |node| tests/backend/flags/article-novel-rebind-flags-passthrough.test.ts (6 tests) 11ms
 ✓ |node| tests/backend/locale/probe-unnamed-language-codes.test.ts (8 tests) 5ms
 ✓ |node| tests/backend/content-creation/template-rendering.test.ts (6 tests) 14ms
 ✓ |node| tests/backend/tasks/promo-claim-release.test.ts (11 tests) 3ms
 ✓ |node| tests/backend/article-rebind/preview-ceilings.test.ts (5 tests) 18ms
 ✓ |node| tests/backend/catalog-batch/promo-claim-shard-estimate.test.ts (7 tests) 5ms
 ✓ |node| tests/backend/database/init-roles-hba.test.ts (9 tests) 90ms
stderr | tests/backend/db/db-retry.test.ts > withDbRetry > retries transient errors up to the delay schedule and then succeeds
[db-retry] {"op":"test.op","attempt":1,"delay":35,"error":"P1008: simulated P1008"}

stderr | tests/backend/db/db-retry.test.ts > withDbRetry > retries transient errors up to the delay schedule and then succeeds
[db-retry] {"op":"test.op","attempt":2,"delay":119,"error":"P1008: simulated P1008"}

stderr | tests/backend/db/db-retry.test.ts > withDbRetry > gives up and rethrows once the delay schedule is exhausted
[db-retry] {"op":"test.op","attempt":1,"delay":45,"error":"P1008: simulated P1008"}

stderr | tests/backend/db/db-retry.test.ts > withDbRetry > gives up and rethrows once the delay schedule is exhausted
[db-retry] {"op":"test.op","attempt":2,"delay":105,"error":"P1008: simulated P1008"}

 ✓ |node| tests/backend/db/db-retry.test.ts (23 tests) 9ms
 ✓ |node| tests/backend/site/blog-queries.test.ts (12 tests) 6ms
 ✓ |node| tests/backend/database/c30-novel-rebind-checks-static.test.ts (5 tests) 4ms
 ✓ |node| tests/backend/locale/active-locales.test.ts (9 tests) 5ms
 ✓ |node| tests/backend/site/category-link-set-equality.test.ts (5 tests) 78ms
 ✓ |node| tests/backend/tagging/materialization.test.ts (10 tests) 15ms
 ✓ |node| tests/backend/indexnow/sweep.test.ts (8 tests) 5ms
 ✓ |node| tests/backend/tasks/promo-link-claim-intent-bypass.test.ts (5 tests) 130ms
 ✓ |node| tests/backend/tasks/promo-link-claim-system-hold.test.ts (16 tests) 7ms
 ✓ |node| tests/backend/content-creation/blog-publish-gate-e2e.test.ts (3 tests) 4ms
 ✓ |node| tests/backend/public/go-redirect-tracking-gate.test.ts (7 tests) 9ms
 ✓ |node| tests/backend/indexnow/delivery-primitives.test.ts (22 tests) 6ms
 ✓ |node| tests/backend/governance/ai-workflow-entrypoints.test.ts (22 tests) 9ms
 ✓ |node| tests/backend/database/c24-article-axes-static.test.ts (10 tests) 4ms
 ✓ |node| tests/backend/database/c27-blog-article-foundation-static.test.ts (9 tests) 3ms
 ✓ |node| tests/backend/content-creation/publish-gate-e2e.test.ts (2 tests) 9ms
 ✓ |node| tests/backend/database/carousel-grants.test.ts (6 tests) 3ms
 ✓ |node| tests/backend/credentials/reason-guard.test.ts (20 tests) 9ms
 ✓ |node| tests/backend/tasks/task-control.test.ts (8 tests) 3ms
 ✓ |node| tests/backend/article-rebind/backfill-novel-title-normalized.test.ts (6 tests) 14ms
 ✓ |node| tests/backend/home-carousel/serving-source-check.test.ts (6 tests) 5ms
 ✓ |node| tests/backend/site/public-taxonomy-chunking.test.ts (5 tests) 212ms
 ✓ |node| tests/backend/database/x6-site-setting-grants.test.ts (5 tests) 19ms
 ✓ |node| tests/backend/database/worker-health-indexes-static.test.ts (7 tests) 16ms
 ✓ |node| tests/backend/public/mappers.test.ts (6 tests) 19ms
 ✓ |node| tests/backend/tasks/error-sanitizer.test.ts (13 tests) 5ms
 ✓ |node| tests/backend/tasks/side-effect-readback-boundary.test.ts (4 tests) 96ms
 ✓ |node| tests/backend/database/p1-05b-static.test.ts (3 tests) 101ms
 ✓ |node| tests/backend/runtime/x8-admin-local-identity-seed.test.ts (8 tests) 1347ms
   ✓ ADMIN_LOCAL_IDENTITY_SEED — X8 three-level render-only verification > ADMIN_LOCAL_IDENTITY_SEED never reaches the rendered web/worker/scheduler compose config  1323ms
 ✓ |node| tests/backend/auth/credential-contracts.test.ts (4 tests) 14ms
 ✓ |node| tests/backend/runtime/x8-gate-state-write.test.ts (1 test) 29ms
 ✓ |node| tests/backend/site-settings/service.test.ts (14 tests) 6ms
 ✓ |node| tests/backend/tagging/p2-06-5-governance.test.ts (4 tests) 4ms
 ✓ |node| tests/backend/tasks/p2-06-source-label.test.ts (5 tests) 16ms
 ✓ |node| tests/backend/article-rebind/batch-cap.test.ts (2 tests) 20ms
 ✓ |node| tests/backend/database/archive-wal-filename.test.ts (12 tests) 186ms
 ✓ |node| tests/backend/content-creation/default-article-template.test.ts (6 tests) 7ms
 ✓ |node| tests/backend/catalog-batch/lifecycle-enqueue.test.ts (9 tests) 5ms
stderr | tests/backend/tasks/promo-claim-release-scheduler-wiring.test.ts > 行为断言：runPromoClaimReleaseTick 抛错时 main() 仍然跑完（不影响既有轮播入队） > runPromoClaimReleaseTick reject 时 main() 依然 resolve，且 runSchedulerOnce 已经被调用过
promo_claim_release.tick_failed Error: promo_claim_release boom
    at /Users/chenweifeng/Documents/cps海阅/release-v0.5.11/tests/backend/tasks/promo-claim-release-scheduler-wiring.test.ts:70:13
    at mockCall (file:///Users/chenweifeng/Documents/cps%E6%B5%B7%E9%98%85/release-v0.5.11/node_modules/@vitest/spy/dist/index.js:96:15)
    at spy (file:///Users/chenweifeng/Documents/cps%E6%B5%B7%E9%98%85/release-v0.5.11/node_modules/tinyspy/dist/index.js:47:80)
    at runPromoClaimReleaseTickSafely (/Users/chenweifeng/Documents/cps海阅/release-v0.5.11/scheduler/index.ts:109:11)
    at Module.main (/Users/chenweifeng/Documents/cps海阅/release-v0.5.11/scheduler/index.ts:121:11)
    at processTicksAndRejections (node:internal/process/task_queues:95:5)
    at /Users/chenweifeng/Documents/cps海阅/release-v0.5.11/tests/backend/tasks/promo-claim-release-scheduler-wiring.test.ts:78:5
    at file:///Users/chenweifeng/Documents/cps%E6%B5%B7%E9%98%85/release-v0.5.11/node_modules/@vitest/runner/dist/chunk-hooks.js:752:20

 ✓ |node| tests/backend/tasks/promo-claim-release-scheduler-wiring.test.ts (5 tests) 107ms
 ✓ |node| tests/backend/db/chunked-id-lookup.test.ts (9 tests) 34ms
 ✓ |node| tests/backend/auth/security-boundaries.test.ts (7 tests) 6ms
 ✓ |node| tests/backend/home-carousel/merge.test.ts (3 tests) 18ms
 ✓ |node| tests/backend/home-carousel/actions-capability.test.ts (4 tests) 6ms
 ✓ |node| tests/backend/runtime/x8-role-password-alignment.test.ts (8 tests) 3860ms
   ✓ X8 D-2 network-side role password verification (stub) > passes when every role's network connection succeeds  621ms
   ✓ X8 D-2 network-side role password verification (stub) > fails closed and names the role when migration_owner's network connection is rejected  387ms
   ✓ X8 D-2 network-side role password verification (stub) > fails closed and names the role when web_app's network connection is rejected  403ms
   ✓ X8 D-2 network-side role password verification (stub) > fails closed and names the role when worker_app's network connection is rejected  433ms
   ✓ X8 D-2 network-side role password verification (stub) > fails closed and names the role when scheduler_app's network connection is rejected  498ms
   ✓ X8 D-2 network-side role password verification (stub) > fails closed and names the role when analyst_ro's network connection is rejected  520ms
   ✓ X8 D-2 network-side role password verification (stub) > fails closed and names the role when backup_role's network connection is rejected  591ms
   ✓ X8 D-2 network-side role password verification (stub) > never falls back to a trust-style success when the network call itself is broken for every role  406ms
 ✓ |node| tests/backend/adapters/promo-link-claim-rate-gate.test.ts (5 tests) 18ms
 ✓ |node| tests/backend/redirect/public-redirect-code.test.ts (9 tests) 59ms
 ✓ |node| tests/backend/publish-gate/defer-sitemap-option.test.ts (4 tests) 6ms
 ✓ |node| tests/backend/slug/short-id.test.ts (14 tests) 16ms
 ✓ |node| tests/backend/content-creation/article-generation-selection.test.ts (9 tests) 7ms
 ✓ |node| tests/backend/runtime/article-publish-lane-config.test.ts (7 tests) 8ms
 ✓ |node| tests/backend/tasks/daily-sweep-window.test.ts (7 tests) 9ms
 ✓ |node| tests/backend/database/l10n-p3-article-template-locale-static.test.ts (4 tests) 4ms
 ✓ |node| tests/backend/tasks/moboreader-free-book-normalization.test.ts (15 tests) 3ms
 ✓ |node| tests/backend/tasks/promo-link-binding.test.ts (4 tests) 6ms
 ✓ |node| tests/backend/publish-gate/admin-wrappers.test.ts (3 tests) 8ms
 ✓ |node| tests/backend/revenue/read-star-scope.test.ts (19 tests) 6ms
stderr | tests/backend/publication/dispatcher.test.ts > dispatchFirstPublicPublication > isolates an IndexNow handler failure into result.errors without throwing
[PublicationDispatcher] IndexNow enqueue failed: indexnow down

stderr | tests/backend/publication/dispatcher.test.ts > dispatchFirstPublicPublication > isolates a sitemap handler failure into result.errors without throwing
[PublicationDispatcher] sitemap enqueue failed: sitemap down

stderr | tests/backend/publication/dispatcher.test.ts > dispatchFirstPublicPublication > runs both handlers and still reports both errors independently on double failure
[PublicationDispatcher] IndexNow enqueue failed: a

stderr | tests/backend/publication/dispatcher.test.ts > dispatchFirstPublicPublication > runs both handlers and still reports both errors independently on double failure
[PublicationDispatcher] sitemap enqueue failed: b

stderr | tests/backend/publication/dispatcher.test.ts > dispatchFirstPublicPublication > one handler failing does not prevent the other from succeeding
[PublicationDispatcher] IndexNow enqueue failed: indexnow down

 ✓ |node| tests/backend/publication/dispatcher.test.ts (8 tests) 8ms
 ✓ |node| tests/backend/catalog-batch/read-summary.test.ts (4 tests) 4ms
 ✓ |node| tests/backend/public/go-tracking-guard.test.ts (37 tests) 5ms
 ✓ |node| tests/backend/content-creation/promo-link-id-write-paths.test.ts (3 tests) 104ms
 ✓ |node| tests/backend/runtime/worker-light-compose-contract.test.ts (3 tests) 310ms
 ✓ |node| tests/backend/catalog-sync/read-channel-apps.test.ts (3 tests) 4ms
 ✓ |node| tests/backend/credentials/task-result.test.ts (13 tests) 20ms
 ✓ |node| tests/backend/seo/static-sitemap-acceptance.test.ts (1 test) 69ms
 ✓ |node| tests/backend/seo/site-url-single-source.test.ts (3 tests) 233ms
 ✓ |node| tests/backend/runtime/x8-catalog-one.test.ts (8 tests) 6ms
 ✓ |node| tests/backend/db/id-cursor-pages.test.ts (13 tests) 7ms
 ✓ |node| tests/backend/home-carousel/config.test.ts (4 tests) 21ms
 ✓ |node| tests/backend/credentials/claim-readiness.test.ts (6 tests) 3ms
 ✓ |node| tests/backend/auth/p1-08b-production-contracts.test.ts (4 tests) 128ms
 ✓ |node| tests/backend/site/category-links.test.ts (6 tests) 3ms
 ✓ |node| tests/backend/p2-06-5-lane-b/upstream-parser.test.ts (4 tests) 5ms
 ✓ |node| tests/backend/p1-13-project-isolation.test.ts (6 tests) 2672ms
   ✓ P1-13 project isolation check > passes clean repositories whose paths contain spaces and Chinese  405ms
   ✓ P1-13 project isolation check > fails closed on a tracked Git symlink and names its path  420ms
   ✓ P1-13 project isolation check > fails closed on a gitlink even without .gitmodules  521ms
   ✓ P1-13 project isolation check > fails closed when .gitmodules exists  377ms
   ✓ P1-13 project isolation check > rejects runtime and build references to the CPS repository  416ms
   ✓ P1-13 project isolation check > rejects a wrong or dirty CPS checkout without modifying it  532ms
 ✓ |node| tests/backend/content-creation/article-generate-page.test.ts (3 tests) 4ms
 ✓ |node| tests/backend/home-carousel/worker-handler.test.ts (6 tests) 4ms
 ✓ |node| tests/backend/tasks/recompute-parent-task-guard.test.ts (2 tests) 3ms
 ✓ |node| tests/backend/tasks/promo-link-claim-redaction.test.ts (4 tests) 3ms
 ✓ |node| tests/backend/publication/preview-enqueue.test.ts (3 tests) 6ms
 ✓ |node| tests/backend/tagging/task-cli.test.ts (4 tests) 4ms
 ✓ |node| tests/backend/slug/text-to-slug.test.ts (16 tests) 7ms
 ✓ |node| tests/backend/governance/x7-contracts.test.ts (6 tests) 8ms
 ✓ |node| tests/backend/credentials/web-ingress.test.ts (3 tests) 10ms
 ✓ |node| tests/backend/articles/sanitize-body.test.ts (11 tests) 5ms
 ✓ |node| tests/backend/tasks/worker-startup.test.ts (6 tests) 7ms
 ✓ |node| tests/backend/preview/changdu-materialization.test.ts (11 tests) 6ms
 ✓ |node| tests/backend/indexnow/backfill-manifest.test.ts (8 tests) 5ms
 ✓ |node| tests/backend/auth/credential-lifecycle.test.ts (6 tests) 4ms
 ✓ |node| tests/backend/indexnow/backfill-apply-gates.test.ts (9 tests) 3ms
 ✓ |node| tests/backend/database/c27-novel-id-by-type-check-truth-table.test.ts (5 tests) 2ms
 ✓ |node| tests/backend/publish-gate/resolve-publish-time.test.ts (8 tests) 2ms
 ✓ |node| tests/backend/tasks/moboreader-upstream-recommended-page-size.test.ts (5 tests) 3ms
 ✓ |node| tests/backend/tasks/periodic-sweep.test.ts (7 tests) 7ms
 ✓ |node| tests/backend/app/locale-route-guard.test.ts (6 tests) 17ms
 ✓ |node| tests/backend/tasks/runtime-contract.test.ts (5 tests) 4ms
 ✓ |node| tests/backend/site/canonical-tag-public-i18n.test.ts (3 tests) 4ms
 ✓ |node| tests/backend/credentials/keyring.test.ts (4 tests) 15ms
 ✓ |node| tests/backend/credentials/jwt-normalization.test.ts (11 tests) 3ms
 ✓ |node| tests/backend/indexnow/sweep-wiring.test.ts (10 tests) 8ms
 ✓ |node| tests/backend/content-creation/novel-create-sole-write-paths.test.ts (3 tests) 100ms
 ✓ |node| tests/backend/tasks/worker-light-fairness.test.ts (6 tests) 7ms
 ✓ |node| tests/backend/database/x2-postgres-hardening.test.ts (4 tests) 7ms
 ✓ |node| tests/backend/content-creation/business-id.test.ts (7 tests) 4ms
 ✓ |node| tests/backend/tagging/admin-service.test.ts (4 tests) 4ms
 ✓ |node| tests/backend/auth/totp-qr.test.ts (3 tests) 72ms
 ✓ |node| tests/backend/runtime/book-b-existing-promo-e2e.test.ts (3 tests) 4ms
 ✓ |node| tests/backend/publication/promo-whitespace-boundaries.test.ts (1 test) 3ms
 ✓ |node| tests/backend/p2-06-5-lane-b/budget-controller.test.ts (5 tests) 3ms
 ✓ |node| tests/backend/slug/article-path.test.ts (11 tests) 3ms
 ✓ |node| tests/backend/auth/recovery-codes-regenerate.test.ts (2 tests) 32ms
 ✓ |node| tests/backend/p1-13-locale-single-source.test.ts (2 tests) 48ms
 ✓ |node| tests/backend/tasks/shutdown-timeout.test.ts (26 tests) 6ms
 ✓ |node| tests/backend/content-creation/template-selection.test.ts (2 tests) 8ms
 ✓ |node| tests/backend/public/source-boundaries.test.ts (2 tests) 3ms
 ✓ |node| tests/backend/contracts/credential-task-failure-read-path.test.ts (6 tests) 3ms
 ✓ |node| tests/backend/catalog-batch/read-source-items-page.test.ts (9 tests) 6ms
 ✓ |node| tests/backend/tagging/raw-language-scope.test.ts (4 tests) 4ms
 ✓ |node| tests/backend/catalog-batch/phase.test.ts (18 tests) 3ms
 ✓ |node| tests/backend/tasks/catalog-finalize-recovery-contract.test.ts (4 tests) 3ms
 ✓ |node| tests/backend/runtime/p2-12-acceptance-safety.test.ts (3 tests) 5ms
 ✓ |node| tests/backend/seo/novel-hreflang-whitelist.test.ts (2 tests) 2ms
 ✓ |node| tests/backend/content-creation/materialize-no-article-side-effects.test.ts (3 tests) 2ms
 ✓ |node| tests/backend/runtime/p2-12-admin-e2e-smoke.test.ts (3 tests) 13ms
 ✓ |node| tests/backend/runtime/x8-promo-fixture.test.ts (3 tests) 2ms
 ✓ |node| tests/backend/task-admin/safe-task-error.test.ts (5 tests) 3ms
 ✓ |node| tests/backend/database/p1-08-credential-status-static.test.ts (3 tests) 3ms
 ✓ |node| tests/backend/slug/blog-path.test.ts (5 tests) 2ms
 ✓ |node| tests/backend/sitemap-admin/cli.test.ts (5 tests) 4ms
 ✓ |node| tests/backend/contracts/p2-05-secret-and-scope.test.ts (4 tests) 3ms
 ✓ |node| tests/backend/content-creation/novel-materialization-locale.test.ts (11 tests) 3ms
 ✓ |node| tests/backend/content-creation/create-preview-wiring.test.ts (1 test) 5ms
 ✓ |node| tests/backend/runtime/launch-day-health-checks.test.ts (2 tests) 2ms
 ✓ |node| tests/backend/runtime/public-cutover-release.test.ts (11 tests) 6182ms
   ✓ 'preprod' release verification > checks the real live/maintenance expectation maintenance=false  684ms
   ✓ 'preprod' release verification > checks the real live/maintenance expectation maintenance=true  690ms
   ✓ 'preprod' release verification > never accepts business content while maintenance should be active  490ms
   ✓ 'preprod' release verification > rejects a generic upstream 503 instead of the known maintenance page  495ms
   ✓ 'public' release verification > checks the real live/maintenance expectation maintenance=false  992ms
   ✓ 'public' release verification > checks the real live/maintenance expectation maintenance=true  843ms
   ✓ 'public' release verification > never accepts business content while maintenance should be active  554ms
   ✓ 'public' release verification > rejects a generic upstream 503 instead of the known maintenance page  663ms
   ✓ 'public' release verification > rejects leaked public noindex  726ms
 ✓ |node| tests/backend/governance/real-upstream-report-template.test.ts (2 tests) 2ms
 ✓ |node| tests/backend/public/permanent-redirect-status.test.ts (1 test) 2ms
 ✓ |node| tests/backend/site/canonical-tag-label.test.ts (5 tests) 2ms
 ✓ |node| tests/backend/db/web-prisma.test.ts (3 tests) 43ms
 ✓ |node| tests/backend/revenue/revenue-sync-local-env.test.ts (1 test) 3ms
 ✓ |node| tests/backend/database/tagging-grants.test.ts (2 tests) 2ms
 ✓ |node| tests/backend/tasks/registry.test.ts (3 tests) 2ms
 ✓ |node| tests/backend/content-creation/legacy-task-inventory-sql.test.ts (1 test) 4ms
 ✓ |node| tests/backend/content-creation/novel-article-decouple-database-guard.test.ts (2 tests) 3ms
 ✓ |node| tests/backend/public/not-found-status.test.ts (1 test) 2ms
 ✓ |node| tests/backend/tasks/state.test.ts (5 tests) 2ms
 ✓ |node| tests/backend/tasks/scheduler-boundary.test.ts (1 test) 1ms
 ✓ |node| tests/backend/public/paragraphs.test.ts (2 tests) 2ms
 ✓ |node| tests/backend/public/home-carousel-service.test.ts (1 test) 2ms
 ✓ |node| tests/backend/tasks/scheduler-loop-timing.test.ts (8 tests) 6939ms
   ✓ scheduler interval alignment > actual loop uses the aligned delay and handles TERM: 'normal tick finishing five seconds af…'  2441ms
   ✓ scheduler interval alignment > actual loop uses the aligned delay and handles TERM: 'exact boundary waits for the next bou…'  2199ms
   ✓ scheduler interval alignment > actual loop uses the aligned delay and handles TERM: 'overrun skips the elapsed boundary wi…'  1184ms
   ✓ scheduler interval alignment > actual loop uses the aligned delay and handles TERM: 'non-minute interval'  1095ms
 ✓ |node| tests/backend/p2-06-5-lane-b/sampler-integration.test.ts (6 tests) 39143ms
   ✓ P2-06.5 Lane B sampler integration > runs all 240 unique pages with fixed requests and writes a complete verified 10k manifest  20578ms
   ✓ P2-06.5 Lane B sampler integration > turns valid-JSON schema failures into retryable page failures and freezes the first page universe  18486ms

 Test Files  357 passed (357)
      Tests  5614 passed | 1 skipped (5615)
   Start at  16:28:44
   Duration  158.91s (transform 3.63s, setup 0ms, collect 24.52s, tests 557.12s, environment 47ms, prepare 14.82s)


> cps-novel@0.5.11 test:integration
> vitest run --project node tests/integration --maxWorkers=4


 RUN  v3.2.7 /Users/chenweifeng/Documents/cps海阅/release-v0.5.11

 ↓ |node| tests/integration/tasks/promo-claim-release-postgres.test.ts (24 tests | 24 skipped)
 ↓ |node| tests/integration/tasks/p2-05-postgres.test.ts (41 tests | 41 skipped)
 ↓ |node| tests/integration/tasks/promo-claim-batch-control-postgres.test.ts (25 tests | 25 skipped)
 ↓ |node| tests/integration/article-templates/tkd-repair-postgres.test.ts (17 tests | 17 skipped)
 ↓ |node| tests/integration/revenue/revenue-dashboard-postgres.test.ts (24 tests | 24 skipped)
 ↓ |node| tests/integration/catalog-batch/postgres.test.ts (46 tests | 46 skipped)
 ↓ |node| tests/integration/article-rebind/batch-200.test.ts (5 tests | 5 skipped)
 ↓ |node| tests/integration/tasks/p1-07-postgres.test.ts (28 tests | 28 skipped)
 ↓ |node| tests/integration/tagging/p2-06-5-postgres.test.ts (15 tests | 15 skipped)
 ✓ |node| tests/integration/tasks/preview-opening-postgres.test.ts (27 tests | 13 skipped) 4ms
 ↓ |node| tests/integration/tasks/sitemap-category-cap-postgres.test.ts (11 tests | 11 skipped)
 ↓ |node| tests/integration/tasks/article-publish-batch-postgres.test.ts (12 tests | 12 skipped)
 ↓ |node| tests/integration/health/worker-health-indexes-postgres.test.ts (7 tests | 7 skipped)
 ↓ |node| tests/integration/tasks/preview-account-hold-postgres.test.ts (7 tests | 7 skipped)
 ↓ |node| tests/integration/tasks/x10-task-control-postgres.test.ts (7 tests | 7 skipped)
 ↓ |node| tests/integration/publish-gate/batch-publish-postgres.test.ts (16 tests | 16 skipped)
 ↓ |node| tests/integration/tasks/sitemap-refresh-postgres.test.ts (15 tests | 15 skipped)
 ↓ |node| tests/integration/tasks/sitemap-scale-postgres.test.ts (8 tests | 8 skipped)
 ↓ |node| tests/integration/catalog-batch/promo-claim-lifecycle-shard-enumeration-postgres.test.ts (4 tests | 4 skipped)
 ↓ |node| tests/integration/tasks/publication-preview-postgres.test.ts (12 tests | 12 skipped)
 ↓ |node| tests/integration/tasks/task-claim-skip-ineligible-parents-postgres.test.ts (12 tests | 12 skipped)
 ↓ |node| tests/integration/tagging/public-auto-postgres.test.ts (12 tests | 12 skipped)
 ↓ |node| tests/integration/credentials/p1-08b-credential-worker.test.ts (16 tests | 16 skipped)
 ↓ |node| tests/integration/tagging/task-creation-postgres.test.ts (6 tests | 6 skipped)
 ↓ |node| tests/integration/tasks/indexnow-sweep-postgres.test.ts (20 tests | 20 skipped)
 ↓ |node| tests/integration/article-rebind/two-field-atomic.test.ts (4 tests | 4 skipped)
 ↓ |node| tests/integration/task-admin/x9-postgres.test.ts (27 tests | 27 skipped)
 ↓ |node| tests/integration/catalog-batch/promo-claim-catalog-position-sort-postgres.test.ts (1 test | 1 skipped)
 ↓ |node| tests/integration/auth/p1-08b-postgres-auth.test.ts (8 tests | 8 skipped)
 ↓ |node| tests/integration/database/c27-blog-article-postgres.test.ts (11 tests | 11 skipped)
 ✓ |node| tests/integration/auth/admin-guards.test.ts (13 tests) 9ms
 ↓ |node| tests/integration/article-templates/p2-02b-article-render-postgres.test.ts (5 tests | 5 skipped)
 ↓ |node| tests/integration/auth/add-admin-identity-postgres.test.ts (2 tests | 2 skipped)
P1_05B_INDEX_PLANS={"channel_sync_task_item":{"pending":["channel_sync_task_item_pending_global_idx"],"recovery":["channel_sync_task_item_expired_lease_idx"]},"generic_task_item":{"pending":["generic_task_item_pending_global_idx"],"recovery":["generic_task_item_expired_lease_idx"]}}
 ✓ |node| tests/integration/database/p1-05b-postgres.test.ts (10 tests) 703ms
 ↓ |node| tests/integration/tasks/p1-13-postgres-acceptance.test.ts (6 tests | 6 skipped)
 ↓ |node| tests/integration/tasks/worker-light-postgres.test.ts (12 tests | 12 skipped)
 ↓ |node| tests/integration/admin-content/p2-04-postgres.test.ts (4 tests | 4 skipped)
 ↓ |node| tests/integration/content-creation/novel-article-decouple-postgres.test.ts (4 tests | 4 skipped)
 ↓ |node| tests/integration/entity-fix/moboreader-foundation-swap.test.ts (6 tests | 6 skipped)
 ↓ |node| tests/integration/database/p1-06-postgres.test.ts (7 tests | 7 skipped)
 ↓ |node| tests/integration/tasks/promo-claim-lifecycle-shard-deadline-postgres.test.ts (6 tests | 6 skipped)
 ↓ |node| tests/integration/tasks/catalog-finalize-postgres.test.ts (8 tests | 8 skipped)
 ↓ |node| tests/integration/article-templates/p2-02b-postgres.test.ts (8 tests | 8 skipped)
 ✓ |node| tests/integration/p2-12-vertical-acceptance.test.ts (1 test) 14ms
 ↓ |node| tests/integration/database/c29-blog-public-postgres.test.ts (5 tests | 5 skipped)
 ↓ |node| tests/integration/database/c28-blog-article-postgres.test.ts (3 tests | 3 skipped)
 ↓ |node| tests/integration/article-templates/template-version-selection-postgres.test.ts (4 tests | 4 skipped)
 ↓ |node| tests/integration/database/x6-site-setting-postgres.test.ts (4 tests | 4 skipped)

 Test Files  4 passed | 44 skipped (48)
      Tests  38 passed | 538 skipped (576)
   Start at  16:31:24
   Duration  4.38s (transform 1.81s, setup 0ms, collect 8.15s, tests 731ms, environment 6ms, prepare 2.15s)


> cps-novel@0.5.11 test
> vitest run --maxWorkers=4


 RUN  v3.2.7 /Users/chenweifeng/Documents/cps海阅/release-v0.5.11

 ✓ |ui| tests/ui/template-engine.test.ts (94 tests) 24ms
 ✓ |ui| tests/ui/locale-prefix-shells-smoke.test.ts (37 tests) 729ms
   ✓ browse: bare-path and [locale]-prefixed shells agree > default (non-category) listing: generateMetadata/default agree, title matches the WO-1 §6.4 byte-identical substitution  331ms
 ✓ |ui| tests/ui/admin-canonical-tags.test.tsx (27 tests) 544ms
 ✓ |ui| tests/ui/messages-completeness.test.ts (137 tests) 72ms
 ✓ |ui| tests/ui/featured-hero.test.tsx (58 tests) 1292ms
 ✓ |ui| tests/ui/admin-task-detail-page.test.tsx (35 tests) 317ms
 ✓ |ui| tests/ui/seo/real-metadata-merge.test.ts (32 tests) 532ms
   ✓ 后台 / 登录 / 开发预览：保持原样，不套品牌后缀 > 后台页与登录页仍是 '海外阅读后台'（后台布局写成 title.absolute，不被根布局模板套一次）  305ms
stdout | tests/ui/catalog-sync-actions.test.ts > applyNovelMaterializeAction · 鉴权与参数 > 以 admin.content_creation.apply 请求授权，拿到 ticket 后调用 requireFreshAdminServiceMutation(content:publish)
[tagging-initialize] {
  context: undefined,
  status: 'skipped',
  reason: 'tagging_gates_closed'
}

stdout | tests/ui/catalog-sync-actions.test.ts > applyNovelMaterializeAction · 鉴权与参数 > 固定 mode: apply，不再传 locale（L10N P2），actor 取自 requireFreshAdminServiceMutation 返回的新鲜身份
[tagging-initialize] {
  context: undefined,
  status: 'skipped',
  reason: 'tagging_gates_closed'
}

stdout | tests/ui/catalog-sync-actions.test.ts > applyNovelMaterializeAction · 鉴权与参数 > outcome === created 时才 revalidatePath('/catalog-sync') 与 '/novels'；其它 outcome 不触发
[tagging-initialize] {
  context: undefined,
  status: 'skipped',
  reason: 'tagging_gates_closed'
}

 ✓ |ui| tests/ui/catalog-sync-actions.test.ts (35 tests) 14ms
 ✓ |ui| tests/ui/admin-settings.test.tsx (48 tests) 1246ms
 ✓ |ui| tests/ui/seo/pagination-cps-parity.test.ts (17 tests) 35ms
 ✓ |ui| tests/ui/admin-tag-mappings.test.tsx (24 tests) 750ms
   ✓ CanonicalTagPicker · 新增映射的目标 Canonical Tag 搜索选择 > 搜索框输入经 300ms 防抖后才发请求，URL 带 search 与 active=active 且不带 id；连续输入只发一次请求  316ms
 ✓ |ui| tests/ui/revenue-dashboard.test.tsx (43 tests) 661ms
 ✓ |ui| tests/ui/article-batch-generate-form.test.tsx (20 tests) 544ms
 ✓ |ui| tests/ui/articles-admin.test.tsx (101 tests) 4831ms
   ✓ ArticleList · 列表与批量 > 列表批量发布（C-21） > 勾选超过上限（200 篇）时展示提示并禁用批量发布按钮  1904ms
 ✓ |ui| tests/ui/locale-canonical.test.ts (59 tests) 306ms
 ✓ |ui| tests/ui/admin-channel-accounts.test.tsx (34 tests) 1262ms
 ✓ |ui| tests/ui/novel-publish-lifecycle-panel.test.tsx (23 tests) 297ms
 ✓ |ui| tests/ui/publish-gate-contract.test.ts (47 tests) 18ms
 ✓ |ui| tests/ui/batch-rebind-client.test.tsx (16 tests) 785ms
 ✓ |ui| tests/ui/seo/share-image-card.test.ts (27 tests) 43ms
 ✓ |ui| tests/ui/home-category-nav.test.tsx (37 tests) 667ms
 ✓ |ui| tests/ui/admin-content-registry.test.ts (22 tests) 21ms
 ✓ |ui| tests/ui/catalog-scan-trigger-form.test.tsx (32 tests) 904ms
 ✓ |ui| tests/ui/locale-switcher-cps-parity.test.tsx (61 tests) 450ms
 ✓ |ui| tests/ui/novel-detail-category-links.test.tsx (14 tests) 457ms
 ✓ |ui| tests/ui/admin-novel-tags.test.tsx (17 tests) 322ms
 ✓ |ui| tests/ui/novel-slug-decode-and-canonical-prefix.test.ts (19 tests) 15ms
 ✓ |ui| tests/ui/tagging-admin-contract.test.ts (24 tests) 12ms
 ✓ |ui| tests/ui/templates-admin.test.tsx (32 tests) 2931ms
   ✓ TemplateManager · 新建/编辑提交 > 已登记的十一个 template_* 错误码全部渲染为中文  1693ms
 ✓ |ui| tests/ui/seo/public-page-description-parity.test.ts (8 tests) 16ms
 ✓ |ui| tests/ui/seo/empty-locale-hidden.test.ts (30 tests) 118ms
 ✓ |ui| tests/ui/seo/default-locale-only-settings.test.ts (12 tests) 48ms
 ✓ |ui| tests/ui/rtl-logical-direction.test.tsx (17 tests) 592ms
 ✓ |ui| tests/ui/seo/category-hreflang.test.ts (12 tests) 30ms
 ✓ |ui| tests/ui/revenue-sync-action.test.ts (16 tests) 8ms
 ✓ |ui| tests/ui/seo/category-title-description.test.ts (10 tests) 43ms
 ✓ |ui| tests/ui/yandex-metrica-layout.test.tsx (18 tests) 20ms
 ✓ |ui| tests/ui/task-control-copy.test.ts (20 tests) 6ms
 ✓ |ui| tests/ui/root-negotiation.test.ts (14 tests) 22ms
 ✓ |ui| tests/ui/source-item-filters.test.tsx (13 tests) 308ms
 ✓ |ui| tests/ui/visual-baselines.test.ts (9 tests) 14ms
 ✓ |ui| tests/ui/site-header.test.tsx (15 tests) 215ms
 ✓ |ui| tests/ui/tailwind-display-conflicts.test.tsx (4 tests) 136ms
 ✓ |ui| tests/ui/seo/chapter-indexable.test.ts (3 tests) 22ms
 ✓ |ui| tests/ui/root-layout-locale-dir.test.tsx (6 tests) 4ms
 ✓ |ui| tests/ui/status-screens.test.tsx (12 tests) 188ms
 ✓ |ui| tests/ui/site-mappers-read-on-upstream.test.ts (7 tests) 3ms
 ✓ |ui| tests/ui/seo/seo-meta-generator.test.ts (7 tests) 11ms
 ✓ |ui| tests/ui/use-server-exports-guard.test.ts (4 tests) 3143ms
   ✓ "use server" files export only async actions (module-eval ReferenceError guard) > never lets a "use server" file export a type re-export list, interface, enum, class, or non-async const  1861ms
   ✓ "use server" files export only async actions (module-eval ReferenceError guard) > actually scanned at least one real "use server" file (guards against a silent no-op)  1279ms
 ✓ |ui| tests/ui/seo/seo-utils.test.ts (6 tests) 10ms
 ✓ |ui| tests/ui/seo/production-domain.test.ts (5 tests) 5ms
 ✓ |ui| tests/ui/seo/novel-hreflang-regression.test.ts (2 tests) 2ms
 ✓ |ui| tests/ui/site-chrome-brand-name.test.ts (2 tests) 17ms
 ✓ |ui| tests/ui/novel-publish-actions.test.ts (33 tests) 9ms
 ✓ |ui| tests/ui/promo-link-claim-dialog.test.tsx (13 tests) 236ms
 ✓ |ui| tests/ui/design-tokens.test.ts (43 tests) 9ms
 ✓ |ui| tests/ui/public-routes.test.tsx (20 tests) 143ms
 ✓ |ui| tests/ui/admin-source-labels.test.tsx (17 tests) 97ms
 ✓ |ui| tests/ui/locale-switch-toast-no-drama-word.test.ts (67 tests) 72ms
 ✓ |ui| tests/ui/en-copy-site-identity-guard.test.ts (51 tests) 17ms
 ✓ |ui| tests/ui/revenue-forms.test.tsx (27 tests) 323ms
 ✓ |ui| tests/ui/admin-novels-list.test.tsx (22 tests) 175ms
 ✓ |ui| tests/ui/proxy-admin-path-fail-closed.test.ts (19 tests) 67ms
 ✓ |ui| tests/ui/proxy-admin-host.test.ts (27 tests) 26ms
 ✓ |ui| tests/ui/chapter-reader.test.tsx (26 tests) 878ms
 ✓ |ui| tests/ui/promo-link-claim-actions.test.ts (18 tests) 13ms
 ✓ |ui| tests/ui/admin-tasks-table.test.tsx (21 tests) 135ms
 ✓ |ui| tests/ui/novel-detail.test.tsx (20 tests) 531ms
 ✓ |ui| tests/ui/article-generate-actions.test.ts (8 tests) 8ms
 ✓ |ui| tests/ui/admin-login-turnstile.test.tsx (16 tests) 694ms
 ✓ |ui| tests/ui/articles-actions.test.ts (12 tests) 8ms
 ✓ |ui| tests/ui/admin-two-factor-enforcement-switch.test.ts (36 tests) 13ms
 ✓ |ui| tests/ui/reader-settings-contract.test.tsx (44 tests) 741ms
 ✓ |ui| tests/ui/home-layout-spacing.test.tsx (12 tests) 303ms
 ✓ |ui| tests/ui/admin-actions-capability.test.ts (15 tests) 6ms
 ✓ |ui| tests/ui/revenue-helpers.test.ts (53 tests) 8ms
 ✓ |ui| tests/ui/book-card.test.tsx (15 tests) 115ms
 ✓ |ui| tests/ui/admin-two-factor-setup-page.test.tsx (14 tests) 294ms
 ✓ |ui| tests/ui/admin-two-factor-setup-action.test.ts (12 tests) 39ms
 ✓ |ui| tests/ui/articles-new-blog.test.tsx (15 tests) 328ms
 ✓ |ui| tests/ui/pagination-before-footer.test.tsx (8 tests) 189ms
 ✓ |ui| tests/ui/article-publish-batch-task-detail.test.tsx (8 tests) 119ms
 ✓ |ui| tests/ui/admin-login-action.test.ts (10 tests) 11ms
 ✓ |ui| tests/ui/locale-aware-page-links.test.tsx (16 tests) 393ms
 ✓ |ui| tests/ui/admin-login-turnstile-action.test.ts (11 tests) 18ms
 ✓ |ui| tests/ui/home-carousel-admin.test.tsx (15 tests) 179ms
 ✓ |ui| tests/ui/article-rebind-panel.test.tsx (12 tests) 156ms
 ✓ |ui| tests/ui/admin-novel-detail.test.tsx (20 tests) 111ms
 ✓ |ui| tests/ui/admin-two-factor-challenge-page.test.tsx (14 tests) 205ms
 ✓ |ui| tests/ui/continue-reading-modal-focus.test.tsx (17 tests) 231ms
 ✓ |ui| tests/ui/admin-error-envelope.test.ts (24 tests) 10ms
 ✓ |ui| tests/ui/catalog-sync-client.test.tsx (10 tests) 269ms
 ✓ |ui| tests/ui/reader-position-unmount.test.tsx (11 tests) 281ms
 ✓ |ui| tests/ui/admin-list-search-params.test.tsx (15 tests) 48ms
 ✓ |ui| tests/ui/article-publish-batch-list.test.tsx (12 tests) 897ms
 ✓ |ui| tests/ui/import-progress.test.tsx (8 tests) 111ms
 ✓ |ui| tests/ui/article-publish-batch-actions.test.ts (10 tests) 6ms
 ✓ |ui| tests/ui/admin-auth-session-lib.test.ts (24 tests) 9ms
 ✓ |ui| tests/ui/health-route-contract.test.ts (11 tests) 20ms
 ✓ |ui| tests/ui/promo-claim-batch-control-buttons.test.tsx (10 tests) 203ms
 ✓ |ui| tests/ui/rc11-admin-auth-recovery-matrix.test.ts (3 tests) 127ms
 ✓ |ui| tests/ui/admin-two-factor-challenge-action.test.ts (10 tests) 7ms
 ✓ |ui| tests/ui/preview-chapter-list-locked.test.tsx (11 tests) 316ms
 ✓ |ui| tests/ui/blog-routes.test.tsx (14 tests) 155ms
 ✓ |ui| tests/ui/admin-sidebar-collapse.test.tsx (12 tests) 293ms
 ✓ |ui| tests/ui/novel-publish-gate-copy.test.ts (21 tests) 6ms
 ✓ |ui| tests/ui/novel-detail-seo-consumer.test.tsx (5 tests) 74ms
 ✓ |ui| tests/ui/admin-chapter-content.test.tsx (14 tests) 173ms
 ✓ |ui| tests/ui/categories-disabled-state.test.tsx (3 tests) 91ms
 ✓ |ui| tests/ui/admin-content-contract.test.ts (19 tests) 16ms
 ✓ |ui| tests/ui/cover-preconnect.test.tsx (10 tests) 94ms
 ✓ |ui| tests/ui/preview-route-boundary.test.tsx (24 tests) 30ms
 ✓ |ui| tests/ui/batch-novel-rebind-page.test.tsx (11 tests) 45ms
 ✓ |ui| tests/ui/admin-manual-review-resolve.test.tsx (6 tests) 186ms
 ✓ |ui| tests/ui/default-locale-redirect.test.ts (11 tests) 20ms
 ✓ |ui| tests/ui/public-copy-cjk.test.ts (7 tests) 18ms
 ✓ |ui| tests/ui/blog-slug-decode-and-canonical-prefix.test.ts (4 tests) 61ms
 ✓ |ui| tests/ui/admin-tagging-regression.test.tsx (9 tests) 92ms
 ✓ |ui| tests/ui/novel-not-found-shell.test.tsx (7 tests) 116ms
 ✓ |ui| tests/ui/rc11-login-unbound-never-challenge.test.ts (5 tests) 7ms
 ✓ |ui| tests/ui/admin-task-copy.test.ts (13 tests) 18ms
 ✓ |ui| tests/ui/cover-image.test.tsx (12 tests) 56ms
 ✓ |ui| tests/ui/locale-switcher-multi-locale.test.tsx (7 tests) 139ms
 ✓ |ui| tests/ui/reader-no-flash.test.tsx (11 tests) 106ms
 ✓ |ui| tests/ui/admin-page-guard-redirect.test.ts (12 tests) 6ms
 ✓ |ui| tests/ui/public-reading-no-auth.test.ts (35 tests) 39ms
 ✓ |ui| tests/ui/messages.test.ts (14 tests) 22ms
 ✓ |ui| tests/ui/document-locale-sync.test.tsx (9 tests) 73ms
 ✓ |ui| tests/ui/reader-position.test.tsx (11 tests) 166ms
 ✓ |ui| tests/ui/admin-secret-boundary.test.tsx (8 tests) 92ms
 ✓ |ui| tests/ui/admin-login-page.test.tsx (6 tests) 148ms
 ✓ |ui| tests/ui/locale-switcher-empty-locale.test.tsx (7 tests) 140ms
 ✓ |ui| tests/ui/reader-persistence.test.tsx (9 tests) 581ms
 ✓ |ui| tests/ui/locale-switcher.test.tsx (10 tests) 18ms
 ✓ |ui| tests/ui/proxy-locale-header.test.ts (6 tests) 23ms
 ✓ |ui| tests/ui/reader-settings-panel-layer.test.tsx (7 tests) 398ms
 ✓ |ui| tests/ui/novels-batch-publish.test.tsx (11 tests) 13180ms
   ✓ 上限 200 的前端提示 > 选择超过上限时展示提示并禁用提交按钮  12950ms
 ✓ |ui| tests/ui/chapter-navigation.test.tsx (9 tests) 336ms
 ✓ |ui| tests/ui/health-worker-route-contract.test.ts (9 tests) 10ms
 ✓ |ui| tests/ui/catalog-scan-outcome-copy.test.ts (10 tests) 4ms
 ✓ |ui| tests/ui/health-backup-route-contract.test.ts (10 tests) 9ms
 ✓ |ui| tests/ui/category-link-tags.test.tsx (6 tests) 75ms
 ✓ |ui| tests/ui/cover-alt-title-only.test.tsx (31 tests) 409ms
 ✓ |ui| tests/ui/admin-content-errors.test.tsx (14 tests) 83ms
 ✓ |ui| tests/ui/forbidden-fields.test.tsx (27 tests) 393ms
 ✓ |ui| tests/ui/admin-retry-failed-button.test.tsx (4 tests) 155ms
 ✓ |ui| tests/ui/admin-nav-parity.test.tsx (6 tests) 13ms
 ✓ |ui| tests/ui/batch-create-content-dialog.test.tsx (4 tests) 164ms
 ✓ |ui| tests/ui/article-rebind-capability-projection.test.ts (5 tests) 3ms
 ✓ |ui| tests/ui/keyboard-focus.test.tsx (9 tests) 245ms
 ✓ |ui| tests/ui/public-error-boundary.test.tsx (8 tests) 112ms
 ✓ |ui| tests/ui/admin-logout-action.test.ts (3 tests) 12ms
 ✓ |ui| tests/ui/icon-route.test.ts (5 tests) 3ms
 ✓ |ui| tests/ui/preview-chapter-list-plural.test.tsx (4 tests) 69ms
 ✓ |ui| tests/ui/admin-sidebar.test.tsx (6 tests) 163ms
 ✓ |ui| tests/ui/no-hardcoded-colors.test.ts (327 tests) 42ms
 ✓ |ui| tests/ui/locale-aware-taxonomy-links.test.ts (5 tests) 10ms
 ✓ |ui| tests/ui/seo/canonical-multi-locale.test.ts (5 tests) 5ms
 ✓ |ui| tests/ui/admin-promo-links-table.test.tsx (6 tests) 77ms
 ✓ |ui| tests/ui/site-query-select-boundaries.test.ts (3 tests) 3ms
 ✓ |ui| tests/ui/site-settings-consumers.test.tsx (3 tests) 19ms
 ✓ |ui| tests/ui/seo/breadcrumb-i18n.test.ts (4 tests) 3ms
 ✓ |ui| tests/ui/seo/faq-extract.test.ts (5 tests) 4ms
 ✓ |ui| tests/ui/sticky-cta.test.tsx (2 tests) 72ms
 ✓ |ui| tests/ui/task-detail-progress.test.tsx (2 tests) 25ms
 ✓ |ui| tests/ui/text-direction.test.ts (3 tests) 2ms
 ✓ |ui| tests/ui/security-settings.test.tsx (4 tests) 43ms
 ✓ |ui| tests/ui/admin-promo-link-copy.test.ts (6 tests) 3ms
 ✓ |ui| tests/ui/admin-capability-projection-enforcement.test.ts (3 tests) 3ms
 ✓ |ui| tests/ui/article-generate-form.test.tsx (2 tests) 70ms
 ✓ |ui| tests/ui/dev-preview-status.test.tsx (3 tests) 92ms
 ✓ |ui| tests/ui/admin-auth-route-group-whitelist.test.ts (1 test) 3ms
 ✓ |ui| tests/ui/category-public.test.tsx (3 tests) 5ms
 ✓ |ui| tests/ui/locale-aware-chrome-links.test.ts (3 tests) 21ms
 ✓ |ui| tests/ui/admin-shell-logout.test.tsx (1 test) 61ms
 ✓ |ui| tests/ui/admin-path-roots-parity.test.ts (3 tests) 2ms
 ✓ |ui| tests/ui/admin-sitemap-card.test.tsx (3 tests) 82ms
 ✓ |ui| tests/ui/admin-error-copy.test.ts (3 tests) 2ms
 ✓ |ui| tests/ui/catalog-sync-outcome-copy.test.ts (3 tests) 4ms
 ✓ |ui| tests/ui/admin-manual-review-section.test.tsx (4 tests) 70ms
 ✓ |ui| tests/ui/public-status-panel.test.tsx (5 tests) 78ms
 ✓ |ui| tests/ui/article-rebind-page-wiring.test.ts (3 tests) 2ms
 ✓ |ui| tests/ui/locale-prefix.test.ts (4 tests) 3ms
 ✓ |ui| tests/ui/request-locale.test.ts (5 tests) 3ms
 ✓ |ui| tests/ui/admin-time-zone-note.test.tsx (4 tests) 36ms
 ✓ |ui| tests/ui/admin-sidebar-child-links.test.tsx (2 tests) 137ms
 ✓ |ui| tests/ui/novel-reason-guard.test.ts (3 tests) 3ms
 ✓ |ui| tests/ui/admin-datetime.test.ts (5 tests) 15ms
 ✓ |ui| tests/ui/dev-preview-kill-switch.test.ts (3 tests) 7ms
 ✓ |ui| tests/ui/json-ld-escape.test.tsx (4 tests) 26ms
 ✓ |ui| tests/ui/seo/heading-toc.test.ts (2 tests) 3ms
 ✓ |ui| tests/ui/smoke.test.tsx (1 test) 23ms
 ✓ |ui| tests/ui/pagination.test.tsx (2 tests) 82ms
 ✓ |node| tests/backend/runtime/admin-login-turnstile-config-contract.test.ts (68 tests) 34300ms
   ✓ 3. env examples > no committed file carries a real-looking Turnstile key (only the published dummy ones)  370ms
   ✓ 4. startup: start-web.sh loads the secret only when the switch is exactly true, never fatally > switch off / unset / TRUE: the file is not even looked at (it may not exist) and the boot log is quiet  6854ms
   ✓ 4. startup: start-web.sh loads the secret only when the switch is exactly true, never fatally > switch true + readable one-line file: the value reaches node (without being printed) and preflights run in order  1490ms
   ✓ 4. startup: start-web.sh loads the secret only when the switch is exactly true, never fatally > switch true + missing file: warns on stderr and keeps booting with NO secret (admin login then refuses; the public site stays up)  2346ms
   ✓ 4. startup: start-web.sh loads the secret only when the switch is exactly true, never fatally > switch true + /dev/null (the off-state mount): warns on stderr and keeps booting with NO secret (admin login then refuses; the public site stays up)  1181ms
   ✓ 4. startup: start-web.sh loads the secret only when the switch is exactly true, never fatally > switch true + empty file: warns on stderr and keeps booting with NO secret (admin login then refuses; the public site stays up)  1189ms
   ✓ 4. startup: start-web.sh loads the secret only when the switch is exactly true, never fatally > switch true + multi-line file: warns on stderr and keeps booting with NO secret (admin login then refuses; the public site stays up)  1576ms
   ✓ 4. startup: start-web.sh loads the secret only when the switch is exactly true, never fatally > switch true + relative path: warns on stderr and keeps booting with NO secret (admin login then refuses; the public site stays up)  1137ms
   ✓ 4. startup: start-web.sh loads the secret only when the switch is exactly true, never fatally > switch true with BOTH a direct value and a file is refused as ambiguous (the file is not silently preferred)  1212ms
   ✓ 7. secrets-preflight: the Turnstile secret is checked if and only if the switch is exactly true > switch true: a missing file, an empty file and a symlink all FAIL secret_file  374ms
   ✓ 7. secrets-preflight: the Turnstile secret is checked if and only if the switch is exactly true > the same broad-permission file is IGNORED while the switch is off (it is not part of the mandatory set)  317ms
   ✓ 7. secrets-preflight: the Turnstile secret is checked if and only if the switch is exactly true > full consumer-access mode (stubbed docker / getfacl / stat / id) > switch true + a correct file: PASS, probed as the app uid (readable) and the postgres uid (not readable)  3126ms
   ✓ 7. secrets-preflight: the Turnstile secret is checked if and only if the switch is exactly true > full consumer-access mode (stubbed docker / getfacl / stat / id) > switch off: PASS and the Turnstile file is never probed  3402ms
   ✓ 7. secrets-preflight: the Turnstile secret is checked if and only if the switch is exactly true > full consumer-access mode (stubbed docker / getfacl / stat / id) > switch true: a postgres-readable file FAILs the negative probe  3756ms
   ✓ 7. secrets-preflight: the Turnstile secret is checked if and only if the switch is exactly true > full consumer-access mode (stubbed docker / getfacl / stat / id) > switch true: a wrong named-ACL permission FAILs consumer_acl  2232ms
   ✓ 8. rendered Compose: the switch really arrives in the container, and the secret mount is conditional > through the real preprod_compose (lib.sh), which derives the secret source from the switch > switch absent or false -> /dev/null, nothing about the host file is required  323ms
stdout | tests/backend/runtime/preproduction-image-store-portability.test.ts > 真实 daemon 可用性 > 🔴 两种 image store 都有真实 daemon，否则本组结论无效
IMAGE_STORE=classic serverVersion=29.8.1 driver=overlay2 driverStatus=[["Backing Filesystem","extfs"],["Supports d_type","true"],["Using metacopy","false"],["Native Overlay Diff","true"],["userxattr","false"]]
IMAGE_STORE=containerd serverVersion=29.8.1 driver=overlayfs driverStatus=[["driver-type","io.containerd.snapshotter.v1"]]

 ✓ |node| tests/backend/runtime/preproduction-image-store-portability.test.ts (41 tests) 51932ms
   ✓ image store = classic > 正确归档通过，并记录实际使用的锚点  447ms
   ✓ image store = classic > 🔴 tag 被改指到另一个镜像即拒绝  842ms
   ✓ image store = classic > 🔴 本地已有正确镜像 A，送入只含 B 的错误归档也必须拒绝  568ms
   ✓ image store = classic > 🔴 tag 正确但实际容器跑的是旧镜像时，容器校验拒绝  1043ms
   ✓ image store = classic > 容器跑的就是被批准的镜像时通过，且锚点随 store 变化  804ms
   ✓ image store = containerd > 正确归档通过，并记录实际使用的锚点  490ms
   ✓ image store = containerd > 🔴 tag 被改指到另一个镜像即拒绝  948ms
   ✓ image store = containerd > 🔴 本地已有正确镜像 A，送入只含 B 的错误归档也必须拒绝  623ms
   ✓ image store = containerd > 🔴 tag 正确但实际容器跑的是旧镜像时，容器校验拒绝  1006ms
   ✓ image store = containerd > 容器跑的就是被批准的镜像时通过，且锚点随 store 变化  809ms
 ✓ |node| tests/backend/runtime/x8-gate-catalog.test.ts (70 tests) 52618ms
   ✓ X8 gate command: identity is mandatory and undecidable levels always fail > fails when there is no persisted gate state file at all, even with a valid identity  340ms
   ✓ X8 gate command: candidate vs. committed identity (P0-1 / 决策二) > succeeds once a committed identity exists, even if a stale candidate is still sitting next to it  1607ms
   ✓ X8 gate command: never builds or pulls, and refuses a missing/drifted frozen image > fails when the identity's image does not exist locally, and never touches the state file  830ms
   ✓ X8 gate command: never builds or pulls, and refuses a missing/drifted frozen image > fails when the local image exists but its digest does not match the identity  1214ms
   ✓ X8 gate command: container labels are used only for front-and-back comparison > fails when the running web container's compose-project label does not match the identity  1617ms
   ✓ X8 gate command: container labels are used only for front-and-back comparison > fails when the running worker container's image digest does not match the identity  796ms
   ✓ X8 gate command: container labels are used only for front-and-back comparison > fails when web or worker is not running yet at all  1435ms
   ✓ X8 gate command: container labels are used only for front-and-back comparison > fails when the running web container's working-directory label does not match the identity (P1-8)  825ms
   ✓ X8 gate command: compose context is bound to the release identity, not the script directory (P1-8) > invokes docker compose with the identity's own project name and config files on every call  1072ms
   ✓ X8 gate command: the three-way pre-check catches drift the reference implementation cannot > fails closed when the persisted state says the gate is open but the containers actually have it closed  1152ms
   ✓ X8 gate command: the three-way pre-check catches drift the reference implementation cannot > passes the three-way check when persisted state and container reality agree  1194ms
   ✓ X8 gate command: the three-way pre-check catches drift the reference implementation cannot > fails closed on drift in the preview source allowlist -- a key the old curated 7-key list never covered (P0-3 / P0-4)  1569ms
   ✓ X8 gate command: the three-way pre-check catches drift the reference implementation cannot > fails closed on drift in the promo-link double-gate -- also never covered by the old curated list (P0-3 / P0-4)  1142ms
   ✓ X8 gate command: the three-way pre-check catches drift the reference implementation cannot > fails closed when the container is missing a key the baseline declares (baseline has, container doesn't)  1268ms
   ✓ X8 gate command: the three-way pre-check catches drift the reference implementation cannot > fails closed when the container has a key the baseline never declared (container has, baseline doesn't, and it is not on the exemption list)  891ms
   ✓ X8 gate command: the three-way pre-check catches drift the reference implementation cannot > does NOT flag a base-image-baked key present only in the container as drift, when its value matches the image's own baked default (the documented, tested exemption)  888ms
   ✓ X8 gate command: the three-way pre-check catches drift the reference implementation cannot > finding 一: FLAGS a base-image-baked key whose actual container value diverges from the identity-bound image's own baked default  977ms
   ✓ X8 gate command: plan mode is the default and produces zero writes > makes zero changes anywhere in the runtime directory without --apply (byte-level snapshot, not just one file's mtime)  1238ms
   ✓ X8 gate command: plan mode is the default and produces zero writes > does not create a recreate marker (i.e. never calls compose up) in plan mode  927ms
   ✓ X8 gate command: temp files never leak, and never trust TMPDIR blindly (finding 二) > still runs normally when TMPDIR points somewhere unrelated to the runtime directory  978ms
   ✓ X8 gate command: temp files never leak, and never trust TMPDIR blindly (finding 二) > finding 二: an EXIT trap removes baseline_file/candidate_file even when SIGTERM arrives while blocked in `docker compose up`  711ms
   ✓ X8 gate command: status is read-only > reports the persisted state and a container match, with zero writes  962ms
   ✓ X8 gate command: status is read-only > reports drift (but still exits 0, a warning not a failure) when the container disagrees with the state file  762ms
   ✓ X8 gate command: status is read-only > checks BOTH web and worker, not only web (P1-9)  628ms
   ✓ X8 gate command: status is read-only > treats a query failure as an error, not as 'no container' (P1-9 fail-closed)  725ms
   ✓ X8 gate command: `gate catalog-write status` against the REAL docker compose binary (group 4) > runs to completion in a clean shell -- no ambient compose env beyond PATH/HOME, and no stub  435ms
   ✓ X8 top-level `status` command: also read-only (P2-10) > lists containers via the identity-bound compose context with zero writes to the runtime directory  1107ms
   ✓ X8 top-level `status` command: also read-only (P2-10) > reports DRIFT, non-zero, when a container is running a different commit than the identity records  620ms
   ✓ X8 top-level `status` command: also read-only (P2-10) > treats an image with no revision label as drift, not as agreement  656ms
   ✓ X8 gate command: readiness wait before post-recreate verification (P2-12) > fails post-recreate verification when the recreated container never reports healthy  1972ms
   ✓ X8 gate command: apply mode recreates, verifies, and only then writes state > recreates with --no-build --pull never, changes only the two gate variables, and writes the new state  1538ms
   ✓ X8 gate command: apply mode recreates, verifies, and only then writes state > leaves the state file completely untouched when the recreate command itself fails outright (nothing ever changed)  2150ms
   ✓ X8 gate command: apply mode recreates, verifies, and only then writes state > P0-2: a partial success (web reached target, worker never touched) is detected and rolled back to the pre-operation values  2496ms
   ✓ X8 gate command: apply mode recreates, verifies, and only then writes state > P0-2: post-recreate verification catching a wrong image digest triggers a rollback that succeeds  1976ms
   ✓ X8 gate command: apply mode recreates, verifies, and only then writes state > P0-2: post-recreate verification catching a drifted non-gate key (WORKER_TASK_ALLOWLIST) triggers a rollback that succeeds  3239ms
   ✓ X8 gate command: apply mode recreates, verifies, and only then writes state > group 3: post-recreate verification now also catches drift in a key the OLD hand-checked list never covered (MOBOREADER_PREVIEW_SOURCE_APP_CODES)  3112ms
   ✓ X8 gate command: apply mode recreates, verifies, and only then writes state > group 2: a failure writing the FINAL gate state file (after a fully successful recreate+verify) is routed through the same compensating rollback  3157ms
   ✓ X8 gate command: apply mode recreates, verifies, and only then writes state > P0-2: when the compensating rollback ALSO fails to verify, this fails loudly with both services' actual live state, and never writes state  1949ms
 ✓ |node| tests/backend/runtime/preproduction-deployment-contract.test.ts (39 tests) 55389ms
   ✓ Phase 2B preproduction deployment contract > Defect B behavioral: release.sh's real EXIT trap under bash 5 errexit semantics (Docker bash:5.2) > deploy()'s real trap prints RELEASE=FAILED (and does not crash) when a step fails under set -e  577ms
   ✓ Phase 2B preproduction deployment contract > Defect B behavioral: release.sh's real EXIT trap under bash 5 errexit semantics (Docker bash:5.2) > rollback()'s real trap prints ROLLBACK=FAILED (and does not crash) when a step fails under set -e  638ms
   ✓ Phase 2B preproduction deployment contract > Defect A guard: preprod_wait_for_service_health (lib.sh) > bounded timeout: fails with a distinct, greppable reason naming the service and its last health status  3583ms
   ✓ Phase 2B preproduction deployment contract > Defect A guard: preprod_wait_for_service_health (lib.sh) > no healthcheck defined: does not hang forever waiting for a status that will never appear -- passes once running  814ms
   ✓ Phase 2B preproduction deployment contract > Defect A guard: preprod_wait_for_service_health (lib.sh) > polls until healthy rather than sampling only once  3351ms
   ✓ Phase 2B preproduction deployment contract > Defect A guard: preprod_wait_for_service_health (lib.sh) > a crashed/exited container fails fast, without waiting out the full timeout  640ms
   ✓ Phase 2B preproduction deployment contract > 2026-09-27 fix: preprod_ensure_backup_timer_running (lib.sh) > recreates with --no-deps and reports BACKUP_TIMER=RUNNING when the container comes back healthy  5460ms
   ✓ Phase 2B preproduction deployment contract > 2026-09-27 fix: preprod_ensure_backup_timer_running (lib.sh) > fails with a distinct reason when the recreated container is not running  5457ms
   ✓ Phase 2B preproduction deployment contract > 2026-09-27 fix: preprod_ensure_backup_timer_running (lib.sh) > fails with a distinct reason when the recreated container is stuck restarting  5879ms
   ✓ Phase 2B preproduction deployment contract > 2026-09-27 fix: preprod_ensure_backup_timer_running (lib.sh) > fails with a distinct reason when the recreated container's working_dir does not match this release checkout  5650ms
   ✓ Phase 2B preproduction deployment contract > 2026-09-27 fix: preprod_ensure_backup_timer_running (lib.sh) > waits out a busy backup loop (a run_once step in progress) before recreating, rather than killing it mid-run  11074ms
   ✓ Phase 2B preproduction deployment contract > 2026-09-27 fix: preprod_ensure_backup_timer_running (lib.sh) > fails with reason=backup_timer_busy when the loop never goes idle within the bounded timeout  5466ms
   ✓ Phase 2B preproduction deployment contract > 2026-09-27 fix: preprod_ensure_backup_timer_running (lib.sh) > recreates without waiting when exec fails because the container stopped between checks  5498ms
   ✓ Phase 2B preproduction deployment contract > fails the persistent path when the stable volume is absent  786ms
 ✓ |node| tests/backend/local-x8/wal-gc-daily-apply.test.ts (29 tests) 16348ms
   ✓ wal-gc-daily-apply.sh: preflight NOOP -> NOTHING_TO_DO, apply never invoked > WAL_RETENTION=NOOP short-circuits before any apply call  425ms
   ✓ wal-gc-daily-apply.sh: preflight NOOP -> NOTHING_TO_DO, apply never invoked > WAL_RETENTION=DRY_RUN planned_delete=0 is also NOTHING_TO_DO  387ms
   ✓ wal-gc-daily-apply.sh: happy path (planned_delete > 0) > calls preflight, then apply with exactly --apply --json, then post, and reports APPLIED  791ms
   ✓ wal-gc-daily-apply.sh: preflight REFUSED/LOCKED stops before any apply call > WAL_RETENTION=REFUSED at preflight -> STOPPED stage=preflight, exit 65, apply never invoked  1031ms
   ✓ wal-gc-daily-apply.sh: apply-stage refusal stops the run, exit 65, post never invoked > WAL_RETENTION=REFUSED at apply -> STOPPED stage=apply, post never called  1156ms
   ✓ wal-gc-daily-apply.sh: local circuit breaker (X8_LOCAL_WAL_GC_MAX_DELETE) > planned_delete exceeding the cap stops before any apply call  1098ms
   ✓ wal-gc-daily-apply.sh: deleted count must match the preflight plan > apply's deleted=N diverging from preflight's planned_delete -> STOPPED, deletion already happened per the message  1087ms
   ✓ wal-gc-daily-apply.sh: residual plan after apply warns instead of silently succeeding > post still shows planned_delete>0 -> WARN stage=post reason=residual_plan, exit 62  1070ms
   ✓ wal-gc-daily-apply.sh: post-stage refusal after a successful apply (P2-4) > post output WAL_RETENTION=REFUSED -> WARN stage=post reason=<original line>, exit 62, history WARN_AFTER_DELETE  1066ms
   ✓ wal-gc-daily-apply.sh: post-stage refusal after a successful apply (P2-4) > post command exits non-zero with no recognizable token -> WARN stage=post reason=post_command_exit_N, exit 62  1218ms
   ✓ wal-gc-daily-apply.sh: anchor parsing has no Node runtime dependency (P2-3) > apply output with no WAL_RETENTION_SUMMARY_JSON at all -> still APPLIED, anchor=UNKNOWN, history recorded  690ms
   ✓ wal-gc-daily-apply.sh: anchor parsing has no Node runtime dependency (P2-3) > a PATH with no node binary (only /bin:/usr/bin) still reaches APPLIED end to end  660ms
   ✓ wal-gc-daily-apply.sh: additional branch coverage (P2-9) > apply output WAL_RETENTION_WARN=reconcile_mismatch -> STOPPED_AFTER_DELETE, post never invoked, exit 65  608ms
   ✓ wal-gc-daily-apply.sh: additional branch coverage (P2-9) > preflight output that is unparseable (no REFUSED/NOOP/DRY_RUN token) -> STOPPED, apply never invoked  593ms
   ✓ wal-gc-daily-apply.sh: additional branch coverage (P2-9) > apply command exits rc=125 with no recognizable token -> STOPPED, reason=apply_command_exit_125  722ms
   ✓ wal-gc-daily-apply.sh: evidence pruning also runs on STOPPED/WARN exit paths (P2-6) > 35 pre-existing evidence groups + one STOPPED run -> pruned down to 30  677ms
   ✓ wal-gc-daily-apply.sh: Darwin-only hard gate > a non-Darwin host is refused with no override at all (the gate itself, not the override)  653ms
   ✓ wal-gc-daily-apply.sh: test-mode gate on overrides > without X8_LOCAL_TEST_MODE, X8_LOCAL_WAL_GC_ENTRY is ignored (warned, shim never invoked)  735ms
   ✓ wal-gc-daily-apply.sh: test-mode gate on overrides > without X8_LOCAL_TEST_MODE, X8_LOCAL_UNAME is ignored (the real uname probe decides the Darwin gate)  791ms
   ✓ wal-gc-daily-apply.sh: evidence retention (30 groups by count) > prunes down to the 30 most recent preflight/apply/post groups after a successful run  784ms
 ✓ |node| tests/backend/runtime/offsite-pull-stat-portability.test.ts (16 tests) 19204ms
   ✓ offsite-pull.sh：stat shim 保真自检 > GNU 方言:stat -f '%m' F = 文件系统报告打到 stdout (多行) + 退出码 1;stat -c '%Y' F = 纯整数  863ms
   ✓ offsite-pull.sh：stat shim 保真自检 > BSD 方言:stat -c 失败且 stdout 为空;stat -f '%m' F = 纯整数  1173ms
   ✓ offsite-pull.sh：探测块 + local_stat_mtime 直接单元 (抠自脚本源码) > gnu 方言:探测结果与方言一致,取到的 mtime 是唯一一行纯整数  1089ms
   ✓ offsite-pull.sh：探测块 + local_stat_mtime 直接单元 (抠自脚本源码) > bsd 方言:探测结果与方言一致,取到的 mtime 是唯一一行纯整数  1104ms
   ✓ offsite-pull.sh：探测块 + local_stat_mtime 直接单元 (抠自脚本源码) > 两种方言都不可用:探测块明确 fail(tool_missing),非零退出,不静默  936ms
   ✓ offsite-pull.sh：探测块 + local_stat_mtime 直接单元 (抠自脚本源码) > 单个文件取不到纯整数 (gnu-metadata-blank):local_stat_mtime 返回 1、stdout 为空、stderr 有说明  1264ms
   ✓ offsite-pull.sh：探测块 + local_stat_mtime 直接单元 (抠自脚本源码) > 单个文件取不到纯整数 (gnu-metadata-doubled):local_stat_mtime 返回 1、stdout 为空、stderr 有说明  784ms
   ✓ offsite-pull.sh：探测块 + local_stat_mtime 直接单元 (抠自脚本源码) > 单个文件取不到纯整数 (gnu-metadata-fails):local_stat_mtime 返回 1、stdout 为空、stderr 有说明  566ms
   ✓ offsite-pull.sh：gnu stat 方言下 --keep 保留策略 (端到端,假 ssh --gate) > --keep 3:只删 mtime 最旧的三份 (含 .sha256/.metadata),新的不动;stderr 无杂讯;SHA256SUMS 与留存一致  1617ms
   ✓ offsite-pull.sh：gnu stat 方言下 --keep 保留策略 (端到端,假 ssh --gate) > 本地份数不超过 --keep:一份都不删,同样无杂讯  1423ms
   ✓ offsite-pull.sh：bsd stat 方言下 --keep 保留策略 (端到端,假 ssh --gate) > --keep 3:只删 mtime 最旧的三份 (含 .sha256/.metadata),新的不动;stderr 无杂讯;SHA256SUMS 与留存一致  1420ms
   ✓ offsite-pull.sh：bsd stat 方言下 --keep 保留策略 (端到端,假 ssh --gate) > 本地份数不超过 --keep:一份都不删,同样无杂讯  1531ms
   ✓ offsite-pull.sh：stat 取不到纯整数时失败闭合 (不删任何备份) > 两种方言都不可用:在传输前就 OFFSITE_PULL=FAIL,退出 65,本地目录原样不动  361ms
   ✓ offsite-pull.sh：stat 取不到纯整数时失败闭合 (不删任何备份) > 探测通过但某个 .metadata 的 mtime 不是纯整数 (gnu-metadata-fails):reason=local_mtime_unavailable,非零退出,旧备份一份不删  1414ms
   ✓ offsite-pull.sh：stat 取不到纯整数时失败闭合 (不删任何备份) > 探测通过但某个 .metadata 的 mtime 不是纯整数 (gnu-metadata-blank):reason=local_mtime_unavailable,非零退出,旧备份一份不删  1720ms
   ✓ offsite-pull.sh：stat 取不到纯整数时失败闭合 (不删任何备份) > 探测通过但某个 .metadata 的 mtime 不是纯整数 (gnu-metadata-doubled):reason=local_mtime_unavailable,非零退出,旧备份一份不删  1922ms
 ✓ |node| tests/backend/p2-06-5-lane-b/sampler-integration.test.ts (6 tests) 40853ms
   ✓ P2-06.5 Lane B sampler integration > runs all 240 unique pages with fixed requests and writes a complete verified 10k manifest  25136ms
   ✓ P2-06.5 Lane B sampler integration > turns valid-JSON schema failures into retryable page failures and freezes the first page universe  15597ms
 ✓ |node| tests/backend/runtime/public-cutover-install.test.ts (61 tests) 36091ms
   ✓ public nginx transaction > bootstrap is additive, public replaces it, and exact restore retains the default-site symlink  9438ms
   ✓ public nginx transaction > restores all files after FAIL_AT  1022ms
   ✓ public nginx transaction > restores all files after FAIL_RELOAD_AT  1065ms
   ✓ public nginx transaction > restores all files after INTERRUPT_AT  1107ms
   ✓ public nginx transaction > installs the real candidate (link-abs) > public mode writes the complete, verified candidate  810ms
   ✓ public nginx transaction > installs the real candidate (link-abs) > rehearsal mode writes the complete, verified candidate  816ms
   ✓ public nginx transaction > installs the real candidate (link-rel) > public mode writes the complete, verified candidate  745ms
   ✓ public nginx transaction > installs the real candidate (link-rel) > rehearsal mode writes the complete, verified candidate  752ms
   ✓ other entry points keep working through the symlinked release > --mode preprod installs the preprod template with the same gates and readiness wait  742ms
   ✓ candidate gate: nothing under /etc/nginx is touched when the candidate is wrong > refuses an empty candidate (installer-side check, independent of the renderer)  827ms
   ✓ candidate gate: nothing under /etc/nginx is touched when the candidate is wrong > legacy install-nginx.sh (no --mode) also refuses an empty candidate before touching anything  961ms
   ✓ post-install hash check > rolls back and exits non-zero when the site file differs from the candidate  1029ms
   ✓ post-install hash check > rolls back and exits non-zero when an installed snippet differs from the candidate  1061ms
   ✓ reload readiness wait > waits until the new workers appear (ready on the 4th poll: three sleeps)  2360ms
   ✓ reload readiness wait > accepts old workers that have already exited as well as ones announcing shutdown  662ms
   ✓ reload readiness wait > times out after 10 rounds when no new worker ever appears, rolls back, exits 73  1561ms
   ✓ reload readiness wait > times out after 10 rounds when an old worker keeps serving without being told to quit, rolls back, exits 73  1759ms
   ✓ reload readiness wait > fails with its own reason when the workers handed off but :443 is not listening  1850ms
   ✓ reload readiness wait > does not read a transiently unreadable master (systemctl show hiccup) as a restart  750ms
   ✓ reload readiness wait > fails immediately when the master process changed during the reload  1110ms
   ✓ reload readiness wait > reports an unconfirmed rollback distinctly (71) when the restore reload never hands off either  1875ms
   ✓ reload readiness wait > the additive HTTP bootstrap only needs :80, and a restore asserts the handoff but no port  1232ms
 ✓ |node| tests/backend/runtime/x8-database-prep-atomicity.test.ts (16 tests) 14514ms
   ✓ D-9a: prepare_database() atomicity > restores the running release's grants.sql (via --single-transaction) when migrate deploy fails  1002ms
   ✓ D-9a: prepare_database() atomicity > prints the fixed X8_DB_PREP_FAILED_AT/X8_DB_PREP_GRANTS_INTACT status lines when migrate deploy fails  1608ms
   ✓ D-9a: prepare_database() atomicity > never swallows the original migrate-deploy exit code behind the grants restore  1020ms
   ✓ D-9a: prepare_database() atomicity > reports n/a and makes zero grants-replay attempts on the very first ever `up` (no committed identity)  960ms
   ✓ D-9a: prepare_database() atomicity > gate B refuses before any DDL/role statement when free space is below X8_MIN_FREE_KIB_DB  501ms
   ✓ D-9a: prepare_database() atomicity > gate B passes through untouched when free space is at or above the threshold (does not itself block a healthy run)  1309ms
   ✓ D-9a: prepare_database() atomicity > a grants.sql failure under --single-transaction is reported intact without a second, redundant replay  924ms
   ✓ D-9a: prepare_database() atomicity > prints a copy-pasteable recovery command referencing the running release's commit when grants could not be confirmed intact  1096ms
   ✓ D-9a: gate A (disk preflight before build) x8_gc handoff seam > does not call x8_gc when free space is at or above the warn threshold  768ms
   ✓ D-9a: gate A (disk preflight before build) x8_gc handoff seam > calls x8_gc --auto when free space is below the warn threshold but still above the hard line  1107ms
   ✓ D-9a: gate A (disk preflight before build) x8_gc handoff seam > refuses at the hard line without calling x8_gc when it is not defined (structural degradation, D-9a cherry-picked without D-9b)  984ms
   ✓ D-9a: gate A (disk preflight before build) x8_gc handoff seam > does not call x8_gc when X8_GC_ON_UP=0, even below the warn threshold  1080ms
   ✓ D-9a: gate A (disk preflight before build) x8_gc handoff seam > still refuses at the hard line with X8_GC_ON_UP=0, without ever calling x8_gc  1028ms
   ✓ D-9a: gate A (disk preflight before build) x8_gc handoff seam > still refuses at the hard line even after calling x8_gc, when the stubbed space never actually improves  1062ms
 ✓ |node| tests/backend/runtime/x8-image-retention.test.ts (29 tests) 22926ms
   ✓ X8 D-9b release-image retention gc (x8_gc) > §4.2 category 1: currently committed identity > is kept even when it falls outside the most recent N and no container references it  594ms
   ✓ X8 D-9b release-image retention gc (x8_gc) > §4.2 category 2: previous committed identity > is kept when the previous-identity ledger names it, even outside N and unreferenced  659ms
   ✓ X8 D-9b release-image retention gc (x8_gc) > §4.2 category 2: previous committed identity > falls back to the second-newest tag by creation time when the ledger file does not exist yet, and says so  1051ms
   ✓ X8 D-9b release-image retention gc (x8_gc) > §4.2 category 3: most recent N by creation time > keeps exactly the newest N tags and deletes the rest when N=3  679ms
   ✓ X8 D-9b release-image retention gc (x8_gc) > §4.2 category 3: most recent N by creation time > defaults N to 5 when neither --keep nor either env var is given  621ms
   ✓ X8 D-9b release-image retention gc (x8_gc) > §4.2 category 3: most recent N by creation time > honors both env var spellings (X8_GC_KEEP_RECENT and X8_GC_KEEP), with X8_GC_KEEP taking priority  1198ms
   ✓ X8 D-9b release-image retention gc (x8_gc) > §4.2 category 4: referenced by any container, running or stopped -- the safety floor > never deletes the oldest tag on the box when a STOPPED container still references it, even though it is outside N and not committed/previous  700ms
   ✓ X8 D-9b release-image retention gc (x8_gc) > §4.2 category 5: this up's own about-to-build image > keeps $CPS_NOVEL_APP_IMAGE even when it has no container yet and falls outside N  452ms
   ✓ X8 D-9b release-image retention gc (x8_gc) > §4.2 category 5: this up's own about-to-build image > is a no-op when gc runs standalone and $CPS_NOVEL_APP_IMAGE is unset (never calls prepare_x8_environment())  732ms
   ✓ X8 D-9b release-image retention gc (x8_gc) > dry-run is the default and deletes nothing > prints the plan but issues zero `docker rmi` calls without --apply  1202ms
   ✓ X8 D-9b release-image retention gc (x8_gc) > dry-run is the default and deletes nothing > also lists the dangling set in dry-run (informational) without pruning it  1367ms
   ✓ X8 D-9b release-image retention gc (x8_gc) > single `docker rmi` failure never aborts the round > warns and keeps deleting the rest when one tag's rmi is refused  1064ms
   ✓ X8 D-9b release-image retention gc (x8_gc) > X8_GC_PRUNE_DANGLING=0 never touches dangling layers > calls neither the dangling listing nor `docker image prune` when disabled  1039ms
   ✓ X8 D-9b release-image retention gc (x8_gc) > X8_GC_PRUNE_DANGLING=0 never touches dangling layers > --auto defaults dangling cleanup OFF even though a manual gc would default it on  1053ms
   ✓ X8 D-9b release-image retention gc (x8_gc) > X8_GC_PRUNE_DANGLING=0 never touches dangling layers > an explicit X8_GC_PRUNE_DANGLING=1 overrides --auto's own default and does prune  992ms
   ✓ X8 D-9b release-image retention gc (x8_gc) > absolute prohibitions (§4.2) -- never seen in any invocation, ever > never issues `docker rmi -f`, `docker image prune -a`, or `docker system prune`, across a full apply round with dangling cleanup on  974ms
   ✓ X8 D-9b release-image retention gc (x8_gc) > scope: only cps-novel:<version>-<sha> release tags are ever candidates > never lets a non-matching tag the stub might return leak into the delete set (bash-side filter, not just --filter)  958ms
   ✓ X8 D-9b release-image retention gc (x8_gc) > scope: only cps-novel:<version>-<sha> release tags are ever candidates > hands docker a --filter reference glob that matches every release version and nothing else  887ms
   ✓ X8 D-9b release-image retention gc (x8_gc) > version-agnostic: tags from any release version are candidates, not just 0.1.0 > treats the tag this checkout's own build produces (package.json version) as a candidate  927ms
   ✓ X8 D-9b release-image retention gc (x8_gc) > version-agnostic: tags from any release version are candidates, not just 0.1.0 > ranks legacy and post-bump tags together by creation time, deletes across both, and keeps the in-use floor  1065ms
   ✓ X8 D-9b release-image retention gc (x8_gc) > no candidates > is a clean no-op when no cps-novel release tags exist at all  997ms
   ✓ X8 D-9b release-image retention gc (x8_gc) > no candidates > still emits the --json summary on the zero-candidate path, so a parser never sees a silent round  1045ms
   ✓ X8 D-9b release-image retention gc (x8_gc) > standalone gc never touches git-derived state or secrets > does not call prepare_x8_environment() -- no secret directory or build-date file is created  1488ms
   ✓ X8 D-9b release-image retention gc (x8_gc) > --json emits a machine-readable summary alongside the human log > includes a compact JSON line with the delete list and reclaimable bytes  1073ms
 ✓ |node| tests/backend/runtime/preproduction-secret-consumers.test.ts (20 tests | 1 skipped) 25593ms
   ✓ secret consumer preflight model > fails on rootless or userns Docker before any probe  474ms
   ✓ secret consumer preflight model > fails for a missing local probe image without pulling or running  741ms
   ✓ secret consumer preflight model > runs all positive and cross-consumer negative probes with no registry access  5267ms
   ✓ secret consumer preflight model > fails when APP can read even one PostgreSQL secret  4511ms
   ✓ secret consumer preflight model > fails closed when a traverse directory grants any access to others  4813ms
   ✓ secret consumer preflight model > fails closed when the maintenance directory is missing the www-data traverse ACL  4803ms
   ✓ secret consumer preflight model > fails closed when the maintenance page is not readable by www-data  4629ms
 ✓ |node| tests/backend/runtime/preproduction-backup-health-readable.test.ts (3 tests) 10310ms
   ✓ web can read backup-timer's last-success.json (2026-09-27 group_add + chmod fix) > behavioral: real backup-loop.sh, real ownership/modes, inside postgres:16.14 > web (uid 1001, gid 1001 + group 1000) can read the published status file; without group 1000 it cannot  10228ms
 ✓ |node| tests/backend/database/wal-gc-x8.test.ts (15 tests) 14024ms
   ✓ wal-gc-x8.sh: --apply refuses when the archiver cannot be read, --force does not change that > psql exiting non-zero (archiver unreadable) refuses, deletes nothing, no state file  1355ms
   ✓ wal-gc-x8.sh: --apply refuses when the archiver cannot be read, --force does not change that > psql reporting the archiver is failing refuses, deletes nothing, no state file  1370ms
   ✓ wal-gc-x8.sh: --apply refuses when the archiver cannot be read, --force does not change that > --force does not change the archiver_unreadable refusal  1037ms
   ✓ wal-gc-x8.sh: --apply refuses when the archiver cannot be read, --force does not change that > --force does not change the archiver_failing refusal  1288ms
   ✓ wal-gc-x8.sh: a healthy archiver falls through to a normal dry-run > without --apply, reports DRY_RUN planned_delete>0 and deletes nothing  2446ms
   ✓ wal-gc-x8.sh: --force prints a disabled-guard notice before wal-retention.sh runs (P2-9) > prints WAL_GC_X8_NOTICE=delete_surge_guard_disabled_for_this_run before WAL_RETENTION=APPLIED when --force is passed  2237ms
   ✓ wal-gc-x8.sh: --force prints a disabled-guard notice before wal-retention.sh runs (P2-9) > does not print the notice when --force is omitted  2081ms
   ✓ wal-gc-x8.sh: only {--apply, --keep-base, --json, --force} are accepted > a legal argument set reaches and invokes wal-retention.sh (marker is created)  1123ms
   ✓ wal-gc-x8.sh: only {--apply, --keep-base, --json, --force} are accepted > invokes wal-retention.sh with --max-backup-age-seconds 93600 when no override env var is set  1071ms
 ✓ |node| tests/backend/database/wal-retention-guards.test.ts (14 tests) 10689ms
   ✓ wal-retention.sh: set -e must not swallow a REFUSED line (P1-A/P1-B) > psql exiting non-zero prints REFUSED reason=archiver_unreadable on stdout, exit 65  988ms
   ✓ wal-retention.sh: set -e must not swallow a REFUSED line (P1-A/P1-B) > psql returning a non-numeric failed_count ('x') prints REFUSED reason=archiver_unreadable, exit 65  1479ms
   ✓ wal-retention.sh --require-archiver-healthy: time-based predicate (P1-C) > refuses with archiver_failing when Postgres reports the last failure is newer than the last success  929ms
   ✓ wal-retention.sh --require-archiver-healthy: time-based predicate (P1-C) > does not refuse (falls through to a normal DRY_RUN) when Postgres reports the archiver is healthy  2194ms
   ✓ wal-retention.sh --force: bypasses delete_surge_guard only, not the other refusals > --force does not bypass plan_failed  875ms
   ✓ wal-retention.sh: all WAL_RETENTION judgment lines are on stdout, never stderr > stderr never contains a WAL_RETENTION= line across the four refusal scenarios above  780ms
   ✓ wal-retention.sh: archive_not_writable only gates --apply (Gate 5-Dev) > a read-only archive-dir still produces a normal DRY_RUN without --apply  1045ms
   ✓ wal-retention.sh: a directory with neither VERIFIED nor RETIRED is warned, not silently skipped (P2-5) > prints WAL_RETENTION_WARN=unverified_backup_dir for a legally-named orphan directory, without refusing or gating on it  1007ms
   ✓ wal-retention.sh: a directory with neither VERIFIED nor RETIRED is warned, not silently skipped (P2-5) > does not warn about a directory that already has RETIRED (a backup mid-retirement, not an orphan)  1054ms
 ✓ |node| tests/backend/runtime/preproduction-write-gates.test.ts (98 tests) 7764ms
   ✓ bash 5 下的行为对照（docker bash:5.2，不可用则跳过） > sitemap bash 5 registration, single-side and invalid checks  1820ms
   ✓ bash 5 下的行为对照（docker bash:5.2，不可用则跳过） > auto_tag_write bash 5 registration, single-side and invalid checks (different value domain: YES/NO)  2706ms
 ✓ |node| tests/backend/runtime/x8-identity-lifecycle.test.ts (11 tests) 8997ms
   ✓ X8 release identity lifecycle: candidate write -> health check -> promote (group 1) > promotes the candidate to the committed identity once every service reports healthy  992ms
   ✓ X8 release identity lifecycle: candidate write -> health check -> promote (group 1) > does NOT promote when worker never reports healthy, even though web and scheduler do  1044ms
   ✓ X8 release identity lifecycle: candidate write -> health check -> promote (group 1) > does NOT promote when worker-light never reports healthy, even though web and scheduler do  1041ms
   ✓ X8 release identity lifecycle: candidate write -> health check -> promote (group 1) > a service that never even started (no container at all) fails the same way as one that started but never became healthy  1138ms
   ✓ X8 release identity lifecycle: candidate write -> health check -> promote (group 1) > leaves a PRE-EXISTING committed identity byte-for-byte untouched when the new deploy fails the health check  702ms
   ✓ X8 release identity lifecycle: candidate write -> health check -> promote (group 1) > group 1 bullet 2: a failure AFTER promotion succeeds never produces a failure marker that falsely claims the identity was left untouched  871ms
   ✓ X8 release identity lifecycle: candidate write -> health check -> promote (group 1) > group 1 bullet 3: a failure partway through writing the failure marker never masks the ORIGINAL exit status  644ms
   ✓ X8 release identity lifecycle: candidate write -> health check -> promote (group 1) > D-9b §4.3: the previous-identity ledger > archives the pre-existing committed identity to the previous ledger before promoting the new one  859ms
   ✓ X8 release identity lifecycle: candidate write -> health check -> promote (group 1) > D-9b §4.3: the previous-identity ledger > does not write a previous ledger on the very first ever promotion (no pre-existing committed identity)  767ms
   ✓ X8 release identity lifecycle: candidate write -> health check -> promote (group 1) > D-9b §4.3: the previous-identity ledger > a failure archiving the previous ledger never blocks promotion -- promotion still succeeds and commits the new identity  915ms
 ✓ |node| tests/backend/tasks/scheduler-loop-timing.test.ts (8 tests) 7941ms
   ✓ scheduler interval alignment > actual loop uses the aligned delay and handles TERM: 'normal tick finishing five seconds af…'  2383ms
   ✓ scheduler interval alignment > actual loop uses the aligned delay and handles TERM: 'exact boundary waits for the next bou…'  2332ms
   ✓ scheduler interval alignment > actual loop uses the aligned delay and handles TERM: 'overrun skips the elapsed boundary wi…'  2067ms
   ✓ scheduler interval alignment > actual loop uses the aligned delay and handles TERM: 'non-minute interval'  1141ms
 ✓ |node| tests/backend/runtime/preproduction-foundation-assets.test.ts (24 tests) 10498ms
   ✓ 阶段顺序 + FAIL 走 stderr（桩 docker，真实脚本） > 阶段顺序：四个 CLI 按 moboreader -> tagging -> translation-overlay -> article-template 依次被调用，且 tagging 带上了 stage 1 产出的 --channel-app  1981ms
   ✓ 阶段顺序 + FAIL 走 stderr（桩 docker，真实脚本） > channel_app 尚未就绪时：tagging 报 BLOCKED_DEPENDENCY（stdout，非失败），plan 仍然继续跑到 article-template 并整体 PASS  1159ms
   ✓ 阶段顺序 + FAIL 走 stderr（桩 docker，真实脚本） > 🔴 某一阶段失败 -> 该阶段与整体的 FAIL 行必须落在 stderr，此前阶段的 PASS 相关行仍在 stdout，exit 65  818ms
   ✓ 阶段顺序 + FAIL 走 stderr（桩 docker，真实脚本） > 一个非 SHA 相关的阶段失败：同样落在 stderr，detail 原样带出方便排查  851ms
   ✓ 阶段顺序 + FAIL 走 stderr（桩 docker，真实脚本） > apply 全部阶段 ALREADY_SATISFIED 之后，ANALYZE 收尾在最后跑且校验通过 -> 两条 PASS 都在 stdout  1680ms
   ✓ 阶段顺序 + FAIL 走 stderr（桩 docker，真实脚本） > 🔴 校验发现有表零统计 -> FOUNDATION_ANALYZE=FAIL 连同表名一起走 stderr，exit 65，此前各阶段的 PASS 相关行仍在 stdout  1832ms
   ✓ 阶段顺序 + FAIL 走 stderr（桩 docker，真实脚本） > ANALYZE 本身执行失败（非校验失败）-> REFUSED reason=analyze_failed 走 stderr，带可复制的恢复命令  1815ms
stderr | tests/backend/publish-gate/db-retry-wiring.test.ts > db-retry wiring: applyPublishTransition > retries a transient P1008 failure and succeeds on the second attempt
[db-retry] {"op":"publish-gate.applyPublishTransition","attempt":1,"delay":579,"error":"P1008: simulated P1008","itemId":"article-1","idempotencyKey":"req-1"}

stderr | tests/backend/publish-gate/db-retry-wiring.test.ts > db-retry wiring: applyPublishTransition > gives up and rethrows once every transient failure is exhausted
[db-retry] {"op":"publish-gate.applyPublishTransition","attempt":1,"delay":509,"error":"P1008: simulated P1008","itemId":"article-1","idempotencyKey":"req-1"}

 ✓ |node| tests/backend/local-x8/x8-local-wal-gc-launchd.test.ts (8 tests) 3143ms
   ✓ x8-local-wal-gc-launchd.sh install: three preflight-classification outcomes, none of them install anything > wal-gc itself refuses (WAL_RETENTION=REFUSED) -> INSTALL_REFUSED reason=stack_refusing:<line>, plist not written, launchctl never invoked  820ms
   ✓ x8-local-wal-gc-launchd.sh install: three preflight-classification outcomes, none of them install anything > the worktree-binding guard itself rejects (ERROR: compose project ... different worktree) -> REFUSED reason=worktree_not_bound_to_stack, plist not written, launchctl never invoked  776ms
   ✓ x8-local-wal-gc-launchd.sh install: three preflight-classification outcomes, none of them install anything > an unclassified preflight failure (neither token) -> falls back to REFUSED reason=worktree_not_bound_to_stack, plist not written, launchctl never invoked  745ms
   ✓ x8-local-wal-gc-launchd.sh: --worktree must be absolute > a relative --worktree -> REFUSED reason=worktree_not_absolute, before any preflight call, plist not written  401ms
   ✓ x8-local-wal-gc-launchd.sh: Darwin-only gate (require_darwin) > a non-Darwin host -> REFUSED reason=not_darwin, before the preflight call, plist not written, launchctl never invoked  394ms
stderr | tests/backend/publish-gate/db-retry-wiring.test.ts > db-retry wiring: applyPublishTransition > gives up and rethrows once every transient failure is exhausted
[db-retry] {"op":"publish-gate.applyPublishTransition","attempt":2,"delay":1581,"error":"P1008: simulated P1008","itemId":"article-1","idempotencyKey":"req-1"}

 ✓ |node| tests/backend/runtime/preproduction-compose-oneoff-runner.test.ts (22 tests) 6369ms
   ✓ one-off 应用容器的真实运行时行为 > CASE 1：批准镜像在本地 → one-off 跑通，不 build 不 pull  700ms
   ✓ one-off 应用容器的真实运行时行为 > 🔴 CASE 3 核心 mutation：Dockerfile 还在 + 镜像缺失，闸门撤掉之后 compose 真的会就地构建  943ms
   ✓ one-off 应用容器的真实运行时行为 > 没有 manifest 时明说身份未核（unverified_no_manifest），不冒充已核  535ms
   ✓ one-off 应用容器的真实运行时行为 > 🔴 CASE 6：one-off 的 -e / -v / compose secret 在抹掉 build 之后全部照常  529ms
   ✓ 两个 one-off 调用方发出的 argv 必须被目标 CLI 接受 > 🔴 CASE 5：database.sh migrate-approved 经 one-off 入口，且 argv 全部合法  932ms
stderr | tests/backend/publish-gate/db-retry-wiring.test.ts > db-retry wiring: applyPublishTransition > gives up and rethrows once every transient failure is exhausted
[db-retry] {"op":"publish-gate.applyPublishTransition","attempt":3,"delay":3077,"error":"P1008: simulated P1008","itemId":"article-1","idempotencyKey":"req-1"}

 ✓ |node| tests/backend/runtime/preproduction-moboreader-rate-gate-config-gate.test.ts (191 tests) 9260ms
   ✓ bash 5 下的行为对照（docker bash:5.2，不可用则跳过） > PASS：全部未设置  302ms
   ✓ bash 5 下的行为对照（docker bash:5.2，不可用则跳过） > PASS：带前导零 008 不被误判为非法八进制  314ms
 ✓ |node| tests/backend/runtime/public-cutover-release.test.ts (11 tests) 4887ms
   ✓ 'preprod' release verification > checks the real live/maintenance expectation maintenance=false  572ms
   ✓ 'preprod' release verification > checks the real live/maintenance expectation maintenance=true  753ms
   ✓ 'preprod' release verification > never accepts business content while maintenance should be active  388ms
   ✓ 'preprod' release verification > rejects a generic upstream 503 instead of the known maintenance page  417ms
   ✓ 'public' release verification > checks the real live/maintenance expectation maintenance=false  686ms
   ✓ 'public' release verification > checks the real live/maintenance expectation maintenance=true  721ms
   ✓ 'public' release verification > never accepts business content while maintenance should be active  420ms
   ✓ 'public' release verification > rejects a generic upstream 503 instead of the known maintenance page  473ms
   ✓ 'public' release verification > rejects leaked public noindex  408ms
stderr | tests/backend/publish-gate/db-retry-wiring.test.ts > db-retry wiring: applyNovelRightsTransition (withdrawNovel) > retries a transient P1008 failure and succeeds on the second attempt
[db-retry] {"op":"publish-gate.applyNovelRightsTransition","attempt":1,"delay":562,"error":"P1008: simulated P1008","itemId":"novel-1","idempotencyKey":"409b1afd-1337-4f2b-ae7c-051134d609d1"}

 ✓ |node| tests/backend/publish-gate/db-retry-wiring.test.ts (5 tests) 6327ms
   ✓ db-retry wiring: applyPublishTransition > retries a transient P1008 failure and succeeds on the second attempt  586ms
   ✓ db-retry wiring: applyPublishTransition > gives up and rethrows once every transient failure is exhausted  5172ms
   ✓ db-retry wiring: applyNovelRightsTransition (withdrawNovel) > retries a transient P1008 failure and succeeds on the second attempt  566ms
 ✓ |node| tests/backend/runtime/preproduction-archive-consumer.test.ts (11 tests) 4228ms
   ✓ 归档消费端身份校验（真实 docker 行为） > 正常：归档装载后 tag / digest / revision / 平台全部对上  678ms
   ✓ 归档消费端身份校验（真实 docker 行为） > 🔴 负例 1：load 之后 tag 被改指到另一个镜像 → 拒绝  836ms
   ✓ 归档消费端身份校验（真实 docker 行为） > 🔴 负例 2：manifest 的 image_tag 指向另一个镜像 → 拒绝  383ms
   ✓ 归档消费端身份校验（真实 docker 行为） > 🔴 负例 3：正确镜像已缓存，但传入的是错误归档 → 拒绝  579ms
   ✓ 归档消费端身份校验（真实 docker 行为） > 🔴 运行中容器的镜像身份：真容器，真 inspect  1052ms
 ✓ |node| tests/backend/runtime/preproduction-promo-claim-lifecycle-config-gate.test.ts (114 tests) 4866ms
 ✓ |node| tests/backend/runtime/x8-role-password-alignment.test.ts (8 tests) 4081ms
   ✓ X8 D-2 network-side role password verification (stub) > passes when every role's network connection succeeds  520ms
   ✓ X8 D-2 network-side role password verification (stub) > fails closed and names the role when migration_owner's network connection is rejected  469ms
   ✓ X8 D-2 network-side role password verification (stub) > fails closed and names the role when web_app's network connection is rejected  408ms
   ✓ X8 D-2 network-side role password verification (stub) > fails closed and names the role when worker_app's network connection is rejected  472ms
   ✓ X8 D-2 network-side role password verification (stub) > fails closed and names the role when scheduler_app's network connection is rejected  439ms
   ✓ X8 D-2 network-side role password verification (stub) > fails closed and names the role when analyst_ro's network connection is rejected  462ms
   ✓ X8 D-2 network-side role password verification (stub) > fails closed and names the role when backup_role's network connection is rejected  674ms
   ✓ X8 D-2 network-side role password verification (stub) > never falls back to a trust-style success when the network call itself is broken for every role  636ms
 ✓ |node| tests/backend/runtime/public-cutover-edge.test.ts (75 tests) 3032ms
stderr | tests/backend/channel-capability/service.test.ts > setChannelCapabilityStatus: db-retry wiring > retries a transient P1008 failure and succeeds on the second attempt without double-writing
[db-retry] {"op":"channel-capability.setChannelCapabilityStatus","attempt":1,"delay":539,"error":"P1008: simulated P1008","itemId":"channel-app-1","idempotencyKey":"req-retry-1"}

 ✓ |node| tests/backend/database/backup-timer-static.test.ts (19 tests) 3784ms
   ✓ backup-timer.sh forever loop: DEGRADED on steps 2-4 failure (Gate 5 review fix P1-6) > prints BACKUP_TIMER_RUN=DEGRADED and keeps looping (does not exit non-zero) when only step 4 fails  2075ms
   ✓ backup-timer.sh: marker-write isolation (Gate 5 review fix F-2) > forever loop: a read-only X8_TIMER_STATE_DIR still prints BACKUP_TIMER_RUN=DEGRADED and exits 0 (does not crash-restart)  1046ms
stderr | tests/backend/credentials/db-retry-wiring.test.ts > db-retry wiring: createChannelAccount > retries a transient P1008 failure and succeeds on the second attempt
[db-retry] {"op":"credentials.createChannelAccount","attempt":1,"delay":575,"error":"P1008: simulated P1008","idempotencyKey":"d0a1c581-7f20-4535-8e12-ab97fbef7610"}

 ✓ |node| tests/backend/channel-capability/service.test.ts (19 tests) 551ms
   ✓ setChannelCapabilityStatus: db-retry wiring > retries a transient P1008 failure and succeeds on the second attempt without double-writing  542ms
 ✓ |node| tests/backend/auth/two-factor.test.ts (11 tests) 179ms
 ✓ |node| tests/backend/credentials/db-retry-wiring.test.ts (2 tests) 581ms
   ✓ db-retry wiring: createChannelAccount > retries a transient P1008 failure and succeeds on the second attempt  579ms
 ✓ |node| tests/backend/database/wal-retention-apply-order.test.ts (3 tests) 1323ms
   ✓ wal-retention.sh apply ordering and refusal paths > marks RETIRED and keeps the directory in place until AFTER pg_archivecleanup -d runs, then removes it  678ms
   ✓ wal-retention.sh apply ordering and refusal paths > refuses with plan_failed and deletes nothing when pg_archivecleanup -n exits non-zero  513ms
 ✓ |node| tests/backend/content-creation/promo-link-id-write-paths.test.ts (3 tests) 153ms
 ✓ |node| tests/backend/database/archive-wal-filename.test.ts (12 tests) 235ms
 ✓ |node| tests/backend/database/p1-05b-static.test.ts (3 tests) 138ms
 ✓ |node| tests/backend/content-creation/novel-create-sole-write-paths.test.ts (3 tests) 128ms
 ✓ |node| tests/backend/seo/static-sitemap-retention.test.ts (27 tests) 1683ms
   ✓ B-33 删除失败与首次大批量 > 首次上线：300 个旧目录按每次最多 100 个、先删最旧的分批消化，最后只剩最近 10 个  597ms
 ✓ |node| tests/backend/database/init-roles-hba.test.ts (9 tests) 101ms
 ✓ |node| tests/backend/database/p1-06-static.test.ts (5 tests) 119ms
 ✓ |node| tests/backend/adapters/upstream-observation.test.ts (38 tests) 66ms
stderr | tests/backend/auth/db-retry-wiring.test.ts > db-retry wiring: PostgreSQLSessionStore.touchLastSeen > retries a transient P1008 failure on the single UPDATE statement and succeeds
[db-retry] {"op":"auth.session.touchLastSeen","attempt":1,"delay":502,"error":"P1008: simulated P1008","itemId":"session-1"}

stderr | tests/backend/auth/db-retry-wiring.test.ts > db-retry wiring: PostgreSQLTwoFactorStore > savePendingSetup retries a transient P1008 failure on its upsert and succeeds
[db-retry] {"op":"auth.twoFactor.savePendingSetup","attempt":1,"delay":560,"error":"P1008: simulated P1008","itemId":"admin-1"}

stderr | tests/backend/auth/db-retry-wiring.test.ts > db-retry wiring: PostgreSQLTwoFactorStore > createChallenge retries a transient P1008 failure on its create and succeeds
[db-retry] {"op":"auth.twoFactor.createChallenge","attempt":1,"delay":594,"error":"P1008: simulated P1008","itemId":"challenge-1"}

 ✓ |node| tests/backend/auth/add-admin-identity.test.ts (15 tests) 1313ms
stderr | tests/backend/auth/db-retry-wiring.test.ts > db-retry wiring: PostgreSQLAuthUnitOfWork > confirmTwoFactorSetup retries a transient P1008 failure and succeeds on the second attempt
[db-retry] {"op":"auth.twoFactor.confirmTwoFactorSetup","attempt":1,"delay":547,"error":"P1008: simulated P1008","itemId":"admin-1"}

 ✓ |node| tests/backend/runtime/offsite-readonly-gate.test.ts (19 tests) 2163ms
   ✓ offsite-readonly-gate.sh：受限入口脚本 > get 文件名格式合法但从未出现在当前 list 里：拒绝  1281ms
 ✓ |node| tests/backend/auth/bootstrap-admin-identity.test.ts (12 tests) 703ms
stderr | tests/backend/auth/db-retry-wiring.test.ts > db-retry wiring: PostgreSQLAuthUnitOfWork > completeTwoFactorChallenge retries a transient P1008 failure and succeeds on the second attempt
[db-retry] {"op":"auth.twoFactor.completeTwoFactorChallenge","attempt":1,"delay":568,"error":"P1008: simulated P1008","itemId":"challenge-1"}

 ✓ |node| tests/backend/content-creation/preview-enqueue.test.ts (5 tests) 49ms
 ✓ |node| tests/backend/auth/ensure-local-admin-identities.test.ts (10 tests) 498ms
 ✓ |node| tests/backend/auth/p1-08b-production-contracts.test.ts (4 tests) 111ms
 ✓ |node| tests/backend/auth/db-retry-wiring.test.ts (8 tests) 2785ms
   ✓ db-retry wiring: PostgreSQLSessionStore.touchLastSeen > retries a transient P1008 failure on the single UPDATE statement and succeeds  506ms
   ✓ db-retry wiring: PostgreSQLTwoFactorStore > savePendingSetup retries a transient P1008 failure on its upsert and succeeds  562ms
   ✓ db-retry wiring: PostgreSQLTwoFactorStore > createChallenge retries a transient P1008 failure on its create and succeeds  596ms
   ✓ db-retry wiring: PostgreSQLAuthUnitOfWork > confirmTwoFactorSetup retries a transient P1008 failure and succeeds on the second attempt  549ms
   ✓ db-retry wiring: PostgreSQLAuthUnitOfWork > completeTwoFactorChallenge retries a transient P1008 failure and succeeds on the second attempt  570ms
 ✓ |node| tests/backend/auth/admin-login-turnstile.test.ts (43 tests) 96ms
 ✓ |node| tests/backend/articles/content-mode-sole-write-paths.test.ts (11 tests) 97ms
 ✓ |node| tests/backend/auth/totp-qr.test.ts (3 tests) 58ms
 ✓ |node| tests/backend/db/web-prisma.test.ts (3 tests) 52ms
 ✓ |node| tests/backend/db/chunked-id-lookup.test.ts (9 tests) 26ms
 ✓ |node| tests/backend/adapters/moboreader.test.ts (30 tests) 41ms
 ✓ |node| tests/backend/article-templates/tkd-repair.test.ts (40 tests) 23ms
 ✓ |node| tests/backend/auth/recovery-codes-regenerate.test.ts (2 tests) 41ms
 ✓ |node| tests/backend/articles/service.test.ts (57 tests) 37ms
 ✓ |node| tests/backend/article-templates/service.test.ts (38 tests) 25ms
 ✓ |node| tests/backend/adapters/moboreader-failure-diagnostic.test.ts (49 tests) 29ms
 ✓ |node| tests/backend/adapters/moboreader-rate-gate-endpoint-wiring.test.ts (18 tests) 31ms
 ✓ |node| tests/backend/adapters/promo-link-claim.test.ts (28 tests) 33ms
 ✓ |node| tests/backend/database/active-locales-grants.test.ts (7 tests) 22ms
 ✓ |node| tests/backend/content-creation/service.test.ts (33 tests) 22ms
 ✓ |node| tests/backend/credentials/task-result.test.ts (13 tests) 20ms
 ✓ |node| tests/backend/adapters/promo-link-claim-rate-gate.test.ts (5 tests) 17ms
 ✓ |node| tests/backend/app/locale-route-guard.test.ts (6 tests) 17ms
 ✓ |node| tests/backend/database/x6-site-setting-grants.test.ts (5 tests) 21ms
stdout | tests/backend/content-creation/batch.test.ts > batch validation — dedupe + size cap, mirrors createPromoLinkClaimTask's own backstop > duplicate ids collapse to a single processed item
[tagging-initialize] {
  context: 'req-dedupe',
  status: 'skipped',
  reason: 'tagging_gates_closed'
}

stdout | tests/backend/content-creation/batch.test.ts > apply — each item reuses the single-item transaction verbatim, one failure never blocks the rest > created / skipped_already_linked / failed classify independently in one run
[tagging-initialize] {
  context: 'req-mixed',
  status: 'skipped',
  reason: 'tagging_gates_closed'
}

stdout | tests/backend/content-creation/batch.test.ts > apply — each item reuses the single-item transaction verbatim, one failure never blocks the rest > a malformed id (defensive ContentCreationInputError branch) fails only that item, not the batch
[tagging-initialize] {
  context: 'req-malformed',
  status: 'skipped',
  reason: 'tagging_gates_closed'
}

stdout | tests/backend/content-creation/batch.test.ts > apply — each item reuses the single-item transaction verbatim, one failure never blocks the rest > requestId is suffixed per item (traceable back to the batch, still distinct per audit row)
[tagging-initialize] {
  context: 'batch-req-1',
  status: 'skipped',
  reason: 'tagging_gates_closed'
}

stdout | tests/backend/content-creation/batch.test.ts > wall-clock budget — see batch.ts module header, this is the CPS v7.9.6 504 mitigation > budgetMs: 0 processes nothing; every id comes back not_processed with zero writes
[tagging-initialize] {
  context: 'req-budget-zero',
  status: 'skipped',
  reason: 'tagging_gates_closed'
}

stdout | tests/backend/content-creation/batch.test.ts > wall-clock budget — see batch.ts module header, this is the CPS v7.9.6 504 mitigation > budget exhausted mid-batch: already-committed items are not rolled back, the rest come back not_processed untouched
[tagging-initialize] {
  context: 'req-budget-cutoff',
  status: 'skipped',
  reason: 'tagging_gates_closed'
}

 ✓ |node| tests/backend/content-creation/batch.test.ts (10 tests) 21ms
 ✓ |node| tests/backend/database/worker-health-indexes-static.test.ts (7 tests) 22ms
 ✓ |node| tests/backend/content-creation/generate.test.ts (10 tests) 17ms
 ✓ |node| tests/backend/credentials/keyring.test.ts (4 tests) 25ms
 ✓ |node| tests/backend/content-creation/article-generate-eligibility.test.ts (14 tests) 26ms
 ✓ |node| tests/integration/p2-12-vertical-acceptance.test.ts (1 test) 20ms
 ✓ |node| tests/backend/adapters/moboreader-per-endpoint-rate-gate.test.ts (60 tests) 22ms
 ✓ |node| tests/backend/content-creation/template-rendering.test.ts (6 tests) 15ms
 ✓ |node| tests/backend/article-rebind/backfill-novel-title-normalized.test.ts (6 tests) 14ms
 ✓ |node| tests/backend/catalog-batch/promo-link-status-filter.test.ts (26 tests) 13ms
 ✓ |node| tests/backend/catalog-batch/source-created-filter.test.ts (77 tests) 17ms
 ✓ |node| tests/backend/adapters/moboreader-upstream-rate-limit-policy.test.ts (12 tests) 10ms
stderr | tests/backend/db/db-retry.test.ts > withDbRetry > retries transient errors up to the delay schedule and then succeeds
[db-retry] {"op":"test.op","attempt":1,"delay":44,"error":"P1008: simulated P1008"}

stderr | tests/backend/db/db-retry.test.ts > withDbRetry > retries transient errors up to the delay schedule and then succeeds
[db-retry] {"op":"test.op","attempt":2,"delay":41,"error":"P1008: simulated P1008"}

 ✓ |node| tests/backend/credentials/web-ingress.test.ts (3 tests) 10ms
stderr | tests/backend/db/db-retry.test.ts > withDbRetry > gives up and rethrows once the delay schedule is exhausted
[db-retry] {"op":"test.op","attempt":1,"delay":43,"error":"P1008: simulated P1008"}

stderr | tests/backend/db/db-retry.test.ts > withDbRetry > gives up and rethrows once the delay schedule is exhausted
[db-retry] {"op":"test.op","attempt":2,"delay":111,"error":"P1008: simulated P1008"}

 ✓ |node| tests/backend/db/db-retry.test.ts (23 tests) 12ms
 ✓ |node| tests/backend/content-creation/publish-gate-e2e.test.ts (2 tests) 10ms
 ✓ |node| tests/backend/credentials/reason-guard.test.ts (20 tests) 14ms
 ✓ |node| tests/backend/credentials/jwt-normalization-service.test.ts (2 tests) 13ms
 ✓ |node| tests/backend/content-creation/blog.test.ts (18 tests) 11ms
 ✓ |node| tests/backend/article-templates/compile-blocks.test.ts (28 tests) 8ms
 ✓ |node| tests/backend/content-creation/template-selection.test.ts (2 tests) 7ms
 ✓ |node| tests/backend/catalog-batch/lifecycle-shard-enumeration.test.ts (45 tests) 18ms
 ✓ |node| tests/backend/admin-content/p2-04-admin-content.test.ts (16 tests) 13ms
 ✓ |node| tests/backend/database/x2-postgres-hardening.test.ts (4 tests) 11ms
 ✓ |node| tests/backend/contracts/no-sensitive-fields.test.ts (8 tests) 11ms
 ✓ |node| tests/backend/catalog-batch/promo-claim-batch-lifecycle-view.test.ts (27 tests) 5ms
 ✓ |node| tests/backend/auth/reset-admin-auth-state.test.ts (15 tests) 8ms
 ✓ |node| tests/backend/content-creation/default-article-template.test.ts (6 tests) 10ms
 ✓ |node| tests/backend/db/id-cursor-pages.test.ts (13 tests) 8ms
 ✓ |node| tests/backend/article-publish/filter.test.ts (7 tests) 7ms
 ✓ |node| tests/backend/catalog-batch/catalog-context-promo-link-status.test.ts (19 tests) 9ms
 ✓ |node| tests/backend/content-creation/article-generation-selection.test.ts (9 tests) 4ms
 ✓ |node| tests/backend/contracts/admin-contracts.test.ts (26 tests) 7ms
 ✓ |node| tests/backend/catalog-batch/read-source-items-page.test.ts (9 tests) 7ms
 ✓ |node| tests/backend/catalog-sync/read-source-items-eligibility.test.ts (10 tests) 6ms
 ✓ |node| tests/backend/auth/session-capabilities.test.ts (12 tests) 6ms
 ✓ |node| tests/backend/database/grants-returning.test.ts (25 tests) 9ms
stderr | tests/backend/tasks/db-retry-wiring.test.ts > db-retry wiring: claimPendingItem > retries a transient P1008 failure and succeeds on the second attempt
[db-retry] {"op":"tasks.claimPendingItem","attempt":1,"delay":566,"error":"P1008: simulated P1008","sourceKey":"generic"}

stderr | tests/backend/tasks/db-retry-wiring.test.ts > db-retry wiring: recoverExpiredItem > retries a transient P1008 failure and succeeds on the second attempt
[db-retry] {"op":"tasks.recoverExpiredItem","attempt":1,"delay":580,"error":"P1008: simulated P1008","sourceKey":"generic"}

stderr | tests/backend/tasks/db-retry-wiring.test.ts > db-retry wiring: finalizeTaskItem > retries a transient P1008 failure and succeeds on the second attempt
[db-retry] {"op":"tasks.finalizeTaskItem","attempt":1,"delay":541,"error":"P1008: simulated P1008","itemId":"item-1","sourceKey":"generic"}

stderr | tests/backend/tasks/db-retry-wiring.test.ts > db-retry wiring: heartbeatTaskItem > retries a transient P1008 failure on the single UPDATE statement and succeeds
[db-retry] {"op":"tasks.heartbeatTaskItem","attempt":1,"delay":538,"error":"P1008: simulated P1008","itemId":"item-1","sourceKey":"generic"}

 ✓ |node| tests/backend/alerts/check-wal-archive.test.ts (25 tests) 9924ms
   ✓ check-wal-archive.sh: judgement 1 -- WAL archive directory capacity > healthy (bytes well under max) does not fire  501ms
   ✓ check-wal-archive.sh: judgement 1 -- WAL archive directory capacity > bytes >= max fires wal_archive_capacity_over  729ms
   ✓ check-wal-archive.sh: judgement 1 -- WAL archive directory capacity > a failed docker exec fails closed with wal_archive_capacity_unreadable  671ms
   ✓ check-wal-archive.sh: judgement 1 -- WAL archive directory capacity > non-numeric du output fails closed with wal_archive_capacity_unreadable  422ms
   ✓ check-wal-archive.sh: judgement 1 -- WAL archive directory capacity > firing wal_archive_capacity_over logs a would-clear for the degraded/warn/unreadable debounce keys  473ms
   ✓ check-wal-archive.sh: judgement 2 -- pg_stat_archiver health > healthy (psql reports f) does not fire  397ms
   ✓ check-wal-archive.sh: judgement 2 -- pg_stat_archiver health > psql reports t (last failure newer than last success) fires wal_archiver_failing  405ms
   ✓ check-wal-archive.sh: judgement 2 -- pg_stat_archiver health > a failed psql connection fails closed with wal_archiver_unreadable  495ms
   ✓ check-wal-archive.sh: judgement 2 predicate matches wal-retention.sh byte-for-byte (P1-1) > check_wal_archiver_health() issues a query containing last_failed_time > last_archived_time  548ms
   ✓ check-wal-archive.sh: judgement 3 -- ALERT_BASE_BACKUP_DIR resolution from container mounts (P1-5) > unset ALERT_BASE_BACKUP_DIR resolves the host path via docker inspect mounts  476ms
   ✓ check-wal-archive.sh: judgement 3 -- ALERT_BASE_BACKUP_DIR resolution from container mounts (P1-5) > a /host_mnt/-prefixed mount source (Docker Desktop for macOS) is retried with the prefix stripped  491ms
   ✓ check-wal-archive.sh: judgement 3 -- ALERT_BASE_BACKUP_DIR resolution from container mounts (P1-5) > an empty docker inspect result (no matching mount) fires base_backup_dir_unresolved, not base_backup_missing  570ms
   ✓ check-wal-archive.sh: judgement 3 -- ALERT_BASE_BACKUP_DIR resolution from container mounts (P1-5) > a failed docker inspect (nonzero exit) also fires base_backup_dir_unresolved  501ms
   ✓ check-wal-archive.sh: judgement 4 -- pg_wal directory size > healthy (bytes well under max) does not fire  416ms
   ✓ check-wal-archive.sh: judgement 4 -- pg_wal directory size > bytes > max fires pg_wal_bloat  457ms
   ✓ check-wal-archive.sh: judgement 4 -- pg_wal directory size > a failed docker exec fails closed with pg_wal_unreadable  421ms
   ✓ check-wal-archive.sh: judgement 4 -- pg_wal directory size > non-numeric du output fails closed with pg_wal_unreadable  424ms
   ✓ check-wal-archive.sh: run_wal_archive_checks() aggregate > a fully healthy environment fires zero alerts across all four judgements  865ms
 ✓ |node| tests/backend/p1-13-project-isolation.test.ts (6 tests) 2101ms
   ✓ P1-13 project isolation check > passes clean repositories whose paths contain spaces and Chinese  322ms
   ✓ P1-13 project isolation check > fails closed on a tracked Git symlink and names its path  305ms
   ✓ P1-13 project isolation check > fails closed on a gitlink even without .gitmodules  326ms
   ✓ P1-13 project isolation check > fails closed when .gitmodules exists  304ms
   ✓ P1-13 project isolation check > rejects runtime and build references to the CPS repository  329ms
   ✓ P1-13 project isolation check > rejects a wrong or dirty CPS checkout without modifying it  514ms
 ✓ |node| tests/backend/tasks/db-retry-wiring.test.ts (17 tests) 2246ms
   ✓ db-retry wiring: claimPendingItem > retries a transient P1008 failure and succeeds on the second attempt  569ms
   ✓ db-retry wiring: recoverExpiredItem > retries a transient P1008 failure and succeeds on the second attempt  584ms
   ✓ db-retry wiring: finalizeTaskItem > retries a transient P1008 failure and succeeds on the second attempt  543ms
   ✓ db-retry wiring: heartbeatTaskItem > retries a transient P1008 failure on the single UPDATE statement and succeeds  539ms
 ✓ |node| tests/backend/runtime/x8-production-like-contract.test.ts (30 tests) 2661ms
   ✓ X8 local production-like contracts > renders to the exact isolated seven-service topology  447ms
   ✓ X8 local production-like contracts > renders the P2-06.5 tagging double-gate across Level 0 / UAT / R with the frozen per-level values  1493ms
   ✓ X8 local production-like contracts > ADR guard: the validator fails closed if FEATURE_NOVEL_TAG_AUTO or AUTO_WRITE_AUTHORIZED is ever not false/NO  579ms
 ✓ |node| tests/backend/runtime/x8-worktree-stack-binding.test.ts (6 tests) 1899ms
   ✓ X8 D-4 worktree <-> stack binding pre-flight > passes silently when no container is running under the compose project at all  420ms
   ✓ X8 D-4 worktree <-> stack binding pre-flight > passes when a running container's labels are set (from inside the shell) to match this worktree exactly  638ms
   ✓ X8 D-4 worktree <-> stack binding pre-flight > rejects when a running container's labels point at a different worktree root  399ms
   ✓ X8 D-4 worktree <-> stack binding pre-flight > rejects when the project name matches but only the config_files label differs  438ms
 ✓ |node| tests/backend/p2-06-5-lane-b/raw-and-sampling.test.ts (15 tests) 2193ms
   ✓ P2-06.5 Lane B deterministic 10k quota sample > meets feasible raw-language quotas, prioritises coverage, and returns exactly 10k unique books  1725ms
 ✓ |node| tests/backend/runtime/indexnow-outbox-passthrough-contract.test.ts (17 tests) 1922ms
   ✓ B-34 IndexNow 出站双闸透传契约（服务清单由源码派生，取值由渲染结果逐字比对） > TS 解析 ↔ preflight ↔ 样例/级别表三处一致：同一对变量名、同一个取值域（只认精确的 true/false）  326ms
 ✓ |node| tests/backend/runtime/x8-admin-local-identity-seed.test.ts (8 tests) 1718ms
   ✓ ADMIN_LOCAL_IDENTITY_SEED — X8 three-level render-only verification > ADMIN_LOCAL_IDENTITY_SEED never reaches the rendered web/worker/scheduler compose config  1686ms
 ✓ |node| tests/backend/runtime/preproduction-archive-contract.test.ts (18 tests) 1295ms
 ✓ |node| tests/backend/runtime/revenue-view-compose-passthrough.test.ts (12 tests) 1151ms
P1_05B_INDEX_PLANS={"channel_sync_task_item":{"pending":["channel_sync_task_item_pending_global_idx"],"recovery":["channel_sync_task_item_expired_lease_idx"]},"generic_task_item":{"pending":["generic_task_item_pending_global_idx"],"recovery":["generic_task_item_expired_lease_idx"]}}
 ✓ |node| tests/integration/database/p1-05b-postgres.test.ts (10 tests) 785ms
   ✓ P1-05B PostgreSQL constraints > uses separate pending-claim and expired-lease indexes for every Item table  304ms
 ✓ |node| tests/backend/runtime/docker-build-context-no-excluded-import.test.ts (9 tests) 1945ms
   ✓ Docker 构建上下文守卫：源文件不得引用 tests/ 或被 .dockerignore 排除的路径 > 真实仓库 > 构建上下文内的源文件不引用 tests/、被 .dockerignore 排除的路径或仓库根之外  1120ms
   ✓ Docker 构建上下文守卫：源文件不得引用 tests/ 或被 .dockerignore 排除的路径 > 真实仓库 > B-21 旧实现 oracle 只能被测量脚本引用，不得接进 src/、worker/、scheduler/ 或其它脚本  809ms
 ✓ |node| tests/backend/runtime/x8-backup-pgpass-reconcile.test.ts (14 tests) 902ms
 ✓ |node| tests/backend/p2-06-5-lane-c/lexicon-eligibility.test.ts (19 tests) 615ms
   ✓ field and locale eligibility matcher > stops he/be from triggering ending tags on description  496ms
 ✓ |node| tests/backend/p2-06-5-lane-b/b1-artifacts.test.ts (15 tests) 672ms
 ✓ |node| tests/backend/tasks/moboreader.test.ts (50 tests) 480ms
 ✓ |node| tests/backend/seo/sitemap-ops-round2.test.ts (21 tests) 282ms
 ✓ |node| tests/backend/tasks/worker-lanes.test.ts (28 tests) 1074ms
 ✓ |node| tests/backend/p2-06-5-lane-b/run-store-and-secret-scan.test.ts (12 tests) 365ms
 ✓ |node| tests/backend/runtime/p1-12-compose-contract.test.ts (29 tests) 440ms
 ✓ |node| tests/backend/runtime/worker-light-compose-contract.test.ts (3 tests) 327ms
 ✓ |node| tests/backend/runtime/preproduction-capacity-contract.test.ts (4 tests) 304ms
 ✓ |node| tests/backend/p2-06-5-lane-b/b2-io.test.ts (5 tests) 392ms
 ✓ |node| tests/backend/runtime/x8-gate-diff.test.ts (34 tests) 320ms
 ✓ |node| tests/backend/seo/site-url-single-source.test.ts (3 tests) 236ms
 ✓ |node| tests/backend/slug/short-id-sole-source.test.ts (12 tests) 244ms
 ✓ |node| tests/backend/tagging/task-creation-chunking.test.ts (7 tests) 210ms
 ✓ |node| tests/backend/site/public-taxonomy-chunking.test.ts (5 tests) 246ms
 ✓ |node| tests/backend/tagging/canonical-tag-translation-overlay.test.ts (11 tests) 219ms
 ✓ |node| tests/backend/runtime/preproduction-backup-timer-healthcheck.test.ts (9 tests) 178ms
 ✓ |node| tests/backend/p2-06-5-lane-b/b2-input.test.ts (2 tests) 208ms
 ✓ |node| tests/backend/tasks/promo-link-claim-intent-bypass.test.ts (5 tests) 110ms
 ✓ |node| tests/backend/revenue/revenue-sync-worker-lane.test.ts (14 tests) 185ms
 ✓ |node| tests/backend/p2-06-5-lane-c/calibration.test.ts (20 tests) 135ms
 ✓ |node| tests/backend/publish-gate/no-bypass.test.ts (8 tests) 120ms
 ✓ |node| tests/backend/article-rebind/batch.test.ts (35 tests) 170ms
 ✓ |node| tests/backend/redirect/no-bypass.test.ts (7 tests) 101ms
stderr | tests/backend/tasks/promo-claim-release-scheduler-wiring.test.ts > 行为断言：runPromoClaimReleaseTick 抛错时 main() 仍然跑完（不影响既有轮播入队） > runPromoClaimReleaseTick reject 时 main() 依然 resolve，且 runSchedulerOnce 已经被调用过
promo_claim_release.tick_failed Error: promo_claim_release boom
    at /Users/chenweifeng/Documents/cps海阅/release-v0.5.11/tests/backend/tasks/promo-claim-release-scheduler-wiring.test.ts:70:13
    at mockCall (file:///Users/chenweifeng/Documents/cps%E6%B5%B7%E9%98%85/release-v0.5.11/node_modules/@vitest/spy/dist/index.js:96:15)
    at spy (file:///Users/chenweifeng/Documents/cps%E6%B5%B7%E9%98%85/release-v0.5.11/node_modules/tinyspy/dist/index.js:47:80)
    at runPromoClaimReleaseTickSafely (/Users/chenweifeng/Documents/cps海阅/release-v0.5.11/scheduler/index.ts:109:11)
    at Module.main (/Users/chenweifeng/Documents/cps海阅/release-v0.5.11/scheduler/index.ts:121:11)
    at processTicksAndRejections (node:internal/process/task_queues:95:5)
    at /Users/chenweifeng/Documents/cps海阅/release-v0.5.11/tests/backend/tasks/promo-claim-release-scheduler-wiring.test.ts:78:5
    at file:///Users/chenweifeng/Documents/cps%E6%B5%B7%E9%98%85/release-v0.5.11/node_modules/@vitest/runner/dist/chunk-hooks.js:752:20

 ✓ |node| tests/backend/tasks/promo-claim-release-scheduler-wiring.test.ts (5 tests) 94ms
 ✓ |node| tests/backend/tasks/side-effect-readback-boundary.test.ts (4 tests) 119ms
stdout | tests/backend/seo/static-sitemap.test.ts > static sitemap generation and refresh state > L10N P4: generates through the refresh chain over the default SITE_LOCALES registry (the D-7 publish whitelist this default used to be is deleted)
{"schemaVersion":1,"event":"sitemap_release_cleanup","outcome":"ok","keepRecent":10,"current":"d7-en","total":1,"kept":1,"removed":0,"failed":0,"deferred":0,"freedBytes":0,"keptOrphans":0,"ignored":1,"durationMs":1}

 ✓ |node| tests/backend/p2-06-5-owner-final/owner-final-artifacts.test.ts (4 tests) 70ms
 ✓ |node| tests/backend/seo/static-sitemap.test.ts (15 tests) 92ms
 ✓ |node| tests/backend/locale/article-template-bootstrap.test.ts (32 tests) 104ms
 ✓ |node| tests/backend/revenue/moboreader-revenue-adapter.test.ts (42 tests) 102ms
 ✓ |node| tests/backend/flags/tagging-flags-passthrough.test.ts (7 tests) 94ms
 ✓ |node| tests/backend/site/category-link-set-equality.test.ts (5 tests) 72ms
 ✓ |node| tests/backend/p2-06-5-lane-c/description-only-blind-review.test.ts (18 tests) 64ms
stdout | tests/backend/tagging/novel-id-scope.test.ts > bounded novel ID scope > direct first initialization checks gates before reading a snapshot
[tagging-initialize] {
  status: 'skipped',
  reason: 'tagging_gates_closed',
  novelId: '00000000-0000-4000-8000-000000000000'
}

stderr | tests/backend/home-carousel/scheduler-wiring.test.ts > 行为断言：main() 刷新后的快照真的驱动了 HOME_CAROUSEL_SCHEDULE.build() > queryActiveLocales 返回 [ru] 时，main() 之后 build() 产出 ru 条目、不产出 en 条目
promo_claim_release.tick_failed Error: [vitest] No "Prisma" export is defined on the "@prisma/client" mock. Did you forget to return it from "vi.mock"?
If you need to partially mock a module, you can use "importOriginal" helper inside:

    at VitestMocker.createError (file:///Users/chenweifeng/Documents/cps%E6%B5%B7%E9%98%85/release-v0.5.11/node_modules/vitest/dist/chunks/execute.B7h3T_Hc.js:284:17)
    at Object.get (file:///Users/chenweifeng/Documents/cps%E6%B5%B7%E9%98%85/release-v0.5.11/node_modules/vitest/dist/chunks/execute.B7h3T_Hc.js:330:16)
    at findPromoClaimReleaseCandidateAccountIds (/Users/chenweifeng/Documents/cps海阅/release-v0.5.11/src/lib/tasks/promo-claim-release.ts:636:74)
    at runPromoClaimReleaseTick (/Users/chenweifeng/Documents/cps海阅/release-v0.5.11/src/lib/tasks/promo-claim-release.ts:820:28)
    at runPromoClaimReleaseTickSafely (/Users/chenweifeng/Documents/cps海阅/release-v0.5.11/scheduler/index.ts:109:11)
    at Module.main (/Users/chenweifeng/Documents/cps海阅/release-v0.5.11/scheduler/index.ts:121:11)
    at processTicksAndRejections (node:internal/process/task_queues:95:5)
    at /Users/chenweifeng/Documents/cps海阅/release-v0.5.11/tests/backend/home-carousel/scheduler-wiring.test.ts:129:5
    at file:///Users/chenweifeng/Documents/cps%E6%B5%B7%E9%98%85/release-v0.5.11/node_modules/@vitest/runner/dist/chunk-hooks.js:752:20 {
  codeFrame: 'vi.mock(import("@prisma/client"), async (importOriginal) => {\n' +
    '  const actual = await importOriginal()\n' +
    '  return {\n' +
    '    ...actual,\n' +
    '    // your mocked methods\n' +
    '  }\n' +
    '})'
}

 ✓ |node| tests/backend/home-carousel/scheduler-wiring.test.ts (3 tests) 96ms
 ✓ |node| tests/backend/tagging/novel-id-scope.test.ts (6 tests) 82ms
 ✓ |node| tests/backend/tagging/bootstrap.test.ts (23 tests) 41ms
 ✓ |node| tests/backend/seo/static-sitemap-acceptance.test.ts (1 test) 62ms
 ✓ |node| tests/backend/redirect/public-redirect-code.test.ts (9 tests) 50ms
 ✓ |node| tests/backend/p1-13-locale-single-source.test.ts (2 tests) 61ms
 ✓ |node| tests/backend/tasks/preview-read-failure.test.ts (39 tests) 67ms
 ✓ |node| tests/backend/runtime/preproduction-database-contract.test.ts (12 tests) 20ms
 ✓ |node| tests/backend/article-rebind/preview-query-bounds.test.ts (2 tests) 76ms
 ✓ |node| tests/backend/tasks/promo-link-claim-handler.test.ts (53 tests) 47ms
 ✓ |node| tests/backend/seo/sitemap-data.test.ts (5 tests) 56ms
 ✓ |node| tests/backend/tagging/classifier.test.ts (11 tests) 48ms
 ✓ |node| tests/backend/p2-06-5-lane-b/http-security.test.ts (8 tests) 34ms
stderr | tests/backend/health/rc7b-backup-status.test.ts > RC-7b evaluateBackupStatus > returns failed when the status file is not valid JSON
[health/backup] status file corrupt json { reasonCode: 'corrupt_json' }

stderr | tests/backend/health/rc7b-backup-status.test.ts > RC-7b evaluateBackupStatus > returns failed when the status file is well-formed JSON but missing required fields
[health/backup] status file invalid shape { reasonCode: 'invalid_status_shape' }

stderr | tests/backend/health/rc7b-backup-status.test.ts > RC-7b evaluateBackupStatus > returns failed when reading the status file errors for a reason other than missing
[health/backup] status file read error { reasonCode: 'read_error' }

stderr | tests/backend/health/rc7b-backup-status.test.ts > RC-7b evaluateBackupStatus > returns failed when reading the status file hangs past the read timeout
[health/backup] status file read timeout { reasonCode: 'read_timeout' }

 ✓ |node| tests/backend/health/rc7b-backup-status.test.ts (16 tests) 41ms
stderr | tests/backend/publish-gate/invalidation-wiring.test.ts > applyPublishTransition invalidation wiring > a thrown invalidation failure does not block the write or its returned outcome
[publish-gate] public cache invalidation failed after a committed write: Error: simulated cache invalidation failure
    at /Users/chenweifeng/Documents/cps海阅/release-v0.5.11/tests/backend/publish-gate/invalidation-wiring.test.ts:136:13
    at mockCall (file:///Users/chenweifeng/Documents/cps%E6%B5%B7%E9%98%85/release-v0.5.11/node_modules/@vitest/spy/dist/index.js:96:15)
    at spy (file:///Users/chenweifeng/Documents/cps%E6%B5%B7%E9%98%85/release-v0.5.11/node_modules/tinyspy/dist/index.js:47:80)
    at revalidatePublicArticlePaths (/Users/chenweifeng/Documents/cps海阅/release-v0.5.11/tests/backend/publish-gate/invalidation-wiring.test.ts:26:57)
    at /Users/chenweifeng/Documents/cps海阅/release-v0.5.11/src/server/publish-gate/service.ts:578:39
    at safeInvalidatePublicCache (/Users/chenweifeng/Documents/cps海阅/release-v0.5.11/src/server/publish-gate/service.ts:193:5)
    at Module.applyPublishTransition (/Users/chenweifeng/Documents/cps海阅/release-v0.5.11/src/server/publish-gate/service.ts:578:7)
    at processTicksAndRejections (node:internal/process/task_queues:95:5)
    at /Users/chenweifeng/Documents/cps海阅/release-v0.5.11/tests/backend/publish-gate/invalidation-wiring.test.ts:139:20
    at file:///Users/chenweifeng/Documents/cps%E6%B5%B7%E9%98%85/release-v0.5.11/node_modules/@vitest/runner/dist/chunk-hooks.js:752:20

stderr | tests/backend/publish-gate/invalidation-wiring.test.ts > blog first-publish invalidation wiring (C-29b) > a thrown blog invalidation failure does not block the write or its returned outcome
[publish-gate] public cache invalidation failed after a committed write: Error: simulated cache invalidation failure
    at /Users/chenweifeng/Documents/cps海阅/release-v0.5.11/tests/backend/publish-gate/invalidation-wiring.test.ts:213:13
    at mockCall (file:///Users/chenweifeng/Documents/cps%E6%B5%B7%E9%98%85/release-v0.5.11/node_modules/@vitest/spy/dist/index.js:96:15)
    at spy (file:///Users/chenweifeng/Documents/cps%E6%B5%B7%E9%98%85/release-v0.5.11/node_modules/tinyspy/dist/index.js:47:80)
    at revalidatePublicBlogPaths (/Users/chenweifeng/Documents/cps海阅/release-v0.5.11/tests/backend/publish-gate/invalidation-wiring.test.ts:28:54)
    at /Users/chenweifeng/Documents/cps海阅/release-v0.5.11/src/server/publish-gate/service.ts:580:39
    at safeInvalidatePublicCache (/Users/chenweifeng/Documents/cps海阅/release-v0.5.11/src/server/publish-gate/service.ts:193:5)
    at Module.applyPublishTransition (/Users/chenweifeng/Documents/cps海阅/release-v0.5.11/src/server/publish-gate/service.ts:580:7)
    at processTicksAndRejections (node:internal/process/task_queues:95:5)
    at /Users/chenweifeng/Documents/cps海阅/release-v0.5.11/tests/backend/publish-gate/invalidation-wiring.test.ts:216:20
    at file:///Users/chenweifeng/Documents/cps%E6%B5%B7%E9%98%85/release-v0.5.11/node_modules/@vitest/runner/dist/chunk-hooks.js:752:20

stderr | tests/backend/publish-gate/invalidation-wiring.test.ts > Novel rights-transition invalidation wiring > a thrown invalidation failure does not block withdrawNovel's write or its returned outcome
[publish-gate] public cache invalidation failed after a committed write: Error: simulated cache invalidation failure
    at /Users/chenweifeng/Documents/cps海阅/release-v0.5.11/tests/backend/publish-gate/invalidation-wiring.test.ts:302:13
    at mockCall (file:///Users/chenweifeng/Documents/cps%E6%B5%B7%E9%98%85/release-v0.5.11/node_modules/@vitest/spy/dist/index.js:96:15)
    at spy (file:///Users/chenweifeng/Documents/cps%E6%B5%B7%E9%98%85/release-v0.5.11/node_modules/tinyspy/dist/index.js:47:80)
    at revalidatePublicArticleSet (/Users/chenweifeng/Documents/cps海阅/release-v0.5.11/tests/backend/publish-gate/invalidation-wiring.test.ts:27:55)
    at /Users/chenweifeng/Documents/cps海阅/release-v0.5.11/src/server/publish-gate/service.ts:1006:35
    at safeInvalidatePublicCache (/Users/chenweifeng/Documents/cps海阅/release-v0.5.11/src/server/publish-gate/service.ts:193:5)
    at applyNovelRightsTransition (/Users/chenweifeng/Documents/cps海阅/release-v0.5.11/src/server/publish-gate/service.ts:1006:3)
    at processTicksAndRejections (node:internal/process/task_queues:95:5)
    at /Users/chenweifeng/Documents/cps海阅/release-v0.5.11/tests/backend/publish-gate/invalidation-wiring.test.ts:309:20
    at file:///Users/chenweifeng/Documents/cps%E6%B5%B7%E9%98%85/release-v0.5.11/node_modules/@vitest/runner/dist/chunk-hooks.js:752:20

 ✓ |node| tests/backend/publish-gate/invalidation-wiring.test.ts (12 tests) 23ms
 ✓ |node| tests/backend/health/p1-12-health-service.test.ts (11 tests) 33ms
 ✓ |node| tests/backend/seo/sitemap-category-cap.test.ts (4 tests) 35ms
 ✓ |node| tests/backend/runtime/x8-gate-state-write.test.ts (1 test) 29ms
 ✓ |node| tests/backend/local-x8/no-leak-static-guards.test.ts (17 tests) 31ms
 ✓ |node| tests/backend/security/next-proxy-probe.test.ts (20 tests) 33ms
 ✓ |node| tests/backend/locale/probe-unnamed-language-codes-apply.test.ts (1 test) 37ms
stderr | tests/backend/tasks/preview-account-hold.test.ts > 试读 handler：凭据类失败拉闸，其余不拉 > Case 7：凭据可用、上游超时 → 只失败这一条，不带 protectedWrite、不落 hold
{"schemaVersion":1,"event":"preview_read_failed","kind":"unclassified_error","stage":"getbydataid","errorClass":"Error","outcomeCode":"upstream_material_read_failed","taskId":"11111111-1111-4111-8111-111111111111","itemId":"22222222-2222-4222-8222-222222222222","mode":"apply","attempt":1,"novelId":"40000000-0000-4000-8000-000000000001","novelSourceItemId":"10000000-0000-4000-8000-000000000001","seriesId":"series-1","dataId":"series-1","agencyId":"7","language":"1"}

 ✓ |node| tests/backend/tasks/preview-account-hold.test.ts (42 tests) 33ms
 ✓ |node| tests/backend/article-rebind/service.test.ts (25 tests) 23ms
 ✓ |node| tests/backend/seo/sitemap-empty-locale-not-indexed.test.ts (5 tests) 30ms
 ✓ |node| tests/backend/revenue/revenue-migration-static.test.ts (13 tests) 18ms
 ✓ |node| tests/backend/tagging/tagging-auto-preview-sampling.test.ts (30 tests) 26ms
 ✓ |node| tests/backend/seo/sitemap-multi-locale.test.ts (7 tests) 35ms
 ✓ |node| tests/backend/home-carousel/compute.test.ts (9 tests) 26ms
 ✓ |node| tests/backend/tagging/classifier-b23.test.ts (9 tests) 32ms
 ✓ |node| tests/backend/task-admin/progress.test.ts (17 tests) 26ms
 ✓ |node| tests/backend/p2-06-5-lane-b/b2-mapping.test.ts (17 tests) 28ms
 ✓ |node| tests/backend/home-carousel/config.test.ts (4 tests) 23ms
 ✓ |node| tests/backend/article-rebind/preview.test.ts (21 tests) 27ms
 ✓ |node| tests/backend/task-admin/mutations.test.ts (15 tests) 18ms
 ✓ |node| tests/backend/article-rebind/batch-cap.test.ts (2 tests) 22ms
 ✓ |node| tests/backend/revenue/revenue-sync-handler.test.ts (35 tests) 29ms
 ✓ |node| tests/backend/indexnow/delivery-handler.test.ts (15 tests) 24ms
 ✓ |node| tests/backend/seo/sitemap-chunked-load.test.ts (7 tests) 20ms
 ✓ |node| tests/backend/task-admin/read-contracts.test.ts (24 tests) 24ms
 ✓ |node| tests/backend/public/mappers.test.ts (6 tests) 21ms
 ✓ |node| tests/backend/health/rc7b-worker-status.test.ts (12 tests) 18ms
 ✓ |node| tests/backend/home-carousel/merge.test.ts (3 tests) 23ms
 ✓ |node| tests/backend/article-rebind/preview-ceilings.test.ts (5 tests) 18ms
 ✓ |node| tests/backend/tasks/failure-reporter.test.ts (19 tests) 21ms
 ✓ |node| tests/backend/runtime/bash-bare-dbracket-assertion-guard.test.ts (2 tests) 21ms
 ✓ |node| tests/backend/tasks/p2-06-source-label.test.ts (5 tests) 14ms
 ✓ |node| tests/backend/slug/short-id.test.ts (14 tests) 10ms
 ✓ |node| tests/backend/public/queries.test.ts (20 tests) 10ms
 ✓ |node| tests/backend/tasks/sitemap-refresh.test.ts (12 tests) 13ms
 ✓ |node| tests/backend/tagging/materialization.test.ts (10 tests) 12ms
 ✓ |node| tests/backend/tasks/novel-article-decouple-handlers.test.ts (14 tests) 22ms
 ✓ |node| tests/backend/tagging/rule-impact.test.ts (4 tests) 18ms
 ✓ |node| tests/backend/locale/backfill-source-item-locale.test.ts (20 tests) 18ms
 ✓ |node| tests/backend/preview-recovery/backfill.test.ts (15 tests) 24ms
 ✓ |node| tests/backend/public/go-redirect.test.ts (15 tests) 19ms
 ✓ |node| tests/backend/auth/credential-contracts.test.ts (4 tests) 16ms
 ✓ |node| tests/backend/tasks/worker-runtime-finalize-failure.test.ts (8 tests) 22ms
 ✓ |node| tests/backend/auth/admin-registry-parity.test.ts (3 tests) 21ms
 ✓ |node| tests/backend/runtime/p2-12-admin-e2e-smoke.test.ts (3 tests) 22ms
 ✓ |node| tests/backend/site/public-query-budget.test.ts (8 tests) 24ms
 ✓ |node| tests/backend/task-admin/article-generate-parent-aggregation.test.ts (8 tests) 16ms
 ✓ |node| tests/backend/runtime/runtime-dir-isolation-guard.test.ts (409 tests) 23ms
 ✓ |node| tests/backend/tasks/worker-failure-observability.test.ts (8 tests) 19ms
 ✓ |node| tests/backend/task-admin/task-control-mutations.test.ts (21 tests) 19ms
 ✓ |node| tests/backend/site-settings/write-service.test.ts (24 tests) 19ms
 ✓ |node| tests/backend/revenue/moboreader-revenue-parser.test.ts (78 tests) 14ms
 ✓ |node| tests/backend/revenue/revenue-sync-params.test.ts (25 tests) 14ms
 ✓ |node| tests/backend/flags/article-novel-rebind-flags-passthrough.test.ts (6 tests) 13ms
 ✓ |node| tests/backend/revenue/revenue-read-service.test.ts (28 tests) 16ms
 ✓ |node| tests/backend/revenue/revenue-sync-enqueue.test.ts (24 tests) 16ms
 ✓ |node| tests/backend/flags/article-blog-flags-passthrough.test.ts (11 tests) 14ms
 ✓ |node| tests/backend/publish-gate/service.test.ts (13 tests) 17ms
 ✓ |node| tests/backend/public/novel-locale-check.test.ts (14 tests) 14ms
 ✓ |node| tests/integration/auth/admin-guards.test.ts (13 tests) 9ms
 ✓ |node| tests/backend/tagging/classifier-config-b23.test.ts (11 tests) 14ms
 ✓ |node| tests/backend/home-carousel/carousel-check-simulation.test.ts (16 tests) 8ms
 ✓ |node| tests/backend/home-carousel/cron.test.ts (14 tests) 11ms
 ✓ |node| tests/backend/governance/ai-workflow-entrypoints.test.ts (22 tests) 8ms
 ✓ |node| tests/backend/public/go-redirect-tracking-gate.test.ts (7 tests) 11ms
 ✓ |node| tests/backend/publish-gate/rights-transitions.test.ts (15 tests) 14ms
 ✓ |node| tests/backend/tasks/daily-sweep-window.test.ts (7 tests) 8ms
 ✓ |node| tests/backend/governance/x7-contracts.test.ts (6 tests) 6ms
stderr | tests/backend/publication/dispatcher.test.ts > dispatchFirstPublicPublication > isolates an IndexNow handler failure into result.errors without throwing
[PublicationDispatcher] IndexNow enqueue failed: indexnow down

stderr | tests/backend/publication/dispatcher.test.ts > dispatchFirstPublicPublication > isolates a sitemap handler failure into result.errors without throwing
[PublicationDispatcher] sitemap enqueue failed: sitemap down

stderr | tests/backend/publication/dispatcher.test.ts > dispatchFirstPublicPublication > runs both handlers and still reports both errors independently on double failure
[PublicationDispatcher] IndexNow enqueue failed: a

stderr | tests/backend/publication/dispatcher.test.ts > dispatchFirstPublicPublication > runs both handlers and still reports both errors independently on double failure
[PublicationDispatcher] sitemap enqueue failed: b

stderr | tests/backend/publication/dispatcher.test.ts > dispatchFirstPublicPublication > one handler failing does not prevent the other from succeeding
[PublicationDispatcher] IndexNow enqueue failed: indexnow down

 ✓ |node| tests/backend/publication/dispatcher.test.ts (8 tests) 7ms
 ✓ |node| tests/backend/locale/channel-language.test.ts (60 tests) 11ms
 ✓ |node| tests/backend/article-rebind/guards.test.ts (18 tests) 8ms
 ✓ |node| tests/backend/publish-gate/preview-decoupling.test.ts (13 tests) 9ms
 ✓ |node| tests/backend/publish-gate/admin-wrappers.test.ts (3 tests) 8ms
 ✓ |node| tests/backend/runtime/article-publish-lane-config.test.ts (7 tests) 7ms
 ✓ |node| tests/backend/foundation/register-moboreader-foundation.test.ts (11 tests) 12ms
 ✓ |node| tests/backend/indexnow/sweep-wiring.test.ts (10 tests) 9ms
 ✓ |node| tests/backend/article-rebind/write-shape-static.test.ts (14 tests) 7ms
 ✓ |node| tests/backend/site/category-queries.test.ts (6 tests) 11ms
 ✓ |node| tests/backend/tagging/description-boilerplate.test.ts (16 tests) 11ms
 ✓ |node| tests/backend/tasks/article-publish-handlers.test.ts (11 tests) 10ms
 ✓ |node| tests/backend/entity-fix/moboreader-foundation-swap-unit.test.ts (20 tests) 10ms
 ✓ |node| tests/backend/task-admin/book-counts.test.ts (12 tests) 10ms
 ✓ |node| tests/backend/tasks/worker-startup.test.ts (6 tests) 7ms
 ✓ |node| tests/backend/indexnow/outbox.test.ts (19 tests) 12ms
 ✓ |node| tests/backend/site/related-novels.test.ts (3 tests) 7ms
 ✓ |node| tests/backend/tasks/promo-link-claim-factory.test.ts (10 tests) 10ms
 ✓ |node| tests/backend/tasks/promo-link-claim-system-hold.test.ts (16 tests) 6ms
 ✓ |node| tests/backend/tasks/worker-light-fairness.test.ts (6 tests) 9ms
 ✓ |node| tests/backend/indexnow/eligibility.test.ts (30 tests) 8ms
 ✓ |node| tests/backend/tasks/side-effect-state.test.ts (12 tests) 8ms
 ✓ |node| tests/backend/slug/text-to-slug.test.ts (16 tests) 6ms
 ✓ |node| tests/backend/tasks/periodic-sweep.test.ts (7 tests) 7ms
 ✓ |node| tests/backend/publish-gate/defer-sitemap-option.test.ts (4 tests) 6ms
 ✓ |node| tests/backend/runtime/x8-catalog-one.test.ts (8 tests) 6ms
 ✓ |node| tests/backend/tasks/shutdown-timeout.test.ts (26 tests) 6ms
 ✓ |node| tests/backend/tasks/article-generate-factory.test.ts (7 tests) 9ms
 ✓ |node| tests/backend/auth/security-boundaries.test.ts (7 tests) 7ms
 ✓ |node| tests/backend/publish-gate/evaluator.test.ts (33 tests) 7ms
 ✓ |node| tests/backend/site/blog-queries.test.ts (12 tests) 7ms
 ✓ |node| tests/backend/publication/visibility.test.ts (49 tests) 8ms
 ✓ |node| tests/backend/tasks/promo-claim-lifecycle.test.ts (42 tests) 8ms
 ✓ |node| tests/backend/seo/sitemap-blog.test.ts (12 tests) 8ms
 ✓ |node| tests/backend/site-settings/service.test.ts (14 tests) 6ms
 ✓ |node| tests/backend/home-carousel/actions-capability.test.ts (4 tests) 6ms
 ✓ |node| tests/backend/indexnow/delivery-primitives.test.ts (22 tests) 6ms
 ✓ |node| tests/backend/tasks/promo-link-binding.test.ts (4 tests) 4ms
 ✓ |node| tests/backend/preview/changdu-materialization.test.ts (11 tests) 5ms
 ✓ |node| tests/backend/revenue/read-star-scope.test.ts (19 tests) 6ms
 ✓ |node| tests/backend/publication/preview-enqueue.test.ts (3 tests) 5ms
 ✓ |node| tests/backend/publication/access.test.ts (19 tests) 5ms
 ✓ |node| tests/backend/adapters/moboreader-rate-limit.test.ts (28 tests) 7ms
 ✓ |node| tests/backend/catalog-batch/lifecycle-enqueue.test.ts (9 tests) 5ms
 ✓ |node| tests/backend/publish-gate/c27-article-type-fork.test.ts (4 tests) 7ms
 ✓ |node| tests/backend/publication/access-blog.test.ts (15 tests) 6ms
 ✓ |node| tests/backend/public/go-tracking-guard.test.ts (37 tests) 5ms
 ✓ |node| tests/backend/locale/probe-unnamed-language-codes.test.ts (8 tests) 5ms
 ✓ |node| tests/backend/publication/revalidate.test.ts (11 tests) 6ms
 ✓ |node| tests/backend/tasks/promo-claim-release-branches.test.ts (6 tests) 6ms
 ✓ |node| tests/backend/home-carousel/serving-source-check.test.ts (6 tests) 5ms
 ✓ |node| tests/backend/indexnow/backfill-manifest.test.ts (8 tests) 5ms
 ✓ |node| tests/backend/p2-06-5-lane-b/upstream-parser.test.ts (4 tests) 6ms
 ✓ |node| tests/backend/locale/active-locales.test.ts (9 tests) 5ms
 ✓ |node| tests/backend/articles/sanitize-body.test.ts (11 tests) 4ms
 ✓ |node| tests/backend/runtime/p2-12-acceptance-safety.test.ts (3 tests) 5ms
 ✓ |node| tests/backend/channel-capability/cli.test.ts (13 tests) 6ms
 ✓ |node| tests/backend/seo/novel-hreflang.test.ts (6 tests) 4ms
 ✓ |node| tests/backend/catalog-batch/promo-claim-shard-estimate.test.ts (7 tests) 4ms
 ✓ |node| tests/backend/content-creation/create-preview-wiring.test.ts (1 test) 6ms
 ✓ |node| tests/backend/tasks/error-sanitizer.test.ts (13 tests) 5ms
 ✓ |node| tests/backend/indexnow/sweep.test.ts (8 tests) 5ms
 ✓ |node| tests/backend/indexnow/recovery.test.ts (8 tests) 4ms
 ✓ |node| tests/backend/content-creation/blog-publish-gate-e2e.test.ts (3 tests) 4ms
 ✓ |node| tests/backend/catalog-sync/read-channel-apps.test.ts (3 tests) 4ms
 ✓ |node| tests/backend/tasks/promo-link-claim-publish-gate-e2e.test.ts (2 tests) 6ms
 ✓ |node| tests/backend/database/carousel-check-static.test.ts (15 tests) 6ms
 ✓ |node| tests/backend/tagging/p2-06-5-governance.test.ts (4 tests) 4ms
 ✓ |node| tests/backend/content-creation/business-id.test.ts (7 tests) 5ms
 ✓ |node| tests/integration/tasks/preview-opening-postgres.test.ts (27 tests | 13 skipped) 5ms
 ✓ |node| tests/backend/tagging/raw-language-scope.test.ts (4 tests) 4ms
 ✓ |node| tests/backend/tagging/admin-service.test.ts (4 tests) 6ms
 ✓ |node| tests/backend/catalog-batch/read-summary.test.ts (4 tests) 4ms
 ✓ |node| tests/backend/database/c24-article-axes-static.test.ts (10 tests) 5ms
 ✓ |node| tests/backend/runtime/book-b-existing-promo-e2e.test.ts (3 tests) 6ms
 ✓ |node| tests/backend/content-creation/article-generate-page.test.ts (3 tests) 5ms
 ✓ |node| tests/backend/home-carousel/queries.test.ts (8 tests) 7ms
 ✓ |node| tests/backend/tagging/task-cli.test.ts (4 tests) 5ms
 ✓ |node| tests/backend/indexnow/eligibility-blog.test.ts (13 tests) 5ms
 ✓ |node| tests/backend/database/c30-novel-rebind-checks-static.test.ts (5 tests) 3ms
 ✓ |node| tests/backend/home-carousel/worker-handler.test.ts (6 tests) 4ms
 ✓ |node| tests/backend/site/canonical-tag-public-i18n.test.ts (3 tests) 4ms
 ✓ |node| tests/backend/content-creation/legacy-task-inventory-sql.test.ts (1 test) 2ms
 ✓ |node| tests/backend/sitemap-admin/cli.test.ts (5 tests) 6ms
 ✓ |node| tests/backend/database/l10n-p3-article-template-locale-static.test.ts (4 tests) 4ms
 ✓ |node| tests/backend/auth/credential-lifecycle.test.ts (6 tests) 4ms
 ✓ |node| tests/backend/tasks/runtime-contract.test.ts (5 tests) 5ms
 ✓ |node| tests/backend/credentials/jwt-normalization.test.ts (11 tests) 4ms
 ✓ |node| tests/backend/contracts/p2-05-secret-and-scope.test.ts (4 tests) 5ms
 ✓ |node| tests/backend/tasks/promo-claim-release.test.ts (11 tests) 4ms
 ✓ |node| tests/backend/database/carousel-grants.test.ts (6 tests) 5ms
 ✓ |node| tests/backend/tasks/task-control.test.ts (8 tests) 5ms
 ✓ |node| tests/backend/tasks/moboreader-free-book-normalization.test.ts (15 tests) 3ms
 ✓ |node| tests/backend/indexnow/backfill-apply-gates.test.ts (9 tests) 4ms
 ✓ |node| tests/backend/catalog-batch/phase.test.ts (18 tests) 3ms
 ✓ |node| tests/backend/database/c27-blog-article-foundation-static.test.ts (9 tests) 4ms
 ✓ |node| tests/backend/credentials/claim-readiness.test.ts (6 tests) 3ms
 ✓ |node| tests/backend/p2-06-5-lane-b/budget-controller.test.ts (5 tests) 3ms
 ✓ |node| tests/backend/tasks/moboreader-upstream-recommended-page-size.test.ts (5 tests) 3ms
 ✓ |node| tests/backend/publication/promo-whitespace-boundaries.test.ts (1 test) 5ms
 ✓ |node| tests/backend/tasks/catalog-finalize-recovery-contract.test.ts (4 tests) 4ms
 ✓ |node| tests/backend/publication/promo-ready-where.test.ts (15 tests) 3ms
 ✓ |node| tests/backend/flags/seo-visibility-flags-passthrough.test.ts (7 tests) 4ms
 ✓ |node| tests/backend/task-admin/safe-task-error.test.ts (5 tests) 3ms
 ✓ |node| tests/backend/site/category-links.test.ts (6 tests) 3ms
 ✓ |node| tests/backend/tasks/recompute-parent-task-guard.test.ts (2 tests) 3ms
 ✓ |node| tests/backend/content-creation/novel-article-decouple-database-guard.test.ts (2 tests) 3ms
 ✓ |node| tests/backend/public/source-boundaries.test.ts (2 tests) 3ms
 ✓ |node| tests/backend/content-creation/novel-materialization-locale.test.ts (11 tests) 5ms
 ✓ |node| tests/backend/tasks/promo-link-claim-redaction.test.ts (4 tests) 3ms
 ✓ |node| tests/backend/revenue/revenue-sync-local-env.test.ts (1 test) 3ms
 ✓ |node| tests/backend/contracts/credential-task-failure-read-path.test.ts (6 tests) 3ms
 ✓ |node| tests/backend/slug/article-path.test.ts (11 tests) 3ms
 ✓ |node| tests/backend/database/p1-08-credential-status-static.test.ts (3 tests) 4ms
 ✓ |node| tests/backend/runtime/launch-day-health-checks.test.ts (2 tests) 4ms
 ✓ |node| tests/backend/database/tagging-grants.test.ts (2 tests) 2ms
 ✓ |node| tests/backend/content-creation/materialize-no-article-side-effects.test.ts (3 tests) 3ms
 ✓ |node| tests/backend/publish-gate/resolve-publish-time.test.ts (8 tests) 3ms
 ✓ |node| tests/backend/seo/novel-hreflang-whitelist.test.ts (2 tests) 3ms
 ✓ |node| tests/backend/runtime/x8-promo-fixture.test.ts (3 tests) 3ms
 ✓ |node| tests/backend/tasks/registry.test.ts (3 tests) 2ms
 ✓ |node| tests/backend/site/canonical-tag-label.test.ts (5 tests) 2ms
 ✓ |node| tests/backend/governance/real-upstream-report-template.test.ts (2 tests) 2ms
 ✓ |node| tests/backend/public/home-carousel-service.test.ts (1 test) 2ms
 ✓ |node| tests/backend/public/permanent-redirect-status.test.ts (1 test) 2ms
 ✓ |node| tests/backend/database/c27-novel-id-by-type-check-truth-table.test.ts (5 tests) 2ms
 ✓ |node| tests/backend/slug/blog-path.test.ts (5 tests) 3ms
 ✓ |node| tests/backend/public/paragraphs.test.ts (2 tests) 2ms
 ✓ |node| tests/backend/public/not-found-status.test.ts (1 test) 2ms
 ✓ |node| tests/backend/tasks/state.test.ts (5 tests) 2ms
 ✓ |node| tests/backend/tasks/scheduler-boundary.test.ts (1 test) 2ms
 ↓ |node| tests/integration/admin-content/p2-04-postgres.test.ts (4 tests | 4 skipped)
 ↓ |node| tests/integration/article-rebind/batch-200.test.ts (5 tests | 5 skipped)
 ↓ |node| tests/integration/article-rebind/two-field-atomic.test.ts (4 tests | 4 skipped)
 ↓ |node| tests/integration/article-templates/p2-02b-article-render-postgres.test.ts (5 tests | 5 skipped)
 ↓ |node| tests/integration/article-templates/p2-02b-postgres.test.ts (8 tests | 8 skipped)
 ↓ |node| tests/integration/article-templates/template-version-selection-postgres.test.ts (4 tests | 4 skipped)
 ↓ |node| tests/integration/article-templates/tkd-repair-postgres.test.ts (17 tests | 17 skipped)
 ↓ |node| tests/integration/auth/add-admin-identity-postgres.test.ts (2 tests | 2 skipped)
 ↓ |node| tests/integration/auth/p1-08b-postgres-auth.test.ts (8 tests | 8 skipped)
 ↓ |node| tests/integration/catalog-batch/promo-claim-catalog-position-sort-postgres.test.ts (1 test | 1 skipped)
 ↓ |node| tests/integration/content-creation/novel-article-decouple-postgres.test.ts (4 tests | 4 skipped)
 ↓ |node| tests/integration/catalog-batch/promo-claim-lifecycle-shard-enumeration-postgres.test.ts (4 tests | 4 skipped)
 ↓ |node| tests/integration/catalog-batch/postgres.test.ts (46 tests | 46 skipped)
 ↓ |node| tests/integration/credentials/p1-08b-credential-worker.test.ts (16 tests | 16 skipped)
 ↓ |node| tests/integration/database/c27-blog-article-postgres.test.ts (11 tests | 11 skipped)
 ↓ |node| tests/integration/database/c28-blog-article-postgres.test.ts (3 tests | 3 skipped)
 ↓ |node| tests/integration/database/c29-blog-public-postgres.test.ts (5 tests | 5 skipped)
 ↓ |node| tests/integration/database/p1-06-postgres.test.ts (7 tests | 7 skipped)
 ↓ |node| tests/integration/entity-fix/moboreader-foundation-swap.test.ts (6 tests | 6 skipped)
 ↓ |node| tests/integration/health/worker-health-indexes-postgres.test.ts (7 tests | 7 skipped)
 ↓ |node| tests/integration/database/x6-site-setting-postgres.test.ts (4 tests | 4 skipped)
 ↓ |node| tests/integration/revenue/revenue-dashboard-postgres.test.ts (24 tests | 24 skipped)
 ↓ |node| tests/integration/publish-gate/batch-publish-postgres.test.ts (16 tests | 16 skipped)
 ↓ |node| tests/integration/task-admin/x9-postgres.test.ts (27 tests | 27 skipped)
 ↓ |node| tests/integration/tasks/article-publish-batch-postgres.test.ts (12 tests | 12 skipped)
 ↓ |node| tests/integration/tasks/catalog-finalize-postgres.test.ts (8 tests | 8 skipped)
 ↓ |node| tests/integration/tasks/p1-07-postgres.test.ts (28 tests | 28 skipped)
 ↓ |node| tests/integration/tasks/p1-13-postgres-acceptance.test.ts (6 tests | 6 skipped)
 ↓ |node| tests/integration/tasks/indexnow-sweep-postgres.test.ts (20 tests | 20 skipped)
 ↓ |node| tests/integration/tasks/p2-05-postgres.test.ts (41 tests | 41 skipped)
 ↓ |node| tests/integration/tasks/preview-account-hold-postgres.test.ts (7 tests | 7 skipped)
 ↓ |node| tests/integration/tasks/promo-claim-lifecycle-shard-deadline-postgres.test.ts (6 tests | 6 skipped)
 ↓ |node| tests/integration/tasks/promo-claim-batch-control-postgres.test.ts (25 tests | 25 skipped)
 ↓ |node| tests/integration/tasks/promo-claim-release-postgres.test.ts (24 tests | 24 skipped)
 ↓ |node| tests/integration/tasks/publication-preview-postgres.test.ts (12 tests | 12 skipped)
 ↓ |node| tests/integration/tasks/sitemap-category-cap-postgres.test.ts (11 tests | 11 skipped)
 ↓ |node| tests/integration/tasks/sitemap-refresh-postgres.test.ts (15 tests | 15 skipped)
 ↓ |node| tests/integration/tasks/sitemap-scale-postgres.test.ts (8 tests | 8 skipped)
 ↓ |node| tests/integration/tasks/task-claim-skip-ineligible-parents-postgres.test.ts (12 tests | 12 skipped)
 ↓ |node| tests/integration/tasks/worker-light-postgres.test.ts (12 tests | 12 skipped)
 ↓ |node| tests/integration/tasks/x10-task-control-postgres.test.ts (7 tests | 7 skipped)
 ↓ |node| tests/integration/tagging/p2-06-5-postgres.test.ts (15 tests | 15 skipped)
 ↓ |node| tests/integration/tagging/task-creation-postgres.test.ts (6 tests | 6 skipped)
 ↓ |node| tests/integration/tagging/public-auto-postgres.test.ts (12 tests | 12 skipped)

 Test Files  554 passed | 44 skipped (598)
      Tests  9032 passed | 539 skipped (9571)
   Start at  16:31:29
   Duration  202.65s (transform 8.71s, setup 0ms, collect 57.35s, tests 600.38s, environment 54.97s, prepare 28.78s)

16.15 (Debian 16.15-1.pgdg13+2)
P1_05B_VERIFICATION=PASS
P1_05B_DATABASE_CLEANED=yes
