record_type,mapping_key,group_identity,channel_app_id,raw_language_scope,scope_label_non_authoritative,exact_raw_token,exact_raw_token_utf8_base64,exact_raw_token_sha256,book_frequency,occurrence_count,carrier_book_count,representative_book_ids_json,final_disposition,decision_source,consensus_tier,review_confidence,reason,risk,edge_index,fanout,canonical_stable_id,canonical_slug,canonical_display_name_zh,candidate_status
MAPPING_EDGE,3ae9a97ddccca9a39cf7317ec08eabc743034af9b43cfc91f02677de2ae90f25,ab192d2e8ffab954a86d8ce27dc7053ad6065a4553c24e87e1dd13f732dc4b88,changdu-app,"[""RAW_LANGUAGE_SCOPE_V1"",""[\""number\"",\""10\""]"",[""string"",""阿拉伯语""]]",AR,Adolescent,QWRvbGVzY2VudA==,2a8179b03ce566644fd963579db04b98b93f5c8b9c509b51128f561cf38e7660,2,2,2,"[""[\""LANE_B_BOOK_ID_V1\"",\""[\\\""string\\\"",\\\""changdu-app\\\""]\"",\""[\\\""number\\\"",\\\""523511373\\\""]\"",\""[\\\""RAW_LANGUAGE_SCOPE_V1\\\"",\\\""[\\\\\\\""number\\\\\\\"",\\\\\\\""10\\\\\\\""]\\\"",[\\\""string\\\"",\\\""阿拉伯语\\\""]]\""]"",""[\""LANE_B_BOOK_ID_V1\"",\""[\\\""string\\\"",\\\""changdu-app\\\""]\"",\""[\\\""number\\\"",\\\""523511374\\\""]\"",\""[\\\""RAW_LANGUAGE_SCOPE_V1\\\"",\\\""[\\\\\\\""number\\\\\\\"",\\\\\\\""10\\\\\\\""]\\\"",[\\\""string\\\"",\\\""阿拉伯语\\\""]]\""]""]",APPROVED_MAP_CANDIDATE,CROSS_REVIEW_FINAL,TIER_2_GOOD,0.79,四家同decision同target；但书证存在部分反证：仅2本，偏青春但样本极小,NONE_IDENTIFIED,1,1,ct-v1-young-adult,young-adult,青少年,APPROVED_OFFLINE_CANDIDATE_ONLY
MAPPING_EDGE,b8ccfb7b5c452205ca1f0c2b9444e2df59b8332776c430fece3bdabd215972cf,90700a16d126c6a446aa441f26e4df778a5fd775f48eda8c32a28407e37b8304,changdu-app,"[""RAW_LANGUAGE_SCOPE_V1"",""[\""number\"",\""10\""]"",[""string"",""阿拉伯语""]]",AR,Histoire,SGlzdG9pcmU=,7c574fe25d60550a761cfd7c2e3a1c46b8656913a9f26bb72dac406bf8774229,3,3,3,"[""[\""LANE_B_BOOK_ID_V1\"",\""[\\\""string\\\"",\\\""changdu-app\\\""]\"",\""[\\\""number\\\"",\\\""523511367\\\""]\"",\""[\\\""RAW_LANGUAGE_SCOPE_V1\\\"",\\\""[\\\\\\\""number\\\\\\\"",\\\\\\\""10\\\\\\\""]\\\"",[\\\""string\\\"",\\\""阿拉伯语\\\""]]\""]"",""[\""LANE_B_BOOK_ID_V1\"",\""[\\\""string\\\"",\\\""changdu-app\\\""]\"",\""[\\\""number\\\"",\\\""523511368\\\""]\"",\""[\\\""RAW_LANGUAGE_SCOPE_V1\\\"",\\\""[\\\\\\\""number\\\\\\\"",\\\\\\\""10\\\\\\\""]\\\"",[\\\""string\\\"",\\\""阿拉伯语\\\""]]\""]"",""[\""LANE_B_BOOK_ID_V1\"",\""[\\\""string\\\"",\\\""changdu-app\\\""]\"",\""[\\\""number\\\"",\\\""523511369\\\""]\"",\""[\\\""RAW_LANGUAGE_SCOPE_V1\\\"",\\\""[\\\\\\\""number\\\\\\\"",\\\\\\\""10\\\\\\\""]\\\"",[\\\""string\\\"",\\\""阿拉伯语\\\""]]\""]""]",APPROVED_MAP_CANDIDATE,CROSS_REVIEW_FINAL,TIER_4_SPLIT,0.68,2/3书证为重生太子妃/21世纪法医穿越皇室——支持古言；阿语scope样本极小(46本)且包装混乱，低置信接受,C/D: HUMAN_REVIEW（scope证据薄）,1,1,ct-v1-historical-romance,historical-romance,古代言情,APPROVED_OFFLINE_CANDIDATE_ONLY
MAPPING_EDGE,1de6cfe112f10e6e448f194a3db9ac942f556621730ba1a2111e964a5dd53096,798a95525ed279b1bb613e4a33b6bd2692a8bf46b76be78243a5657b8bb6475b,changdu-app,"[""RAW_LANGUAGE_SCOPE_V1"",""[\""number\"",\""10\""]"",[""string"",""阿拉伯语""]]",AR,Horreur,SG9ycmV1cg==,f4e6ed48bcb9b71397210becffc699c7063a8101506e4e98c030c9b26e5618b9,1,1,1,"[""[\""LANE_B_BOOK_ID_V1\"",\""[\\\""string\\\"",\\\""changdu-app\\\""]\"",\""[\\\""number\\\"",\\\""523511377\\\""]\"",\""[\\\""RAW_LANGUAGE_SCOPE_V1\\\"",\\\""[\\\\\\\""number\\\\\\\"",\\\\\\\""10\\\\\\\""]\\\"",[\\\""string\\\"",\\\""阿拉伯语\\\""]]\""]""]",APPROVED_MAP_CANDIDATE,CROSS_REVIEW_FINAL,TIER_2_GOOD,0.8,A/B/C提出同一horror概念；本scope书证干净：真鬼屋超自然书证；suspense无法承载恐惧体验检索,D: HUMAN_REVIEW（对全部Horror键一刀切0.47——对本scope过度保守）,1,1,ct-v1-horror,horror,恐怖,APPROVED_OFFLINE_CANDIDATE_ONLY
MAPPING_EDGE,7e618817e78962da9edb6baf8691390d3b3e2706d15eddc3d09d2539816c7296,5affa2b4656060531905bc9d261acec2c9d80e5f7e50317f70ab536779b7ab63,changdu-app,"[""RAW_LANGUAGE_SCOPE_V1"",""[\""number\"",\""10\""]"",[""string"",""阿拉伯语""]]",AR,Loup-garou,TG91cC1nYXJvdQ==,fdadc1efde6f809533133a97b865fa2f94d246aa5133cd89850185e83b2cd995,1,1,1,"[""[\""LANE_B_BOOK_ID_V1\"",\""[\\\""string\\\"",\\\""changdu-app\\\""]\"",\""[\\\""number\\\"",\\\""501327839\\\""]\"",\""[\\\""RAW_LANGUAGE_SCOPE_V1\\\"",\\\""[\\\\\\\""number\\\\\\\"",\\\\\\\""10\\\\\\\""]\\\"",[\\\""string\\\"",\\\""阿拉伯语\\\""]]\""]""]",APPROVED_MAP_CANDIDATE,CROSS_REVIEW_FINAL,TIER_1_STRONG,0.9,4/4 decision+target一致，代表书证与目标语义相符，无明显反证,NONE_IDENTIFIED,1,1,ct-v1-werewolf,werewolf,狼人,APPROVED_OFFLINE_CANDIDATE_ONLY
MAPPING_EDGE,9e3e24ba4fec19dadbbdea9febf794490cfcbbf3b3d80363d3a26ff16521de62,c1d9148abaa7e19ab5832be33f455ca8db7fe4765212980176c7d10e359046bf,changdu-app,"[""RAW_LANGUAGE_SCOPE_V1"",""[\""number\"",\""10\""]"",[""string"",""阿拉伯语""]]",AR,Milliardaires,TWlsbGlhcmRhaXJlcw==,7d1e56f3c6ff2e99828a110dd26bc68ec9e682b126308e67a1c843918feeef86,3,3,3,"[""[\""LANE_B_BOOK_ID_V1\"",\""[\\\""string\\\"",\\\""changdu-app\\\""]\"",\""[\\\""number\\\"",\\\""523511370\\\""]\"",\""[\\\""RAW_LANGUAGE_SCOPE_V1\\\"",\\\""[\\\\\\\""number\\\\\\\"",\\\\\\\""10\\\\\\\""]\\\"",[\\\""string\\\"",\\\""阿拉伯语\\\""]]\""]"",""[\""LANE_B_BOOK_ID_V1\"",\""[\\\""string\\\"",\\\""changdu-app\\\""]\"",\""[\\\""number\\\"",\\\""523511371\\\""]\"",\""[\\\""RAW_LANGUAGE_SCOPE_V1\\\"",\\\""[\\\\\\\""number\\\\\\\"",\\\\\\\""10\\\\\\\""]\\\"",[\\\""string\\\"",\\\""阿拉伯语\\\""]]\""]"",""[\""LANE_B_BOOK_ID_V1\"",\""[\\\""string\\\"",\\\""changdu-app\\\""]\"",\""[\\\""number\\\"",\\\""523511372\\\""]\"",\""[\\\""RAW_LANGUAGE_SCOPE_V1\\\"",\\\""[\\\\\\\""number\\\\\\\"",\\\\\\\""10\\\\\\\""]\\\"",[\\\""string\\\"",\\\""阿拉伯语\\\""]]\""]""]",APPROVED_MAP_CANDIDATE,CROSS_REVIEW_FINAL,TIER_1_STRONG,0.89,4/4 decision+target一致，代表书证与目标语义相符，无明显反证,NONE_IDENTIFIED,1,1,ct-v1-wealthy-ceo,wealthy-ceo,豪门总裁,APPROVED_OFFLINE_CANDIDATE_ONLY
MAPPING_EDGE,78f4a1c02b1b798180ad97f2db7e9fe234eadb604ca912f73e598ed8e664503f,36fa223548bfb04f6d1023d5b16e548a8e4c061b89dfb067d92751385a7118d3,changdu-app,"[""RAW_LANGUAGE_SCOPE_V1"",""[\""number\"",\""10\""]"",[""string"",""阿拉伯语""]]",AR,Moderne,TW9kZXJuZQ==,ea2049ce73dc464f4f449f4a570e8f16862bb2225bff80a1c07e2ccbabca49ac,22,22,22,"[""[\""LANE_B_BOOK_ID_V1\"",\""[\\\""string\\\"",\\\""changdu-app\\\""]\"",\""[\\\""number\\\"",\\\""1129665198\\\""]\"",\""[\\\""RAW_LANGUAGE_SCOPE_V1\\\"",\\\""[\\\\\\\""number\\\\\\\"",\\\\\\\""10\\\\\\\""]\\\"",[\\\""string\\\"",\\\""阿拉伯语\\\""]]\""]"",""[\""LANE_B_BOOK_ID_V1\"",\""[\\\""string\\\"",\\\""changdu-app\\\""]\"",\""[\\\""number\\\"",\\\""858241524\\\""]\"",\""[\\\""RAW_LANGUAGE_SCOPE_V1\\\"",\\\""[\\\\\\\""number\\\\\\\"",\\\\\\\""10\\\\\\\""]\\\"",[\\\""string\\\"",\\\""阿拉伯语\\\""]]\""]"",""[\""LANE_B_BOOK_ID_V1\"",\""[\\\""string\\\"",\\\""changdu-app\\\""]\"",\""[\\\""number\\\"",\\\""804041227\\\""]\"",\""[\\\""RAW_LANGUAGE_SCOPE_V1\\\"",\\\""[\\\\\\\""number\\\\\\\"",\\\\\\\""10\\\\\\\""]\\\"",[\\\""string\\\"",\\\""阿拉伯语\\\""]]\""]"",""[\""LANE_B_BOOK_ID_V1\"",\""[\\\""string\\\"",\\\""changdu-app\\\""]\"",\""[\\\""number\\\"",\\\""714430113\\\""]\"",\""[\\\""RAW_LANGUAGE_SCOPE_V1\\\"",\\\""[\\\\\\\""number\\\\\\\"",\\\\\\\""10\\\\\\\""]\\\"",[\\\""string\\\"",\\\""阿拉伯语\\\""]]\""]"",""[\""LANE_B_BOOK_ID_V1\"",\""[\\\""string\\\"",\\\""changdu-app\\\""]\"",\""[\\\""number\\\"",\\\""719171748\\\""]\"",\""[\\\""RAW_LANGUAGE_SCOPE_V1\\\"",\\\""[\\\\\\\""number\\\\\\\"",\\\\\\\""10\\\\\\\""]\\\"",[\\\""string\\\"",\\\""阿拉伯语\\\""]]\""]""]",APPROVED_MAP_CANDIDATE,CROSS_REVIEW_FINAL,TIER_3_TARGET_CONFLICT,0.88,女频共现~100%，书证全为现代豪门婚恋/复仇言情；modern-romance为检索等价入口,C: contemporary-setting（setting facet字面映射，不错但检索价值低）,1,1,ct-v1-modern-romance,modern-romance,现代言情,APPROVED_OFFLINE_CANDIDATE_ONLY
MAPPING_EDGE,e3784ea74ed2174d2d3a4da726c0dd1ca5b4164798bc9964a131219f5d9c212c,bfe5216b212e210f2188645c9f8dc1692d7f6f3553d8755d81e68091329ab992,changdu-app,"[""RAW_LANGUAGE_SCOPE_V1"",""[\""number\"",\""10\""]"",[""string"",""阿拉伯语""]]",AR,Romance,Um9tYW5jZQ==,3bc3567a7fc6511a85072520dc1bdb95a732c4aee93a6533d53954f39124d7c9,8,8,8,"[""[\""LANE_B_BOOK_ID_V1\"",\""[\\\""string\\\"",\\\""changdu-app\\\""]\"",\""[\\\""number\\\"",\\\""1129665199\\\""]\"",\""[\\\""RAW_LANGUAGE_SCOPE_V1\\\"",\\\""[\\\\\\\""number\\\\\\\"",\\\\\\\""10\\\\\\\""]\\\"",[\\\""string\\\"",\\\""阿拉伯语\\\""]]\""]"",""[\""LANE_B_BOOK_ID_V1\"",\""[\\\""string\\\"",\\\""changdu-app\\\""]\"",\""[\\\""number\\\"",\\\""1129665200\\\""]\"",\""[\\\""RAW_LANGUAGE_SCOPE_V1\\\"",\\\""[\\\\\\\""number\\\\\\\"",\\\\\\\""10\\\\\\\""]\\\"",[\\\""string\\\"",\\\""阿拉伯语\\\""]]\""]"",""[\""LANE_B_BOOK_ID_V1\"",\""[\\\""string\\\"",\\\""changdu-app\\\""]\"",\""[\\\""number\\\"",\\\""499606725\\\""]\"",\""[\\\""RAW_LANGUAGE_SCOPE_V1\\\"",\\\""[\\\\\\\""number\\\\\\\"",\\\\\\\""10\\\\\\\""]\\\"",[\\\""string\\\"",\\\""阿拉伯语\\\""]]\""]"",""[\""LANE_B_BOOK_ID_V1\"",\""[\\\""string\\\"",\\\""changdu-app\\\""]\"",\""[\\\""number\\\"",\\\""501327836\\\""]\"",\""[\\\""RAW_LANGUAGE_SCOPE_V1\\\"",\\\""[\\\\\\\""number\\\\\\\"",\\\\\\\""10\\\\\\\""]\\\"",[\\\""string\\\"",\\\""阿拉伯语\\\""]]\""]"",""[\""LANE_B_BOOK_ID_V1\"",\""[\\\""string\\\"",\\\""changdu-app\\\""]\"",\""[\\\""number\\\"",\\\""501327838\\\""]\"",\""[\\\""RAW_LANGUAGE_SCOPE_V1\\\"",\\\""[\\\\\\\""number\\\\\\\"",\\\\\\\""10\\\\\\\""]\\\"",[\\\""string\\\"",\\\""阿拉伯语\\\""]]\""]""]",APPROVED_MAP_CANDIDATE,CROSS_REVIEW_FINAL,TIER_1_STRONG,0.92,4/4 decision+target一致，代表书证与目标语义相符，无明显反证,NONE_IDENTIFIED,1,1,ct-v1-romance,romance,言情,APPROVED_OFFLINE_CANDIDATE_ONLY
MAPPING_EDGE,75a6d3266504f7fc84f02ff09cd3efb32d9d4812e8b9de89e6d8ed6d3c9e1444,18a02ccab2101dbf41c6d9e07b9d6c8417b38bbd16129c969ae0d09d4a60a50d,changdu-app,"[""RAW_LANGUAGE_SCOPE_V1"",""[\""number\"",\""10\""]"",[""string"",""阿拉伯语""]]",AR,女频,5aWz6aKR,d9867749ec31f19fe7bfa4a782791bb108a8c9bc80653d481d3f1110f260cebb,44,44,44,"[""[\""LANE_B_BOOK_ID_V1\"",\""[\\\""string\\\"",\\\""changdu-app\\\""]\"",\""[\\\""number\\\"",\\\""1129665198\\\""]\"",\""[\\\""RAW_LANGUAGE_SCOPE_V1\\\"",\\\""[\\\\\\\""number\\\\\\\"",\\\\\\\""10\\\\\\\""]\\\"",[\\\""string\\\"",\\\""阿拉伯语\\\""]]\""]"",""[\""LANE_B_BOOK_ID_V1\"",\""[\\\""string\\\"",\\\""changdu-app\\\""]\"",\""[\\\""number\\\"",\\\""1129665199\\\""]\"",\""[\\\""RAW_LANGUAGE_SCOPE_V1\\\"",\\\""[\\\\\\\""number\\\\\\\"",\\\\\\\""10\\\\\\\""]\\\"",[\\\""string\\\"",\\\""阿拉伯语\\\""]]\""]"",""[\""LANE_B_BOOK_ID_V1\"",\""[\\\""string\\\"",\\\""changdu-app\\\""]\"",\""[\\\""number\\\"",\\\""1129665200\\\""]\"",\""[\\\""RAW_LANGUAGE_SCOPE_V1\\\"",\\\""[\\\\\\\""number\\\\\\\"",\\\\\\\""10\\\\\\\""]\\\"",[\\\""string\\\"",\\\""阿拉伯语\\\""]]\""]"",""[\""LANE_B_BOOK_ID_V1\"",\""[\\\""string\\\"",\\\""changdu-app\\\""]\"",\""[\\\""number\\\"",\\\""858241524\\\""]\"",\""[\\\""RAW_LANGUAGE_SCOPE_V1\\\"",\\\""[\\\\\\\""number\\\\\\\"",\\\\\\\""10\\\\\\\""]\\\"",[\\\""string\\\"",\\\""阿拉伯语\\\""]]\""]"",""[\""LANE_B_BOOK_ID_V1\"",\""[\\\""string\\\"",\\\""changdu-app\\\""]\"",\""[\\\""number\\\"",\\\""804041227\\\""]\"",\""[\\\""RAW_LANGUAGE_SCOPE_V1\\\"",\\\""[\\\\\\\""number\\\\\\\"",\\\\\\\""10\\\\\\\""]\\\"",[\\\""string\\\"",\\\""阿拉伯语\\\""]]\""]"",""[\""LANE_B_BOOK_ID_V1\"",\""[\\\""string\\\"",\\\""changdu-app\\\""]\"",\""[\\\""number\\\"",\\\""714430113\\\""]\"",\""[\\\""RAW_LANGUAGE_SCOPE_V1\\\"",\\\""[\\\\\\\""number\\\\\\\"",\\\\\\\""10\\\\\\\""]\\\"",[\\\""string\\\"",\\\""阿拉伯语\\\""]]\""]"",""[\""LANE_B_BOOK_ID_V1\"",\""[\\\""string\\\"",\\\""changdu-app\\\""]\"",\""[\\\""number\\\"",\\\""719171748\\\""]\"",\""[\\\""RAW_LANGUAGE_SCOPE_V1\\\"",\\\""[\\\\\\\""number\\\\\\\"",\\\\\\\""10\\\\\\\""]\\\"",[\\\""string\\\"",\\\""阿拉伯语\\\""]]\""]""]",APPROVED_MAP_CANDIDATE,CROSS_REVIEW_FINAL,TIER_2_GOOD,0.95,A/B/C一致映射；audience已是119正式facet（ct-v1-female-audience存在），书证全为女性向,D: IGNORE（视为运营二分旗——但artifact已建audience facet，忽略反而丢失已建模维度）,1,1,ct-v1-female-audience,female-audience,女性向,APPROVED_OFFLINE_CANDIDATE_ONLY
MAPPING_EDGE,5f2fdb0935f23f22bcfa8c3234e814bbf9aa47710b7dd7d9ae05870f0e618eaa,ac2a9124a86e647e865dd4128e1a3edc3f1bb86c2ece1a3815209eb62e4998f8,changdu-app,"[""RAW_LANGUAGE_SCOPE_V1"",""[\""number\"",\""10\""]"",[""string"",""阿拉伯语""]]",AR,男频,55S36aKR,e74d73d99251bb2b99c02896258d9fbcd9817488f6538674fda26534b0b450ac,2,2,2,"[""[\""LANE_B_BOOK_ID_V1\"",\""[\\\""string\\\"",\\\""changdu-app\\\""]\"",\""[\\\""number\\\"",\\\""722192196\\\""]\"",\""[\\\""RAW_LANGUAGE_SCOPE_V1\\\"",\\\""[\\\\\\\""number\\\\\\\"",\\\\\\\""10\\\\\\\""]\\\"",[\\\""string\\\"",\\\""阿拉伯语\\\""]]\""]"",""[\""LANE_B_BOOK_ID_V1\"",\""[\\\""string\\\"",\\\""changdu-app\\\""]\"",\""[\\\""number\\\"",\\\""499606724\\\""]\"",\""[\\\""RAW_LANGUAGE_SCOPE_V1\\\"",\\\""[\\\\\\\""number\\\\\\\"",\\\\\\\""10\\\\\\\""]\\\"",[\\\""string\\\"",\\\""阿拉伯语\\\""]]\""]""]",APPROVED_MAP_CANDIDATE,CROSS_REVIEW_FINAL,TIER_2_GOOD,0.92,A/B/C提出同一概念；119只有female-audience无对称男性向入口，8217本可进女性向而1684本男频书无入口，结构性不对称,D: IGNORE（主张女频男频同进同退；若Owner不扩audience则两者一并IGNORE）,1,1,ct-v1-male-audience,male-audience,男性向,APPROVED_OFFLINE_CANDIDATE_ONLY
MAPPING_EDGE,2507c35e8d7b3a7b66c6f2410eca3d57fd4910c273130c5332f6807b163ed1d5,7f0490dd62e61468c15751e6736b5b68a1799e129201984b9648ebcdad953d62,changdu-app,"[""RAW_LANGUAGE_SCOPE_V1"",""[\""number\"",\""16\""]"",[""string"",""德语""]]",DE,Horror,SG9ycm9y,271a22f75d73e13fa558d991442ecde8d75a34a0b9f6216d44b116f8612c82dc,1,1,1,"[""[\""LANE_B_BOOK_ID_V1\"",\""[\\\""string\\\"",\\\""changdu-app\\\""]\"",\""[\\\""number\\\"",\\\""367168709\\\""]\"",\""[\\\""RAW_LANGUAGE_SCOPE_V1\\\"",\\\""[\\\\\\\""number\\\\\\\"",\\\\\\\""16\\\\\\\""]\\\"",[\\\""string\\\"",\\\""德语\\\""]]\""]""]",APPROVED_MAP_CANDIDATE,CROSS_REVIEW_FINAL,TIER_2_GOOD,0.8,A/B/C提出同一horror概念；本scope书证干净：人相食末世恐怖；suspense无法承载恐惧体验检索,D: HUMAN_REVIEW（对全部Horror键一刀切0.47——对本scope过度保守）,1,1,ct-v1-horror,horror,恐怖,APPROVED_OFFLINE_CANDIDATE_ONLY
MAPPING_EDGE,089d068d26f8012f0aa6aeb28c93c57187491e0983c17b531d48b5f928c7795f,5a3260a875bf26e2700047da883cbfb721c30b9617730850bd06b7b7d3ee44ba,changdu-app,"[""RAW_LANGUAGE_SCOPE_V1"",""[\""number\"",\""16\""]"",[""string"",""德语""]]",DE,Jugend,SnVnZW5k,ec168c55ad764b60cb98f7a2ac5b6d8a34a01b53565e34177081a834ad2bec1d,2,2,2,"[""[\""LANE_B_BOOK_ID_V1\"",\""[\\\""string\\\"",\\\""changdu-app\\\""]\"",\""[\\\""number\\\"",\\\""501924590\\\""]\"",\""[\\\""RAW_LANGUAGE_SCOPE_V1\\\"",\\\""[\\\\\\\""number\\\\\\\"",\\\\\\\""16\\\\\\\""]\\\"",[\\\""string\\\"",\\\""德语\\\""]]\""]"",""[\""LANE_B_BOOK_ID_V1\"",\""[\\\""string\\\"",\\\""changdu-app\\\""]\"",\""[\\\""number\\\"",\\\""453506948\\\""]\"",\""[\\\""RAW_LANGUAGE_SCOPE_V1\\\"",\\\""[\\\\\\\""number\\\\\\\"",\\\\\\\""16\\\\\\\""]\\\"",[\\\""string\\\"",\\\""德语\\\""]]\""]""]",APPROVED_MAP_CANDIDATE,CROSS_REVIEW_FINAL,TIER_1_STRONG,0.85,4/4 decision+target一致，代表书证与目标语义相符，无明显反证,NONE_IDENTIFIED,1,1,ct-v1-young-adult,young-adult,青少年,APPROVED_OFFLINE_CANDIDATE_ONLY
MAPPING_EDGE,be5d1e08f2a00eede82b4d9c725fe34b273948e821c944229774a4c156d03410,a5b244b1e1291e3f61c1a0db67c46498c911425aae457c6da2cdb05654ae3432,changdu-app,"[""RAW_LANGUAGE_SCOPE_V1"",""[\""number\"",\""16\""]"",[""string"",""德语""]]",DE,Mafia,TWFmaWE=,35e95dfecfe2f6b88dd601cc1a2dcc2bea763f6d757419fe9a390a80ab025997,6,6,6,"[""[\""LANE_B_BOOK_ID_V1\"",\""[\\\""string\\\"",\\\""changdu-app\\\""]\"",\""[\\\""number\\\"",\\\""822458049\\\""]\"",\""[\\\""RAW_LANGUAGE_SCOPE_V1\\\"",\\\""[\\\\\\\""number\\\\\\\"",\\\\\\\""16\\\\\\\""]\\\"",[\\\""string\\\"",\\\""德语\\\""]]\""]"",""[\""LANE_B_BOOK_ID_V1\"",\""[\\\""string\\\"",\\\""changdu-app\\\""]\"",\""[\\\""number\\\"",\\\""489555477\\\""]\"",\""[\\\""RAW_LANGUAGE_SCOPE_V1\\\"",\\\""[\\\\\\\""number\\\\\\\"",\\\\\\\""16\\\\\\\""]\\\"",[\\\""string\\\"",\\\""德语\\\""]]\""]"",""[\""LANE_B_BOOK_ID_V1\"",\""[\\\""string\\\"",\\\""changdu-app\\\""]\"",\""[\\\""number\\\"",\\\""475426132\\\""]\"",\""[\\\""RAW_LANGUAGE_SCOPE_V1\\\"",\\\""[\\\\\\\""number\\\\\\\"",\\\\\\\""16\\\\\\\""]\\\"",[\\\""string\\\"",\\\""德语\\\""]]\""]"",""[\""LANE_B_BOOK_ID_V1\"",\""[\\\""string\\\"",\\\""changdu-app\\\""]\"",\""[\\\""number\\\"",\\\""453608454\\\""]\"",\""[\\\""RAW_LANGUAGE_SCOPE_V1\\\"",\\\""[\\\\\\\""number\\\\\\\"",\\\\\\\""16\\\\\\\""]\\\"",[\\\""string\\\"",\\\""德语\\\""]]\""]"",""[\""LANE_B_BOOK_ID_V1\"",\""[\\\""string\\\"",\\\""changdu-app\\\""]\"",\""[\\\""number\\\"",\\\""453608456\\\""]\"",\""[\\\""RAW_LANGUAGE_SCOPE_V1\\\"",\\\""[\\\\\\\""number\\\\\\\"",\\\\\\\""16\\\\\\\""]\\\"",[\\\""string\\\"",\\\""德语\\\""]]\""]""]",APPROVED_MAP_CANDIDATE,CROSS_REVIEW_FINAL,TIER_1_STRONG,0.9,4/4 decision+target一致，代表书证与目标语义相符，无明显反证,NONE_IDENTIFIED,1,1,ct-v1-mafia,mafia,黑帮,APPROVED_OFFLINE_CANDIDATE_ONLY
MAPPING_EDGE,9e8be4e3bdb31e4b32d4ba523413066ead19263059ef4a537c739124c2c2436b,a875d33d18a8065043813c25ad6deb6b27bbd5382a411aabf9c14a1dde965d82,changdu-app,"[""RAW_LANGUAGE_SCOPE_V1"",""[\""number\"",\""16\""]"",[""string"",""德语""]]",DE,Milliardäre,TWlsbGlhcmTDpHJl,8c57c36ada1a7407fb4ddf4eb60f442590b1c246a08d70ad4fb837fa7af4c345,12,12,12,"[""[\""LANE_B_BOOK_ID_V1\"",\""[\\\""string\\\"",\\\""changdu-app\\\""]\"",\""[\\\""number\\\"",\\\""1042736491\\\""]\"",\""[\\\""RAW_LANGUAGE_SCOPE_V1\\\"",\\\""[\\\\\\\""number\\\\\\\"",\\\\\\\""16\\\\\\\""]\\\"",[\\\""string\\\"",\\\""德语\\\""]]\""]"",""[\""LANE_B_BOOK_ID_V1\"",\""[\\\""string\\\"",\\\""changdu-app\\\""]\"",\""[\\\""number\\\"",\\\""957974919\\\""]\"",\""[\\\""RAW_LANGUAGE_SCOPE_V1\\\"",\\\""[\\\\\\\""number\\\\\\\"",\\\\\\\""16\\\\\\\""]\\\"",[\\\""string\\\"",\\\""德语\\\""]]\""]"",""[\""LANE_B_BOOK_ID_V1\"",\""[\\\""string\\\"",\\\""changdu-app\\\""]\"",\""[\\\""number\\\"",\\\""957975753\\\""]\"",\""[\\\""RAW_LANGUAGE_SCOPE_V1\\\"",\\\""[\\\\\\\""number\\\\\\\"",\\\\\\\""16\\\\\\\""]\\\"",[\\\""string\\\"",\\\""德语\\\""]]\""]"",""[\""LANE_B_BOOK_ID_V1\"",\""[\\\""string\\\"",\\\""changdu-app\\\""]\"",\""[\\\""number\\\"",\\\""957975756\\\""]\"",\""[\\\""RAW_LANGUAGE_SCOPE_V1\\\"",\\\""[\\\\\\\""number\\\\\\\"",\\\\\\\""16\\\\\\\""]\\\"",[\\\""string\\\"",\\\""德语\\\""]]\""]"",""[\""LANE_B_BOOK_ID_V1\"",\""[\\\""string\\\"",\\\""changdu-app\\\""]\"",\""[\\\""number\\\"",\\\""931592662\\\""]\"",\""[\\\""RAW_LANGUAGE_SCOPE_V1\\\"",\\\""[\\\\\\\""number\\\\\\\"",\\\\\\\""16\\\\\\\""]\\\"",[\\\""string\\\"",\\\""德语\\\""]]\""]""]",APPROVED_MAP_CANDIDATE,CROSS_REVIEW_FINAL,TIER_1_STRONG,0.92,4/4 decision+target一致，代表书证与目标语义相符，无明显反证,NONE_IDENTIFIED,1,1,ct-v1-wealthy-ceo,wealthy-ceo,豪门总裁,APPROVED_OFFLINE_CANDIDATE_ONLY
MAPPING_EDGE,e93d6b2a00c66a9f4f193e1c98fec133caf2815ed8e6120911b3d2c5860b8507,6a235325d21dc5f6b2929e7fb3b0c0fd038370c2742a667a4a3b54f6b8767468,changdu-app,"[""RAW_LANGUAGE_SCOPE_V1"",""[\""number\"",\""16\""]"",[""string"",""德语""]]",DE,Modern,TW9kZXJu,eef6c7f6ddd4067eb8afcea1a2104116ed5c09287b11433ed96a2b3c47cbb55c,76,76,76,"[""[\""LANE_B_BOOK_ID_V1\"",\""[\\\""string\\\"",\\\""changdu-app\\\""]\"",\""[\\\""number\\\"",\\\""1122753718\\\""]\"",\""[\\\""RAW_LANGUAGE_SCOPE_V1\\\"",\\\""[\\\\\\\""number\\\\\\\"",\\\\\\\""16\\\\\\\""]\\\"",[\\\""string\\\"",\\\""德语\\\""]]\""]"",""[\""LANE_B_BOOK_ID_V1\"",\""[\\\""string\\\"",\\\""changdu-app\\\""]\"",\""[\\\""number\\\"",\\\""1122753818\\\""]\"",\""[\\\""RAW_LANGUAGE_SCOPE_V1\\\"",\\\""[\\\\\\\""number\\\\\\\"",\\\\\\\""16\\\\\\\""]\\\"",[\\\""string\\\"",\\\""德语\\\""]]\""]"",""[\""LANE_B_BOOK_ID_V1\"",\""[\\\""string\\\"",\\\""changdu-app\\\""]\"",\""[\\\""number\\\"",\\\""1128974117\\\""]\"",\""[\\\""RAW_LANGUAGE_SCOPE_V1\\\"",\\\""[\\\\\\\""number\\\\\\\"",\\\\\\\""16\\\\\\\""]\\\"",[\\\""string\\\"",\\\""德语\\\""]]\""]"",""[\""LANE_B_BOOK_ID_V1\"",\""[\\\""string\\\"",\\\""changdu-app\\\""]\"",\""[\\\""number\\\"",\\\""1075318067\\\""]\"",\""[\\\""RAW_LANGUAGE_SCOPE_V1\\\"",\\\""[\\\\\\\""number\\\\\\\"",\\\\\\\""16\\\\\\\""]\\\"",[\\\""string\\\"",\\\""德语\\\""]]\""]"",""[\""LANE_B_BOOK_ID_V1\"",\""[\\\""string\\\"",\\\""changdu-app\\\""]\"",\""[\\\""number\\\"",\\\""1041947208\\\""]\"",\""[\\\""RAW_LANGUAGE_SCOPE_V1\\\"",\\\""[\\\\\\\""number\\\\\\\"",\\\\\\\""16\\\\\\\""]\\\"",[\\\""string\\\"",\\\""德语\\\""]]\""]"",""[\""LANE_B_BOOK_ID_V1\"",\""[\\\""string\\\"",\\\""changdu-app\\\""]\"",\""[\\\""number\\\"",\\\""979909038\\\""]\"",\""[\\\""RAW_LANGUAGE_SCOPE_V1\\\"",\\\""[\\\\\\\""number\\\\\\\"",\\\\\\\""16\\\\\\\""]\\\"",[\\\""string\\\"",\\\""德语\\\""]]\""]"",""[\""LANE_B_BOOK_ID_V1\"",\""[\\\""string\\\"",\\\""changdu-app\\\""]\"",\""[\\\""number\\\"",\\\""957875566\\\""]\"",\""[\\\""RAW_LANGUAGE_SCOPE_V1\\\"",\\\""[\\\\\\\""number\\\\\\\"",\\\\\\\""16\\\\\\\""]\\\"",[\\\""string\\\"",\\\""德语\\\""]]\""]"",""[\""LANE_B_BOOK_ID_V1\"",\""[\\\""string\\\"",\\\""changdu-app\\\""]\"",\""[\\\""number\\\"",\\\""957974924\\\""]\"",\""[\\\""RAW_LANGUAGE_SCOPE_V1\\\"",\\\""[\\\\\\\""number\\\\\\\"",\\\\\\\""16\\\\\\\""]\\\"",[\\\""string\\\"",\\\""德语\\\""]]\""]"",""[\""LANE_B_BOOK_ID_V1\"",\""[\\\""string\\\"",\\\""changdu-app\\\""]\"",\""[\\\""number\\\"",\\\""957974925\\\""]\"",\""[\\\""RAW_LANGUAGE_SCOPE_V1\\\"",\\\""[\\\\\\\""number\\\\\\\"",\\\\\\\""16\\\\\\\""]\\\"",[\\\""string\\\"",\\\""德语\\\""]]\""]""]",APPROVED_MAP_CANDIDATE,CROSS_REVIEW_FINAL,TIER_3_TARGET_CONFLICT,0.88,女频共现~100%，书证全为现代豪门婚恋/复仇言情；modern-romance为检索等价入口,C: contemporary-setting（setting facet字面映射，不错但检索价值低）,1,1,ct-v1-modern-romance,modern-romance,现代言情,APPROVED_OFFLINE_CANDIDATE_ONLY
MAPPING_EDGE,ee776106a3693c3767d7915911b35059c3d581cdca4d9f6d5e7d96a1f19f727c,fd9f33096b98789cc0d93adb4d22c9f008429d2dc2bbce95b05592e688f77689,changdu-app,"[""RAW_LANGUAGE_SCOPE_V1"",""[\""number\"",\""16\""]"",[""string"",""德语""]]",DE,Romantik,Um9tYW50aWs=,711e368691a24fdb3b43abdd4eb19c4a1ca16f0c1fb32bb4a146ed659a6a21c5,46,46,46,"[""[\""LANE_B_BOOK_ID_V1\"",\""[\\\""string\\\"",\\\""changdu-app\\\""]\"",\""[\\\""number\\\"",\\\""1122753722\\\""]\"",\""[\\\""RAW_LANGUAGE_SCOPE_V1\\\"",\\\""[\\\\\\\""number\\\\\\\"",\\\\\\\""16\\\\\\\""]\\\"",[\\\""string\\\"",\\\""德语\\\""]]\""]"",""[\""LANE_B_BOOK_ID_V1\"",\""[\\\""string\\\"",\\\""changdu-app\\\""]\"",\""[\\\""number\\\"",\\\""957974921\\\""]\"",\""[\\\""RAW_LANGUAGE_SCOPE_V1\\\"",\\\""[\\\\\\\""number\\\\\\\"",\\\\\\\""16\\\\\\\""]\\\"",[\\\""string\\\"",\\\""德语\\\""]]\""]"",""[\""LANE_B_BOOK_ID_V1\"",\""[\\\""string\\\"",\\\""changdu-app\\\""]\"",\""[\\\""number\\\"",\\\""957974928\\\""]\"",\""[\\\""RAW_LANGUAGE_SCOPE_V1\\\"",\\\""[\\\\\\\""number\\\\\\\"",\\\\\\\""16\\\\\\\""]\\\"",[\\\""string\\\"",\\\""德语\\\""]]\""]"",""[\""LANE_B_BOOK_ID_V1\"",\""[\\\""string\\\"",\\\""changdu-app\\\""]\"",\""[\\\""number\\\"",\\\""957975757\\\""]\"",\""[\\\""RAW_LANGUAGE_SCOPE_V1\\\"",\\\""[\\\\\\\""number\\\\\\\"",\\\\\\\""16\\\\\\\""]\\\"",[\\\""string\\\"",\\\""德语\\\""]]\""]"",""[\""LANE_B_BOOK_ID_V1\"",\""[\\\""string\\\"",\\\""changdu-app\\\""]\"",\""[\\\""number\\\"",\\\""958075225\\\""]\"",\""[\\\""RAW_LANGUAGE_SCOPE_V1\\\"",\\\""[\\\\\\\""number\\\\\\\"",\\\\\\\""16\\\\\\\""]\\\"",[\\\""string\\\"",\\\""德语\\\""]]\""]"",""[\""LANE_B_BOOK_ID_V1\"",\""[\\\""string\\\"",\\\""changdu-app\\\""]\"",\""[\\\""number\\\"",\\\""958075226\\\""]\"",\""[\\\""RAW_LANGUAGE_SCOPE_V1\\\"",\\\""[\\\\\\\""number\\\\\\\"",\\\\\\\""16\\\\\\\""]\\\"",[\\\""string\\\"",\\\""德语\\\""]]\""]"",""[\""LANE_B_BOOK_ID_V1\"",\""[\\\""string\\\"",\\\""changdu-app\\\""]\"",\""[\\\""number\\\"",\\\""931190499\\\""]\"",\""[\\\""RAW_LANGUAGE_SCOPE_V1\\\"",\\\""[\\\\\\\""number\\\\\\\"",\\\\\\\""16\\\\\\\""]\\\"",[\\\""string\\\"",\\\""德语\\\""]]\""]""]",APPROVED_MAP_CANDIDATE,CROSS_REVIEW_FINAL,TIER_1_STRONG,0.93,4/4 decision+target一致，代表书证与目标语义相符，无明显反证,NONE_IDENTIFIED,1,1,ct-v1-romance,romance,言情,APPROVED_OFFLINE_CANDIDATE_ONLY
MAPPING_EDGE,532c3bc7c08d8e99b676b3a4a43f67f8b25d4bea96026b2735bdabcfdad79425,7c8b8b51ab409a6efbb0739cf3780a36f769cb90ea36216573c9620acc928ed3,changdu-app,"[""RAW_LANGUAGE_SCOPE_V1"",""[\""number\"",\""16\""]"",[""string"",""德语""]]",DE,Werwolf,V2Vyd29sZg==,2ee9c9165058d52e94d9a31004d36a3df488cb0bbf8451ed58bed9c6c354a873,26,26,26,"[""[\""LANE_B_BOOK_ID_V1\"",\""[\\\""string\\\"",\\\""changdu-app\\\""]\"",\""[\\\""number\\\"",\\\""1129665197\\\""]\"",\""[\\\""RAW_LANGUAGE_SCOPE_V1\\\"",\\\""[\\\\\\\""number\\\\\\\"",\\\\\\\""16\\\\\\\""]\\\"",[\\\""string\\\"",\\\""德语\\\""]]\""]"",""[\""LANE_B_BOOK_ID_V1\"",\""[\\\""string\\\"",\\\""changdu-app\\\""]\"",\""[\\\""number\\\"",\\\""1036320256\\\""]\"",\""[\\\""RAW_LANGUAGE_SCOPE_V1\\\"",\\\""[\\\\\\\""number\\\\\\\"",\\\\\\\""16\\\\\\\""]\\\"",[\\\""string\\\"",\\\""德语\\\""]]\""]"",""[\""LANE_B_BOOK_ID_V1\"",\""[\\\""string\\\"",\\\""changdu-app\\\""]\"",\""[\\\""number\\\"",\\\""1036418880\\\""]\"",\""[\\\""RAW_LANGUAGE_SCOPE_V1\\\"",\\\""[\\\\\\\""number\\\\\\\"",\\\\\\\""16\\\\\\\""]\\\"",[\\\""string\\\"",\\\""德语\\\""]]\""]"",""[\""LANE_B_BOOK_ID_V1\"",\""[\\\""string\\\"",\\\""changdu-app\\\""]\"",\""[\\\""number\\\"",\\\""1036418881\\\""]\"",\""[\\\""RAW_LANGUAGE_SCOPE_V1\\\"",\\\""[\\\\\\\""number\\\\\\\"",\\\\\\\""16\\\\\\\""]\\\"",[\\\""string\\\"",\\\""德语\\\""]]\""]"",""[\""LANE_B_BOOK_ID_V1\"",\""[\\\""string\\\"",\\\""changdu-app\\\""]\"",\""[\\\""number\\\"",\\\""1036419073\\\""]\"",\""[\\\""RAW_LANGUAGE_SCOPE_V1\\\"",\\\""[\\\\\\\""number\\\\\\\"",\\\\\\\""16\\\\\\\""]\\\"",[\\\""string\\\"",\\\""德语\\\""]]\""]"",""[\""LANE_B_BOOK_ID_V1\"",\""[\\\""string\\\"",\\\""changdu-app\\\""]\"",\""[\\\""number\\\"",\\\""1036517640\\\""]\"",\""[\\\""RAW_LANGUAGE_SCOPE_V1\\\"",\\\""[\\\\\\\""number\\\\\\\"",\\\\\\\""16\\\\\\\""]\\\"",[\\\""string\\\"",\\\""德语\\\""]]\""]""]",APPROVED_MAP_CANDIDATE,CROSS_REVIEW_FINAL,TIER_1_STRONG,0.94,4/4 decision+target一致，代表书证与目标语义相符，无明显反证,NONE_IDENTIFIED,1,1,ct-v1-werewolf,werewolf,狼人,APPROVED_OFFLINE_CANDIDATE_ONLY
MAPPING_EDGE,bf222e9199ef8bf94538a2f1f840f8b40aee14c68cb82d50ba7fc9032867b829,d989d65b29f3e2607d792ab97a47c1854518f074bdf5c6f8676d10aae78b29e2,changdu-app,"[""RAW_LANGUAGE_SCOPE_V1"",""[\""number\"",\""16\""]"",[""string"",""德语""]]",DE,女频,5aWz6aKR,d9867749ec31f19fe7bfa4a782791bb108a8c9bc80653d481d3f1110f260cebb,167,167,167,"[""[\""LANE_B_BOOK_ID_V1\"",\""[\\\""string\\\"",\\\""changdu-app\\\""]\"",\""[\\\""number\\\"",\\\""1122753718\\\""]\"",\""[\\\""RAW_LANGUAGE_SCOPE_V1\\\"",\\\""[\\\\\\\""number\\\\\\\"",\\\\\\\""16\\\\\\\""]\\\"",[\\\""string\\\"",\\\""德语\\\""]]\""]"",""[\""LANE_B_BOOK_ID_V1\"",\""[\\\""string\\\"",\\\""changdu-app\\\""]\"",\""[\\\""number\\\"",\\\""1122753722\\\""]\"",\""[\\\""RAW_LANGUAGE_SCOPE_V1\\\"",\\\""[\\\\\\\""number\\\\\\\"",\\\\\\\""16\\\\\\\""]\\\"",[\\\""string\\\"",\\\""德语\\\""]]\""]"",""[\""LANE_B_BOOK_ID_V1\"",\""[\\\""string\\\"",\\\""changdu-app\\\""]\"",\""[\\\""number\\\"",\\\""1122753818\\\""]\"",\""[\\\""RAW_LANGUAGE_SCOPE_V1\\\"",\\\""[\\\\\\\""number\\\\\\\"",\\\\\\\""16\\\\\\\""]\\\"",[\\\""string\\\"",\\\""德语\\\""]]\""]"",""[\""LANE_B_BOOK_ID_V1\"",\""[\\\""string\\\"",\\\""changdu-app\\\""]\"",\""[\\\""number\\\"",\\\""1128974117\\\""]\"",\""[\\\""RAW_LANGUAGE_SCOPE_V1\\\"",\\\""[\\\\\\\""number\\\\\\\"",\\\\\\\""16\\\\\\\""]\\\"",[\\\""string\\\"",\\\""德语\\\""]]\""]"",""[\""LANE_B_BOOK_ID_V1\"",\""[\\\""string\\\"",\\\""changdu-app\\\""]\"",\""[\\\""number\\\"",\\\""1129665197\\\""]\"",\""[\\\""RAW_LANGUAGE_SCOPE_V1\\\"",\\\""[\\\\\\\""number\\\\\\\"",\\\\\\\""16\\\\\\\""]\\\"",[\\\""string\\\"",\\\""德语\\\""]]\""]"",""[\""LANE_B_BOOK_ID_V1\"",\""[\\\""string\\\"",\\\""changdu-app\\\""]\"",\""[\\\""number\\\"",\\\""1075318067\\\""]\"",\""[\\\""RAW_LANGUAGE_SCOPE_V1\\\"",\\\""[\\\\\\\""number\\\\\\\"",\\\\\\\""16\\\\\\\""]\\\"",[\\\""string\\\"",\\\""德语\\\""]]\""]"",""[\""LANE_B_BOOK_ID_V1\"",\""[\\\""string\\\"",\\\""changdu-app\\\""]\"",\""[\\\""number\\\"",\\\""1041947208\\\""]\"",\""[\\\""RAW_LANGUAGE_SCOPE_V1\\\"",\\\""[\\\\\\\""number\\\\\\\"",\\\\\\\""16\\\\\\\""]\\\"",[\\\""string\\\"",\\\""德语\\\""]]\""]"",""[\""LANE_B_BOOK_ID_V1\"",\""[\\\""string\\\"",\\\""changdu-app\\\""]\"",\""[\\\""number\\\"",\\\""1042736491\\\""]\"",\""[\\\""RAW_LANGUAGE_SCOPE_V1\\\"",\\\""[\\\\\\\""number\\\\\\\"",\\\\\\\""16\\\\\\\""]\\\"",[\\\""string\\\"",\\\""德语\\\""]]\""]"",""[\""LANE_B_BOOK_ID_V1\"",\""[\\\""string\\\"",\\\""changdu-app\\\""]\"",\""[\\\""number\\\"",\\\""1036320256\\\""]\"",\""[\\\""RAW_LANGUAGE_SCOPE_V1\\\"",\\\""[\\\\\\\""number\\\\\\\"",\\\\\\\""16\\\\\\\""]\\\"",[\\\""string\\\"",\\\""德语\\\""]]\""]"",""[\""LANE_B_BOOK_ID_V1\"",\""[\\\""string\\\"",\\\""changdu-app\\\""]\"",\""[\\\""number\\\"",\\\""1036418880\\\""]\"",\""[\\\""RAW_LANGUAGE_SCOPE_V1\\\"",\\\""[\\\\\\\""number\\\\\\\"",\\\\\\\""16\\\\\\\""]\\\"",[\\\""string\\\"",\\\""德语\\\""]]\""]"",""[\""LANE_B_BOOK_ID_V1\"",\""[\\\""string\\\"",\\\""changdu-app\\\""]\"",\""[\\\""number\\\"",\\\""1036418881\\\""]\"",\""[\\\""RAW_LANGUAGE_SCOPE_V1\\\"",\\\""[\\\\\\\""number\\\\\\\"",\\\\\\\""16\\\\\\\""]\\\"",[\\\""string\\\"",\\\""德语\\\""]]\""]"",""[\""LANE_B_BOOK_ID_V1\"",\""[\\\""string\\\"",\\\""changdu-app\\\""]\"",\""[\\\""number\\\"",\\\""1036419073\\\""]\"",\""[\\\""RAW_LANGUAGE_SCOPE_V1\\\"",\\\""[\\\\\\\""number\\\\\\\"",\\\\\\\""16\\\\\\\""]\\\"",[\\\""string\\\"",\\\""德语\\\""]]\""]""]",APPROVED_MAP_CANDIDATE,CROSS_REVIEW_FINAL,TIER_2_GOOD,0.95,A/B/C一致映射；audience已是119正式facet（ct-v1-female-audience存在），书证全为女性向,D: IGNORE（视为运营二分旗——但artifact已建audience facet，忽略反而丢失已建模维度）,1,1,ct-v1-female-audience,female-audience,女性向,APPROVED_OFFLINE_CANDIDATE_ONLY
MAPPING_EDGE,408b07ece14759ed92e24289f7d711c0e6ce55d702a6fdd45b8bdd5ffa601152,062cb3fa87b790dc97da7929b767685827a524aa80d330aa23cea8b802881870,changdu-app,"[""RAW_LANGUAGE_SCOPE_V1"",""[\""number\"",\""16\""]"",[""string"",""德语""]]",DE,男频,55S36aKR,e74d73d99251bb2b99c02896258d9fbcd9817488f6538674fda26534b0b450ac,4,4,4,"[""[\""LANE_B_BOOK_ID_V1\"",\""[\\\""string\\\"",\\\""changdu-app\\\""]\"",\""[\\\""number\\\"",\\\""804041952\\\""]\"",\""[\\\""RAW_LANGUAGE_SCOPE_V1\\\"",\\\""[\\\\\\\""number\\\\\\\"",\\\\\\\""16\\\\\\\""]\\\"",[\\\""string\\\"",\\\""德语\\\""]]\""]"",""[\""LANE_B_BOOK_ID_V1\"",\""[\\\""string\\\"",\\\""changdu-app\\\""]\"",\""[\\\""number\\\"",\\\""484740790\\\""]\"",\""[\\\""RAW_LANGUAGE_SCOPE_V1\\\"",\\\""[\\\\\\\""number\\\\\\\"",\\\\\\\""16\\\\\\\""]\\\"",[\\\""string\\\"",\\\""德语\\\""]]\""]"",""[\""LANE_B_BOOK_ID_V1\"",\""[\\\""string\\\"",\\\""changdu-app\\\""]\"",\""[\\\""number\\\"",\\\""422366079\\\""]\"",\""[\\\""RAW_LANGUAGE_SCOPE_V1\\\"",\\\""[\\\\\\\""number\\\\\\\"",\\\\\\\""16\\\\\\\""]\\\"",[\\\""string\\\"",\\\""德语\\\""]]\""]"",""[\""LANE_B_BOOK_ID_V1\"",\""[\\\""string\\\"",\\\""changdu-app\\\""]\"",\""[\\\""number\\\"",\\\""5578243\\\""]\"",\""[\\\""RAW_LANGUAGE_SCOPE_V1\\\"",\\\""[\\\\\\\""number\\\\\\\"",\\\\\\\""16\\\\\\\""]\\\"",[\\\""string\\\"",\\\""德语\\\""]]\""]""]",APPROVED_MAP_CANDIDATE,CROSS_REVIEW_FINAL,TIER_2_GOOD,0.92,A/B/C提出同一概念；119只有female-audience无对称男性向入口，8217本可进女性向而1684本男频书无入口，结构性不对称,D: IGNORE（主张女频男频同进同退；若Owner不扩audience则两者一并IGNORE）,1,1,ct-v1-male-audience,male-audience,男性向,APPROVED_OFFLINE_CANDIDATE_ONLY
MAPPING_EDGE,54e4e84588f7b54cb7cdb8f5295a0eadc431cf516dd3a7f964000b06407ace44,abedea2873c4a4a40d63a168327080615cded26cff0f6d2df5d1b35aeb5874cf,changdu-app,"[""RAW_LANGUAGE_SCOPE_V1"",""[\""number\"",\""3\""]"",[""string"",""英语""]]",EN,Billionaires,QmlsbGlvbmFpcmVz,ccf56236de194492990a0755a5139bc1cd991c8c3fea00ac5030cb93411268ff,5,5,5,"[""[\""LANE_B_BOOK_ID_V1\"",\""[\\\""string\\\"",\\\""changdu-app\\\""]\"",\""[\\\""number\\\"",\\\""1029905070\\\""]\"",\""[\\\""RAW_LANGUAGE_SCOPE_V1\\\"",\\\""[\\\\\\\""number\\\\\\\"",\\\\\\\""3\\\\\\\""]\\\"",[\\\""string\\\"",\\\""英语\\\""]]\""]"",""[\""LANE_B_BOOK_ID_V1\"",\""[\\\""string\\\"",\\\""changdu-app\\\""]\"",\""[\\\""number\\\"",\\\""1035827026\\\""]\"",\""[\\\""RAW_LANGUAGE_SCOPE_V1\\\"",\\\""[\\\\\\\""number\\\\\\\"",\\\\\\\""3\\\\\\\""]\\\"",[\\\""string\\\"",\\\""英语\\\""]]\""]"",""[\""LANE_B_BOOK_ID_V1\"",\""[\\\""string\\\"",\\\""changdu-app\\\""]\"",\""[\\\""number\\\"",\\\""1059519156\\\""]\"",\""[\\\""RAW_LANGUAGE_SCOPE_V1\\\"",\\\""[\\\\\\\""number\\\\\\\"",\\\\\\\""3\\\\\\\""]\\\"",[\\\""string\\\"",\\\""英语\\\""]]\""]"",""[\""LANE_B_BOOK_ID_V1\"",\""[\\\""string\\\"",\\\""changdu-app\\\""]\"",\""[\\\""number\\\"",\\\""470747970\\\""]\"",\""[\\\""RAW_LANGUAGE_SCOPE_V1\\\"",\\\""[\\\\\\\""number\\\\\\\"",\\\\\\\""3\\\\\\\""]\\\"",[\\\""string\\\"",\\\""英语\\\""]]\""]"",""[\""LANE_B_BOOK_ID_V1\"",\""[\\\""string\\\"",\\\""changdu-app\\\""]\"",\""[\\\""number\\\"",\\\""5548595\\\""]\"",\""[\\\""RAW_LANGUAGE_SCOPE_V1\\\"",\\\""[\\\\\\\""number\\\\\\\"",\\\\\\\""3\\\\\\\""]\\\"",[\\\""string\\\"",\\\""英语\\\""]]\""]""]",APPROVED_MAP_CANDIDATE,CROSS_REVIEW_FINAL,TIER_1_STRONG,0.91,4/4 decision+target一致，代表书证与目标语义相符，无明显反证,NONE_IDENTIFIED,1,1,ct-v1-wealthy-ceo,wealthy-ceo,豪门总裁,APPROVED_OFFLINE_CANDIDATE_ONLY
MAPPING_EDGE,3a5b512d911c1611561ad5d6c3a7b7c1aa07ceb0593a15da87b85465dcc9a745,c68e93a7834f652a9eb90ed17e848b5145041447db1c4e480b687fb48369be7b,changdu-app,"[""RAW_LANGUAGE_SCOPE_V1"",""[\""number\"",\""3\""]"",[""string"",""英语""]]",EN,Fantasy,RmFudGFzeQ==,542855513e4f74d08a92352680c339d82e2ae347fb021a7128c7f4146c40d295,67,67,67,"[""[\""LANE_B_BOOK_ID_V1\"",\""[\\\""string\\\"",\\\""changdu-app\\\""]\"",\""[\\\""number\\\"",\\\""1042736500\\\""]\"",\""[\\\""RAW_LANGUAGE_SCOPE_V1\\\"",\\\""[\\\\\\\""number\\\\\\\"",\\\\\\\""3\\\\\\\""]\\\"",[\\\""string\\\"",\\\""英语\\\""]]\""]"",""[\""LANE_B_BOOK_ID_V1\"",\""[\\\""string\\\"",\\\""changdu-app\\\""]\"",\""[\\\""number\\\"",\\\""688012187\\\""]\"",\""[\\\""RAW_LANGUAGE_SCOPE_V1\\\"",\\\""[\\\\\\\""number\\\\\\\"",\\\\\\\""3\\\\\\\""]\\\"",[\\\""string\\\"",\\\""英语\\\""]]\""]"",""[\""LANE_B_BOOK_ID_V1\"",\""[\\\""string\\\"",\\\""changdu-app\\\""]\"",\""[\\\""number\\\"",\\\""77465875\\\""]\"",\""[\\\""RAW_LANGUAGE_SCOPE_V1\\\"",\\\""[\\\\\\\""number\\\\\\\"",\\\\\\\""3\\\\\\\""]\\\"",[\\\""string\\\"",\\\""英语\\\""]]\""]"",""[\""LANE_B_BOOK_ID_V1\"",\""[\\\""string\\\"",\\\""changdu-app\\\""]\"",\""[\\\""number\\\"",\\\""29197871\\\""]\"",\""[\\\""RAW_LANGUAGE_SCOPE_V1\\\"",\\\""[\\\\\\\""number\\\\\\\"",\\\\\\\""3\\\\\\\""]\\\"",[\\\""string\\\"",\\\""英语\\\""]]\""]"",""[\""LANE_B_BOOK_ID_V1\"",\""[\\\""string\\\"",\\\""changdu-app\\\""]\"",\""[\\\""number\\\"",\\\""31247226\\\""]\"",\""[\\\""RAW_LANGUAGE_SCOPE_V1\\\"",\\\""[\\\\\\\""number\\\\\\\"",\\\\\\\""3\\\\\\\""]\\\"",[\\\""string\\\"",\\\""英语\\\""]]\""]"",""[\""LANE_B_BOOK_ID_V1\"",\""[\\\""string\\\"",\\\""changdu-app\\\""]\"",\""[\\\""number\\\"",\\\""5601605\\\""]\"",\""[\\\""RAW_LANGUAGE_SCOPE_V1\\\"",\\\""[\\\\\\\""number\\\\\\\"",\\\\\\\""3\\\\\\\""]\\\"",[\\\""string\\\"",\\\""英语\\\""]]\""]"",""[\""LANE_B_BOOK_ID_V1\"",\""[\\\""string\\\"",\\\""changdu-app\\\""]\"",\""[\\\""number\\\"",\\\""5592394\\\""]\"",\""[\\\""RAW_LANGUAGE_SCOPE_V1\\\"",\\\""[\\\\\\\""number\\\\\\\"",\\\\\\\""3\\\\\\\""]\\\"",[\\\""string\\\"",\\\""英语\\\""]]\""]"",""[\""LANE_B_BOOK_ID_V1\"",\""[\\\""string\\\"",\\\""changdu-app\\\""]\"",\""[\\\""number\\\"",\\\""5592759\\\""]\"",\""[\\\""RAW_LANGUAGE_SCOPE_V1\\\"",\\\""[\\\\\\\""number\\\\\\\"",\\\\\\\""3\\\\\\\""]\\\"",[\\\""string\\\"",\\\""英语\\\""]]\""]"",""[\""LANE_B_BOOK_ID_V1\"",\""[\\\""string\\\"",\\\""changdu-app\\\""]\"",\""[\\\""number\\\"",\\\""5594851\\\""]\"",\""[\\\""RAW_LANGUAGE_SCOPE_V1\\\"",\\\""[\\\\\\\""number\\\\\\\"",\\\\\\\""3\\\\\\\""]\\\"",[\\\""string\\\"",\\\""英语\\\""]]\""]""]",APPROVED_MAP_CANDIDATE,CROSS_REVIEW_FINAL,TIER_1_STRONG,0.87,4/4 decision+target一致，代表书证与目标语义相符，无明显反证,NONE_IDENTIFIED,1,1,ct-v1-fantasy,fantasy,奇幻,APPROVED_OFFLINE_CANDIDATE_ONLY
MAPPING_EDGE,413bd6c6815f0fee13de19be25fbb83d4dea7eb4191acdc28ba080ca7ac8bc9c,153613cdf24bd71b753bb7f0033afa5d2124366612cbf75613067842c209aa6c,changdu-app,"[""RAW_LANGUAGE_SCOPE_V1"",""[\""number\"",\""3\""]"",[""string"",""英语""]]",EN,LGBT+,TEdCVCs=,e82b54800c798ebb021135f88e2cff0e6d3e47e91823700315eaa27295a3de47,79,79,79,"[""[\""LANE_B_BOOK_ID_V1\"",\""[\\\""string\\\"",\\\""changdu-app\\\""]\"",\""[\\\""number\\\"",\\\""799020081\\\""]\"",\""[\\\""RAW_LANGUAGE_SCOPE_V1\\\"",\\\""[\\\\\\\""number\\\\\\\"",\\\\\\\""3\\\\\\\""]\\\"",[\\\""string\\\"",\\\""英语\\\""]]\""]"",""[\""LANE_B_BOOK_ID_V1\"",\""[\\\""string\\\"",\\\""changdu-app\\\""]\"",\""[\\\""number\\\"",\\\""1045006821\\\""]\"",\""[\\\""RAW_LANGUAGE_SCOPE_V1\\\"",\\\""[\\\\\\\""number\\\\\\\"",\\\\\\\""3\\\\\\\""]\\\"",[\\\""string\\\"",\\\""英语\\\""]]\""]"",""[\""LANE_B_BOOK_ID_V1\"",\""[\\\""string\\\"",\\\""changdu-app\\\""]\"",\""[\\\""number\\\"",\\\""5577999\\\""]\"",\""[\\\""RAW_LANGUAGE_SCOPE_V1\\\"",\\\""[\\\\\\\""number\\\\\\\"",\\\\\\\""3\\\\\\\""]\\\"",[\\\""string\\\"",\\\""英语\\\""]]\""]"",""[\""LANE_B_BOOK_ID_V1\"",\""[\\\""string\\\"",\\\""changdu-app\\\""]\"",\""[\\\""number\\\"",\\\""1040564874\\\""]\"",\""[\\\""RAW_LANGUAGE_SCOPE_V1\\\"",\\\""[\\\\\\\""number\\\\\\\"",\\\\\\\""3\\\\\\\""]\\\"",[\\\""string\\\"",\\\""英语\\\""]]\""]"",""[\""LANE_B_BOOK_ID_V1\"",\""[\\\""string\\\"",\\\""changdu-app\\\""]\"",\""[\\\""number\\\"",\\\""1036419075\\\""]\"",\""[\\\""RAW_LANGUAGE_SCOPE_V1\\\"",\\\""[\\\\\\\""number\\\\\\\"",\\\\\\\""3\\\\\\\""]\\\"",[\\\""string\\\"",\\\""英语\\\""]]\""]"",""[\""LANE_B_BOOK_ID_V1\"",\""[\\\""string\\\"",\\\""changdu-app\\\""]\"",\""[\\\""number\\\"",\\\""1038097185\\\""]\"",\""[\\\""RAW_LANGUAGE_SCOPE_V1\\\"",\\\""[\\\\\\\""number\\\\\\\"",\\\\\\\""3\\\\\\\""]\\\"",[\\\""string\\\"",\\\""英语\\\""]]\""]"",""[\""LANE_B_BOOK_ID_V1\"",\""[\\\""string\\\"",\\\""changdu-app\\\""]\"",\""[\\\""number\\\"",\\\""941313890\\\""]\"",\""[\\\""RAW_LANGUAGE_SCOPE_V1\\\"",\\\""[\\\\\\\""number\\\\\\\"",\\\\\\\""3\\\\\\\""]\\\"",[\\\""string\\\"",\\\""英语\\\""]]\""]"",""[\""LANE_B_BOOK_ID_V1\"",\""[\\\""string\\\"",\\\""changdu-app\\\""]\"",\""[\\\""number\\\"",\\\""941313893\\\""]\"",\""[\\\""RAW_LANGUAGE_SCOPE_V1\\\"",\\\""[\\\\\\\""number\\\\\\\"",\\\\\\\""3\\\\\\\""]\\\"",[\\\""string\\\"",\\\""英语\\\""]]\""]"",""[\""LANE_B_BOOK_ID_V1\"",\""[\\\""string\\\"",\\\""changdu-app\\\""]\"",\""[\\\""number\\\"",\\\""808671745\\\""]\"",\""[\\\""RAW_LANGUAGE_SCOPE_V1\\\"",\\\""[\\\\\\\""number\\\\\\\"",\\\\\\\""3\\\\\\\""]\\\"",[\\\""string\\\"",\\\""英语\\\""]]\""]""]",APPROVED_MAP_CANDIDATE,CROSS_REVIEW_FINAL,TIER_1_STRONG,0.88,4/4提出同一新概念（slug各异：lgbtq-romance/lgbtq/lgbt-plus/lgbt，语义归一后同一identity）；书证为BL/GL/Omegaverse同性恋爱主线,B对泰语นิยายวาย另提boys-love子概念→归一为alias,1,1,ct-v1-lgbtq-romance,lgbtq-romance,LGBTQ+恋爱,APPROVED_OFFLINE_CANDIDATE_ONLY
MAPPING_EDGE,7367f4e5b5cdf37ce465cb7901537b27b0942cf048c89d2346e99662f26ff1d2,1da4c151b19d488694a3decc64ab54e7e61c342b655f00e11d8246b792a6da9d,changdu-app,"[""RAW_LANGUAGE_SCOPE_V1"",""[\""number\"",\""3\""]"",[""string"",""英语""]]",EN,Mafia,TWFmaWE=,35e95dfecfe2f6b88dd601cc1a2dcc2bea763f6d757419fe9a390a80ab025997,165,165,165,"[""[\""LANE_B_BOOK_ID_V1\"",\""[\\\""string\\\"",\\\""changdu-app\\\""]\"",\""[\\\""number\\\"",\\\""515679143\\\""]\"",\""[\\\""RAW_LANGUAGE_SCOPE_V1\\\"",\\\""[\\\\\\\""number\\\\\\\"",\\\\\\\""3\\\\\\\""]\\\"",[\\\""string\\\"",\\\""英语\\\""]]\""]"",""[\""LANE_B_BOOK_ID_V1\"",\""[\\\""string\\\"",\\\""changdu-app\\\""]\"",\""[\\\""number\\\"",\\\""762929776\\\""]\"",\""[\\\""RAW_LANGUAGE_SCOPE_V1\\\"",\\\""[\\\\\\\""number\\\\\\\"",\\\\\\\""3\\\\\\\""]\\\"",[\\\""string\\\"",\\\""英语\\\""]]\""]"",""[\""LANE_B_BOOK_ID_V1\"",\""[\\\""string\\\"",\\\""changdu-app\\\""]\"",\""[\\\""number\\\"",\\\""875905678\\\""]\"",\""[\\\""RAW_LANGUAGE_SCOPE_V1\\\"",\\\""[\\\\\\\""number\\\\\\\"",\\\\\\\""3\\\\\\\""]\\\"",[\\\""string\\\"",\\\""英语\\\""]]\""]"",""[\""LANE_B_BOOK_ID_V1\"",\""[\\\""string\\\"",\\\""changdu-app\\\""]\"",\""[\\\""number\\\"",\\\""880853265\\\""]\"",\""[\\\""RAW_LANGUAGE_SCOPE_V1\\\"",\\\""[\\\\\\\""number\\\\\\\"",\\\\\\\""3\\\\\\\""]\\\"",[\\\""string\\\"",\\\""英语\\\""]]\""]"",""[\""LANE_B_BOOK_ID_V1\"",\""[\\\""string\\\"",\\\""changdu-app\\\""]\"",\""[\\\""number\\\"",\\\""1024081036\\\""]\"",\""[\\\""RAW_LANGUAGE_SCOPE_V1\\\"",\\\""[\\\\\\\""number\\\\\\\"",\\\\\\\""3\\\\\\\""]\\\"",[\\\""string\\\"",\\\""英语\\\""]]\""]"",""[\""LANE_B_BOOK_ID_V1\"",\""[\\\""string\\\"",\\\""changdu-app\\\""]\"",\""[\\\""number\\\"",\\\""1120679399\\\""]\"",\""[\\\""RAW_LANGUAGE_SCOPE_V1\\\"",\\\""[\\\\\\\""number\\\\\\\"",\\\\\\\""3\\\\\\\""]\\\"",[\\\""string\\\"",\\\""英语\\\""]]\""]"",""[\""LANE_B_BOOK_ID_V1\"",\""[\\\""string\\\"",\\\""changdu-app\\\""]\"",\""[\\\""number\\\"",\\\""827411730\\\""]\"",\""[\\\""RAW_LANGUAGE_SCOPE_V1\\\"",\\\""[\\\\\\\""number\\\\\\\"",\\\\\\\""3\\\\\\\""]\\\"",[\\\""string\\\"",\\\""英语\\\""]]\""]"",""[\""LANE_B_BOOK_ID_V1\"",\""[\\\""string\\\"",\\\""changdu-app\\\""]\"",\""[\\\""number\\\"",\\\""1010659066\\\""]\"",\""[\\\""RAW_LANGUAGE_SCOPE_V1\\\"",\\\""[\\\\\\\""number\\\\\\\"",\\\\\\\""3\\\\\\\""]\\\"",[\\\""string\\\"",\\\""英语\\\""]]\""]"",""[\""LANE_B_BOOK_ID_V1\"",\""[\\\""string\\\"",\\\""changdu-app\\\""]\"",\""[\\\""number\\\"",\\\""1062480803\\\""]\"",\""[\\\""RAW_LANGUAGE_SCOPE_V1\\\"",\\\""[\\\\\\\""number\\\\\\\"",\\\\\\\""3\\\\\\\""]\\\"",[\\\""string\\\"",\\\""英语\\\""]]\""]"",""[\""LANE_B_BOOK_ID_V1\"",\""[\\\""string\\\"",\\\""changdu-app\\\""]\"",\""[\\\""number\\\"",\\\""1129368995\\\""]\"",\""[\\\""RAW_LANGUAGE_SCOPE_V1\\\"",\\\""[\\\\\\\""number\\\\\\\"",\\\\\\\""3\\\\\\\""]\\\"",[\\\""string\\\"",\\\""英语\\\""]]\""]"",""[\""LANE_B_BOOK_ID_V1\"",\""[\\\""string\\\"",\\\""changdu-app\\\""]\"",\""[\\\""number\\\"",\\\""1040466286\\\""]\"",\""[\\\""RAW_LANGUAGE_SCOPE_V1\\\"",\\\""[\\\\\\\""number\\\\\\\"",\\\\\\\""3\\\\\\\""]\\\"",[\\\""string\\\"",\\\""英语\\\""]]\""]"",""[\""LANE_B_BOOK_ID_V1\"",\""[\\\""string\\\"",\\\""changdu-app\\\""]\"",\""[\\\""number\\\"",\\\""1042736493\\\""]\"",\""[\\\""RAW_LANGUAGE_SCOPE_V1\\\"",\\\""[\\\\\\\""number\\\\\\\"",\\\\\\\""3\\\\\\\""]\\\"",[\\\""string\\\"",\\\""英语\\\""]]\""]""]",APPROVED_MAP_CANDIDATE,CROSS_REVIEW_FINAL,TIER_1_STRONG,0.92,4/4 decision+target一致，代表书证与目标语义相符，无明显反证,NONE_IDENTIFIED,1,1,ct-v1-mafia,mafia,黑帮,APPROVED_OFFLINE_CANDIDATE_ONLY
MAPPING_EDGE,6f1ec6853b7ddbd375e8a538c23052e83e6463dafea78eefcf5fafc4b6f4e236,87aa3f235ecb687cf1285284f25bbb50b1e5316f42f98243310595fb0bb36b62,changdu-app,"[""RAW_LANGUAGE_SCOPE_V1"",""[\""number\"",\""3\""]"",[""string"",""英语""]]",EN,Modern,TW9kZXJu,eef6c7f6ddd4067eb8afcea1a2104116ed5c09287b11433ed96a2b3c47cbb55c,40,40,40,"[""[\""LANE_B_BOOK_ID_V1\"",\""[\\\""string\\\"",\\\""changdu-app\\\""]\"",\""[\\\""number\\\"",\\\""651592489\\\""]\"",\""[\\\""RAW_LANGUAGE_SCOPE_V1\\\"",\\\""[\\\\\\\""number\\\\\\\"",\\\\\\\""3\\\\\\\""]\\\"",[\\\""string\\\"",\\\""英语\\\""]]\""]"",""[\""LANE_B_BOOK_ID_V1\"",\""[\\\""string\\\"",\\\""changdu-app\\\""]\"",\""[\\\""number\\\"",\\\""651592490\\\""]\"",\""[\\\""RAW_LANGUAGE_SCOPE_V1\\\"",\\\""[\\\\\\\""number\\\\\\\"",\\\\\\\""3\\\\\\\""]\\\"",[\\\""string\\\"",\\\""英语\\\""]]\""]"",""[\""LANE_B_BOOK_ID_V1\"",\""[\\\""string\\\"",\\\""changdu-app\\\""]\"",\""[\\\""number\\\"",\\\""651592491\\\""]\"",\""[\\\""RAW_LANGUAGE_SCOPE_V1\\\"",\\\""[\\\\\\\""number\\\\\\\"",\\\\\\\""3\\\\\\\""]\\\"",[\\\""string\\\"",\\\""英语\\\""]]\""]"",""[\""LANE_B_BOOK_ID_V1\"",\""[\\\""string\\\"",\\\""changdu-app\\\""]\"",\""[\\\""number\\\"",\\\""651592492\\\""]\"",\""[\\\""RAW_LANGUAGE_SCOPE_V1\\\"",\\\""[\\\\\\\""number\\\\\\\"",\\\\\\\""3\\\\\\\""]\\\"",[\\\""string\\\"",\\\""英语\\\""]]\""]"",""[\""LANE_B_BOOK_ID_V1\"",\""[\\\""string\\\"",\\\""changdu-app\\\""]\"",\""[\\\""number\\\"",\\\""487743752\\\""]\"",\""[\\\""RAW_LANGUAGE_SCOPE_V1\\\"",\\\""[\\\\\\\""number\\\\\\\"",\\\\\\\""3\\\\\\\""]\\\"",[\\\""string\\\"",\\\""英语\\\""]]\""]"",""[\""LANE_B_BOOK_ID_V1\"",\""[\\\""string\\\"",\\\""changdu-app\\\""]\"",\""[\\\""number\\\"",\\\""341001081\\\""]\"",\""[\\\""RAW_LANGUAGE_SCOPE_V1\\\"",\\\""[\\\\\\\""number\\\\\\\"",\\\\\\\""3\\\\\\\""]\\\"",[\\\""string\\\"",\\\""英语\\\""]]\""]"",""[\""LANE_B_BOOK_ID_V1\"",\""[\\\""string\\\"",\\\""changdu-app\\\""]\"",\""[\\\""number\\\"",\\\""314540404\\\""]\"",\""[\\\""RAW_LANGUAGE_SCOPE_V1\\\"",\\\""[\\\\\\\""number\\\\\\\"",\\\\\\\""3\\\\\\\""]\\\"",[\\\""string\\\"",\\\""英语\\\""]]\""]""]",APPROVED_MAP_CANDIDATE,CROSS_REVIEW_FINAL,TIER_3_TARGET_CONFLICT,0.75,共现男频40/40（全家族唯一男频Modern桶），书证=弃夫逆袭/赘婿崛起/失落继承人等男频现代文；映射modern-romance会把男频文灌入现代言情页，当代背景(setting)为中性正确入口,A/D: modern-romance（未区分该scope的频道构成）,1,1,ct-v1-contemporary-setting,contemporary-setting,当代背景,APPROVED_OFFLINE_CANDIDATE_ONLY
MAPPING_EDGE,80cbf217e3696ad36e3f3431de1e4d7b42dbb31da772aeb58c69a5bc1a0e113d,7c920e57296bc4e45372ddc6e5911e47394d329bb86eb5a33cbef1eb9efb6ea0,changdu-app,"[""RAW_LANGUAGE_SCOPE_V1"",""[\""number\"",\""3\""]"",[""string"",""英语""]]",EN,Romance,Um9tYW5jZQ==,3bc3567a7fc6511a85072520dc1bdb95a732c4aee93a6533d53954f39124d7c9,5,5,5,"[""[\""LANE_B_BOOK_ID_V1\"",\""[\\\""string\\\"",\\\""changdu-app\\\""]\"",\""[\\\""number\\\"",\\\""804041957\\\""]\"",\""[\\\""RAW_LANGUAGE_SCOPE_V1\\\"",\\\""[\\\\\\\""number\\\\\\\"",\\\\\\\""3\\\\\\\""]\\\"",[\\\""string\\\"",\\\""英语\\\""]]\""]"",""[\""LANE_B_BOOK_ID_V1\"",\""[\\\""string\\\"",\\\""changdu-app\\\""]\"",\""[\\\""number\\\"",\\\""5589879\\\""]\"",\""[\\\""RAW_LANGUAGE_SCOPE_V1\\\"",\\\""[\\\\\\\""number\\\\\\\"",\\\\\\\""3\\\\\\\""]\\\"",[\\\""string\\\"",\\\""英语\\\""]]\""]"",""[\""LANE_B_BOOK_ID_V1\"",\""[\\\""string\\\"",\\\""changdu-app\\\""]\"",\""[\\\""number\\\"",\\\""5591606\\\""]\"",\""[\\\""RAW_LANGUAGE_SCOPE_V1\\\"",\\\""[\\\\\\\""number\\\\\\\"",\\\\\\\""3\\\\\\\""]\\\"",[\\\""string\\\"",\\\""英语\\\""]]\""]"",""[\""LANE_B_BOOK_ID_V1\"",\""[\\\""string\\\"",\\\""changdu-app\\\""]\"",\""[\\\""number\\\"",\\\""5594604\\\""]\"",\""[\\\""RAW_LANGUAGE_SCOPE_V1\\\"",\\\""[\\\\\\\""number\\\\\\\"",\\\\\\\""3\\\\\\\""]\\\"",[\\\""string\\\"",\\\""英语\\\""]]\""]"",""[\""LANE_B_BOOK_ID_V1\"",\""[\\\""string\\\"",\\\""changdu-app\\\""]\"",\""[\\\""number\\\"",\\\""5553830\\\""]\"",\""[\\\""RAW_LANGUAGE_SCOPE_V1\\\"",\\\""[\\\\\\\""number\\\\\\\"",\\\\\\\""3\\\\\\\""]\\\"",[\\\""string\\\"",\\\""英语\\\""]]\""]""]",APPROVED_MAP_CANDIDATE,CROSS_REVIEW_FINAL,TIER_2_GOOD,0.78,3/4一致；3/5书证为言情，含2本异常（修仙翻译+公版《少年维特》）,B: HUMAN_REVIEW(0.58),1,1,ct-v1-romance,romance,言情,APPROVED_OFFLINE_CANDIDATE_ONLY
MAPPING_EDGE,4f3fbf6860b6d8a330c8a264c9ab2c797b87d541d12d9701b64babfa71f96e4a,027f2b11dbb8998d3cf51a12e7ae0d53f002437bd32d1e896562fd0f4296ca1f,changdu-app,"[""RAW_LANGUAGE_SCOPE_V1"",""[\""number\"",\""3\""]"",[""string"",""英语""]]",EN,Sci-fi,U2NpLWZp,2f94b971bff642a9cbb09297fceffef23565dc081c700eec15de6d1f8d6af5ab,63,63,63,"[""[\""LANE_B_BOOK_ID_V1\"",\""[\\\""string\\\"",\\\""changdu-app\\\""]\"",\""[\\\""number\\\"",\\\""975157660\\\""]\"",\""[\\\""RAW_LANGUAGE_SCOPE_V1\\\"",\\\""[\\\\\\\""number\\\\\\\"",\\\\\\\""3\\\\\\\""]\\\"",[\\\""string\\\"",\\\""英语\\\""]]\""]"",""[\""LANE_B_BOOK_ID_V1\"",\""[\\\""string\\\"",\\\""changdu-app\\\""]\"",\""[\\\""number\\\"",\\\""154909382\\\""]\"",\""[\\\""RAW_LANGUAGE_SCOPE_V1\\\"",\\\""[\\\\\\\""number\\\\\\\"",\\\\\\\""3\\\\\\\""]\\\"",[\\\""string\\\"",\\\""英语\\\""]]\""]"",""[\""LANE_B_BOOK_ID_V1\"",\""[\\\""string\\\"",\\\""changdu-app\\\""]\"",\""[\\\""number\\\"",\\\""979208578\\\""]\"",\""[\\\""RAW_LANGUAGE_SCOPE_V1\\\"",\\\""[\\\\\\\""number\\\\\\\"",\\\\\\\""3\\\\\\\""]\\\"",[\\\""string\\\"",\\\""英语\\\""]]\""]"",""[\""LANE_B_BOOK_ID_V1\"",\""[\\\""string\\\"",\\\""changdu-app\\\""]\"",\""[\\\""number\\\"",\\\""931492111\\\""]\"",\""[\\\""RAW_LANGUAGE_SCOPE_V1\\\"",\\\""[\\\\\\\""number\\\\\\\"",\\\\\\\""3\\\\\\\""]\\\"",[\\\""string\\\"",\\\""英语\\\""]]\""]"",""[\""LANE_B_BOOK_ID_V1\"",\""[\\\""string\\\"",\\\""changdu-app\\\""]\"",\""[\\\""number\\\"",\\\""561450697\\\""]\"",\""[\\\""RAW_LANGUAGE_SCOPE_V1\\\"",\\\""[\\\\\\\""number\\\\\\\"",\\\\\\\""3\\\\\\\""]\\\"",[\\\""string\\\"",\\\""英语\\\""]]\""]"",""[\""LANE_B_BOOK_ID_V1\"",\""[\\\""string\\\"",\\\""changdu-app\\\""]\"",\""[\\\""number\\\"",\\\""300178691\\\""]\"",\""[\\\""RAW_LANGUAGE_SCOPE_V1\\\"",\\\""[\\\\\\\""number\\\\\\\"",\\\\\\\""3\\\\\\\""]\\\"",[\\\""string\\\"",\\\""英语\\\""]]\""]"",""[\""LANE_B_BOOK_ID_V1\"",\""[\\\""string\\\"",\\\""changdu-app\\\""]\"",\""[\\\""number\\\"",\\\""248517072\\\""]\"",\""[\\\""RAW_LANGUAGE_SCOPE_V1\\\"",\\\""[\\\\\\\""number\\\\\\\"",\\\\\\\""3\\\\\\\""]\\\"",[\\\""string\\\"",\\\""英语\\\""]]\""]"",""[\""LANE_B_BOOK_ID_V1\"",\""[\\\""string\\\"",\\\""changdu-app\\\""]\"",\""[\\\""number\\\"",\\\""186675155\\\""]\"",\""[\\\""RAW_LANGUAGE_SCOPE_V1\\\"",\\\""[\\\\\\\""number\\\\\\\"",\\\\\\\""3\\\\\\\""]\\\"",[\\\""string\\\"",\\\""英语\\\""]]\""]""]",APPROVED_MAP_CANDIDATE,CROSS_REVIEW_FINAL,TIER_2_GOOD,0.8,3/4一致；书证为星际帝国/外星将军/末日设计师——科幻言情仍具实质科幻设定,D: HUMAN_REVIEW（按《Dump One Loser》书名判言情，但该书为星际设定）,1,1,ct-v1-science-fiction,science-fiction,科幻,APPROVED_OFFLINE_CANDIDATE_ONLY
MAPPING_EDGE,333f04f7ee8402006e7975f063b5499ce889413ba921273fb6a6ad1797910cae,3f6484cf01af32d547c3607a48e0055ebc6ca91245dc9248f930ff427fd9bd0a,changdu-app,"[""RAW_LANGUAGE_SCOPE_V1"",""[\""number\"",\""3\""]"",[""string"",""英语""]]",EN,Werewolf,V2VyZXdvbGY=,a2a5639765ce5eeb57d4f26e990f98d8bc802ce843882d5c6ee530abf45c39ef,5,5,5,"[""[\""LANE_B_BOOK_ID_V1\"",\""[\\\""string\\\"",\\\""changdu-app\\\""]\"",\""[\\\""number\\\"",\\\""914614608\\\""]\"",\""[\\\""RAW_LANGUAGE_SCOPE_V1\\\"",\\\""[\\\\\\\""number\\\\\\\"",\\\\\\\""3\\\\\\\""]\\\"",[\\\""string\\\"",\\\""英语\\\""]]\""]"",""[\""LANE_B_BOOK_ID_V1\"",\""[\\\""string\\\"",\\\""changdu-app\\\""]\"",\""[\\\""number\\\"",\\\""941413102\\\""]\"",\""[\\\""RAW_LANGUAGE_SCOPE_V1\\\"",\\\""[\\\\\\\""number\\\\\\\"",\\\\\\\""3\\\\\\\""]\\\"",[\\\""string\\\"",\\\""英语\\\""]]\""]"",""[\""LANE_B_BOOK_ID_V1\"",\""[\\\""string\\\"",\\\""changdu-app\\\""]\"",\""[\\\""number\\\"",\\\""972700400\\\""]\"",\""[\\\""RAW_LANGUAGE_SCOPE_V1\\\"",\\\""[\\\\\\\""number\\\\\\\"",\\\\\\\""3\\\\\\\""]\\\"",[\\\""string\\\"",\\\""英语\\\""]]\""]"",""[\""LANE_B_BOOK_ID_V1\"",\""[\\\""string\\\"",\\\""changdu-app\\\""]\"",\""[\\\""number\\\"",\\\""977679639\\\""]\"",\""[\\\""RAW_LANGUAGE_SCOPE_V1\\\"",\\\""[\\\\\\\""number\\\\\\\"",\\\\\\\""3\\\\\\\""]\\\"",[\\\""string\\\"",\\\""英语\\\""]]\""]"",""[\""LANE_B_BOOK_ID_V1\"",\""[\\\""string\\\"",\\\""changdu-app\\\""]\"",\""[\\\""number\\\"",\\\""979809718\\\""]\"",\""[\\\""RAW_LANGUAGE_SCOPE_V1\\\"",\\\""[\\\\\\\""number\\\\\\\"",\\\\\\\""3\\\\\\\""]\\\"",[\\\""string\\\"",\\\""英语\\\""]]\""]""]",APPROVED_MAP_CANDIDATE,CROSS_REVIEW_FINAL,TIER_1_STRONG,0.94,4/4 decision+target一致，代表书证与目标语义相符，无明显反证,NONE_IDENTIFIED,1,1,ct-v1-werewolf,werewolf,狼人,APPROVED_OFFLINE_CANDIDATE_ONLY
MAPPING_EDGE,a93f082077eef943512360d3b9865ab659fc99a91e808b01a1fe5634a6cc7106,3b3c924a538b5ae060f6eb7e2547e4be9a5cd622c9d36684419069d8559654e9,changdu-app,"[""RAW_LANGUAGE_SCOPE_V1"",""[\""number\"",\""3\""]"",[""string"",""英语""]]",EN,Young Adult,WW91bmcgQWR1bHQ=,8adc01b58aab3725c9d51afdab68e091b6705d5026c2bbf36f784ceed214e092,184,184,184,"[""[\""LANE_B_BOOK_ID_V1\"",\""[\\\""string\\\"",\\\""changdu-app\\\""]\"",\""[\\\""number\\\"",\\\""5544066\\\""]\"",\""[\\\""RAW_LANGUAGE_SCOPE_V1\\\"",\\\""[\\\\\\\""number\\\\\\\"",\\\\\\\""3\\\\\\\""]\\\"",[\\\""string\\\"",\\\""英语\\\""]]\""]"",""[\""LANE_B_BOOK_ID_V1\"",\""[\\\""string\\\"",\\\""changdu-app\\\""]\"",\""[\\\""number\\\"",\\\""451500497\\\""]\"",\""[\\\""RAW_LANGUAGE_SCOPE_V1\\\"",\\\""[\\\\\\\""number\\\\\\\"",\\\\\\\""3\\\\\\\""]\\\"",[\\\""string\\\"",\\\""英语\\\""]]\""]"",""[\""LANE_B_BOOK_ID_V1\"",\""[\\\""string\\\"",\\\""changdu-app\\\""]\"",\""[\\\""number\\\"",\\\""671266988\\\""]\"",\""[\\\""RAW_LANGUAGE_SCOPE_V1\\\"",\\\""[\\\\\\\""number\\\\\\\"",\\\\\\\""3\\\\\\\""]\\\"",[\\\""string\\\"",\\\""英语\\\""]]\""]"",""[\""LANE_B_BOOK_ID_V1\"",\""[\\\""string\\\"",\\\""changdu-app\\\""]\"",\""[\\\""number\\\"",\\\""5583907\\\""]\"",\""[\\\""RAW_LANGUAGE_SCOPE_V1\\\"",\\\""[\\\\\\\""number\\\\\\\"",\\\\\\\""3\\\\\\\""]\\\"",[\\\""string\\\"",\\\""英语\\\""]]\""]"",""[\""LANE_B_BOOK_ID_V1\"",\""[\\\""string\\\"",\\\""changdu-app\\\""]\"",\""[\\\""number\\\"",\\\""661389135\\\""]\"",\""[\\\""RAW_LANGUAGE_SCOPE_V1\\\"",\\\""[\\\\\\\""number\\\\\\\"",\\\\\\\""3\\\\\\\""]\\\"",[\\\""string\\\"",\\\""英语\\\""]]\""]"",""[\""LANE_B_BOOK_ID_V1\"",\""[\\\""string\\\"",\\\""changdu-app\\\""]\"",\""[\\\""number\\\"",\\\""2868999\\\""]\"",\""[\\\""RAW_LANGUAGE_SCOPE_V1\\\"",\\\""[\\\\\\\""number\\\\\\\"",\\\\\\\""3\\\\\\\""]\\\"",[\\\""string\\\"",\\\""英语\\\""]]\""]"",""[\""LANE_B_BOOK_ID_V1\"",\""[\\\""string\\\"",\\\""changdu-app\\\""]\"",\""[\\\""number\\\"",\\\""1075318151\\\""]\"",\""[\\\""RAW_LANGUAGE_SCOPE_V1\\\"",\\\""[\\\\\\\""number\\\\\\\"",\\\\\\\""3\\\\\\\""]\\\"",[\\\""string\\\"",\\\""英语\\\""]]\""]"",""[\""LANE_B_BOOK_ID_V1\"",\""[\\\""string\\\"",\\\""changdu-app\\\""]\"",\""[\\\""number\\\"",\\\""1040466287\\\""]\"",\""[\\\""RAW_LANGUAGE_SCOPE_V1\\\"",\\\""[\\\\\\\""number\\\\\\\"",\\\\\\\""3\\\\\\\""]\\\"",[\\\""string\\\"",\\\""英语\\\""]]\""]"",""[\""LANE_B_BOOK_ID_V1\"",\""[\\\""string\\\"",\\\""changdu-app\\\""]\"",\""[\\\""number\\\"",\\\""1042736496\\\""]\"",\""[\\\""RAW_LANGUAGE_SCOPE_V1\\\"",\\\""[\\\\\\\""number\\\\\\\"",\\\\\\\""3\\\\\\\""]\\\"",[\\\""string\\\"",\\\""英语\\\""]]\""]"",""[\""LANE_B_BOOK_ID_V1\"",\""[\\\""string\\\"",\\\""changdu-app\\\""]\"",\""[\\\""number\\\"",\\\""938976810\\\""]\"",\""[\\\""RAW_LANGUAGE_SCOPE_V1\\\"",\\\""[\\\\\\\""number\\\\\\\"",\\\\\\\""3\\\\\\\""]\\\"",[\\\""string\\\"",\\\""英语\\\""]]\""]"",""[\""LANE_B_BOOK_ID_V1\"",\""[\\\""string\\\"",\\\""changdu-app\\\""]\"",\""[\\\""number\\\"",\\\""912179505\\\""]\"",\""[\\\""RAW_LANGUAGE_SCOPE_V1\\\"",\\\""[\\\\\\\""number\\\\\\\"",\\\\\\\""3\\\\\\\""]\\\"",[\\\""string\\\"",\\\""英语\\\""]]\""]"",""[\""LANE_B_BOOK_ID_V1\"",\""[\\\""string\\\"",\\\""changdu-app\\\""]\"",\""[\\\""number\\\"",\\\""856610796\\\""]\"",\""[\\\""RAW_LANGUAGE_SCOPE_V1\\\"",\\\""[\\\\\\\""number\\\\\\\"",\\\\\\\""3\\\\\\\""]\\\"",[\\\""string\\\"",\\\""英语\\\""]]\""]""]",APPROVED_MAP_CANDIDATE,OWNER_FINAL,TIER_2_GOOD,0.84,四家同decision同target；但书证存在部分反证：含继兄/霸凌/床伴等偏成人内容，青少年页有分级偏熟风险,NOT_CONTENT_SAFETY_EVIDENCE,1,1,ct-v1-young-adult,young-adult,青少年,APPROVED_OFFLINE_CANDIDATE_ONLY
MAPPING_EDGE,a3a72a9624616fa066d4e9cedd008c7e31d2aacea224fc6febef70fe11dc3a78,2563405e4f11b815dc68bf3a3231894982c9029c75237da6f78fa6eb84cc716f,changdu-app,"[""RAW_LANGUAGE_SCOPE_V1"",""[\""number\"",\""3\""]"",[""string"",""英语""]]",EN,女频,5aWz6aKR,d9867749ec31f19fe7bfa4a782791bb108a8c9bc80653d481d3f1110f260cebb,671,671,671,"[""[\""LANE_B_BOOK_ID_V1\"",\""[\\\""string\\\"",\\\""changdu-app\\\""]\"",\""[\\\""number\\\"",\\\""1029905070\\\""]\"",\""[\\\""RAW_LANGUAGE_SCOPE_V1\\\"",\\\""[\\\\\\\""number\\\\\\\"",\\\\\\\""3\\\\\\\""]\\\"",[\\\""string\\\"",\\\""英语\\\""]]\""]"",""[\""LANE_B_BOOK_ID_V1\"",\""[\\\""string\\\"",\\\""changdu-app\\\""]\"",\""[\\\""number\\\"",\\\""1035827026\\\""]\"",\""[\\\""RAW_LANGUAGE_SCOPE_V1\\\"",\\\""[\\\\\\\""number\\\\\\\"",\\\\\\\""3\\\\\\\""]\\\"",[\\\""string\\\"",\\\""英语\\\""]]\""]"",""[\""LANE_B_BOOK_ID_V1\"",\""[\\\""string\\\"",\\\""changdu-app\\\""]\"",\""[\\\""number\\\"",\\\""1059519156\\\""]\"",\""[\\\""RAW_LANGUAGE_SCOPE_V1\\\"",\\\""[\\\\\\\""number\\\\\\\"",\\\\\\\""3\\\\\\\""]\\\"",[\\\""string\\\"",\\\""英语\\\""]]\""]"",""[\""LANE_B_BOOK_ID_V1\"",\""[\\\""string\\\"",\\\""changdu-app\\\""]\"",\""[\\\""number\\\"",\\\""1133913081\\\""]\"",\""[\\\""RAW_LANGUAGE_SCOPE_V1\\\"",\\\""[\\\\\\\""number\\\\\\\"",\\\\\\\""3\\\\\\\""]\\\"",[\\\""string\\\"",\\\""英语\\\""]]\""]"",""[\""LANE_B_BOOK_ID_V1\"",\""[\\\""string\\\"",\\\""changdu-app\\\""]\"",\""[\\\""number\\\"",\\\""470747970\\\""]\"",\""[\\\""RAW_LANGUAGE_SCOPE_V1\\\"",\\\""[\\\\\\\""number\\\\\\\"",\\\\\\\""3\\\\\\\""]\\\"",[\\\""string\\\"",\\\""英语\\\""]]\""]"",""[\""LANE_B_BOOK_ID_V1\"",\""[\\\""string\\\"",\\\""changdu-app\\\""]\"",\""[\\\""number\\\"",\\\""914614608\\\""]\"",\""[\\\""RAW_LANGUAGE_SCOPE_V1\\\"",\\\""[\\\\\\\""number\\\\\\\"",\\\\\\\""3\\\\\\\""]\\\"",[\\\""string\\\"",\\\""英语\\\""]]\""]"",""[\""LANE_B_BOOK_ID_V1\"",\""[\\\""string\\\"",\\\""changdu-app\\\""]\"",\""[\\\""number\\\"",\\\""941413102\\\""]\"",\""[\\\""RAW_LANGUAGE_SCOPE_V1\\\"",\\\""[\\\\\\\""number\\\\\\\"",\\\\\\\""3\\\\\\\""]\\\"",[\\\""string\\\"",\\\""英语\\\""]]\""]"",""[\""LANE_B_BOOK_ID_V1\"",\""[\\\""string\\\"",\\\""changdu-app\\\""]\"",\""[\\\""number\\\"",\\\""972700400\\\""]\"",\""[\\\""RAW_LANGUAGE_SCOPE_V1\\\"",\\\""[\\\\\\\""number\\\\\\\"",\\\\\\\""3\\\\\\\""]\\\"",[\\\""string\\\"",\\\""英语\\\""]]\""]"",""[\""LANE_B_BOOK_ID_V1\"",\""[\\\""string\\\"",\\\""changdu-app\\\""]\"",\""[\\\""number\\\"",\\\""975157660\\\""]\"",\""[\\\""RAW_LANGUAGE_SCOPE_V1\\\"",\\\""[\\\\\\\""number\\\\\\\"",\\\\\\\""3\\\\\\\""]\\\"",[\\\""string\\\"",\\\""英语\\\""]]\""]"",""[\""LANE_B_BOOK_ID_V1\"",\""[\\\""string\\\"",\\\""changdu-app\\\""]\"",\""[\\\""number\\\"",\\\""977679639\\\""]\"",\""[\\\""RAW_LANGUAGE_SCOPE_V1\\\"",\\\""[\\\\\\\""number\\\\\\\"",\\\\\\\""3\\\\\\\""]\\\"",[\\\""string\\\"",\\\""英语\\\""]]\""]"",""[\""LANE_B_BOOK_ID_V1\"",\""[\\\""string\\\"",\\\""changdu-app\\\""]\"",\""[\\\""number\\\"",\\\""979809718\\\""]\"",\""[\\\""RAW_LANGUAGE_SCOPE_V1\\\"",\\\""[\\\\\\\""number\\\\\\\"",\\\\\\\""3\\\\\\\""]\\\"",[\\\""string\\\"",\\\""英语\\\""]]\""]"",""[\""LANE_B_BOOK_ID_V1\"",\""[\\\""string\\\"",\\\""changdu-app\\\""]\"",\""[\\\""number\\\"",\\\""515679143\\\""]\"",\""[\\\""RAW_LANGUAGE_SCOPE_V1\\\"",\\\""[\\\\\\\""number\\\\\\\"",\\\\\\\""3\\\\\\\""]\\\"",[\\\""string\\\"",\\\""英语\\\""]]\""]""]",APPROVED_MAP_CANDIDATE,CROSS_REVIEW_FINAL,TIER_2_GOOD,0.95,A/B/C一致映射；audience已是119正式facet（ct-v1-female-audience存在），书证全为女性向,D: IGNORE（视为运营二分旗——但artifact已建audience facet，忽略反而丢失已建模维度）,1,1,ct-v1-female-audience,female-audience,女性向,APPROVED_OFFLINE_CANDIDATE_ONLY
MAPPING_EDGE,309a091dcdb1ca1675ba014c949447ddbc089fc3678b61bc1949a5984e028aa9,afa522079450ad7cef9020ee5811ceb5417170939aaa393eba5b88de15e950a0,changdu-app,"[""RAW_LANGUAGE_SCOPE_V1"",""[\""number\"",\""3\""]"",[""string"",""英语""]]",EN,男频,55S36aKR,e74d73d99251bb2b99c02896258d9fbcd9817488f6538674fda26534b0b450ac,327,327,327,"[""[\""LANE_B_BOOK_ID_V1\"",\""[\\\""string\\\"",\\\""changdu-app\\\""]\"",\""[\\\""number\\\"",\\\""608182088\\\""]\"",\""[\\\""RAW_LANGUAGE_SCOPE_V1\\\"",\\\""[\\\\\\\""number\\\\\\\"",\\\\\\\""3\\\\\\\""]\\\"",[\\\""string\\\"",\\\""英语\\\""]]\""]"",""[\""LANE_B_BOOK_ID_V1\"",\""[\\\""string\\\"",\\\""changdu-app\\\""]\"",\""[\\\""number\\\"",\\\""1040466288\\\""]\"",\""[\\\""RAW_LANGUAGE_SCOPE_V1\\\"",\\\""[\\\\\\\""number\\\\\\\"",\\\\\\\""3\\\\\\\""]\\\"",[\\\""string\\\"",\\\""英语\\\""]]\""]"",""[\""LANE_B_BOOK_ID_V1\"",\""[\\\""string\\\"",\\\""changdu-app\\\""]\"",\""[\\\""number\\\"",\\\""1042736497\\\""]\"",\""[\\\""RAW_LANGUAGE_SCOPE_V1\\\"",\\\""[\\\\\\\""number\\\\\\\"",\\\\\\\""3\\\\\\\""]\\\"",[\\\""string\\\"",\\\""英语\\\""]]\""]"",""[\""LANE_B_BOOK_ID_V1\"",\""[\\\""string\\\"",\\\""changdu-app\\\""]\"",\""[\\\""number\\\"",\\\""1042736500\\\""]\"",\""[\\\""RAW_LANGUAGE_SCOPE_V1\\\"",\\\""[\\\\\\\""number\\\\\\\"",\\\\\\\""3\\\\\\\""]\\\"",[\\\""string\\\"",\\\""英语\\\""]]\""]"",""[\""LANE_B_BOOK_ID_V1\"",\""[\\\""string\\\"",\\\""changdu-app\\\""]\"",\""[\\\""number\\\"",\\\""980207230\\\""]\"",\""[\\\""RAW_LANGUAGE_SCOPE_V1\\\"",\\\""[\\\\\\\""number\\\\\\\"",\\\\\\\""3\\\\\\\""]\\\"",[\\\""string\\\"",\\\""英语\\\""]]\""]"",""[\""LANE_B_BOOK_ID_V1\"",\""[\\\""string\\\"",\\\""changdu-app\\\""]\"",\""[\\\""number\\\"",\\\""938775596\\\""]\"",\""[\\\""RAW_LANGUAGE_SCOPE_V1\\\"",\\\""[\\\\\\\""number\\\\\\\"",\\\\\\\""3\\\\\\\""]\\\"",[\\\""string\\\"",\\\""英语\\\""]]\""]"",""[\""LANE_B_BOOK_ID_V1\"",\""[\\\""string\\\"",\\\""changdu-app\\\""]\"",\""[\\\""number\\\"",\\\""939591387\\\""]\"",\""[\\\""RAW_LANGUAGE_SCOPE_V1\\\"",\\\""[\\\\\\\""number\\\\\\\"",\\\\\\\""3\\\\\\\""]\\\"",[\\\""string\\\"",\\\""英语\\\""]]\""]"",""[\""LANE_B_BOOK_ID_V1\"",\""[\\\""string\\\"",\\\""changdu-app\\\""]\"",\""[\\\""number\\\"",\\\""883166487\\\""]\"",\""[\\\""RAW_LANGUAGE_SCOPE_V1\\\"",\\\""[\\\\\\\""number\\\\\\\"",\\\\\\\""3\\\\\\\""]\\\"",[\\\""string\\\"",\\\""英语\\\""]]\""]"",""[\""LANE_B_BOOK_ID_V1\"",\""[\\\""string\\\"",\\\""changdu-app\\\""]\"",\""[\\\""number\\\"",\\\""854093218\\\""]\"",\""[\\\""RAW_LANGUAGE_SCOPE_V1\\\"",\\\""[\\\\\\\""number\\\\\\\"",\\\\\\\""3\\\\\\\""]\\\"",[\\\""string\\\"",\\\""英语\\\""]]\""]"",""[\""LANE_B_BOOK_ID_V1\"",\""[\\\""string\\\"",\\\""changdu-app\\\""]\"",\""[\\\""number\\\"",\\\""856511609\\\""]\"",\""[\\\""RAW_LANGUAGE_SCOPE_V1\\\"",\\\""[\\\\\\\""number\\\\\\\"",\\\\\\\""3\\\\\\\""]\\\"",[\\\""string\\\"",\\\""英语\\\""]]\""]"",""[\""LANE_B_BOOK_ID_V1\"",\""[\\\""string\\\"",\\\""changdu-app\\\""]\"",\""[\\\""number\\\"",\\\""856610795\\\""]\"",\""[\\\""RAW_LANGUAGE_SCOPE_V1\\\"",\\\""[\\\\\\\""number\\\\\\\"",\\\\\\\""3\\\\\\\""]\\\"",[\\\""string\\\"",\\\""英语\\\""]]\""]"",""[\""LANE_B_BOOK_ID_V1\"",\""[\\\""string\\\"",\\\""changdu-app\\\""]\"",\""[\\\""number\\\"",\\\""811900043\\\""]\"",\""[\\\""RAW_LANGUAGE_SCOPE_V1\\\"",\\\""[\\\\\\\""number\\\\\\\"",\\\\\\\""3\\\\\\\""]\\\"",[\\\""string\\\"",\\\""英语\\\""]]\""]""]",APPROVED_MAP_CANDIDATE,CROSS_REVIEW_FINAL,TIER_2_GOOD,0.92,A/B/C提出同一概念；119只有female-audience无对称男性向入口，8217本可进女性向而1684本男频书无入口，结构性不对称,D: IGNORE（主张女频男频同进同退；若Owner不扩audience则两者一并IGNORE）,1,1,ct-v1-male-audience,male-audience,男性向,APPROVED_OFFLINE_CANDIDATE_ONLY
MAPPING_EDGE,1a092a12e7d397ffdc1b7bd4bc71dade4255a6879b5a054a0712359a04d66089,63ac1fb11b8f95f655ac2b40145a43a06fdf306460939d57f22aa0a4c4f0fddc,changdu-app,"[""RAW_LANGUAGE_SCOPE_V1"",""[\""number\"",\""4\""]"",[""string"",""西语""]]",ES,Ciencia Ficción,Q2llbmNpYSBGaWNjacOzbg==,2bd99ae1b6c3d9dc31b92e255b6bdbc55aea1b151674963b9d9798f7127594c7,19,19,19,"[""[\""LANE_B_BOOK_ID_V1\"",\""[\\\""string\\\"",\\\""changdu-app\\\""]\"",\""[\\\""number\\\"",\\\""856511602\\\""]\"",\""[\\\""RAW_LANGUAGE_SCOPE_V1\\\"",\\\""[\\\\\\\""number\\\\\\\"",\\\\\\\""4\\\\\\\""]\\\"",[\\\""string\\\"",\\\""西语\\\""]]\""]"",""[\""LANE_B_BOOK_ID_V1\"",\""[\\\""string\\\"",\\\""changdu-app\\\""]\"",\""[\\\""number\\\"",\\\""186577574\\\""]\"",\""[\\\""RAW_LANGUAGE_SCOPE_V1\\\"",\\\""[\\\\\\\""number\\\\\\\"",\\\\\\\""4\\\\\\\""]\\\"",[\\\""string\\\"",\\\""西语\\\""]]\""]"",""[\""LANE_B_BOOK_ID_V1\"",\""[\\\""string\\\"",\\\""changdu-app\\\""]\"",\""[\\\""number\\\"",\\\""186577097\\\""]\"",\""[\\\""RAW_LANGUAGE_SCOPE_V1\\\"",\\\""[\\\\\\\""number\\\\\\\"",\\\\\\\""4\\\\\\\""]\\\"",[\\\""string\\\"",\\\""西语\\\""]]\""]"",""[\""LANE_B_BOOK_ID_V1\"",\""[\\\""string\\\"",\\\""changdu-app\\\""]\"",\""[\\\""number\\\"",\\\""182508266\\\""]\"",\""[\\\""RAW_LANGUAGE_SCOPE_V1\\\"",\\\""[\\\\\\\""number\\\\\\\"",\\\\\\\""4\\\\\\\""]\\\"",[\\\""string\\\"",\\\""西语\\\""]]\""]"",""[\""LANE_B_BOOK_ID_V1\"",\""[\\\""string\\\"",\\\""changdu-app\\\""]\"",\""[\\\""number\\\"",\\\""182508280\\\""]\"",\""[\\\""RAW_LANGUAGE_SCOPE_V1\\\"",\\\""[\\\\\\\""number\\\\\\\"",\\\\\\\""4\\\\\\\""]\\\"",[\\\""string\\\"",\\\""西语\\\""]]\""]""]",APPROVED_MAP_CANDIDATE,CROSS_REVIEW_FINAL,TIER_2_GOOD,0.68,3/4一致；书证部分支持（2038年VR/入侵战争），但含天使奇幻与诗意言情噪声——列入过映射观察,D: HUMAN_REVIEW（无科幻机制样本）,1,1,ct-v1-science-fiction,science-fiction,科幻,APPROVED_OFFLINE_CANDIDATE_ONLY
MAPPING_EDGE,44d64a637bc5fa4962ba85614ae3c8b6beb4e6bcdedf0c1d60012c10840184c8,b6d68778eb7801fcdab7c6eba4e23c32d2cab6024944b8b5fc9ac5285c34991c,changdu-app,"[""RAW_LANGUAGE_SCOPE_V1"",""[\""number\"",\""4\""]"",[""string"",""西语""]]",ES,Fantasía,RmFudGFzw61h,f0541899f0f57fdb0c1463bdf36a54f7d4bd245a881c213a72468ceb8e0648f3,74,74,74,"[""[\""LANE_B_BOOK_ID_V1\"",\""[\\\""string\\\"",\\\""changdu-app\\\""]\"",\""[\\\""number\\\"",\\\""913704987\\\""]\"",\""[\\\""RAW_LANGUAGE_SCOPE_V1\\\"",\\\""[\\\\\\\""number\\\\\\\"",\\\\\\\""4\\\\\\\""]\\\"",[\\\""string\\\"",\\\""西语\\\""]]\""]"",""[\""LANE_B_BOOK_ID_V1\"",\""[\\\""string\\\"",\\\""changdu-app\\\""]\"",\""[\\\""number\\\"",\\\""712207779\\\""]\"",\""[\\\""RAW_LANGUAGE_SCOPE_V1\\\"",\\\""[\\\\\\\""number\\\\\\\"",\\\\\\\""4\\\\\\\""]\\\"",[\\\""string\\\"",\\\""西语\\\""]]\""]"",""[\""LANE_B_BOOK_ID_V1\"",\""[\\\""string\\\"",\\\""changdu-app\\\""]\"",\""[\\\""number\\\"",\\\""692853552\\\""]\"",\""[\\\""RAW_LANGUAGE_SCOPE_V1\\\"",\\\""[\\\\\\\""number\\\\\\\"",\\\\\\\""4\\\\\\\""]\\\"",[\\\""string\\\"",\\\""西语\\\""]]\""]"",""[\""LANE_B_BOOK_ID_V1\"",\""[\\\""string\\\"",\\\""changdu-app\\\""]\"",\""[\\\""number\\\"",\\\""651692289\\\""]\"",\""[\\\""RAW_LANGUAGE_SCOPE_V1\\\"",\\\""[\\\\\\\""number\\\\\\\"",\\\\\\\""4\\\\\\\""]\\\"",[\\\""string\\\"",\\\""西语\\\""]]\""]"",""[\""LANE_B_BOOK_ID_V1\"",\""[\\\""string\\\"",\\\""changdu-app\\\""]\"",\""[\\\""number\\\"",\\\""542923841\\\""]\"",\""[\\\""RAW_LANGUAGE_SCOPE_V1\\\"",\\\""[\\\\\\\""number\\\\\\\"",\\\\\\\""4\\\\\\\""]\\\"",[\\\""string\\\"",\\\""西语\\\""]]\""]"",""[\""LANE_B_BOOK_ID_V1\"",\""[\\\""string\\\"",\\\""changdu-app\\\""]\"",\""[\\\""number\\\"",\\\""501924973\\\""]\"",\""[\\\""RAW_LANGUAGE_SCOPE_V1\\\"",\\\""[\\\\\\\""number\\\\\\\"",\\\\\\\""4\\\\\\\""]\\\"",[\\\""string\\\"",\\\""西语\\\""]]\""]"",""[\""LANE_B_BOOK_ID_V1\"",\""[\\\""string\\\"",\\\""changdu-app\\\""]\"",\""[\\\""number\\\"",\\\""489555111\\\""]\"",\""[\\\""RAW_LANGUAGE_SCOPE_V1\\\"",\\\""[\\\\\\\""number\\\\\\\"",\\\\\\\""4\\\\\\\""]\\\"",[\\\""string\\\"",\\\""西语\\\""]]\""]"",""[\""LANE_B_BOOK_ID_V1\"",\""[\\\""string\\\"",\\\""changdu-app\\\""]\"",\""[\\\""number\\\"",\\\""405744703\\\""]\"",\""[\\\""RAW_LANGUAGE_SCOPE_V1\\\"",\\\""[\\\\\\\""number\\\\\\\"",\\\\\\\""4\\\\\\\""]\\\"",[\\\""string\\\"",\\\""西语\\\""]]\""]"",""[\""LANE_B_BOOK_ID_V1\"",\""[\\\""string\\\"",\\\""changdu-app\\\""]\"",\""[\\\""number\\\"",\\\""314540390\\\""]\"",\""[\\\""RAW_LANGUAGE_SCOPE_V1\\\"",\\\""[\\\\\\\""number\\\\\\\"",\\\\\\\""4\\\\\\\""]\\\"",[\\\""string\\\"",\\\""西语\\\""]]\""]""]",APPROVED_MAP_CANDIDATE,CROSS_REVIEW_FINAL,TIER_1_STRONG,0.84,4/4 decision+target一致，代表书证与目标语义相符，无明显反证,NONE_IDENTIFIED,1,1,ct-v1-fantasy,fantasy,奇幻,APPROVED_OFFLINE_CANDIDATE_ONLY
MAPPING_EDGE,2bf7eed484238ab0aaad7d05bd98f1c1eee55bb45ae6a69353c10559862d86ec,4b6225f0563422ee71e3dc8546244743812f912ed79d13432d794fb421b8e49f,changdu-app,"[""RAW_LANGUAGE_SCOPE_V1"",""[\""number\"",\""4\""]"",[""string"",""西语""]]",ES,Hombre Lobo,SG9tYnJlIExvYm8=,dd35da3ab677a2f165af4405fe8a3f55d05c87380b38b8fd5bcfdbdde1b3339b,87,87,87,"[""[\""LANE_B_BOOK_ID_V1\"",\""[\\\""string\\\"",\\\""changdu-app\\\""]\"",\""[\\\""number\\\"",\\\""1133616756\\\""]\"",\""[\\\""RAW_LANGUAGE_SCOPE_V1\\\"",\\\""[\\\\\\\""number\\\\\\\"",\\\\\\\""4\\\\\\\""]\\\"",[\\\""string\\\"",\\\""西语\\\""]]\""]"",""[\""LANE_B_BOOK_ID_V1\"",\""[\\\""string\\\"",\\\""changdu-app\\\""]\"",\""[\\\""number\\\"",\\\""962260049\\\""]\"",\""[\\\""RAW_LANGUAGE_SCOPE_V1\\\"",\\\""[\\\\\\\""number\\\\\\\"",\\\\\\\""4\\\\\\\""]\\\"",[\\\""string\\\"",\\\""西语\\\""]]\""]"",""[\""LANE_B_BOOK_ID_V1\"",\""[\\\""string\\\"",\\\""changdu-app\\\""]\"",\""[\\\""number\\\"",\\\""554093838\\\""]\"",\""[\\\""RAW_LANGUAGE_SCOPE_V1\\\"",\\\""[\\\\\\\""number\\\\\\\"",\\\\\\\""4\\\\\\\""]\\\"",[\\\""string\\\"",\\\""西语\\\""]]\""]"",""[\""LANE_B_BOOK_ID_V1\"",\""[\\\""string\\\"",\\\""changdu-app\\\""]\"",\""[\\\""number\\\"",\\\""846653863\\\""]\"",\""[\\\""RAW_LANGUAGE_SCOPE_V1\\\"",\\\""[\\\\\\\""number\\\\\\\"",\\\\\\\""4\\\\\\\""]\\\"",[\\\""string\\\"",\\\""西语\\\""]]\""]"",""[\""LANE_B_BOOK_ID_V1\"",\""[\\\""string\\\"",\\\""changdu-app\\\""]\"",\""[\\\""number\\\"",\\\""774886538\\\""]\"",\""[\\\""RAW_LANGUAGE_SCOPE_V1\\\"",\\\""[\\\\\\\""number\\\\\\\"",\\\\\\\""4\\\\\\\""]\\\"",[\\\""string\\\"",\\\""西语\\\""]]\""]"",""[\""LANE_B_BOOK_ID_V1\"",\""[\\\""string\\\"",\\\""changdu-app\\\""]\"",\""[\\\""number\\\"",\\\""1026252512\\\""]\"",\""[\\\""RAW_LANGUAGE_SCOPE_V1\\\"",\\\""[\\\\\\\""number\\\\\\\"",\\\\\\\""4\\\\\\\""]\\\"",[\\\""string\\\"",\\\""西语\\\""]]\""]"",""[\""LANE_B_BOOK_ID_V1\"",\""[\\\""string\\\"",\\\""changdu-app\\\""]\"",\""[\\\""number\\\"",\\\""1068898372\\\""]\"",\""[\\\""RAW_LANGUAGE_SCOPE_V1\\\"",\\\""[\\\\\\\""number\\\\\\\"",\\\\\\\""4\\\\\\\""]\\\"",[\\\""string\\\"",\\\""西语\\\""]]\""]"",""[\""LANE_B_BOOK_ID_V1\"",\""[\\\""string\\\"",\\\""changdu-app\\\""]\"",\""[\\\""number\\\"",\\\""1038393295\\\""]\"",\""[\\\""RAW_LANGUAGE_SCOPE_V1\\\"",\\\""[\\\\\\\""number\\\\\\\"",\\\\\\\""4\\\\\\\""]\\\"",[\\\""string\\\"",\\\""西语\\\""]]\""]"",""[\""LANE_B_BOOK_ID_V1\"",\""[\\\""string\\\"",\\\""changdu-app\\\""]\"",\""[\\\""number\\\"",\\\""980308039\\\""]\"",\""[\\\""RAW_LANGUAGE_SCOPE_V1\\\"",\\\""[\\\\\\\""number\\\\\\\"",\\\\\\\""4\\\\\\\""]\\\"",[\\\""string\\\"",\\\""西语\\\""]]\""]"",""[\""LANE_B_BOOK_ID_V1\"",\""[\\\""string\\\"",\\\""changdu-app\\\""]\"",\""[\\\""number\\\"",\\\""940415037\\\""]\"",\""[\\\""RAW_LANGUAGE_SCOPE_V1\\\"",\\\""[\\\\\\\""number\\\\\\\"",\\\\\\\""4\\\\\\\""]\\\"",[\\\""string\\\"",\\\""西语\\\""]]\""]""]",APPROVED_MAP_CANDIDATE,CROSS_REVIEW_FINAL,TIER_1_STRONG,0.94,4/4 decision+target一致，代表书证与目标语义相符，无明显反证,NONE_IDENTIFIED,1,1,ct-v1-werewolf,werewolf,狼人,APPROVED_OFFLINE_CANDIDATE_ONLY
MAPPING_EDGE,8c7c963d396ce9fb12696f4974db1188903fe9b9c2a74fdad28b3721b0c385ec,2bf220b00034566f79e02ed4af04f8871d024cdd73e2b449e84fbfa63b49626f,changdu-app,"[""RAW_LANGUAGE_SCOPE_V1"",""[\""number\"",\""4\""]"",[""string"",""西语""]]",ES,LGBT+,TEdCVCs=,e82b54800c798ebb021135f88e2cff0e6d3e47e91823700315eaa27295a3de47,18,18,18,"[""[\""LANE_B_BOOK_ID_V1\"",\""[\\\""string\\\"",\\\""changdu-app\\\""]\"",\""[\\\""number\\\"",\\\""5533233\\\""]\"",\""[\\\""RAW_LANGUAGE_SCOPE_V1\\\"",\\\""[\\\\\\\""number\\\\\\\"",\\\\\\\""4\\\\\\\""]\\\"",[\\\""string\\\"",\\\""西语\\\""]]\""]"",""[\""LANE_B_BOOK_ID_V1\"",\""[\\\""string\\\"",\\\""changdu-app\\\""]\"",\""[\\\""number\\\"",\\\""931593651\\\""]\"",\""[\\\""RAW_LANGUAGE_SCOPE_V1\\\"",\\\""[\\\\\\\""number\\\\\\\"",\\\\\\\""4\\\\\\\""]\\\"",[\\\""string\\\"",\\\""西语\\\""]]\""]"",""[\""LANE_B_BOOK_ID_V1\"",\""[\\\""string\\\"",\\\""changdu-app\\\""]\"",\""[\\\""number\\\"",\\\""186481027\\\""]\"",\""[\\\""RAW_LANGUAGE_SCOPE_V1\\\"",\\\""[\\\\\\\""number\\\\\\\"",\\\\\\\""4\\\\\\\""]\\\"",[\\\""string\\\"",\\\""西语\\\""]]\""]"",""[\""LANE_B_BOOK_ID_V1\"",\""[\\\""string\\\"",\\\""changdu-app\\\""]\"",\""[\\\""number\\\"",\\\""5568485\\\""]\"",\""[\\\""RAW_LANGUAGE_SCOPE_V1\\\"",\\\""[\\\\\\\""number\\\\\\\"",\\\\\\\""4\\\\\\\""]\\\"",[\\\""string\\\"",\\\""西语\\\""]]\""]"",""[\""LANE_B_BOOK_ID_V1\"",\""[\\\""string\\\"",\\\""changdu-app\\\""]\"",\""[\\\""number\\\"",\\\""5569339\\\""]\"",\""[\\\""RAW_LANGUAGE_SCOPE_V1\\\"",\\\""[\\\\\\\""number\\\\\\\"",\\\\\\\""4\\\\\\\""]\\\"",[\\\""string\\\"",\\\""西语\\\""]]\""]""]",APPROVED_MAP_CANDIDATE,CROSS_REVIEW_FINAL,TIER_1_STRONG,0.84,4/4提出同一新概念（slug各异：lgbtq-romance/lgbtq/lgbt-plus/lgbt，语义归一后同一identity）；书证为BL/GL/Omegaverse同性恋爱主线,B对泰语นิยายวาย另提boys-love子概念→归一为alias,1,1,ct-v1-lgbtq-romance,lgbtq-romance,LGBTQ+恋爱,APPROVED_OFFLINE_CANDIDATE_ONLY
MAPPING_EDGE,071da7a5e9a82355ac1527a1fe1c0ef8605007607b1f116849cd21f4618eac77,e572d7c065faf4b9ab86d78e33fd789509fea92ea681bec5da96f741cf6f9aca,changdu-app,"[""RAW_LANGUAGE_SCOPE_V1"",""[\""number\"",\""4\""]"",[""string"",""西语""]]",ES,Mafia,TWFmaWE=,35e95dfecfe2f6b88dd601cc1a2dcc2bea763f6d757419fe9a390a80ab025997,54,54,54,"[""[\""LANE_B_BOOK_ID_V1\"",\""[\\\""string\\\"",\\\""changdu-app\\\""]\"",\""[\\\""number\\\"",\\\""5533257\\\""]\"",\""[\\\""RAW_LANGUAGE_SCOPE_V1\\\"",\\\""[\\\\\\\""number\\\\\\\"",\\\\\\\""4\\\\\\\""]\\\"",[\\\""string\\\"",\\\""西语\\\""]]\""]"",""[\""LANE_B_BOOK_ID_V1\"",\""[\\\""string\\\"",\\\""changdu-app\\\""]\"",\""[\\\""number\\\"",\\\""813009214\\\""]\"",\""[\\\""RAW_LANGUAGE_SCOPE_V1\\\"",\\\""[\\\\\\\""number\\\\\\\"",\\\\\\\""4\\\\\\\""]\\\"",[\\\""string\\\"",\\\""西语\\\""]]\""]"",""[\""LANE_B_BOOK_ID_V1\"",\""[\\\""string\\\"",\\\""changdu-app\\\""]\"",\""[\\\""number\\\"",\\\""806257737\\\""]\"",\""[\\\""RAW_LANGUAGE_SCOPE_V1\\\"",\\\""[\\\\\\\""number\\\\\\\"",\\\\\\\""4\\\\\\\""]\\\"",[\\\""string\\\"",\\\""西语\\\""]]\""]"",""[\""LANE_B_BOOK_ID_V1\"",\""[\\\""string\\\"",\\\""changdu-app\\\""]\"",\""[\\\""number\\\"",\\\""759620120\\\""]\"",\""[\\\""RAW_LANGUAGE_SCOPE_V1\\\"",\\\""[\\\\\\\""number\\\\\\\"",\\\\\\\""4\\\\\\\""]\\\"",[\\\""string\\\"",\\\""西语\\\""]]\""]"",""[\""LANE_B_BOOK_ID_V1\"",\""[\\\""string\\\"",\\\""changdu-app\\\""]\"",\""[\\\""number\\\"",\\\""759818388\\\""]\"",\""[\\\""RAW_LANGUAGE_SCOPE_V1\\\"",\\\""[\\\\\\\""number\\\\\\\"",\\\\\\\""4\\\\\\\""]\\\"",[\\\""string\\\"",\\\""西语\\\""]]\""]"",""[\""LANE_B_BOOK_ID_V1\"",\""[\\\""string\\\"",\\\""changdu-app\\\""]\"",\""[\\\""number\\\"",\\\""759819224\\\""]\"",\""[\\\""RAW_LANGUAGE_SCOPE_V1\\\"",\\\""[\\\\\\\""number\\\\\\\"",\\\\\\\""4\\\\\\\""]\\\"",[\\\""string\\\"",\\\""西语\\\""]]\""]"",""[\""LANE_B_BOOK_ID_V1\"",\""[\\\""string\\\"",\\\""changdu-app\\\""]\"",\""[\\\""number\\\"",\\\""714629344\\\""]\"",\""[\\\""RAW_LANGUAGE_SCOPE_V1\\\"",\\\""[\\\\\\\""number\\\\\\\"",\\\\\\\""4\\\\\\\""]\\\"",[\\\""string\\\"",\\\""西语\\\""]]\""]"",""[\""LANE_B_BOOK_ID_V1\"",\""[\\\""string\\\"",\\\""changdu-app\\\""]\"",\""[\\\""number\\\"",\\\""694577302\\\""]\"",\""[\\\""RAW_LANGUAGE_SCOPE_V1\\\"",\\\""[\\\\\\\""number\\\\\\\"",\\\\\\\""4\\\\\\\""]\\\"",[\\\""string\\\"",\\\""西语\\\""]]\""]""]",APPROVED_MAP_CANDIDATE,CROSS_REVIEW_FINAL,TIER_1_STRONG,0.92,4/4 decision+target一致，代表书证与目标语义相符，无明显反证,NONE_IDENTIFIED,1,1,ct-v1-mafia,mafia,黑帮,APPROVED_OFFLINE_CANDIDATE_ONLY
MAPPING_EDGE,7a6e9662c0bc7773a01c3bb896c07a169c08163745cca2191311aeb8fb0bf204,5a8781f789622f198c9722168ff63ed6bb6c2ff621b340b4ec5122f979029878,changdu-app,"[""RAW_LANGUAGE_SCOPE_V1"",""[\""number\"",\""4\""]"",[""string"",""西语""]]",ES,Moderno,TW9kZXJubw==,35d9dfc22d5b90cf91f748a6a92b4f110d4a6c52cf181892de29fde61215c3ef,287,287,287,"[""[\""LANE_B_BOOK_ID_V1\"",\""[\\\""string\\\"",\\\""changdu-app\\\""]\"",\""[\\\""number\\\"",\\\""1059321891\\\""]\"",\""[\\\""RAW_LANGUAGE_SCOPE_V1\\\"",\\\""[\\\\\\\""number\\\\\\\"",\\\\\\\""4\\\\\\\""]\\\"",[\\\""string\\\"",\\\""西语\\\""]]\""]"",""[\""LANE_B_BOOK_ID_V1\"",\""[\\\""string\\\"",\\\""changdu-app\\\""]\"",\""[\\\""number\\\"",\\\""1101412927\\\""]\"",\""[\\\""RAW_LANGUAGE_SCOPE_V1\\\"",\\\""[\\\\\\\""number\\\\\\\"",\\\\\\\""4\\\\\\\""]\\\"",[\\\""string\\\"",\\\""西语\\\""]]\""]"",""[\""LANE_B_BOOK_ID_V1\"",\""[\\\""string\\\"",\\\""changdu-app\\\""]\"",\""[\\\""number\\\"",\\\""1101314315\\\""]\"",\""[\\\""RAW_LANGUAGE_SCOPE_V1\\\"",\\\""[\\\\\\\""number\\\\\\\"",\\\\\\\""4\\\\\\\""]\\\"",[\\\""string\\\"",\\\""西语\\\""]]\""]"",""[\""LANE_B_BOOK_ID_V1\"",\""[\\\""string\\\"",\\\""changdu-app\\\""]\"",\""[\\\""number\\\"",\\\""190779292\\\""]\"",\""[\\\""RAW_LANGUAGE_SCOPE_V1\\\"",\\\""[\\\\\\\""number\\\\\\\"",\\\\\\\""4\\\\\\\""]\\\"",[\\\""string\\\"",\\\""西语\\\""]]\""]"",""[\""LANE_B_BOOK_ID_V1\"",\""[\\\""string\\\"",\\\""changdu-app\\\""]\"",\""[\\\""number\\\"",\\\""793995625\\\""]\"",\""[\\\""RAW_LANGUAGE_SCOPE_V1\\\"",\\\""[\\\\\\\""number\\\\\\\"",\\\\\\\""4\\\\\\\""]\\\"",[\\\""string\\\"",\\\""西语\\\""]]\""]"",""[\""LANE_B_BOOK_ID_V1\"",\""[\\\""string\\\"",\\\""changdu-app\\\""]\"",\""[\\\""number\\\"",\\\""889934786\\\""]\"",\""[\\\""RAW_LANGUAGE_SCOPE_V1\\\"",\\\""[\\\\\\\""number\\\\\\\"",\\\\\\\""4\\\\\\\""]\\\"",[\\\""string\\\"",\\\""西语\\\""]]\""]"",""[\""LANE_B_BOOK_ID_V1\"",\""[\\\""string\\\"",\\\""changdu-app\\\""]\"",\""[\\\""number\\\"",\\\""889833022\\\""]\"",\""[\\\""RAW_LANGUAGE_SCOPE_V1\\\"",\\\""[\\\\\\\""number\\\\\\\"",\\\\\\\""4\\\\\\\""]\\\"",[\\\""string\\\"",\\\""西语\\\""]]\""]"",""[\""LANE_B_BOOK_ID_V1\"",\""[\\\""string\\\"",\\\""changdu-app\\\""]\"",\""[\\\""number\\\"",\\\""247926309\\\""]\"",\""[\\\""RAW_LANGUAGE_SCOPE_V1\\\"",\\\""[\\\\\\\""number\\\\\\\"",\\\\\\\""4\\\\\\\""]\\\"",[\\\""string\\\"",\\\""西语\\\""]]\""]"",""[\""LANE_B_BOOK_ID_V1\"",\""[\\\""string\\\"",\\\""changdu-app\\\""]\"",\""[\\\""number\\\"",\\\""704338022\\\""]\"",\""[\\\""RAW_LANGUAGE_SCOPE_V1\\\"",\\\""[\\\\\\\""number\\\\\\\"",\\\\\\\""4\\\\\\\""]\\\"",[\\\""string\\\"",\\\""西语\\\""]]\""]"",""[\""LANE_B_BOOK_ID_V1\"",\""[\\\""string\\\"",\\\""changdu-app\\\""]\"",\""[\\\""number\\\"",\\\""870745999\\\""]\"",\""[\\\""RAW_LANGUAGE_SCOPE_V1\\\"",\\\""[\\\\\\\""number\\\\\\\"",\\\\\\\""4\\\\\\\""]\\\"",[\\\""string\\\"",\\\""西语\\\""]]\""]"",""[\""LANE_B_BOOK_ID_V1\"",\""[\\\""string\\\"",\\\""changdu-app\\\""]\"",\""[\\\""number\\\"",\\\""25552\\\""]\"",\""[\\\""RAW_LANGUAGE_SCOPE_V1\\\"",\\\""[\\\\\\\""number\\\\\\\"",\\\\\\\""4\\\\\\\""]\\\"",[\\\""string\\\"",\\\""西语\\\""]]\""]"",""[\""LANE_B_BOOK_ID_V1\"",\""[\\\""string\\\"",\\\""changdu-app\\\""]\"",\""[\\\""number\\\"",\\\""498677655\\\""]\"",\""[\\\""RAW_LANGUAGE_SCOPE_V1\\\"",\\\""[\\\\\\\""number\\\\\\\"",\\\\\\\""4\\\\\\\""]\\\"",[\\\""string\\\"",\\\""西语\\\""]]\""]""]",APPROVED_MAP_CANDIDATE,CROSS_REVIEW_FINAL,TIER_3_TARGET_CONFLICT,0.88,女频共现~100%，书证全为现代豪门婚恋/复仇言情；modern-romance为检索等价入口,C: contemporary-setting（setting facet字面映射，不错但检索价值低）,1,1,ct-v1-modern-romance,modern-romance,现代言情,APPROVED_OFFLINE_CANDIDATE_ONLY
MAPPING_EDGE,ac74c0e20803177ff53e8b4ed012d5efbafa78afd118a8040d3802116bc5893f,40aac4d900316d5b9981b8bd6696b293e266b082982b780e74473ab4787b4fad,changdu-app,"[""RAW_LANGUAGE_SCOPE_V1"",""[\""number\"",\""4\""]"",[""string"",""西语""]]",ES,Romance,Um9tYW5jZQ==,3bc3567a7fc6511a85072520dc1bdb95a732c4aee93a6533d53954f39124d7c9,250,250,250,"[""[\""LANE_B_BOOK_ID_V1\"",\""[\\\""string\\\"",\\\""changdu-app\\\""]\"",\""[\\\""number\\\"",\\\""1062480798\\\""]\"",\""[\\\""RAW_LANGUAGE_SCOPE_V1\\\"",\\\""[\\\\\\\""number\\\\\\\"",\\\\\\\""4\\\\\\\""]\\\"",[\\\""string\\\"",\\\""西语\\\""]]\""]"",""[\""LANE_B_BOOK_ID_V1\"",\""[\\\""string\\\"",\\\""changdu-app\\\""]\"",\""[\\\""number\\\"",\\\""215029425\\\""]\"",\""[\\\""RAW_LANGUAGE_SCOPE_V1\\\"",\\\""[\\\\\\\""number\\\\\\\"",\\\\\\\""4\\\\\\\""]\\\"",[\\\""string\\\"",\\\""西语\\\""]]\""]"",""[\""LANE_B_BOOK_ID_V1\"",\""[\\\""string\\\"",\\\""changdu-app\\\""]\"",\""[\\\""number\\\"",\\\""54294083\\\""]\"",\""[\\\""RAW_LANGUAGE_SCOPE_V1\\\"",\\\""[\\\\\\\""number\\\\\\\"",\\\\\\\""4\\\\\\\""]\\\"",[\\\""string\\\"",\\\""西语\\\""]]\""]"",""[\""LANE_B_BOOK_ID_V1\"",\""[\\\""string\\\"",\\\""changdu-app\\\""]\"",\""[\\\""number\\\"",\\\""5534777\\\""]\"",\""[\\\""RAW_LANGUAGE_SCOPE_V1\\\"",\\\""[\\\\\\\""number\\\\\\\"",\\\\\\\""4\\\\\\\""]\\\"",[\\\""string\\\"",\\\""西语\\\""]]\""]"",""[\""LANE_B_BOOK_ID_V1\"",\""[\\\""string\\\"",\\\""changdu-app\\\""]\"",\""[\\\""number\\\"",\\\""554591103\\\""]\"",\""[\\\""RAW_LANGUAGE_SCOPE_V1\\\"",\\\""[\\\\\\\""number\\\\\\\"",\\\\\\\""4\\\\\\\""]\\\"",[\\\""string\\\"",\\\""西语\\\""]]\""]"",""[\""LANE_B_BOOK_ID_V1\"",\""[\\\""string\\\"",\\\""changdu-app\\\""]\"",\""[\\\""number\\\"",\\\""786949192\\\""]\"",\""[\\\""RAW_LANGUAGE_SCOPE_V1\\\"",\\\""[\\\\\\\""number\\\\\\\"",\\\\\\\""4\\\\\\\""]\\\"",[\\\""string\\\"",\\\""西语\\\""]]\""]"",""[\""LANE_B_BOOK_ID_V1\"",\""[\\\""string\\\"",\\\""changdu-app\\\""]\"",\""[\\\""number\\\"",\\\""1040466272\\\""]\"",\""[\\\""RAW_LANGUAGE_SCOPE_V1\\\"",\\\""[\\\\\\\""number\\\\\\\"",\\\\\\\""4\\\\\\\""]\\\"",[\\\""string\\\"",\\\""西语\\\""]]\""]"",""[\""LANE_B_BOOK_ID_V1\"",\""[\\\""string\\\"",\\\""changdu-app\\\""]\"",\""[\\\""number\\\"",\\\""1042736485\\\""]\"",\""[\\\""RAW_LANGUAGE_SCOPE_V1\\\"",\\\""[\\\\\\\""number\\\\\\\"",\\\\\\\""4\\\\\\\""]\\\"",[\\\""string\\\"",\\\""西语\\\""]]\""]"",""[\""LANE_B_BOOK_ID_V1\"",\""[\\\""string\\\"",\\\""changdu-app\\\""]\"",\""[\\\""number\\\"",\\\""1042736486\\\""]\"",\""[\\\""RAW_LANGUAGE_SCOPE_V1\\\"",\\\""[\\\\\\\""number\\\\\\\"",\\\\\\\""4\\\\\\\""]\\\"",[\\\""string\\\"",\\\""西语\\\""]]\""]"",""[\""LANE_B_BOOK_ID_V1\"",\""[\\\""string\\\"",\\\""changdu-app\\\""]\"",\""[\\\""number\\\"",\\\""1042736487\\\""]\"",\""[\\\""RAW_LANGUAGE_SCOPE_V1\\\"",\\\""[\\\\\\\""number\\\\\\\"",\\\\\\\""4\\\\\\\""]\\\"",[\\\""string\\\"",\\\""西语\\\""]]\""]"",""[\""LANE_B_BOOK_ID_V1\"",\""[\\\""string\\\"",\\\""changdu-app\\\""]\"",\""[\\\""number\\\"",\\\""934031509\\\""]\"",\""[\\\""RAW_LANGUAGE_SCOPE_V1\\\"",\\\""[\\\\\\\""number\\\\\\\"",\\\\\\\""4\\\\\\\""]\\\"",[\\\""string\\\"",\\\""西语\\\""]]\""]"",""[\""LANE_B_BOOK_ID_V1\"",\""[\\\""string\\\"",\\\""changdu-app\\\""]\"",\""[\\\""number\\\"",\\\""803842470\\\""]\"",\""[\\\""RAW_LANGUAGE_SCOPE_V1\\\"",\\\""[\\\\\\\""number\\\\\\\"",\\\\\\\""4\\\\\\\""]\\\"",[\\\""string\\\"",\\\""西语\\\""]]\""]""]",APPROVED_MAP_CANDIDATE,CROSS_REVIEW_FINAL,TIER_1_STRONG,0.94,4/4 decision+target一致，代表书证与目标语义相符，无明显反证,NONE_IDENTIFIED,1,1,ct-v1-romance,romance,言情,APPROVED_OFFLINE_CANDIDATE_ONLY
MAPPING_EDGE,436f653510ca6ec91b231aeebba9e7a23706261078419d5b0593bc7cd5637bc3,6df59e91015dfe5379b7d9fa319c358b5de2b649df5859d3555b018d5e9a7e4a,changdu-app,"[""RAW_LANGUAGE_SCOPE_V1"",""[\""number\"",\""4\""]"",[""string"",""西语""]]",ES,Suspense,U3VzcGVuc2U=,f79974bd5acc9d381df06ec1aa06a21bd188e74f72462c103122f65e237e9c44,40,40,40,"[""[\""LANE_B_BOOK_ID_V1\"",\""[\\\""string\\\"",\\\""changdu-app\\\""]\"",\""[\\\""number\\\"",\\\""383677170\\\""]\"",\""[\\\""RAW_LANGUAGE_SCOPE_V1\\\"",\\\""[\\\\\\\""number\\\\\\\"",\\\\\\\""4\\\\\\\""]\\\"",[\\\""string\\\"",\\\""西语\\\""]]\""]"",""[\""LANE_B_BOOK_ID_V1\"",\""[\\\""string\\\"",\\\""changdu-app\\\""]\"",\""[\\\""number\\\"",\\\""281526086\\\""]\"",\""[\\\""RAW_LANGUAGE_SCOPE_V1\\\"",\\\""[\\\\\\\""number\\\\\\\"",\\\\\\\""4\\\\\\\""]\\\"",[\\\""string\\\"",\\\""西语\\\""]]\""]"",""[\""LANE_B_BOOK_ID_V1\"",\""[\\\""string\\\"",\\\""changdu-app\\\""]\"",\""[\\\""number\\\"",\\\""523212631\\\""]\"",\""[\\\""RAW_LANGUAGE_SCOPE_V1\\\"",\\\""[\\\\\\\""number\\\\\\\"",\\\\\\\""4\\\\\\\""]\\\"",[\\\""string\\\"",\\\""西语\\\""]]\""]"",""[\""LANE_B_BOOK_ID_V1\"",\""[\\\""string\\\"",\\\""changdu-app\\\""]\"",\""[\\\""number\\\"",\\\""367268025\\\""]\"",\""[\\\""RAW_LANGUAGE_SCOPE_V1\\\"",\\\""[\\\\\\\""number\\\\\\\"",\\\\\\\""4\\\\\\\""]\\\"",[\\\""string\\\"",\\\""西语\\\""]]\""]"",""[\""LANE_B_BOOK_ID_V1\"",\""[\\\""string\\\"",\\\""changdu-app\\\""]\"",\""[\\\""number\\\"",\\\""306668966\\\""]\"",\""[\\\""RAW_LANGUAGE_SCOPE_V1\\\"",\\\""[\\\\\\\""number\\\\\\\"",\\\\\\\""4\\\\\\\""]\\\"",[\\\""string\\\"",\\\""西语\\\""]]\""]"",""[\""LANE_B_BOOK_ID_V1\"",\""[\\\""string\\\"",\\\""changdu-app\\\""]\"",\""[\\\""number\\\"",\\\""312447405\\\""]\"",\""[\\\""RAW_LANGUAGE_SCOPE_V1\\\"",\\\""[\\\\\\\""number\\\\\\\"",\\\\\\\""4\\\\\\\""]\\\"",[\\\""string\\\"",\\\""西语\\\""]]\""]"",""[\""LANE_B_BOOK_ID_V1\"",\""[\\\""string\\\"",\\\""changdu-app\\\""]\"",\""[\\\""number\\\"",\\\""313944020\\\""]\"",\""[\\\""RAW_LANGUAGE_SCOPE_V1\\\"",\\\""[\\\\\\\""number\\\\\\\"",\\\\\\\""4\\\\\\\""]\\\"",[\\\""string\\\"",\\\""西语\\\""]]\""]""]",APPROVED_MAP_CANDIDATE,CROSS_REVIEW_FINAL,TIER_2_GOOD,0.8,3/4一致；书证为失忆谎言/儿子死因调查/车库秘密等家庭悬疑,D: HUMAN_REVIEW（暗黑言情论）,1,1,ct-v1-suspense,suspense,悬疑,APPROVED_OFFLINE_CANDIDATE_ONLY
MAPPING_EDGE,f7b83ff89ef5fb91125bdc4343cdff4ec4016a77f49510fcff27c2bc6209343c,f36189c79e19d7d990fdb9c2afb796e7429f10d6021ea36b7e7aa4c5f7577765,changdu-app,"[""RAW_LANGUAGE_SCOPE_V1"",""[\""number\"",\""4\""]"",[""string"",""西语""]]",ES,Urbano,VXJiYW5v,e8aea3db1ff4ed6aa918ab6551176fbdcdf385bc165faa71fd1e101801936d26,135,135,135,"[""[\""LANE_B_BOOK_ID_V1\"",\""[\\\""string\\\"",\\\""changdu-app\\\""]\"",\""[\\\""number\\\"",\\\""1115049733\\\""]\"",\""[\\\""RAW_LANGUAGE_SCOPE_V1\\\"",\\\""[\\\\\\\""number\\\\\\\"",\\\\\\\""4\\\\\\\""]\\\"",[\\\""string\\\"",\\\""西语\\\""]]\""]"",""[\""LANE_B_BOOK_ID_V1\"",\""[\\\""string\\\"",\\\""changdu-app\\\""]\"",\""[\\\""number\\\"",\\\""957975745\\\""]\"",\""[\\\""RAW_LANGUAGE_SCOPE_V1\\\"",\\\""[\\\\\\\""number\\\\\\\"",\\\\\\\""4\\\\\\\""]\\\"",[\\\""string\\\"",\\\""西语\\\""]]\""]"",""[\""LANE_B_BOOK_ID_V1\"",\""[\\\""string\\\"",\\\""changdu-app\\\""]\"",\""[\\\""number\\\"",\\\""1680894\\\""]\"",\""[\\\""RAW_LANGUAGE_SCOPE_V1\\\"",\\\""[\\\\\\\""number\\\\\\\"",\\\\\\\""4\\\\\\\""]\\\"",[\\\""string\\\"",\\\""西语\\\""]]\""]"",""[\""LANE_B_BOOK_ID_V1\"",\""[\\\""string\\\"",\\\""changdu-app\\\""]\"",\""[\\\""number\\\"",\\\""1680905\\\""]\"",\""[\\\""RAW_LANGUAGE_SCOPE_V1\\\"",\\\""[\\\\\\\""number\\\\\\\"",\\\\\\\""4\\\\\\\""]\\\"",[\\\""string\\\"",\\\""西语\\\""]]\""]"",""[\""LANE_B_BOOK_ID_V1\"",\""[\\\""string\\\"",\\\""changdu-app\\\""]\"",\""[\\\""number\\\"",\\\""980307983\\\""]\"",\""[\\\""RAW_LANGUAGE_SCOPE_V1\\\"",\\\""[\\\\\\\""number\\\\\\\"",\\\\\\\""4\\\\\\\""]\\\"",[\\\""string\\\"",\\\""西语\\\""]]\""]"",""[\""LANE_B_BOOK_ID_V1\"",\""[\\\""string\\\"",\\\""changdu-app\\\""]\"",\""[\\\""number\\\"",\\\""980307990\\\""]\"",\""[\\\""RAW_LANGUAGE_SCOPE_V1\\\"",\\\""[\\\\\\\""number\\\\\\\"",\\\\\\\""4\\\\\\\""]\\\"",[\\\""string\\\"",\\\""西语\\\""]]\""]"",""[\""LANE_B_BOOK_ID_V1\"",\""[\\\""string\\\"",\\\""changdu-app\\\""]\"",\""[\\\""number\\\"",\\\""980307996\\\""]\"",\""[\\\""RAW_LANGUAGE_SCOPE_V1\\\"",\\\""[\\\\\\\""number\\\\\\\"",\\\\\\\""4\\\\\\\""]\\\"",[\\\""string\\\"",\\\""西语\\\""]]\""]"",""[\""LANE_B_BOOK_ID_V1\"",\""[\\\""string\\\"",\\\""changdu-app\\\""]\"",\""[\\\""number\\\"",\\\""980308016\\\""]\"",\""[\\\""RAW_LANGUAGE_SCOPE_V1\\\"",\\\""[\\\\\\\""number\\\\\\\"",\\\\\\\""4\\\\\\\""]\\\"",[\\\""string\\\"",\\\""西语\\\""]]\""]"",""[\""LANE_B_BOOK_ID_V1\"",\""[\\\""string\\\"",\\\""changdu-app\\\""]\"",\""[\\\""number\\\"",\\\""980308033\\\""]\"",\""[\\\""RAW_LANGUAGE_SCOPE_V1\\\"",\\\""[\\\\\\\""number\\\\\\\"",\\\\\\\""4\\\\\\\""]\\\"",[\\\""string\\\"",\\\""西语\\\""]]\""]"",""[\""LANE_B_BOOK_ID_V1\"",\""[\\\""string\\\"",\\\""changdu-app\\\""]\"",\""[\\\""number\\\"",\\\""980308035\\\""]\"",\""[\\\""RAW_LANGUAGE_SCOPE_V1\\\"",\\\""[\\\\\\\""number\\\\\\\"",\\\\\\\""4\\\\\\\""]\\\"",[\\\""string\\\"",\\\""西语\\\""]]\""]"",""[\""LANE_B_BOOK_ID_V1\"",\""[\\\""string\\\"",\\\""changdu-app\\\""]\"",\""[\\\""number\\\"",\\\""980307979\\\""]\"",\""[\\\""RAW_LANGUAGE_SCOPE_V1\\\"",\\\""[\\\\\\\""number\\\\\\\"",\\\\\\\""4\\\\\\\""]\\\"",[\\\""string\\\"",\\\""西语\\\""]]\""]"",""[\""LANE_B_BOOK_ID_V1\"",\""[\\\""string\\\"",\\\""changdu-app\\\""]\"",\""[\\\""number\\\"",\\\""980307991\\\""]\"",\""[\\\""RAW_LANGUAGE_SCOPE_V1\\\"",\\\""[\\\\\\\""number\\\\\\\"",\\\\\\\""4\\\\\\\""]\\\"",[\\\""string\\\"",\\\""西语\\\""]]\""]""]",APPROVED_MAP_CANDIDATE,CROSS_REVIEW_FINAL,TIER_3_TARGET_CONFLICT,0.84,女频135/135，书证与同scope的Moderno高度同质（总裁复仇言情）,B/C: urban-setting（字面都市背景）,1,1,ct-v1-modern-romance,modern-romance,现代言情,APPROVED_OFFLINE_CANDIDATE_ONLY
MAPPING_EDGE,2d6e77f2913bea276813fc01ce9f82841b8254222c64bf6cbb1d385d226762e1,872642103af8d88628a62cee90e7969a83d6d51408849bf24a595888451167ee,changdu-app,"[""RAW_LANGUAGE_SCOPE_V1"",""[\""number\"",\""4\""]"",[""string"",""西语""]]",ES,女频,5aWz6aKR,d9867749ec31f19fe7bfa4a782791bb108a8c9bc80653d481d3f1110f260cebb,1039,1039,1039,"[""[\""LANE_B_BOOK_ID_V1\"",\""[\\\""string\\\"",\\\""changdu-app\\\""]\"",\""[\\\""number\\\"",\\\""1059321891\\\""]\"",\""[\\\""RAW_LANGUAGE_SCOPE_V1\\\"",\\\""[\\\\\\\""number\\\\\\\"",\\\\\\\""4\\\\\\\""]\\\"",[\\\""string\\\"",\\\""西语\\\""]]\""]"",""[\""LANE_B_BOOK_ID_V1\"",\""[\\\""string\\\"",\\\""changdu-app\\\""]\"",\""[\\\""number\\\"",\\\""1101412927\\\""]\"",\""[\\\""RAW_LANGUAGE_SCOPE_V1\\\"",\\\""[\\\\\\\""number\\\\\\\"",\\\\\\\""4\\\\\\\""]\\\"",[\\\""string\\\"",\\\""西语\\\""]]\""]"",""[\""LANE_B_BOOK_ID_V1\"",\""[\\\""string\\\"",\\\""changdu-app\\\""]\"",\""[\\\""number\\\"",\\\""1133616756\\\""]\"",\""[\\\""RAW_LANGUAGE_SCOPE_V1\\\"",\\\""[\\\\\\\""number\\\\\\\"",\\\\\\\""4\\\\\\\""]\\\"",[\\\""string\\\"",\\\""西语\\\""]]\""]"",""[\""LANE_B_BOOK_ID_V1\"",\""[\\\""string\\\"",\\\""changdu-app\\\""]\"",\""[\\\""number\\\"",\\\""962260049\\\""]\"",\""[\\\""RAW_LANGUAGE_SCOPE_V1\\\"",\\\""[\\\\\\\""number\\\\\\\"",\\\\\\\""4\\\\\\\""]\\\"",[\\\""string\\\"",\\\""西语\\\""]]\""]"",""[\""LANE_B_BOOK_ID_V1\"",\""[\\\""string\\\"",\\\""changdu-app\\\""]\"",\""[\\\""number\\\"",\\\""1101314315\\\""]\"",\""[\\\""RAW_LANGUAGE_SCOPE_V1\\\"",\\\""[\\\\\\\""number\\\\\\\"",\\\\\\\""4\\\\\\\""]\\\"",[\\\""string\\\"",\\\""西语\\\""]]\""]"",""[\""LANE_B_BOOK_ID_V1\"",\""[\\\""string\\\"",\\\""changdu-app\\\""]\"",\""[\\\""number\\\"",\\\""1115049733\\\""]\"",\""[\\\""RAW_LANGUAGE_SCOPE_V1\\\"",\\\""[\\\\\\\""number\\\\\\\"",\\\\\\\""4\\\\\\\""]\\\"",[\\\""string\\\"",\\\""西语\\\""]]\""]"",""[\""LANE_B_BOOK_ID_V1\"",\""[\\\""string\\\"",\\\""changdu-app\\\""]\"",\""[\\\""number\\\"",\\\""190779292\\\""]\"",\""[\\\""RAW_LANGUAGE_SCOPE_V1\\\"",\\\""[\\\\\\\""number\\\\\\\"",\\\\\\\""4\\\\\\\""]\\\"",[\\\""string\\\"",\\\""西语\\\""]]\""]"",""[\""LANE_B_BOOK_ID_V1\"",\""[\\\""string\\\"",\\\""changdu-app\\\""]\"",\""[\\\""number\\\"",\\\""554093838\\\""]\"",\""[\\\""RAW_LANGUAGE_SCOPE_V1\\\"",\\\""[\\\\\\\""number\\\\\\\"",\\\\\\\""4\\\\\\\""]\\\"",[\\\""string\\\"",\\\""西语\\\""]]\""]"",""[\""LANE_B_BOOK_ID_V1\"",\""[\\\""string\\\"",\\\""changdu-app\\\""]\"",\""[\\\""number\\\"",\\\""793995625\\\""]\"",\""[\\\""RAW_LANGUAGE_SCOPE_V1\\\"",\\\""[\\\\\\\""number\\\\\\\"",\\\\\\\""4\\\\\\\""]\\\"",[\\\""string\\\"",\\\""西语\\\""]]\""]"",""[\""LANE_B_BOOK_ID_V1\"",\""[\\\""string\\\"",\\\""changdu-app\\\""]\"",\""[\\\""number\\\"",\\\""889934786\\\""]\"",\""[\\\""RAW_LANGUAGE_SCOPE_V1\\\"",\\\""[\\\\\\\""number\\\\\\\"",\\\\\\\""4\\\\\\\""]\\\"",[\\\""string\\\"",\\\""西语\\\""]]\""]"",""[\""LANE_B_BOOK_ID_V1\"",\""[\\\""string\\\"",\\\""changdu-app\\\""]\"",\""[\\\""number\\\"",\\\""913704987\\\""]\"",\""[\\\""RAW_LANGUAGE_SCOPE_V1\\\"",\\\""[\\\\\\\""number\\\\\\\"",\\\\\\\""4\\\\\\\""]\\\"",[\\\""string\\\"",\\\""西语\\\""]]\""]"",""[\""LANE_B_BOOK_ID_V1\"",\""[\\\""string\\\"",\\\""changdu-app\\\""]\"",\""[\\\""number\\\"",\\\""957975745\\\""]\"",\""[\\\""RAW_LANGUAGE_SCOPE_V1\\\"",\\\""[\\\\\\\""number\\\\\\\"",\\\\\\\""4\\\\\\\""]\\\"",[\\\""string\\\"",\\\""西语\\\""]]\""]""]",APPROVED_MAP_CANDIDATE,CROSS_REVIEW_FINAL,TIER_2_GOOD,0.95,A/B/C一致映射；audience已是119正式facet（ct-v1-female-audience存在），书证全为女性向,D: IGNORE（视为运营二分旗——但artifact已建audience facet，忽略反而丢失已建模维度）,1,1,ct-v1-female-audience,female-audience,女性向,APPROVED_OFFLINE_CANDIDATE_ONLY
MAPPING_EDGE,4555d426ca18c8cbe88d8f290e0a2b244cfbd5f4487791cba162416ac36f021b,e0a5df89fd0fa87d1e3e71ac19cead45029a345ac2406e89fea74a8ffc5958b7,changdu-app,"[""RAW_LANGUAGE_SCOPE_V1"",""[\""number\"",\""4\""]"",[""string"",""西语""]]",ES,男频,55S36aKR,e74d73d99251bb2b99c02896258d9fbcd9817488f6538674fda26534b0b450ac,50,50,50,"[""[\""LANE_B_BOOK_ID_V1\"",\""[\\\""string\\\"",\\\""changdu-app\\\""]\"",\""[\\\""number\\\"",\\\""25552\\\""]\"",\""[\\\""RAW_LANGUAGE_SCOPE_V1\\\"",\\\""[\\\\\\\""number\\\\\\\"",\\\\\\\""4\\\\\\\""]\\\"",[\\\""string\\\"",\\\""西语\\\""]]\""]"",""[\""LANE_B_BOOK_ID_V1\"",\""[\\\""string\\\"",\\\""changdu-app\\\""]\"",\""[\\\""number\\\"",\\\""980306868\\\""]\"",\""[\\\""RAW_LANGUAGE_SCOPE_V1\\\"",\\\""[\\\\\\\""number\\\\\\\"",\\\\\\\""4\\\\\\\""]\\\"",[\\\""string\\\"",\\\""西语\\\""]]\""]"",""[\""LANE_B_BOOK_ID_V1\"",\""[\\\""string\\\"",\\\""changdu-app\\\""]\"",\""[\\\""number\\\"",\\\""941313883\\\""]\"",\""[\\\""RAW_LANGUAGE_SCOPE_V1\\\"",\\\""[\\\\\\\""number\\\\\\\"",\\\\\\\""4\\\\\\\""]\\\"",[\\\""string\\\"",\\\""西语\\\""]]\""]"",""[\""LANE_B_BOOK_ID_V1\"",\""[\\\""string\\\"",\\\""changdu-app\\\""]\"",\""[\\\""number\\\"",\\\""542923838\\\""]\"",\""[\\\""RAW_LANGUAGE_SCOPE_V1\\\"",\\\""[\\\\\\\""number\\\\\\\"",\\\\\\\""4\\\\\\\""]\\\"",[\\\""string\\\"",\\\""西语\\\""]]\""]"",""[\""LANE_B_BOOK_ID_V1\"",\""[\\\""string\\\"",\\\""changdu-app\\\""]\"",\""[\\\""number\\\"",\\\""547646465\\\""]\"",\""[\\\""RAW_LANGUAGE_SCOPE_V1\\\"",\\\""[\\\\\\\""number\\\\\\\"",\\\\\\\""4\\\\\\\""]\\\"",[\\\""string\\\"",\\\""西语\\\""]]\""]"",""[\""LANE_B_BOOK_ID_V1\"",\""[\\\""string\\\"",\\\""changdu-app\\\""]\"",\""[\\\""number\\\"",\\\""482731459\\\""]\"",\""[\\\""RAW_LANGUAGE_SCOPE_V1\\\"",\\\""[\\\\\\\""number\\\\\\\"",\\\\\\\""4\\\\\\\""]\\\"",[\\\""string\\\"",\\\""西语\\\""]]\""]"",""[\""LANE_B_BOOK_ID_V1\"",\""[\\\""string\\\"",\\\""changdu-app\\\""]\"",\""[\\\""number\\\"",\\\""423974195\\\""]\"",\""[\\\""RAW_LANGUAGE_SCOPE_V1\\\"",\\\""[\\\\\\\""number\\\\\\\"",\\\\\\\""4\\\\\\\""]\\\"",[\\\""string\\\"",\\\""西语\\\""]]\""]"",""[\""LANE_B_BOOK_ID_V1\"",\""[\\\""string\\\"",\\\""changdu-app\\\""]\"",\""[\\\""number\\\"",\\\""248122959\\\""]\"",\""[\\\""RAW_LANGUAGE_SCOPE_V1\\\"",\\\""[\\\\\\\""number\\\\\\\"",\\\\\\\""4\\\\\\\""]\\\"",[\\\""string\\\"",\\\""西语\\\""]]\""]""]",APPROVED_MAP_CANDIDATE,CROSS_REVIEW_FINAL,TIER_2_GOOD,0.92,A/B/C提出同一概念；119只有female-audience无对称男性向入口，8217本可进女性向而1684本男频书无入口，结构性不对称,D: IGNORE（主张女频男频同进同退；若Owner不扩audience则两者一并IGNORE）,1,1,ct-v1-male-audience,male-audience,男性向,APPROVED_OFFLINE_CANDIDATE_ONLY
MAPPING_EDGE,c77e3141d7ccfa6928aac8f729b8efafa71fe4dbfc89c40a5d1decc2605d4ea4,3af8d239be48f4fc185fc37484a107923c1bf94ba7efa02a27d876633940c281,changdu-app,"[""RAW_LANGUAGE_SCOPE_V1"",""[\""number\"",\""6\""]"",[""string"",""法语""]]",FR,Jeunesse,SmV1bmVzc2U=,03ed9f09ab219695370e10ecc364d6fd472c23da398dcc285f44f17b684fd7c2,20,20,20,"[""[\""LANE_B_BOOK_ID_V1\"",\""[\\\""string\\\"",\\\""changdu-app\\\""]\"",\""[\\\""number\\\"",\\\""156862598\\\""]\"",\""[\\\""RAW_LANGUAGE_SCOPE_V1\\\"",\\\""[\\\\\\\""number\\\\\\\"",\\\\\\\""6\\\\\\\""]\\\"",[\\\""string\\\"",\\\""法语\\\""]]\""]"",""[\""LANE_B_BOOK_ID_V1\"",\""[\\\""string\\\"",\\\""changdu-app\\\""]\"",\""[\\\""number\\\"",\\\""451500490\\\""]\"",\""[\\\""RAW_LANGUAGE_SCOPE_V1\\\"",\\\""[\\\\\\\""number\\\\\\\"",\\\\\\\""6\\\\\\\""]\\\"",[\\\""string\\\"",\\\""法语\\\""]]\""]"",""[\""LANE_B_BOOK_ID_V1\"",\""[\\\""string\\\"",\\\""changdu-app\\\""]\"",\""[\\\""number\\\"",\\\""172442699\\\""]\"",\""[\\\""RAW_LANGUAGE_SCOPE_V1\\\"",\\\""[\\\\\\\""number\\\\\\\"",\\\\\\\""6\\\\\\\""]\\\"",[\\\""string\\\"",\\\""法语\\\""]]\""]"",""[\""LANE_B_BOOK_ID_V1\"",\""[\\\""string\\\"",\\\""changdu-app\\\""]\"",\""[\\\""number\\\"",\\\""168455139\\\""]\"",\""[\\\""RAW_LANGUAGE_SCOPE_V1\\\"",\\\""[\\\\\\\""number\\\\\\\"",\\\\\\\""6\\\\\\\""]\\\"",[\\\""string\\\"",\\\""法语\\\""]]\""]"",""[\""LANE_B_BOOK_ID_V1\"",\""[\\\""string\\\"",\\\""changdu-app\\\""]\"",\""[\\\""number\\\"",\\\""168455155\\\""]\"",\""[\\\""RAW_LANGUAGE_SCOPE_V1\\\"",\\\""[\\\\\\\""number\\\\\\\"",\\\\\\\""6\\\\\\\""]\\\"",[\\\""string\\\"",\\\""法语\\\""]]\""]""]",APPROVED_MAP_CANDIDATE,CROSS_REVIEW_FINAL,TIER_1_STRONG,0.88,4/4 decision+target一致，代表书证与目标语义相符，无明显反证,NONE_IDENTIFIED,1,1,ct-v1-young-adult,young-adult,青少年,APPROVED_OFFLINE_CANDIDATE_ONLY
MAPPING_EDGE,44ff2d66c02f4390ba4482ce96886f3b8a40a3501838879b3c170c502e6132f9,8e135fcbd65fa9e4a55d89ab72b50aaca7864b95f4a56dc359e12b391786c9cc,changdu-app,"[""RAW_LANGUAGE_SCOPE_V1"",""[\""number\"",\""6\""]"",[""string"",""法语""]]",FR,LGBT+,TEdCVCs=,e82b54800c798ebb021135f88e2cff0e6d3e47e91823700315eaa27295a3de47,8,8,8,"[""[\""LANE_B_BOOK_ID_V1\"",\""[\\\""string\\\"",\\\""changdu-app\\\""]\"",\""[\\\""number\\\"",\\\""396057370\\\""]\"",\""[\\\""RAW_LANGUAGE_SCOPE_V1\\\"",\\\""[\\\\\\\""number\\\\\\\"",\\\\\\\""6\\\\\\\""]\\\"",[\\\""string\\\"",\\\""法语\\\""]]\""]"",""[\""LANE_B_BOOK_ID_V1\"",\""[\\\""string\\\"",\\\""changdu-app\\\""]\"",\""[\\\""number\\\"",\\\""5545551\\\""]\"",\""[\\\""RAW_LANGUAGE_SCOPE_V1\\\"",\\\""[\\\\\\\""number\\\\\\\"",\\\\\\\""6\\\\\\\""]\\\"",[\\\""string\\\"",\\\""法语\\\""]]\""]"",""[\""LANE_B_BOOK_ID_V1\"",\""[\\\""string\\\"",\\\""changdu-app\\\""]\"",\""[\\\""number\\\"",\\\""5541142\\\""]\"",\""[\\\""RAW_LANGUAGE_SCOPE_V1\\\"",\\\""[\\\\\\\""number\\\\\\\"",\\\\\\\""6\\\\\\\""]\\\"",[\\\""string\\\"",\\\""法语\\\""]]\""]"",""[\""LANE_B_BOOK_ID_V1\"",\""[\\\""string\\\"",\\\""changdu-app\\\""]\"",\""[\\\""number\\\"",\\\""5531536\\\""]\"",\""[\\\""RAW_LANGUAGE_SCOPE_V1\\\"",\\\""[\\\\\\\""number\\\\\\\"",\\\\\\\""6\\\\\\\""]\\\"",[\\\""string\\\"",\\\""法语\\\""]]\""]"",""[\""LANE_B_BOOK_ID_V1\"",\""[\\\""string\\\"",\\\""changdu-app\\\""]\"",\""[\\\""number\\\"",\\\""5531791\\\""]\"",\""[\\\""RAW_LANGUAGE_SCOPE_V1\\\"",\\\""[\\\\\\\""number\\\\\\\"",\\\\\\\""6\\\\\\\""]\\\"",[\\\""string\\\"",\\\""法语\\\""]]\""]""]",APPROVED_MAP_CANDIDATE,CROSS_REVIEW_FINAL,TIER_2_GOOD,0.68,A/C/D归入同一LGBT概念；书证约半数为MM主线（棒球投手/银眼Alpha），含1本乱伦情色噪声,B: HUMAN_REVIEW(0.60),1,1,ct-v1-lgbtq-romance,lgbtq-romance,LGBTQ+恋爱,APPROVED_OFFLINE_CANDIDATE_ONLY
MAPPING_EDGE,57d6bcd2a78f99cda55a550266ffbca3261f9371223f6c89e8537f82090978fe,dcee96c299828d608ae88f75dbd6033fbd8e1758bce5fd3b13f6850a2269d055,changdu-app,"[""RAW_LANGUAGE_SCOPE_V1"",""[\""number\"",\""6\""]"",[""string"",""法语""]]",FR,Loup-garou,TG91cC1nYXJvdQ==,fdadc1efde6f809533133a97b865fa2f94d246aa5133cd89850185e83b2cd995,162,162,162,"[""[\""LANE_B_BOOK_ID_V1\"",\""[\\\""string\\\"",\\\""changdu-app\\\""]\"",\""[\\\""number\\\"",\\\""1009869574\\\""]\"",\""[\\\""RAW_LANGUAGE_SCOPE_V1\\\"",\\\""[\\\\\\\""number\\\\\\\"",\\\\\\\""6\\\\\\\""]\\\"",[\\\""string\\\"",\\\""法语\\\""]]\""]"",""[\""LANE_B_BOOK_ID_V1\"",\""[\\\""string\\\"",\\\""changdu-app\\\""]\"",\""[\\\""number\\\"",\\\""1009869672\\\""]\"",\""[\\\""RAW_LANGUAGE_SCOPE_V1\\\"",\\\""[\\\\\\\""number\\\\\\\"",\\\\\\\""6\\\\\\\""]\\\"",[\\\""string\\\"",\\\""法语\\\""]]\""]"",""[\""LANE_B_BOOK_ID_V1\"",\""[\\\""string\\\"",\\\""changdu-app\\\""]\"",\""[\\\""number\\\"",\\\""1117814968\\\""]\"",\""[\\\""RAW_LANGUAGE_SCOPE_V1\\\"",\\\""[\\\\\\\""number\\\\\\\"",\\\\\\\""6\\\\\\\""]\\\"",[\\\""string\\\"",\\\""法语\\\""]]\""]"",""[\""LANE_B_BOOK_ID_V1\"",\""[\\\""string\\\"",\\\""changdu-app\\\""]\"",\""[\\\""number\\\"",\\\""1131443565\\\""]\"",\""[\\\""RAW_LANGUAGE_SCOPE_V1\\\"",\\\""[\\\\\\\""number\\\\\\\"",\\\\\\\""6\\\\\\\""]\\\"",[\\\""string\\\"",\\\""法语\\\""]]\""]"",""[\""LANE_B_BOOK_ID_V1\"",\""[\\\""string\\\"",\\\""changdu-app\\\""]\"",\""[\\\""number\\\"",\\\""600155195\\\""]\"",\""[\\\""RAW_LANGUAGE_SCOPE_V1\\\"",\\\""[\\\\\\\""number\\\\\\\"",\\\\\\\""6\\\\\\\""]\\\"",[\\\""string\\\"",\\\""法语\\\""]]\""]"",""[\""LANE_B_BOOK_ID_V1\"",\""[\\\""string\\\"",\\\""changdu-app\\\""]\"",\""[\\\""number\\\"",\\\""974362883\\\""]\"",\""[\\\""RAW_LANGUAGE_SCOPE_V1\\\"",\\\""[\\\\\\\""number\\\\\\\"",\\\\\\\""6\\\\\\\""]\\\"",[\\\""string\\\"",\\\""法语\\\""]]\""]"",""[\""LANE_B_BOOK_ID_V1\"",\""[\\\""string\\\"",\\\""changdu-app\\\""]\"",\""[\\\""number\\\"",\\\""1038393298\\\""]\"",\""[\\\""RAW_LANGUAGE_SCOPE_V1\\\"",\\\""[\\\\\\\""number\\\\\\\"",\\\\\\\""6\\\\\\\""]\\\"",[\\\""string\\\"",\\\""法语\\\""]]\""]"",""[\""LANE_B_BOOK_ID_V1\"",\""[\\\""string\\\"",\\\""changdu-app\\\""]\"",\""[\\\""number\\\"",\\\""1071366878\\\""]\"",\""[\\\""RAW_LANGUAGE_SCOPE_V1\\\"",\\\""[\\\\\\\""number\\\\\\\"",\\\\\\\""6\\\\\\\""]\\\"",[\\\""string\\\"",\\\""法语\\\""]]\""]"",""[\""LANE_B_BOOK_ID_V1\"",\""[\\\""string\\\"",\\\""changdu-app\\\""]\"",\""[\\\""number\\\"",\\\""1072847066\\\""]\"",\""[\\\""RAW_LANGUAGE_SCOPE_V1\\\"",\\\""[\\\\\\\""number\\\\\\\"",\\\\\\\""6\\\\\\\""]\\\"",[\\\""string\\\"",\\\""法语\\\""]]\""]"",""[\""LANE_B_BOOK_ID_V1\"",\""[\\\""string\\\"",\\\""changdu-app\\\""]\"",\""[\\\""number\\\"",\\\""374071554\\\""]\"",\""[\\\""RAW_LANGUAGE_SCOPE_V1\\\"",\\\""[\\\\\\\""number\\\\\\\"",\\\\\\\""6\\\\\\\""]\\\"",[\\\""string\\\"",\\\""法语\\\""]]\""]"",""[\""LANE_B_BOOK_ID_V1\"",\""[\\\""string\\\"",\\\""changdu-app\\\""]\"",\""[\\\""number\\\"",\\\""819546321\\\""]\"",\""[\\\""RAW_LANGUAGE_SCOPE_V1\\\"",\\\""[\\\\\\\""number\\\\\\\"",\\\\\\\""6\\\\\\\""]\\\"",[\\\""string\\\"",\\\""法语\\\""]]\""]"",""[\""LANE_B_BOOK_ID_V1\"",\""[\\\""string\\\"",\\\""changdu-app\\\""]\"",\""[\\\""number\\\"",\\\""1068898483\\\""]\"",\""[\\\""RAW_LANGUAGE_SCOPE_V1\\\"",\\\""[\\\\\\\""number\\\\\\\"",\\\\\\\""6\\\\\\\""]\\\"",[\\\""string\\\"",\\\""法语\\\""]]\""]""]",APPROVED_MAP_CANDIDATE,CROSS_REVIEW_FINAL,TIER_1_STRONG,0.94,4/4 decision+target一致，代表书证与目标语义相符，无明显反证,NONE_IDENTIFIED,1,1,ct-v1-werewolf,werewolf,狼人,APPROVED_OFFLINE_CANDIDATE_ONLY
MAPPING_EDGE,46669b660b36278d1932cbe60fe628eb7820829b16651a7d9efb5652f30a0146,b760702c296147157a0b039cab4e32ed540c917803b7169d46884e25a5c202c1,changdu-app,"[""RAW_LANGUAGE_SCOPE_V1"",""[\""number\"",\""6\""]"",[""string"",""法语""]]",FR,Mafia,TWFmaWE=,35e95dfecfe2f6b88dd601cc1a2dcc2bea763f6d757419fe9a390a80ab025997,44,44,44,"[""[\""LANE_B_BOOK_ID_V1\"",\""[\\\""string\\\"",\\\""changdu-app\\\""]\"",\""[\\\""number\\\"",\\\""567063962\\\""]\"",\""[\\\""RAW_LANGUAGE_SCOPE_V1\\\"",\\\""[\\\\\\\""number\\\\\\\"",\\\\\\\""6\\\\\\\""]\\\"",[\\\""string\\\"",\\\""法语\\\""]]\""]"",""[\""LANE_B_BOOK_ID_V1\"",\""[\\\""string\\\"",\\\""changdu-app\\\""]\"",\""[\\\""number\\\"",\\\""888101820\\\""]\"",\""[\\\""RAW_LANGUAGE_SCOPE_V1\\\"",\\\""[\\\\\\\""number\\\\\\\"",\\\\\\\""6\\\\\\\""]\\\"",[\\\""string\\\"",\\\""法语\\\""]]\""]"",""[\""LANE_B_BOOK_ID_V1\"",\""[\\\""string\\\"",\\\""changdu-app\\\""]\"",\""[\\\""number\\\"",\\\""812298210\\\""]\"",\""[\\\""RAW_LANGUAGE_SCOPE_V1\\\"",\\\""[\\\\\\\""number\\\\\\\"",\\\\\\\""6\\\\\\\""]\\\"",[\\\""string\\\"",\\\""法语\\\""]]\""]"",""[\""LANE_B_BOOK_ID_V1\"",\""[\\\""string\\\"",\\\""changdu-app\\\""]\"",\""[\\\""number\\\"",\\\""759818888\\\""]\"",\""[\\\""RAW_LANGUAGE_SCOPE_V1\\\"",\\\""[\\\\\\\""number\\\\\\\"",\\\\\\\""6\\\\\\\""]\\\"",[\\\""string\\\"",\\\""法语\\\""]]\""]"",""[\""LANE_B_BOOK_ID_V1\"",\""[\\\""string\\\"",\\\""changdu-app\\\""]\"",\""[\\\""number\\\"",\\\""759917937\\\""]\"",\""[\\\""RAW_LANGUAGE_SCOPE_V1\\\"",\\\""[\\\\\\\""number\\\\\\\"",\\\\\\\""6\\\\\\\""]\\\"",[\\\""string\\\"",\\\""法语\\\""]]\""]"",""[\""LANE_B_BOOK_ID_V1\"",\""[\\\""string\\\"",\\\""changdu-app\\\""]\"",\""[\\\""number\\\"",\\\""694577310\\\""]\"",\""[\\\""RAW_LANGUAGE_SCOPE_V1\\\"",\\\""[\\\\\\\""number\\\\\\\"",\\\\\\\""6\\\\\\\""]\\\"",[\\\""string\\\"",\\\""法语\\\""]]\""]"",""[\""LANE_B_BOOK_ID_V1\"",\""[\\\""string\\\"",\\\""changdu-app\\\""]\"",\""[\\\""number\\\"",\\\""694577312\\\""]\"",\""[\\\""RAW_LANGUAGE_SCOPE_V1\\\"",\\\""[\\\\\\\""number\\\\\\\"",\\\\\\\""6\\\\\\\""]\\\"",[\\\""string\\\"",\\\""法语\\\""]]\""]""]",APPROVED_MAP_CANDIDATE,CROSS_REVIEW_FINAL,TIER_1_STRONG,0.91,4/4 decision+target一致，代表书证与目标语义相符，无明显反证,NONE_IDENTIFIED,1,1,ct-v1-mafia,mafia,黑帮,APPROVED_OFFLINE_CANDIDATE_ONLY
MAPPING_EDGE,40d2f054d889b111eaa1e98bee288c54fc2d25bb0baa6642bcdf468fc4a70cf9,5528357b76e6dd3e32a99fb7977cf19630a26a3a51087aae8db9bc7f75298946,changdu-app,"[""RAW_LANGUAGE_SCOPE_V1"",""[\""number\"",\""6\""]"",[""string"",""法语""]]",FR,Milliardaire,TWlsbGlhcmRhaXJl,595e730754646e2d6cd68b7c12218558ea2693c0f7763630fb2cc580b333dd8e,125,125,125,"[""[\""LANE_B_BOOK_ID_V1\"",\""[\\\""string\\\"",\\\""changdu-app\\\""]\"",\""[\\\""number\\\"",\\\""1039677330\\\""]\"",\""[\\\""RAW_LANGUAGE_SCOPE_V1\\\"",\\\""[\\\\\\\""number\\\\\\\"",\\\\\\\""6\\\\\\\""]\\\"",[\\\""string\\\"",\\\""法语\\\""]]\""]"",""[\""LANE_B_BOOK_ID_V1\"",\""[\\\""string\\\"",\\\""changdu-app\\\""]\"",\""[\\\""number\\\"",\\\""1115049734\\\""]\"",\""[\\\""RAW_LANGUAGE_SCOPE_V1\\\"",\\\""[\\\\\\\""number\\\\\\\"",\\\\\\\""6\\\\\\\""]\\\"",[\\\""string\\\"",\\\""法语\\\""]]\""]"",""[\""LANE_B_BOOK_ID_V1\"",\""[\\\""string\\\"",\\\""changdu-app\\\""]\"",\""[\\\""number\\\"",\\\""928452199\\\""]\"",\""[\\\""RAW_LANGUAGE_SCOPE_V1\\\"",\\\""[\\\\\\\""number\\\\\\\"",\\\\\\\""6\\\\\\\""]\\\"",[\\\""string\\\"",\\\""法语\\\""]]\""]"",""[\""LANE_B_BOOK_ID_V1\"",\""[\\\""string\\\"",\\\""changdu-app\\\""]\"",\""[\\\""number\\\"",\\\""994469651\\\""]\"",\""[\\\""RAW_LANGUAGE_SCOPE_V1\\\"",\\\""[\\\\\\\""number\\\\\\\"",\\\\\\\""6\\\\\\\""]\\\"",[\\\""string\\\"",\\\""法语\\\""]]\""]"",""[\""LANE_B_BOOK_ID_V1\"",\""[\\\""string\\\"",\\\""changdu-app\\\""]\"",\""[\\\""number\\\"",\\\""796608655\\\""]\"",\""[\\\""RAW_LANGUAGE_SCOPE_V1\\\"",\\\""[\\\\\\\""number\\\\\\\"",\\\\\\\""6\\\\\\\""]\\\"",[\\\""string\\\"",\\\""法语\\\""]]\""]"",""[\""LANE_B_BOOK_ID_V1\"",\""[\\\""string\\\"",\\\""changdu-app\\\""]\"",\""[\\\""number\\\"",\\\""957974923\\\""]\"",\""[\\\""RAW_LANGUAGE_SCOPE_V1\\\"",\\\""[\\\\\\\""number\\\\\\\"",\\\\\\\""6\\\\\\\""]\\\"",[\\\""string\\\"",\\\""法语\\\""]]\""]"",""[\""LANE_B_BOOK_ID_V1\"",\""[\\\""string\\\"",\\\""changdu-app\\\""]\"",\""[\\\""number\\\"",\\\""957975758\\\""]\"",\""[\\\""RAW_LANGUAGE_SCOPE_V1\\\"",\\\""[\\\\\\\""number\\\\\\\"",\\\\\\\""6\\\\\\\""]\\\"",[\\\""string\\\"",\\\""法语\\\""]]\""]"",""[\""LANE_B_BOOK_ID_V1\"",\""[\\\""string\\\"",\\\""changdu-app\\\""]\"",\""[\\\""number\\\"",\\\""931593318\\\""]\"",\""[\\\""RAW_LANGUAGE_SCOPE_V1\\\"",\\\""[\\\\\\\""number\\\\\\\"",\\\\\\\""6\\\\\\\""]\\\"",[\\\""string\\\"",\\\""法语\\\""]]\""]"",""[\""LANE_B_BOOK_ID_V1\"",\""[\\\""string\\\"",\\\""changdu-app\\\""]\"",\""[\\\""number\\\"",\\\""928753992\\\""]\"",\""[\\\""RAW_LANGUAGE_SCOPE_V1\\\"",\\\""[\\\\\\\""number\\\\\\\"",\\\\\\\""6\\\\\\\""]\\\"",[\\\""string\\\"",\\\""法语\\\""]]\""]"",""[\""LANE_B_BOOK_ID_V1\"",\""[\\\""string\\\"",\\\""changdu-app\\\""]\"",\""[\\\""number\\\"",\\\""913804238\\\""]\"",\""[\\\""RAW_LANGUAGE_SCOPE_V1\\\"",\\\""[\\\\\\\""number\\\\\\\"",\\\\\\\""6\\\\\\\""]\\\"",[\\\""string\\\"",\\\""法语\\\""]]\""]"",""[\""LANE_B_BOOK_ID_V1\"",\""[\\\""string\\\"",\\\""changdu-app\\\""]\"",\""[\\\""number\\\"",\\\""819546322\\\""]\"",\""[\\\""RAW_LANGUAGE_SCOPE_V1\\\"",\\\""[\\\\\\\""number\\\\\\\"",\\\\\\\""6\\\\\\\""]\\\"",[\\\""string\\\"",\\\""法语\\\""]]\""]"",""[\""LANE_B_BOOK_ID_V1\"",\""[\\\""string\\\"",\\\""changdu-app\\\""]\"",\""[\\\""number\\\"",\\\""820341999\\\""]\"",\""[\\\""RAW_LANGUAGE_SCOPE_V1\\\"",\\\""[\\\\\\\""number\\\\\\\"",\\\\\\\""6\\\\\\\""]\\\"",[\\\""string\\\"",\\\""法语\\\""]]\""]""]",APPROVED_MAP_CANDIDATE,CROSS_REVIEW_FINAL,TIER_1_STRONG,0.92,4/4 decision+target一致，代表书证与目标语义相符，无明显反证,NONE_IDENTIFIED,1,1,ct-v1-wealthy-ceo,wealthy-ceo,豪门总裁,APPROVED_OFFLINE_CANDIDATE_ONLY
MAPPING_EDGE,7db00f837c00ecc0eb2063d8dd2378f63363bc86520071353d24721715951197,375e51b58e6b14c82f2ced3750864410aeae8df2d21d8d1b7cbeb929259f07d3,changdu-app,"[""RAW_LANGUAGE_SCOPE_V1"",""[\""number\"",\""6\""]"",[""string"",""法语""]]",FR,Moderne,TW9kZXJuZQ==,ea2049ce73dc464f4f449f4a570e8f16862bb2225bff80a1c07e2ccbabca49ac,341,341,341,"[""[\""LANE_B_BOOK_ID_V1\"",\""[\\\""string\\\"",\\\""changdu-app\\\""]\"",\""[\\\""number\\\"",\\\""1015001814\\\""]\"",\""[\\\""RAW_LANGUAGE_SCOPE_V1\\\"",\\\""[\\\\\\\""number\\\\\\\"",\\\\\\\""6\\\\\\\""]\\\"",[\\\""string\\\"",\\\""法语\\\""]]\""]"",""[\""LANE_B_BOOK_ID_V1\"",\""[\\\""string\\\"",\\\""changdu-app\\\""]\"",\""[\\\""number\\\"",\\\""1108139201\\\""]\"",\""[\\\""RAW_LANGUAGE_SCOPE_V1\\\"",\\\""[\\\\\\\""number\\\\\\\"",\\\\\\\""6\\\\\\\""]\\\"",[\\\""string\\\"",\\\""法语\\\""]]\""]"",""[\""LANE_B_BOOK_ID_V1\"",\""[\\\""string\\\"",\\\""changdu-app\\\""]\"",\""[\\\""number\\\"",\\\""1128875483\\\""]\"",\""[\\\""RAW_LANGUAGE_SCOPE_V1\\\"",\\\""[\\\\\\\""number\\\\\\\"",\\\\\\\""6\\\\\\\""]\\\"",[\\\""string\\\"",\\\""法语\\\""]]\""]"",""[\""LANE_B_BOOK_ID_V1\"",\""[\\\""string\\\"",\\\""changdu-app\\\""]\"",\""[\\\""number\\\"",\\\""1128974115\\\""]\"",\""[\\\""RAW_LANGUAGE_SCOPE_V1\\\"",\\\""[\\\\\\\""number\\\\\\\"",\\\\\\\""6\\\\\\\""]\\\"",[\\\""string\\\"",\\\""法语\\\""]]\""]"",""[\""LANE_B_BOOK_ID_V1\"",\""[\\\""string\\\"",\\\""changdu-app\\\""]\"",\""[\\\""number\\\"",\\\""1128974116\\\""]\"",\""[\\\""RAW_LANGUAGE_SCOPE_V1\\\"",\\\""[\\\\\\\""number\\\\\\\"",\\\\\\\""6\\\\\\\""]\\\"",[\\\""string\\\"",\\\""法语\\\""]]\""]"",""[\""LANE_B_BOOK_ID_V1\"",\""[\\\""string\\\"",\\\""changdu-app\\\""]\"",\""[\\\""number\\\"",\\\""819943813\\\""]\"",\""[\\\""RAW_LANGUAGE_SCOPE_V1\\\"",\\\""[\\\\\\\""number\\\\\\\"",\\\\\\\""6\\\\\\\""]\\\"",[\\\""string\\\"",\\\""法语\\\""]]\""]"",""[\""LANE_B_BOOK_ID_V1\"",\""[\\\""string\\\"",\\\""changdu-app\\\""]\"",\""[\\\""number\\\"",\\\""1044119174\\\""]\"",\""[\\\""RAW_LANGUAGE_SCOPE_V1\\\"",\\\""[\\\\\\\""number\\\\\\\"",\\\\\\\""6\\\\\\\""]\\\"",[\\\""string\\\"",\\\""法语\\\""]]\""]"",""[\""LANE_B_BOOK_ID_V1\"",\""[\\\""string\\\"",\\\""changdu-app\\\""]\"",\""[\\\""number\\\"",\\\""1059420429\\\""]\"",\""[\\\""RAW_LANGUAGE_SCOPE_V1\\\"",\\\""[\\\\\\\""number\\\\\\\"",\\\\\\\""6\\\\\\\""]\\\"",[\\\""string\\\"",\\\""法语\\\""]]\""]"",""[\""LANE_B_BOOK_ID_V1\"",\""[\\\""string\\\"",\\\""changdu-app\\\""]\"",\""[\\\""number\\\"",\\\""1088574734\\\""]\"",\""[\\\""RAW_LANGUAGE_SCOPE_V1\\\"",\\\""[\\\\\\\""number\\\\\\\"",\\\\\\\""6\\\\\\\""]\\\"",[\\\""string\\\"",\\\""法语\\\""]]\""]"",""[\""LANE_B_BOOK_ID_V1\"",\""[\\\""string\\\"",\\\""changdu-app\\\""]\"",\""[\\\""number\\\"",\\\""174448805\\\""]\"",\""[\\\""RAW_LANGUAGE_SCOPE_V1\\\"",\\\""[\\\\\\\""number\\\\\\\"",\\\\\\\""6\\\\\\\""]\\\"",[\\\""string\\\"",\\\""法语\\\""]]\""]"",""[\""LANE_B_BOOK_ID_V1\"",\""[\\\""string\\\"",\\\""changdu-app\\\""]\"",\""[\\\""number\\\"",\\\""321432234\\\""]\"",\""[\\\""RAW_LANGUAGE_SCOPE_V1\\\"",\\\""[\\\\\\\""number\\\\\\\"",\\\\\\\""6\\\\\\\""]\\\"",[\\\""string\\\"",\\\""法语\\\""]]\""]"",""[\""LANE_B_BOOK_ID_V1\"",\""[\\\""string\\\"",\\\""changdu-app\\\""]\"",\""[\\\""number\\\"",\\\""352977497\\\""]\"",\""[\\\""RAW_LANGUAGE_SCOPE_V1\\\"",\\\""[\\\\\\\""number\\\\\\\"",\\\\\\\""6\\\\\\\""]\\\"",[\\\""string\\\"",\\\""法语\\\""]]\""]""]",APPROVED_MAP_CANDIDATE,CROSS_REVIEW_FINAL,TIER_3_TARGET_CONFLICT,0.88,女频共现~100%，书证全为现代豪门婚恋/复仇言情；modern-romance为检索等价入口,C: contemporary-setting（setting facet字面映射，不错但检索价值低）,1,1,ct-v1-modern-romance,modern-romance,现代言情,APPROVED_OFFLINE_CANDIDATE_ONLY
MAPPING_EDGE,d90023719c14b814b4b64501daf1af5d69131c00d9dfc1ec024de2af4db731ec,b31f8d4725bc2db83ad2f2463294e75b932eb2d2ac28e8c700c1c709a22e534a,changdu-app,"[""RAW_LANGUAGE_SCOPE_V1"",""[\""number\"",\""6\""]"",[""string"",""法语""]]",FR,Romance,Um9tYW5jZQ==,3bc3567a7fc6511a85072520dc1bdb95a732c4aee93a6533d53954f39124d7c9,167,167,167,"[""[\""LANE_B_BOOK_ID_V1\"",\""[\\\""string\\\"",\\\""changdu-app\\\""]\"",\""[\\\""number\\\"",\\\""1082044957\\\""]\"",\""[\\\""RAW_LANGUAGE_SCOPE_V1\\\"",\\\""[\\\\\\\""number\\\\\\\"",\\\\\\\""6\\\\\\\""]\\\"",[\\\""string\\\"",\\\""法语\\\""]]\""]"",""[\""LANE_B_BOOK_ID_V1\"",\""[\\\""string\\\"",\\\""changdu-app\\\""]\"",\""[\\\""number\\\"",\\\""825084926\\\""]\"",\""[\\\""RAW_LANGUAGE_SCOPE_V1\\\"",\\\""[\\\\\\\""number\\\\\\\"",\\\\\\\""6\\\\\\\""]\\\"",[\\\""string\\\"",\\\""法语\\\""]]\""]"",""[\""LANE_B_BOOK_ID_V1\"",\""[\\\""string\\\"",\\\""changdu-app\\\""]\"",\""[\\\""number\\\"",\\\""1040466279\\\""]\"",\""[\\\""RAW_LANGUAGE_SCOPE_V1\\\"",\\\""[\\\\\\\""number\\\\\\\"",\\\\\\\""6\\\\\\\""]\\\"",[\\\""string\\\"",\\\""法语\\\""]]\""]"",""[\""LANE_B_BOOK_ID_V1\"",\""[\\\""string\\\"",\\\""changdu-app\\\""]\"",\""[\\\""number\\\"",\\\""1040466277\\\""]\"",\""[\\\""RAW_LANGUAGE_SCOPE_V1\\\"",\\\""[\\\\\\\""number\\\\\\\"",\\\\\\\""6\\\\\\\""]\\\"",[\\\""string\\\"",\\\""法语\\\""]]\""]"",""[\""LANE_B_BOOK_ID_V1\"",\""[\\\""string\\\"",\\\""changdu-app\\\""]\"",\""[\\\""number\\\"",\\\""819546323\\\""]\"",\""[\\\""RAW_LANGUAGE_SCOPE_V1\\\"",\\\""[\\\\\\\""number\\\\\\\"",\\\\\\\""6\\\\\\\""]\\\"",[\\\""string\\\"",\\\""法语\\\""]]\""]"",""[\""LANE_B_BOOK_ID_V1\"",\""[\\\""string\\\"",\\\""changdu-app\\\""]\"",\""[\\\""number\\\"",\\\""803842622\\\""]\"",\""[\\\""RAW_LANGUAGE_SCOPE_V1\\\"",\\\""[\\\\\\\""number\\\\\\\"",\\\\\\\""6\\\\\\\""]\\\"",[\\\""string\\\"",\\\""法语\\\""]]\""]"",""[\""LANE_B_BOOK_ID_V1\"",\""[\\\""string\\\"",\\\""changdu-app\\\""]\"",\""[\\\""number\\\"",\\\""810489188\\\""]\"",\""[\\\""RAW_LANGUAGE_SCOPE_V1\\\"",\\\""[\\\\\\\""number\\\\\\\"",\\\\\\\""6\\\\\\\""]\\\"",[\\\""string\\\"",\\\""法语\\\""]]\""]"",""[\""LANE_B_BOOK_ID_V1\"",\""[\\\""string\\\"",\\\""changdu-app\\\""]\"",\""[\\\""number\\\"",\\\""796608448\\\""]\"",\""[\\\""RAW_LANGUAGE_SCOPE_V1\\\"",\\\""[\\\\\\\""number\\\\\\\"",\\\\\\\""6\\\\\\\""]\\\"",[\\\""string\\\"",\\\""法语\\\""]]\""]"",""[\""LANE_B_BOOK_ID_V1\"",\""[\\\""string\\\"",\\\""changdu-app\\\""]\"",\""[\\\""number\\\"",\\\""796608453\\\""]\"",\""[\\\""RAW_LANGUAGE_SCOPE_V1\\\"",\\\""[\\\\\\\""number\\\\\\\"",\\\\\\\""6\\\\\\\""]\\\"",[\\\""string\\\"",\\\""法语\\\""]]\""]"",""[\""LANE_B_BOOK_ID_V1\"",\""[\\\""string\\\"",\\\""changdu-app\\\""]\"",\""[\\\""number\\\"",\\\""796608651\\\""]\"",\""[\\\""RAW_LANGUAGE_SCOPE_V1\\\"",\\\""[\\\\\\\""number\\\\\\\"",\\\\\\\""6\\\\\\\""]\\\"",[\\\""string\\\"",\\\""法语\\\""]]\""]"",""[\""LANE_B_BOOK_ID_V1\"",\""[\\\""string\\\"",\\\""changdu-app\\\""]\"",\""[\\\""number\\\"",\\\""796608652\\\""]\"",\""[\\\""RAW_LANGUAGE_SCOPE_V1\\\"",\\\""[\\\\\\\""number\\\\\\\"",\\\\\\\""6\\\\\\\""]\\\"",[\\\""string\\\"",\\\""法语\\\""]]\""]"",""[\""LANE_B_BOOK_ID_V1\"",\""[\\\""string\\\"",\\\""changdu-app\\\""]\"",\""[\\\""number\\\"",\\\""796608656\\\""]\"",\""[\\\""RAW_LANGUAGE_SCOPE_V1\\\"",\\\""[\\\\\\\""number\\\\\\\"",\\\\\\\""6\\\\\\\""]\\\"",[\\\""string\\\"",\\\""法语\\\""]]\""]""]",APPROVED_MAP_CANDIDATE,CROSS_REVIEW_FINAL,TIER_1_STRONG,0.94,4/4 decision+target一致，代表书证与目标语义相符，无明显反证,NONE_IDENTIFIED,1,1,ct-v1-romance,romance,言情,APPROVED_OFFLINE_CANDIDATE_ONLY
MAPPING_EDGE,f480faf3ac3527e08602448554664c3d7cbee54ce6e2cecd05a56b0a4a3f0639,5fc71fbc4c6235966a785ca56d95251f44c7897a32d3e5bcaf729072497bb094,changdu-app,"[""RAW_LANGUAGE_SCOPE_V1"",""[\""number\"",\""6\""]"",[""string"",""法语""]]",FR,女频,5aWz6aKR,d9867749ec31f19fe7bfa4a782791bb108a8c9bc80653d481d3f1110f260cebb,986,986,986,"[""[\""LANE_B_BOOK_ID_V1\"",\""[\\\""string\\\"",\\\""changdu-app\\\""]\"",\""[\\\""number\\\"",\\\""1009869574\\\""]\"",\""[\\\""RAW_LANGUAGE_SCOPE_V1\\\"",\\\""[\\\\\\\""number\\\\\\\"",\\\\\\\""6\\\\\\\""]\\\"",[\\\""string\\\"",\\\""法语\\\""]]\""]"",""[\""LANE_B_BOOK_ID_V1\"",\""[\\\""string\\\"",\\\""changdu-app\\\""]\"",\""[\\\""number\\\"",\\\""1009869672\\\""]\"",\""[\\\""RAW_LANGUAGE_SCOPE_V1\\\"",\\\""[\\\\\\\""number\\\\\\\"",\\\\\\\""6\\\\\\\""]\\\"",[\\\""string\\\"",\\\""法语\\\""]]\""]"",""[\""LANE_B_BOOK_ID_V1\"",\""[\\\""string\\\"",\\\""changdu-app\\\""]\"",\""[\\\""number\\\"",\\\""1015001814\\\""]\"",\""[\\\""RAW_LANGUAGE_SCOPE_V1\\\"",\\\""[\\\\\\\""number\\\\\\\"",\\\\\\\""6\\\\\\\""]\\\"",[\\\""string\\\"",\\\""法语\\\""]]\""]"",""[\""LANE_B_BOOK_ID_V1\"",\""[\\\""string\\\"",\\\""changdu-app\\\""]\"",\""[\\\""number\\\"",\\\""1039677330\\\""]\"",\""[\\\""RAW_LANGUAGE_SCOPE_V1\\\"",\\\""[\\\\\\\""number\\\\\\\"",\\\\\\\""6\\\\\\\""]\\\"",[\\\""string\\\"",\\\""法语\\\""]]\""]"",""[\""LANE_B_BOOK_ID_V1\"",\""[\\\""string\\\"",\\\""changdu-app\\\""]\"",\""[\\\""number\\\"",\\\""1082044957\\\""]\"",\""[\\\""RAW_LANGUAGE_SCOPE_V1\\\"",\\\""[\\\\\\\""number\\\\\\\"",\\\\\\\""6\\\\\\\""]\\\"",[\\\""string\\\"",\\\""法语\\\""]]\""]"",""[\""LANE_B_BOOK_ID_V1\"",\""[\\\""string\\\"",\\\""changdu-app\\\""]\"",\""[\\\""number\\\"",\\\""1108139201\\\""]\"",\""[\\\""RAW_LANGUAGE_SCOPE_V1\\\"",\\\""[\\\\\\\""number\\\\\\\"",\\\\\\\""6\\\\\\\""]\\\"",[\\\""string\\\"",\\\""法语\\\""]]\""]"",""[\""LANE_B_BOOK_ID_V1\"",\""[\\\""string\\\"",\\\""changdu-app\\\""]\"",\""[\\\""number\\\"",\\\""1117814968\\\""]\"",\""[\\\""RAW_LANGUAGE_SCOPE_V1\\\"",\\\""[\\\\\\\""number\\\\\\\"",\\\\\\\""6\\\\\\\""]\\\"",[\\\""string\\\"",\\\""法语\\\""]]\""]"",""[\""LANE_B_BOOK_ID_V1\"",\""[\\\""string\\\"",\\\""changdu-app\\\""]\"",\""[\\\""number\\\"",\\\""1128875483\\\""]\"",\""[\\\""RAW_LANGUAGE_SCOPE_V1\\\"",\\\""[\\\\\\\""number\\\\\\\"",\\\\\\\""6\\\\\\\""]\\\"",[\\\""string\\\"",\\\""法语\\\""]]\""]"",""[\""LANE_B_BOOK_ID_V1\"",\""[\\\""string\\\"",\\\""changdu-app\\\""]\"",\""[\\\""number\\\"",\\\""1128974115\\\""]\"",\""[\\\""RAW_LANGUAGE_SCOPE_V1\\\"",\\\""[\\\\\\\""number\\\\\\\"",\\\\\\\""6\\\\\\\""]\\\"",[\\\""string\\\"",\\\""法语\\\""]]\""]"",""[\""LANE_B_BOOK_ID_V1\"",\""[\\\""string\\\"",\\\""changdu-app\\\""]\"",\""[\\\""number\\\"",\\\""1128974116\\\""]\"",\""[\\\""RAW_LANGUAGE_SCOPE_V1\\\"",\\\""[\\\\\\\""number\\\\\\\"",\\\\\\\""6\\\\\\\""]\\\"",[\\\""string\\\"",\\\""法语\\\""]]\""]"",""[\""LANE_B_BOOK_ID_V1\"",\""[\\\""string\\\"",\\\""changdu-app\\\""]\"",\""[\\\""number\\\"",\\\""1131443565\\\""]\"",\""[\\\""RAW_LANGUAGE_SCOPE_V1\\\"",\\\""[\\\\\\\""number\\\\\\\"",\\\\\\\""6\\\\\\\""]\\\"",[\\\""string\\\"",\\\""法语\\\""]]\""]"",""[\""LANE_B_BOOK_ID_V1\"",\""[\\\""string\\\"",\\\""changdu-app\\\""]\"",\""[\\\""number\\\"",\\\""600155195\\\""]\"",\""[\\\""RAW_LANGUAGE_SCOPE_V1\\\"",\\\""[\\\\\\\""number\\\\\\\"",\\\\\\\""6\\\\\\\""]\\\"",[\\\""string\\\"",\\\""法语\\\""]]\""]""]",APPROVED_MAP_CANDIDATE,CROSS_REVIEW_FINAL,TIER_2_GOOD,0.95,A/B/C一致映射；audience已是119正式facet（ct-v1-female-audience存在），书证全为女性向,D: IGNORE（视为运营二分旗——但artifact已建audience facet，忽略反而丢失已建模维度）,1,1,ct-v1-female-audience,female-audience,女性向,APPROVED_OFFLINE_CANDIDATE_ONLY
MAPPING_EDGE,5b2e4fe593afdc9ff8087237df8279cdc9dc4d45d8c46eb0b34526aa37e4d704,a359f16db5b2df5b034bba6cafa1f9383015e653f3854d177aa85c07eff3ae3e,changdu-app,"[""RAW_LANGUAGE_SCOPE_V1"",""[\""number\"",\""6\""]"",[""string"",""法语""]]",FR,男频,55S36aKR,e74d73d99251bb2b99c02896258d9fbcd9817488f6538674fda26534b0b450ac,99,99,99,"[""[\""LANE_B_BOOK_ID_V1\"",\""[\\\""string\\\"",\\\""changdu-app\\\""]\"",\""[\\\""number\\\"",\\\""1040466276\\\""]\"",\""[\\\""RAW_LANGUAGE_SCOPE_V1\\\"",\\\""[\\\\\\\""number\\\\\\\"",\\\\\\\""6\\\\\\\""]\\\"",[\\\""string\\\"",\\\""法语\\\""]]\""]"",""[\""LANE_B_BOOK_ID_V1\"",\""[\\\""string\\\"",\\\""changdu-app\\\""]\"",\""[\\\""number\\\"",\\\""1040466283\\\""]\"",\""[\\\""RAW_LANGUAGE_SCOPE_V1\\\"",\\\""[\\\\\\\""number\\\\\\\"",\\\\\\\""6\\\\\\\""]\\\"",[\\\""string\\\"",\\\""法语\\\""]]\""]"",""[\""LANE_B_BOOK_ID_V1\"",\""[\\\""string\\\"",\\\""changdu-app\\\""]\"",\""[\\\""number\\\"",\\\""1042736492\\\""]\"",\""[\\\""RAW_LANGUAGE_SCOPE_V1\\\"",\\\""[\\\\\\\""number\\\\\\\"",\\\\\\\""6\\\\\\\""]\\\"",[\\\""string\\\"",\\\""法语\\\""]]\""]"",""[\""LANE_B_BOOK_ID_V1\"",\""[\\\""string\\\"",\\\""changdu-app\\\""]\"",\""[\\\""number\\\"",\\\""912179496\\\""]\"",\""[\\\""RAW_LANGUAGE_SCOPE_V1\\\"",\\\""[\\\\\\\""number\\\\\\\"",\\\\\\\""6\\\\\\\""]\\\"",[\\\""string\\\"",\\\""法语\\\""]]\""]"",""[\""LANE_B_BOOK_ID_V1\"",\""[\\\""string\\\"",\\\""changdu-app\\\""]\"",\""[\\\""number\\\"",\\\""914614302\\\""]\"",\""[\\\""RAW_LANGUAGE_SCOPE_V1\\\"",\\\""[\\\\\\\""number\\\\\\\"",\\\\\\\""6\\\\\\\""]\\\"",[\\\""string\\\"",\\\""法语\\\""]]\""]"",""[\""LANE_B_BOOK_ID_V1\"",\""[\\\""string\\\"",\\\""changdu-app\\\""]\"",\""[\\\""number\\\"",\\\""914614305\\\""]\"",\""[\\\""RAW_LANGUAGE_SCOPE_V1\\\"",\\\""[\\\\\\\""number\\\\\\\"",\\\\\\\""6\\\\\\\""]\\\"",[\\\""string\\\"",\\\""法语\\\""]]\""]"",""[\""LANE_B_BOOK_ID_V1\"",\""[\\\""string\\\"",\\\""changdu-app\\\""]\"",\""[\\\""number\\\"",\\\""813009215\\\""]\"",\""[\\\""RAW_LANGUAGE_SCOPE_V1\\\"",\\\""[\\\\\\\""number\\\\\\\"",\\\\\\\""6\\\\\\\""]\\\"",[\\\""string\\\"",\\\""法语\\\""]]\""]"",""[\""LANE_B_BOOK_ID_V1\"",\""[\\\""string\\\"",\\\""changdu-app\\\""]\"",\""[\\\""number\\\"",\\\""760415648\\\""]\"",\""[\\\""RAW_LANGUAGE_SCOPE_V1\\\"",\\\""[\\\\\\\""number\\\\\\\"",\\\\\\\""6\\\\\\\""]\\\"",[\\\""string\\\"",\\\""法语\\\""]]\""]"",""[\""LANE_B_BOOK_ID_V1\"",\""[\\\""string\\\"",\\\""changdu-app\\\""]\"",\""[\\\""number\\\"",\\\""690431177\\\""]\"",\""[\\\""RAW_LANGUAGE_SCOPE_V1\\\"",\\\""[\\\\\\\""number\\\\\\\"",\\\\\\\""6\\\\\\\""]\\\"",[\\\""string\\\"",\\\""法语\\\""]]\""]"",""[\""LANE_B_BOOK_ID_V1\"",\""[\\\""string\\\"",\\\""changdu-app\\\""]\"",\""[\\\""number\\\"",\\\""617632875\\\""]\"",\""[\\\""RAW_LANGUAGE_SCOPE_V1\\\"",\\\""[\\\\\\\""number\\\\\\\"",\\\\\\\""6\\\\\\\""]\\\"",[\\\""string\\\"",\\\""法语\\\""]]\""]""]",APPROVED_MAP_CANDIDATE,CROSS_REVIEW_FINAL,TIER_2_GOOD,0.92,A/B/C提出同一概念；119只有female-audience无对称男性向入口，8217本可进女性向而1684本男频书无入口，结构性不对称,D: IGNORE（主张女频男频同进同退；若Owner不扩audience则两者一并IGNORE）,1,1,ct-v1-male-audience,male-audience,男性向,APPROVED_OFFLINE_CANDIDATE_ONLY
MAPPING_EDGE,e9990f81e60d42f8cd301eea50b6759d608856ca54cf40906311e00ae9be86de,5b65eda5d00265eba1a81e50de25382d648abd84ba5d08096e5042f23f7a0ae7,changdu-app,"[""RAW_LANGUAGE_SCOPE_V1"",""[\""number\"",\""11\""]"",[""string"",""印尼""]]",ID,Anak muda,QW5hayBtdWRh,ae219bd3511ca719ce228dd9aeb662759abd53a13e1c67defb3f41c47c42c2fe,23,23,23,"[""[\""LANE_B_BOOK_ID_V1\"",\""[\\\""string\\\"",\\\""changdu-app\\\""]\"",\""[\\\""number\\\"",\\\""583862755\\\""]\"",\""[\\\""RAW_LANGUAGE_SCOPE_V1\\\"",\\\""[\\\\\\\""number\\\\\\\"",\\\\\\\""11\\\\\\\""]\\\"",[\\\""string\\\"",\\\""印尼\\\""]]\""]"",""[\""LANE_B_BOOK_ID_V1\"",\""[\\\""string\\\"",\\\""changdu-app\\\""]\"",\""[\\\""number\\\"",\\\""5574752\\\""]\"",\""[\\\""RAW_LANGUAGE_SCOPE_V1\\\"",\\\""[\\\\\\\""number\\\\\\\"",\\\\\\\""11\\\\\\\""]\\\"",[\\\""string\\\"",\\\""印尼\\\""]]\""]"",""[\""LANE_B_BOOK_ID_V1\"",\""[\\\""string\\\"",\\\""changdu-app\\\""]\"",\""[\\\""number\\\"",\\\""5576286\\\""]\"",\""[\\\""RAW_LANGUAGE_SCOPE_V1\\\"",\\\""[\\\\\\\""number\\\\\\\"",\\\\\\\""11\\\\\\\""]\\\"",[\\\""string\\\"",\\\""印尼\\\""]]\""]"",""[\""LANE_B_BOOK_ID_V1\"",\""[\\\""string\\\"",\\\""changdu-app\\\""]\"",\""[\\\""number\\\"",\\\""5573184\\\""]\"",\""[\\\""RAW_LANGUAGE_SCOPE_V1\\\"",\\\""[\\\\\\\""number\\\\\\\"",\\\\\\\""11\\\\\\\""]\\\"",[\\\""string\\\"",\\\""印尼\\\""]]\""]"",""[\""LANE_B_BOOK_ID_V1\"",\""[\\\""string\\\"",\\\""changdu-app\\\""]\"",\""[\\\""number\\\"",\\\""5573605\\\""]\"",\""[\\\""RAW_LANGUAGE_SCOPE_V1\\\"",\\\""[\\\\\\\""number\\\\\\\"",\\\\\\\""11\\\\\\\""]\\\"",[\\\""string\\\"",\\\""印尼\\\""]]\""]""]",APPROVED_MAP_CANDIDATE,CROSS_REVIEW_FINAL,TIER_2_GOOD,0.79,四家同decision同target；但书证存在部分反证：含Intimate Partner等偏成人样本,NONE_IDENTIFIED,1,1,ct-v1-young-adult,young-adult,青少年,APPROVED_OFFLINE_CANDIDATE_ONLY
MAPPING_EDGE,8a66cea81b6734a4627dd03f8355b4da5032e6b41235ab1ee5da382a814ba9eb,7d665bf6c583915dfa8ed568ef8f3575ebd670afdb26ed4983f05cb845628a26,changdu-app,"[""RAW_LANGUAGE_SCOPE_V1"",""[\""number\"",\""11\""]"",[""string"",""印尼""]]",ID,LGBT+,TEdCVCs=,e82b54800c798ebb021135f88e2cff0e6d3e47e91823700315eaa27295a3de47,4,4,4,"[""[\""LANE_B_BOOK_ID_V1\"",\""[\\\""string\\\"",\\\""changdu-app\\\""]\"",\""[\\\""number\\\"",\\\""583962107\\\""]\"",\""[\\\""RAW_LANGUAGE_SCOPE_V1\\\"",\\\""[\\\\\\\""number\\\\\\\"",\\\\\\\""11\\\\\\\""]\\\"",[\\\""string\\\"",\\\""印尼\\\""]]\""]"",""[\""LANE_B_BOOK_ID_V1\"",\""[\\\""string\\\"",\\\""changdu-app\\\""]\"",\""[\\\""number\\\"",\\\""5576325\\\""]\"",\""[\\\""RAW_LANGUAGE_SCOPE_V1\\\"",\\\""[\\\\\\\""number\\\\\\\"",\\\\\\\""11\\\\\\\""]\\\"",[\\\""string\\\"",\\\""印尼\\\""]]\""]"",""[\""LANE_B_BOOK_ID_V1\"",\""[\\\""string\\\"",\\\""changdu-app\\\""]\"",\""[\\\""number\\\"",\\\""5545139\\\""]\"",\""[\\\""RAW_LANGUAGE_SCOPE_V1\\\"",\\\""[\\\\\\\""number\\\\\\\"",\\\\\\\""11\\\\\\\""]\\\"",[\\\""string\\\"",\\\""印尼\\\""]]\""]"",""[\""LANE_B_BOOK_ID_V1\"",\""[\\\""string\\\"",\\\""changdu-app\\\""]\"",\""[\\\""number\\\"",\\\""5533076\\\""]\"",\""[\\\""RAW_LANGUAGE_SCOPE_V1\\\"",\\\""[\\\\\\\""number\\\\\\\"",\\\\\\\""11\\\\\\\""]\\\"",[\\\""string\\\"",\\\""印尼\\\""]]\""]""]",APPROVED_MAP_CANDIDATE,CROSS_REVIEW_FINAL,TIER_2_GOOD,0.7,A/C/D归入同一LGBT概念；书证2-3/4为BL/GL（Jadi Belok/Kaluna与Citra）,B: HUMAN_REVIEW(0.55),1,1,ct-v1-lgbtq-romance,lgbtq-romance,LGBTQ+恋爱,APPROVED_OFFLINE_CANDIDATE_ONLY
MAPPING_EDGE,15f6a3343bca640a9f4d5b4c02fc80fe0ded9f711b9be45fa0e2ed966d69c4d4,d68d7d0205798d68fdc412ad39f90c1f9d3a8431ce655bb2d42cd066cf39f9a0,changdu-app,"[""RAW_LANGUAGE_SCOPE_V1"",""[\""number\"",\""11\""]"",[""string"",""印尼""]]",ID,Likantrof,TGlrYW50cm9m,53ea986d019c8d5bf06db7e941fffa20003de7c16176816b9c88345eb325d1b5,33,33,33,"[""[\""LANE_B_BOOK_ID_V1\"",\""[\\\""string\\\"",\\\""changdu-app\\\""]\"",\""[\\\""number\\\"",\\\""980308072\\\""]\"",\""[\\\""RAW_LANGUAGE_SCOPE_V1\\\"",\\\""[\\\\\\\""number\\\\\\\"",\\\\\\\""11\\\\\\\""]\\\"",[\\\""string\\\"",\\\""印尼\\\""]]\""]"",""[\""LANE_B_BOOK_ID_V1\"",\""[\\\""string\\\"",\\\""changdu-app\\\""]\"",\""[\\\""number\\\"",\\\""566864619\\\""]\"",\""[\\\""RAW_LANGUAGE_SCOPE_V1\\\"",\\\""[\\\\\\\""number\\\\\\\"",\\\\\\\""11\\\\\\\""]\\\"",[\\\""string\\\"",\\\""印尼\\\""]]\""]"",""[\""LANE_B_BOOK_ID_V1\"",\""[\\\""string\\\"",\\\""changdu-app\\\""]\"",\""[\\\""number\\\"",\\\""453506992\\\""]\"",\""[\\\""RAW_LANGUAGE_SCOPE_V1\\\"",\\\""[\\\\\\\""number\\\\\\\"",\\\\\\\""11\\\\\\\""]\\\"",[\\\""string\\\"",\\\""印尼\\\""]]\""]"",""[\""LANE_B_BOOK_ID_V1\"",\""[\\\""string\\\"",\\\""changdu-app\\\""]\"",\""[\\\""number\\\"",\\\""453507002\\\""]\"",\""[\\\""RAW_LANGUAGE_SCOPE_V1\\\"",\\\""[\\\\\\\""number\\\\\\\"",\\\\\\\""11\\\\\\\""]\\\"",[\\\""string\\\"",\\\""印尼\\\""]]\""]"",""[\""LANE_B_BOOK_ID_V1\"",\""[\\\""string\\\"",\\\""changdu-app\\\""]\"",\""[\\\""number\\\"",\\\""453507042\\\""]\"",\""[\\\""RAW_LANGUAGE_SCOPE_V1\\\"",\\\""[\\\\\\\""number\\\\\\\"",\\\\\\\""11\\\\\\\""]\\\"",[\\\""string\\\"",\\\""印尼\\\""]]\""]"",""[\""LANE_B_BOOK_ID_V1\"",\""[\\\""string\\\"",\\\""changdu-app\\\""]\"",\""[\\\""number\\\"",\\\""453508262\\\""]\"",\""[\\\""RAW_LANGUAGE_SCOPE_V1\\\"",\\\""[\\\\\\\""number\\\\\\\"",\\\\\\\""11\\\\\\\""]\\\"",[\\\""string\\\"",\\\""印尼\\\""]]\""]""]",APPROVED_MAP_CANDIDATE,CROSS_REVIEW_FINAL,TIER_1_STRONG,0.94,4/4 decision+target一致，代表书证与目标语义相符，无明显反证,NONE_IDENTIFIED,1,1,ct-v1-werewolf,werewolf,狼人,APPROVED_OFFLINE_CANDIDATE_ONLY
MAPPING_EDGE,94f971abad0a192dc8567dc74733ba15e352e5a96fbb33f034b275cd9562ddd3,e5bd6473465445da43293547955f17cd6d0a3b0e865dcf0e0efecb854c8e2b7d,changdu-app,"[""RAW_LANGUAGE_SCOPE_V1"",""[\""number\"",\""11\""]"",[""string"",""印尼""]]",ID,Mafia,TWFmaWE=,35e95dfecfe2f6b88dd601cc1a2dcc2bea763f6d757419fe9a390a80ab025997,10,10,10,"[""[\""LANE_B_BOOK_ID_V1\"",\""[\\\""string\\\"",\\\""changdu-app\\\""]\"",\""[\\\""number\\\"",\\\""980308079\\\""]\"",\""[\\\""RAW_LANGUAGE_SCOPE_V1\\\"",\\\""[\\\\\\\""number\\\\\\\"",\\\\\\\""11\\\\\\\""]\\\"",[\\\""string\\\"",\\\""印尼\\\""]]\""]"",""[\""LANE_B_BOOK_ID_V1\"",\""[\\\""string\\\"",\\\""changdu-app\\\""]\"",\""[\\\""number\\\"",\\\""566864130\\\""]\"",\""[\\\""RAW_LANGUAGE_SCOPE_V1\\\"",\\\""[\\\\\\\""number\\\\\\\"",\\\\\\\""11\\\\\\\""]\\\"",[\\\""string\\\"",\\\""印尼\\\""]]\""]"",""[\""LANE_B_BOOK_ID_V1\"",\""[\\\""string\\\"",\\\""changdu-app\\\""]\"",\""[\\\""number\\\"",\\\""487246018\\\""]\"",\""[\\\""RAW_LANGUAGE_SCOPE_V1\\\"",\\\""[\\\\\\\""number\\\\\\\"",\\\\\\\""11\\\\\\\""]\\\"",[\\\""string\\\"",\\\""印尼\\\""]]\""]"",""[\""LANE_B_BOOK_ID_V1\"",\""[\\\""string\\\"",\\\""changdu-app\\\""]\"",\""[\\\""number\\\"",\\\""475426566\\\""]\"",\""[\\\""RAW_LANGUAGE_SCOPE_V1\\\"",\\\""[\\\\\\\""number\\\\\\\"",\\\\\\\""11\\\\\\\""]\\\"",[\\\""string\\\"",\\\""印尼\\\""]]\""]"",""[\""LANE_B_BOOK_ID_V1\"",\""[\\\""string\\\"",\\\""changdu-app\\\""]\"",\""[\\\""number\\\"",\\\""453507032\\\""]\"",\""[\\\""RAW_LANGUAGE_SCOPE_V1\\\"",\\\""[\\\\\\\""number\\\\\\\"",\\\\\\\""11\\\\\\\""]\\\"",[\\\""string\\\"",\\\""印尼\\\""]]\""]""]",APPROVED_MAP_CANDIDATE,CROSS_REVIEW_FINAL,TIER_1_STRONG,0.9,4/4 decision+target一致，代表书证与目标语义相符，无明显反证,NONE_IDENTIFIED,1,1,ct-v1-mafia,mafia,黑帮,APPROVED_OFFLINE_CANDIDATE_ONLY
MAPPING_EDGE,1af783bd5b293f38acfa6c8d55a1e93f864b3753f4aa92db4454c10192e9264d,594e777f773fb6ad908a8facf650469054ae3505a486e9c14b5aef588c819297,changdu-app,"[""RAW_LANGUAGE_SCOPE_V1"",""[\""number\"",\""11\""]"",[""string"",""印尼""]]",ID,Miliarder,TWlsaWFyZGVy,1071a61b3906eda34ba4d75eef78136cf9fb4c622f9d7dd33fdfedc50c60491d,60,60,60,"[""[\""LANE_B_BOOK_ID_V1\"",\""[\\\""string\\\"",\\\""changdu-app\\\""]\"",\""[\\\""number\\\"",\\\""1012337230\\\""]\"",\""[\\\""RAW_LANGUAGE_SCOPE_V1\\\"",\\\""[\\\\\\\""number\\\\\\\"",\\\\\\\""11\\\\\\\""]\\\"",[\\\""string\\\"",\\\""印尼\\\""]]\""]"",""[\""LANE_B_BOOK_ID_V1\"",\""[\\\""string\\\"",\\\""changdu-app\\\""]\"",\""[\\\""number\\\"",\\\""980308077\\\""]\"",\""[\\\""RAW_LANGUAGE_SCOPE_V1\\\"",\\\""[\\\\\\\""number\\\\\\\"",\\\\\\\""11\\\\\\\""]\\\"",[\\\""string\\\"",\\\""印尼\\\""]]\""]"",""[\""LANE_B_BOOK_ID_V1\"",\""[\\\""string\\\"",\\\""changdu-app\\\""]\"",\""[\\\""number\\\"",\\\""583862756\\\""]\"",\""[\\\""RAW_LANGUAGE_SCOPE_V1\\\"",\\\""[\\\\\\\""number\\\\\\\"",\\\\\\\""11\\\\\\\""]\\\"",[\\\""string\\\"",\\\""印尼\\\""]]\""]"",""[\""LANE_B_BOOK_ID_V1\"",\""[\\\""string\\\"",\\\""changdu-app\\\""]\"",\""[\\\""number\\\"",\\\""542923870\\\""]\"",\""[\\\""RAW_LANGUAGE_SCOPE_V1\\\"",\\\""[\\\\\\\""number\\\\\\\"",\\\\\\\""11\\\\\\\""]\\\"",[\\\""string\\\"",\\\""印尼\\\""]]\""]"",""[\""LANE_B_BOOK_ID_V1\"",\""[\\\""string\\\"",\\\""changdu-app\\\""]\"",\""[\\\""number\\\"",\\\""533147725\\\""]\"",\""[\\\""RAW_LANGUAGE_SCOPE_V1\\\"",\\\""[\\\\\\\""number\\\\\\\"",\\\\\\\""11\\\\\\\""]\\\"",[\\\""string\\\"",\\\""印尼\\\""]]\""]"",""[\""LANE_B_BOOK_ID_V1\"",\""[\\\""string\\\"",\\\""changdu-app\\\""]\"",\""[\\\""number\\\"",\\\""523312584\\\""]\"",\""[\\\""RAW_LANGUAGE_SCOPE_V1\\\"",\\\""[\\\\\\\""number\\\\\\\"",\\\\\\\""11\\\\\\\""]\\\"",[\\\""string\\\"",\\\""印尼\\\""]]\""]"",""[\""LANE_B_BOOK_ID_V1\"",\""[\\\""string\\\"",\\\""changdu-app\\\""]\"",\""[\\\""number\\\"",\\\""521198492\\\""]\"",\""[\\\""RAW_LANGUAGE_SCOPE_V1\\\"",\\\""[\\\\\\\""number\\\\\\\"",\\\\\\\""11\\\\\\\""]\\\"",[\\\""string\\\"",\\\""印尼\\\""]]\""]"",""[\""LANE_B_BOOK_ID_V1\"",\""[\\\""string\\\"",\\\""changdu-app\\\""]\"",\""[\\\""number\\\"",\\\""484640849\\\""]\"",\""[\\\""RAW_LANGUAGE_SCOPE_V1\\\"",\\\""[\\\\\\\""number\\\\\\\"",\\\\\\\""11\\\\\\\""]\\\"",[\\\""string\\\"",\\\""印尼\\\""]]\""]""]",APPROVED_MAP_CANDIDATE,CROSS_REVIEW_FINAL,TIER_1_STRONG,0.92,4/4 decision+target一致，代表书证与目标语义相符，无明显反证,NONE_IDENTIFIED,1,1,ct-v1-wealthy-ceo,wealthy-ceo,豪门总裁,APPROVED_OFFLINE_CANDIDATE_ONLY
MAPPING_EDGE,c1d9f1c18f0eb4779ecff745d4be9684222be5f35080d5b4a93d0e66988881cd,5d3555336dec0df2cb421f981aa82acc10702604fa9d147de847e4297caf0e51,changdu-app,"[""RAW_LANGUAGE_SCOPE_V1"",""[\""number\"",\""11\""]"",[""string"",""印尼""]]",ID,Modern,TW9kZXJu,eef6c7f6ddd4067eb8afcea1a2104116ed5c09287b11433ed96a2b3c47cbb55c,118,118,118,"[""[\""LANE_B_BOOK_ID_V1\"",\""[\\\""string\\\"",\\\""changdu-app\\\""]\"",\""[\\\""number\\\"",\\\""5533970\\\""]\"",\""[\\\""RAW_LANGUAGE_SCOPE_V1\\\"",\\\""[\\\\\\\""number\\\\\\\"",\\\\\\\""11\\\\\\\""]\\\"",[\\\""string\\\"",\\\""印尼\\\""]]\""]"",""[\""LANE_B_BOOK_ID_V1\"",\""[\\\""string\\\"",\\\""changdu-app\\\""]\"",\""[\\\""number\\\"",\\\""221420619\\\""]\"",\""[\\\""RAW_LANGUAGE_SCOPE_V1\\\"",\\\""[\\\\\\\""number\\\\\\\"",\\\\\\\""11\\\\\\\""]\\\"",[\\\""string\\\"",\\\""印尼\\\""]]\""]"",""[\""LANE_B_BOOK_ID_V1\"",\""[\\\""string\\\"",\\\""changdu-app\\\""]\"",\""[\\\""number\\\"",\\\""980308066\\\""]\"",\""[\\\""RAW_LANGUAGE_SCOPE_V1\\\"",\\\""[\\\\\\\""number\\\\\\\"",\\\\\\\""11\\\\\\\""]\\\"",[\\\""string\\\"",\\\""印尼\\\""]]\""]"",""[\""LANE_B_BOOK_ID_V1\"",\""[\\\""string\\\"",\\\""changdu-app\\\""]\"",\""[\\\""number\\\"",\\\""980308068\\\""]\"",\""[\\\""RAW_LANGUAGE_SCOPE_V1\\\"",\\\""[\\\\\\\""number\\\\\\\"",\\\\\\\""11\\\\\\\""]\\\"",[\\\""string\\\"",\\\""印尼\\\""]]\""]"",""[\""LANE_B_BOOK_ID_V1\"",\""[\\\""string\\\"",\\\""changdu-app\\\""]\"",\""[\\\""number\\\"",\\\""533142549\\\""]\"",\""[\\\""RAW_LANGUAGE_SCOPE_V1\\\"",\\\""[\\\\\\\""number\\\\\\\"",\\\\\\\""11\\\\\\\""]\\\"",[\\\""string\\\"",\\\""印尼\\\""]]\""]"",""[\""LANE_B_BOOK_ID_V1\"",\""[\\\""string\\\"",\\\""changdu-app\\\""]\"",\""[\\\""number\\\"",\\\""523312131\\\""]\"",\""[\\\""RAW_LANGUAGE_SCOPE_V1\\\"",\\\""[\\\\\\\""number\\\\\\\"",\\\\\\\""11\\\\\\\""]\\\"",[\\\""string\\\"",\\\""印尼\\\""]]\""]"",""[\""LANE_B_BOOK_ID_V1\"",\""[\\\""string\\\"",\\\""changdu-app\\\""]\"",\""[\\\""number\\\"",\\\""523312132\\\""]\"",\""[\\\""RAW_LANGUAGE_SCOPE_V1\\\"",\\\""[\\\\\\\""number\\\\\\\"",\\\\\\\""11\\\\\\\""]\\\"",[\\\""string\\\"",\\\""印尼\\\""]]\""]"",""[\""LANE_B_BOOK_ID_V1\"",\""[\\\""string\\\"",\\\""changdu-app\\\""]\"",\""[\\\""number\\\"",\\\""523312133\\\""]\"",\""[\\\""RAW_LANGUAGE_SCOPE_V1\\\"",\\\""[\\\\\\\""number\\\\\\\"",\\\\\\\""11\\\\\\\""]\\\"",[\\\""string\\\"",\\\""印尼\\\""]]\""]"",""[\""LANE_B_BOOK_ID_V1\"",\""[\\\""string\\\"",\\\""changdu-app\\\""]\"",\""[\\\""number\\\"",\\\""523312134\\\""]\"",\""[\\\""RAW_LANGUAGE_SCOPE_V1\\\"",\\\""[\\\\\\\""number\\\\\\\"",\\\\\\\""11\\\\\\\""]\\\"",[\\\""string\\\"",\\\""印尼\\\""]]\""]"",""[\""LANE_B_BOOK_ID_V1\"",\""[\\\""string\\\"",\\\""changdu-app\\\""]\"",\""[\\\""number\\\"",\\\""523312582\\\""]\"",\""[\\\""RAW_LANGUAGE_SCOPE_V1\\\"",\\\""[\\\\\\\""number\\\\\\\"",\\\\\\\""11\\\\\\\""]\\\"",[\\\""string\\\"",\\\""印尼\\\""]]\""]"",""[\""LANE_B_BOOK_ID_V1\"",\""[\\\""string\\\"",\\\""changdu-app\\\""]\"",\""[\\\""number\\\"",\\\""501526334\\\""]\"",\""[\\\""RAW_LANGUAGE_SCOPE_V1\\\"",\\\""[\\\\\\\""number\\\\\\\"",\\\\\\\""11\\\\\\\""]\\\"",[\\\""string\\\"",\\\""印尼\\\""]]\""]""]",APPROVED_MAP_CANDIDATE,CROSS_REVIEW_FINAL,TIER_3_TARGET_CONFLICT,0.88,女频共现~100%，书证全为现代豪门婚恋/复仇言情；modern-romance为检索等价入口,C: contemporary-setting（setting facet字面映射，不错但检索价值低）,1,1,ct-v1-modern-romance,modern-romance,现代言情,APPROVED_OFFLINE_CANDIDATE_ONLY
MAPPING_EDGE,bef56bdec0247775ccb6c370083c87b5e0942d563a9a226caadff2cb0e3dde32,3237f3a3f5e5dd5728f28819308a2196317ece3ce433f669a3b01fce2fcc8ef0,changdu-app,"[""RAW_LANGUAGE_SCOPE_V1"",""[\""number\"",\""11\""]"",[""string"",""印尼""]]",ID,Romantis,Um9tYW50aXM=,7ecc51d5e58f5ff1ddbd62d4b775540dfb7225b009ab2fb2f8c9f78ee504064e,116,116,116,"[""[\""LANE_B_BOOK_ID_V1\"",\""[\\\""string\\\"",\\\""changdu-app\\\""]\"",\""[\\\""number\\\"",\\\""5544605\\\""]\"",\""[\\\""RAW_LANGUAGE_SCOPE_V1\\\"",\\\""[\\\\\\\""number\\\\\\\"",\\\\\\\""11\\\\\\\""]\\\"",[\\\""string\\\"",\\\""印尼\\\""]]\""]"",""[\""LANE_B_BOOK_ID_V1\"",\""[\\\""string\\\"",\\\""changdu-app\\\""]\"",\""[\\\""number\\\"",\\\""1044616\\\""]\"",\""[\\\""RAW_LANGUAGE_SCOPE_V1\\\"",\\\""[\\\\\\\""number\\\\\\\"",\\\\\\\""11\\\\\\\""]\\\"",[\\\""string\\\"",\\\""印尼\\\""]]\""]"",""[\""LANE_B_BOOK_ID_V1\"",\""[\\\""string\\\"",\\\""changdu-app\\\""]\"",\""[\\\""number\\\"",\\\""25791943\\\""]\"",\""[\\\""RAW_LANGUAGE_SCOPE_V1\\\"",\\\""[\\\\\\\""number\\\\\\\"",\\\\\\\""11\\\\\\\""]\\\"",[\\\""string\\\"",\\\""印尼\\\""]]\""]"",""[\""LANE_B_BOOK_ID_V1\"",\""[\\\""string\\\"",\\\""changdu-app\\\""]\"",\""[\\\""number\\\"",\\\""959663\\\""]\"",\""[\\\""RAW_LANGUAGE_SCOPE_V1\\\"",\\\""[\\\\\\\""number\\\\\\\"",\\\\\\\""11\\\\\\\""]\\\"",[\\\""string\\\"",\\\""印尼\\\""]]\""]"",""[\""LANE_B_BOOK_ID_V1\"",\""[\\\""string\\\"",\\\""changdu-app\\\""]\"",\""[\\\""number\\\"",\\\""559332123\\\""]\"",\""[\\\""RAW_LANGUAGE_SCOPE_V1\\\"",\\\""[\\\\\\\""number\\\\\\\"",\\\\\\\""11\\\\\\\""]\\\"",[\\\""string\\\"",\\\""印尼\\\""]]\""]"",""[\""LANE_B_BOOK_ID_V1\"",\""[\\\""string\\\"",\\\""changdu-app\\\""]\"",\""[\\\""number\\\"",\\\""559431055\\\""]\"",\""[\\\""RAW_LANGUAGE_SCOPE_V1\\\"",\\\""[\\\\\\\""number\\\\\\\"",\\\\\\\""11\\\\\\\""]\\\"",[\\\""string\\\"",\\\""印尼\\\""]]\""]"",""[\""LANE_B_BOOK_ID_V1\"",\""[\\\""string\\\"",\\\""changdu-app\\\""]\"",\""[\\\""number\\\"",\\\""559431460\\\""]\"",\""[\\\""RAW_LANGUAGE_SCOPE_V1\\\"",\\\""[\\\\\\\""number\\\\\\\"",\\\\\\\""11\\\\\\\""]\\\"",[\\\""string\\\"",\\\""印尼\\\""]]\""]"",""[\""LANE_B_BOOK_ID_V1\"",\""[\\\""string\\\"",\\\""changdu-app\\\""]\"",\""[\\\""number\\\"",\\\""559431461\\\""]\"",\""[\\\""RAW_LANGUAGE_SCOPE_V1\\\"",\\\""[\\\\\\\""number\\\\\\\"",\\\\\\\""11\\\\\\\""]\\\"",[\\\""string\\\"",\\\""印尼\\\""]]\""]"",""[\""LANE_B_BOOK_ID_V1\"",\""[\\\""string\\\"",\\\""changdu-app\\\""]\"",\""[\\\""number\\\"",\\\""559530478\\\""]\"",\""[\\\""RAW_LANGUAGE_SCOPE_V1\\\"",\\\""[\\\\\\\""number\\\\\\\"",\\\\\\\""11\\\\\\\""]\\\"",[\\\""string\\\"",\\\""印尼\\\""]]\""]"",""[\""LANE_B_BOOK_ID_V1\"",\""[\\\""string\\\"",\\\""changdu-app\\\""]\"",\""[\\\""number\\\"",\\\""559530479\\\""]\"",\""[\\\""RAW_LANGUAGE_SCOPE_V1\\\"",\\\""[\\\\\\\""number\\\\\\\"",\\\\\\\""11\\\\\\\""]\\\"",[\\\""string\\\"",\\\""印尼\\\""]]\""]"",""[\""LANE_B_BOOK_ID_V1\"",\""[\\\""string\\\"",\\\""changdu-app\\\""]\"",\""[\\\""number\\\"",\\\""559530481\\\""]\"",\""[\\\""RAW_LANGUAGE_SCOPE_V1\\\"",\\\""[\\\\\\\""number\\\\\\\"",\\\\\\\""11\\\\\\\""]\\\"",[\\\""string\\\"",\\\""印尼\\\""]]\""]""]",APPROVED_MAP_CANDIDATE,CROSS_REVIEW_FINAL,TIER_1_STRONG,0.91,4/4 decision+target一致，代表书证与目标语义相符，无明显反证,NONE_IDENTIFIED,1,1,ct-v1-romance,romance,言情,APPROVED_OFFLINE_CANDIDATE_ONLY
MAPPING_EDGE,fbd7f44ea7d4bc597ec650a198c384c1728f74f77f1e244d4f3fdc4426d8224c,54319656e120c80a550317234b3cce5116478c2ddd9ef18c5974694fce45ba4a,changdu-app,"[""RAW_LANGUAGE_SCOPE_V1"",""[\""number\"",\""11\""]"",[""string"",""印尼""]]",ID,女频,5aWz6aKR,d9867749ec31f19fe7bfa4a782791bb108a8c9bc80653d481d3f1110f260cebb,442,442,442,"[""[\""LANE_B_BOOK_ID_V1\"",\""[\\\""string\\\"",\\\""changdu-app\\\""]\"",\""[\\\""number\\\"",\\\""5533970\\\""]\"",\""[\\\""RAW_LANGUAGE_SCOPE_V1\\\"",\\\""[\\\\\\\""number\\\\\\\"",\\\\\\\""11\\\\\\\""]\\\"",[\\\""string\\\"",\\\""印尼\\\""]]\""]"",""[\""LANE_B_BOOK_ID_V1\"",\""[\\\""string\\\"",\\\""changdu-app\\\""]\"",\""[\\\""number\\\"",\\\""1044616\\\""]\"",\""[\\\""RAW_LANGUAGE_SCOPE_V1\\\"",\\\""[\\\\\\\""number\\\\\\\"",\\\\\\\""11\\\\\\\""]\\\"",[\\\""string\\\"",\\\""印尼\\\""]]\""]"",""[\""LANE_B_BOOK_ID_V1\"",\""[\\\""string\\\"",\\\""changdu-app\\\""]\"",\""[\\\""number\\\"",\\\""25791943\\\""]\"",\""[\\\""RAW_LANGUAGE_SCOPE_V1\\\"",\\\""[\\\\\\\""number\\\\\\\"",\\\\\\\""11\\\\\\\""]\\\"",[\\\""string\\\"",\\\""印尼\\\""]]\""]"",""[\""LANE_B_BOOK_ID_V1\"",\""[\\\""string\\\"",\\\""changdu-app\\\""]\"",\""[\\\""number\\\"",\\\""5537057\\\""]\"",\""[\\\""RAW_LANGUAGE_SCOPE_V1\\\"",\\\""[\\\\\\\""number\\\\\\\"",\\\\\\\""11\\\\\\\""]\\\"",[\\\""string\\\"",\\\""印尼\\\""]]\""]"",""[\""LANE_B_BOOK_ID_V1\"",\""[\\\""string\\\"",\\\""changdu-app\\\""]\"",\""[\\\""number\\\"",\\\""1012337230\\\""]\"",\""[\\\""RAW_LANGUAGE_SCOPE_V1\\\"",\\\""[\\\\\\\""number\\\\\\\"",\\\\\\\""11\\\\\\\""]\\\"",[\\\""string\\\"",\\\""印尼\\\""]]\""]"",""[\""LANE_B_BOOK_ID_V1\"",\""[\\\""string\\\"",\\\""changdu-app\\\""]\"",\""[\\\""number\\\"",\\\""221420619\\\""]\"",\""[\\\""RAW_LANGUAGE_SCOPE_V1\\\"",\\\""[\\\\\\\""number\\\\\\\"",\\\\\\\""11\\\\\\\""]\\\"",[\\\""string\\\"",\\\""印尼\\\""]]\""]"",""[\""LANE_B_BOOK_ID_V1\"",\""[\\\""string\\\"",\\\""changdu-app\\\""]\"",\""[\\\""number\\\"",\\\""5543120\\\""]\"",\""[\\\""RAW_LANGUAGE_SCOPE_V1\\\"",\\\""[\\\\\\\""number\\\\\\\"",\\\\\\\""11\\\\\\\""]\\\"",[\\\""string\\\"",\\\""印尼\\\""]]\""]"",""[\""LANE_B_BOOK_ID_V1\"",\""[\\\""string\\\"",\\\""changdu-app\\\""]\"",\""[\\\""number\\\"",\\\""980308064\\\""]\"",\""[\\\""RAW_LANGUAGE_SCOPE_V1\\\"",\\\""[\\\\\\\""number\\\\\\\"",\\\\\\\""11\\\\\\\""]\\\"",[\\\""string\\\"",\\\""印尼\\\""]]\""]"",""[\""LANE_B_BOOK_ID_V1\"",\""[\\\""string\\\"",\\\""changdu-app\\\""]\"",\""[\\\""number\\\"",\\\""980308072\\\""]\"",\""[\\\""RAW_LANGUAGE_SCOPE_V1\\\"",\\\""[\\\\\\\""number\\\\\\\"",\\\\\\\""11\\\\\\\""]\\\"",[\\\""string\\\"",\\\""印尼\\\""]]\""]"",""[\""LANE_B_BOOK_ID_V1\"",\""[\\\""string\\\"",\\\""changdu-app\\\""]\"",\""[\\\""number\\\"",\\\""980308077\\\""]\"",\""[\\\""RAW_LANGUAGE_SCOPE_V1\\\"",\\\""[\\\\\\\""number\\\\\\\"",\\\\\\\""11\\\\\\\""]\\\"",[\\\""string\\\"",\\\""印尼\\\""]]\""]"",""[\""LANE_B_BOOK_ID_V1\"",\""[\\\""string\\\"",\\\""changdu-app\\\""]\"",\""[\\\""number\\\"",\\\""980308060\\\""]\"",\""[\\\""RAW_LANGUAGE_SCOPE_V1\\\"",\\\""[\\\\\\\""number\\\\\\\"",\\\\\\\""11\\\\\\\""]\\\"",[\\\""string\\\"",\\\""印尼\\\""]]\""]"",""[\""LANE_B_BOOK_ID_V1\"",\""[\\\""string\\\"",\\\""changdu-app\\\""]\"",\""[\\\""number\\\"",\\\""980308062\\\""]\"",\""[\\\""RAW_LANGUAGE_SCOPE_V1\\\"",\\\""[\\\\\\\""number\\\\\\\"",\\\\\\\""11\\\\\\\""]\\\"",[\\\""string\\\"",\\\""印尼\\\""]]\""]""]",APPROVED_MAP_CANDIDATE,CROSS_REVIEW_FINAL,TIER_2_GOOD,0.95,A/B/C一致映射；audience已是119正式facet（ct-v1-female-audience存在），书证全为女性向,D: IGNORE（视为运营二分旗——但artifact已建audience facet，忽略反而丢失已建模维度）,1,1,ct-v1-female-audience,female-audience,女性向,APPROVED_OFFLINE_CANDIDATE_ONLY
MAPPING_EDGE,a8f982953b23af6f4b7403929da036d44ce2f6deb19d701b760932b678e35d49,e58985a652ff89fa7ce7542575529d64e7207805ec4e54ad51058c49021c7b8e,changdu-app,"[""RAW_LANGUAGE_SCOPE_V1"",""[\""number\"",\""11\""]"",[""string"",""印尼""]]",ID,男频,55S36aKR,e74d73d99251bb2b99c02896258d9fbcd9817488f6538674fda26534b0b450ac,109,109,109,"[""[\""LANE_B_BOOK_ID_V1\"",\""[\\\""string\\\"",\\\""changdu-app\\\""]\"",\""[\\\""number\\\"",\\\""5544605\\\""]\"",\""[\\\""RAW_LANGUAGE_SCOPE_V1\\\"",\\\""[\\\\\\\""number\\\\\\\"",\\\\\\\""11\\\\\\\""]\\\"",[\\\""string\\\"",\\\""印尼\\\""]]\""]"",""[\""LANE_B_BOOK_ID_V1\"",\""[\\\""string\\\"",\\\""changdu-app\\\""]\"",\""[\\\""number\\\"",\\\""959663\\\""]\"",\""[\\\""RAW_LANGUAGE_SCOPE_V1\\\"",\\\""[\\\\\\\""number\\\\\\\"",\\\\\\\""11\\\\\\\""]\\\"",[\\\""string\\\"",\\\""印尼\\\""]]\""]"",""[\""LANE_B_BOOK_ID_V1\"",\""[\\\""string\\\"",\\\""changdu-app\\\""]\"",\""[\\\""number\\\"",\\\""542923855\\\""]\"",\""[\\\""RAW_LANGUAGE_SCOPE_V1\\\"",\\\""[\\\\\\\""number\\\\\\\"",\\\\\\\""11\\\\\\\""]\\\"",[\\\""string\\\"",\\\""印尼\\\""]]\""]"",""[\""LANE_B_BOOK_ID_V1\"",\""[\\\""string\\\"",\\\""changdu-app\\\""]\"",\""[\\\""number\\\"",\\\""487743743\\\""]\"",\""[\\\""RAW_LANGUAGE_SCOPE_V1\\\"",\\\""[\\\\\\\""number\\\\\\\"",\\\\\\\""11\\\\\\\""]\\\"",[\\\""string\\\"",\\\""印尼\\\""]]\""]"",""[\""LANE_B_BOOK_ID_V1\"",\""[\\\""string\\\"",\\\""changdu-app\\\""]\"",\""[\\\""number\\\"",\\\""487743744\\\""]\"",\""[\\\""RAW_LANGUAGE_SCOPE_V1\\\"",\\\""[\\\\\\\""number\\\\\\\"",\\\\\\\""11\\\\\\\""]\\\"",[\\\""string\\\"",\\\""印尼\\\""]]\""]"",""[\""LANE_B_BOOK_ID_V1\"",\""[\\\""string\\\"",\\\""changdu-app\\\""]\"",\""[\\\""number\\\"",\\\""487743745\\\""]\"",\""[\\\""RAW_LANGUAGE_SCOPE_V1\\\"",\\\""[\\\\\\\""number\\\\\\\"",\\\\\\\""11\\\\\\\""]\\\"",[\\\""string\\\"",\\\""印尼\\\""]]\""]"",""[\""LANE_B_BOOK_ID_V1\"",\""[\\\""string\\\"",\\\""changdu-app\\\""]\"",\""[\\\""number\\\"",\\\""126307081\\\""]\"",\""[\\\""RAW_LANGUAGE_SCOPE_V1\\\"",\\\""[\\\\\\\""number\\\\\\\"",\\\\\\\""11\\\\\\\""]\\\"",[\\\""string\\\"",\\\""印尼\\\""]]\""]"",""[\""LANE_B_BOOK_ID_V1\"",\""[\\\""string\\\"",\\\""changdu-app\\\""]\"",\""[\\\""number\\\"",\\\""5576414\\\""]\"",\""[\\\""RAW_LANGUAGE_SCOPE_V1\\\"",\\\""[\\\\\\\""number\\\\\\\"",\\\\\\\""11\\\\\\\""]\\\"",[\\\""string\\\"",\\\""印尼\\\""]]\""]"",""[\""LANE_B_BOOK_ID_V1\"",\""[\\\""string\\\"",\\\""changdu-app\\\""]\"",\""[\\\""number\\\"",\\\""5576618\\\""]\"",\""[\\\""RAW_LANGUAGE_SCOPE_V1\\\"",\\\""[\\\\\\\""number\\\\\\\"",\\\\\\\""11\\\\\\\""]\\\"",[\\\""string\\\"",\\\""印尼\\\""]]\""]"",""[\""LANE_B_BOOK_ID_V1\"",\""[\\\""string\\\"",\\\""changdu-app\\\""]\"",\""[\\\""number\\\"",\\\""5575297\\\""]\"",\""[\\\""RAW_LANGUAGE_SCOPE_V1\\\"",\\\""[\\\\\\\""number\\\\\\\"",\\\\\\\""11\\\\\\\""]\\\"",[\\\""string\\\"",\\\""印尼\\\""]]\""]"",""[\""LANE_B_BOOK_ID_V1\"",\""[\\\""string\\\"",\\\""changdu-app\\\""]\"",\""[\\\""number\\\"",\\\""5575521\\\""]\"",\""[\\\""RAW_LANGUAGE_SCOPE_V1\\\"",\\\""[\\\\\\\""number\\\\\\\"",\\\\\\\""11\\\\\\\""]\\\"",[\\\""string\\\"",\\\""印尼\\\""]]\""]""]",APPROVED_MAP_CANDIDATE,CROSS_REVIEW_FINAL,TIER_2_GOOD,0.92,A/B/C提出同一概念；119只有female-audience无对称男性向入口，8217本可进女性向而1684本男频书无入口，结构性不对称,D: IGNORE（主张女频男频同进同退；若Owner不扩audience则两者一并IGNORE）,1,1,ct-v1-male-audience,male-audience,男性向,APPROVED_OFFLINE_CANDIDATE_ONLY
MAPPING_EDGE,4b11632b73854ae9eab77001abf058248c530e9f01c34b0b41bac1d63478e5d3,eb366fd194cdab8af9ec8372736e8eb780d8538d5ab0ea4af2455cef0c261c61,changdu-app,"[""RAW_LANGUAGE_SCOPE_V1"",""[\""number\"",\""8\""]"",[""string"",""意大利语""]]",IT,Loup-garou,TG91cC1nYXJvdQ==,fdadc1efde6f809533133a97b865fa2f94d246aa5133cd89850185e83b2cd995,3,3,3,"[""[\""LANE_B_BOOK_ID_V1\"",\""[\\\""string\\\"",\\\""changdu-app\\\""]\"",\""[\\\""number\\\"",\\\""858241526\\\""]\"",\""[\\\""RAW_LANGUAGE_SCOPE_V1\\\"",\\\""[\\\\\\\""number\\\\\\\"",\\\\\\\""8\\\\\\\""]\\\"",[\\\""string\\\"",\\\""意大利语\\\""]]\""]"",""[\""LANE_B_BOOK_ID_V1\"",\""[\\\""string\\\"",\\\""changdu-app\\\""]\"",\""[\\\""number\\\"",\\\""858241529\\\""]\"",\""[\\\""RAW_LANGUAGE_SCOPE_V1\\\"",\\\""[\\\\\\\""number\\\\\\\"",\\\\\\\""8\\\\\\\""]\\\"",[\\\""string\\\"",\\\""意大利语\\\""]]\""]"",""[\""LANE_B_BOOK_ID_V1\"",\""[\\\""string\\\"",\\\""changdu-app\\\""]\"",\""[\\\""number\\\"",\\\""858241530\\\""]\"",\""[\\\""RAW_LANGUAGE_SCOPE_V1\\\"",\\\""[\\\\\\\""number\\\\\\\"",\\\\\\\""8\\\\\\\""]\\\"",[\\\""string\\\"",\\\""意大利语\\\""]]\""]""]",APPROVED_MAP_CANDIDATE,CROSS_REVIEW_FINAL,TIER_1_STRONG,0.94,4/4 decision+target一致，代表书证与目标语义相符，无明显反证,NONE_IDENTIFIED,1,1,ct-v1-werewolf,werewolf,狼人,APPROVED_OFFLINE_CANDIDATE_ONLY
MAPPING_EDGE,c6eeac48e3c93e77e79e332cd0eccba025bd1d754a7ebe390846d56904532c32,08485f88ac37e8738f38caf19275175fd8a612639b42b8cb42492df576c08f1a,changdu-app,"[""RAW_LANGUAGE_SCOPE_V1"",""[\""number\"",\""8\""]"",[""string"",""意大利语""]]",IT,Moderne,TW9kZXJuZQ==,ea2049ce73dc464f4f449f4a570e8f16862bb2225bff80a1c07e2ccbabca49ac,15,15,15,"[""[\""LANE_B_BOOK_ID_V1\"",\""[\\\""string\\\"",\\\""changdu-app\\\""]\"",\""[\\\""number\\\"",\\\""1128974114\\\""]\"",\""[\\\""RAW_LANGUAGE_SCOPE_V1\\\"",\\\""[\\\\\\\""number\\\\\\\"",\\\\\\\""8\\\\\\\""]\\\"",[\\\""string\\\"",\\\""意大利语\\\""]]\""]"",""[\""LANE_B_BOOK_ID_V1\"",\""[\\\""string\\\"",\\\""changdu-app\\\""]\"",\""[\\\""number\\\"",\\\""1041848659\\\""]\"",\""[\\\""RAW_LANGUAGE_SCOPE_V1\\\"",\\\""[\\\\\\\""number\\\\\\\"",\\\\\\\""8\\\\\\\""]\\\"",[\\\""string\\\"",\\\""意大利语\\\""]]\""]"",""[\""LANE_B_BOOK_ID_V1\"",\""[\\\""string\\\"",\\\""changdu-app\\\""]\"",\""[\\\""number\\\"",\\\""981740683\\\""]\"",\""[\\\""RAW_LANGUAGE_SCOPE_V1\\\"",\\\""[\\\\\\\""number\\\\\\\"",\\\\\\\""8\\\\\\\""]\\\"",[\\\""string\\\"",\\\""意大利语\\\""]]\""]"",""[\""LANE_B_BOOK_ID_V1\"",\""[\\\""string\\\"",\\\""changdu-app\\\""]\"",\""[\\\""number\\\"",\\\""979310663\\\""]\"",\""[\\\""RAW_LANGUAGE_SCOPE_V1\\\"",\\\""[\\\\\\\""number\\\\\\\"",\\\\\\\""8\\\\\\\""]\\\"",[\\\""string\\\"",\\\""意大利语\\\""]]\""]"",""[\""LANE_B_BOOK_ID_V1\"",\""[\\\""string\\\"",\\\""changdu-app\\\""]\"",\""[\\\""number\\\"",\\\""858241525\\\""]\"",\""[\\\""RAW_LANGUAGE_SCOPE_V1\\\"",\\\""[\\\\\\\""number\\\\\\\"",\\\\\\\""8\\\\\\\""]\\\"",[\\\""string\\\"",\\\""意大利语\\\""]]\""]""]",APPROVED_MAP_CANDIDATE,CROSS_REVIEW_FINAL,TIER_3_TARGET_CONFLICT,0.88,女频共现~100%，书证全为现代豪门婚恋/复仇言情；modern-romance为检索等价入口,C: contemporary-setting（setting facet字面映射，不错但检索价值低）,1,1,ct-v1-modern-romance,modern-romance,现代言情,APPROVED_OFFLINE_CANDIDATE_ONLY
MAPPING_EDGE,77a03018c9e9bbc8fdc79cf065ec150bf2492a9e904354a85d0d2c817efe8d48,82bb7d697010a2fe75ac95d199f8d07f90d7bb06093e00b31fe67a7127cf92b5,changdu-app,"[""RAW_LANGUAGE_SCOPE_V1"",""[\""number\"",\""8\""]"",[""string"",""意大利语""]]",IT,Romance,Um9tYW5jZQ==,3bc3567a7fc6511a85072520dc1bdb95a732c4aee93a6533d53954f39124d7c9,4,4,4,"[""[\""LANE_B_BOOK_ID_V1\"",\""[\\\""string\\\"",\\\""changdu-app\\\""]\"",\""[\\\""number\\\"",\\\""858241527\\\""]\"",\""[\\\""RAW_LANGUAGE_SCOPE_V1\\\"",\\\""[\\\\\\\""number\\\\\\\"",\\\\\\\""8\\\\\\\""]\\\"",[\\\""string\\\"",\\\""意大利语\\\""]]\""]"",""[\""LANE_B_BOOK_ID_V1\"",\""[\\\""string\\\"",\\\""changdu-app\\\""]\"",\""[\\\""number\\\"",\\\""858241528\\\""]\"",\""[\\\""RAW_LANGUAGE_SCOPE_V1\\\"",\\\""[\\\\\\\""number\\\\\\\"",\\\\\\\""8\\\\\\\""]\\\"",[\\\""string\\\"",\\\""意大利语\\\""]]\""]"",""[\""LANE_B_BOOK_ID_V1\"",\""[\\\""string\\\"",\\\""changdu-app\\\""]\"",\""[\\\""number\\\"",\\\""858241531\\\""]\"",\""[\\\""RAW_LANGUAGE_SCOPE_V1\\\"",\\\""[\\\\\\\""number\\\\\\\"",\\\\\\\""8\\\\\\\""]\\\"",[\\\""string\\\"",\\\""意大利语\\\""]]\""]"",""[\""LANE_B_BOOK_ID_V1\"",\""[\\\""string\\\"",\\\""changdu-app\\\""]\"",\""[\\\""number\\\"",\\\""858241534\\\""]\"",\""[\\\""RAW_LANGUAGE_SCOPE_V1\\\"",\\\""[\\\\\\\""number\\\\\\\"",\\\\\\\""8\\\\\\\""]\\\"",[\\\""string\\\"",\\\""意大利语\\\""]]\""]""]",APPROVED_MAP_CANDIDATE,CROSS_REVIEW_FINAL,TIER_1_STRONG,0.92,4/4 decision+target一致，代表书证与目标语义相符，无明显反证,NONE_IDENTIFIED,1,1,ct-v1-romance,romance,言情,APPROVED_OFFLINE_CANDIDATE_ONLY
MAPPING_EDGE,ad7649f106c50d750ce030d59f387e2e9fe3b22fb989bb9fee269fb3f1b88ae4,0f9494d4c025ded6f00dafb1f6c925ae48f3be215aa2a8600866a3c995f03349,changdu-app,"[""RAW_LANGUAGE_SCOPE_V1"",""[\""number\"",\""8\""]"",[""string"",""意大利语""]]",IT,女频,5aWz6aKR,d9867749ec31f19fe7bfa4a782791bb108a8c9bc80653d481d3f1110f260cebb,26,26,26,"[""[\""LANE_B_BOOK_ID_V1\"",\""[\\\""string\\\"",\\\""changdu-app\\\""]\"",\""[\\\""number\\\"",\\\""1128974114\\\""]\"",\""[\\\""RAW_LANGUAGE_SCOPE_V1\\\"",\\\""[\\\\\\\""number\\\\\\\"",\\\\\\\""8\\\\\\\""]\\\"",[\\\""string\\\"",\\\""意大利语\\\""]]\""]"",""[\""LANE_B_BOOK_ID_V1\"",\""[\\\""string\\\"",\\\""changdu-app\\\""]\"",\""[\\\""number\\\"",\\\""1041848659\\\""]\"",\""[\\\""RAW_LANGUAGE_SCOPE_V1\\\"",\\\""[\\\\\\\""number\\\\\\\"",\\\\\\\""8\\\\\\\""]\\\"",[\\\""string\\\"",\\\""意大利语\\\""]]\""]"",""[\""LANE_B_BOOK_ID_V1\"",\""[\\\""string\\\"",\\\""changdu-app\\\""]\"",\""[\\\""number\\\"",\\\""981740683\\\""]\"",\""[\\\""RAW_LANGUAGE_SCOPE_V1\\\"",\\\""[\\\\\\\""number\\\\\\\"",\\\\\\\""8\\\\\\\""]\\\"",[\\\""string\\\"",\\\""意大利语\\\""]]\""]"",""[\""LANE_B_BOOK_ID_V1\"",\""[\\\""string\\\"",\\\""changdu-app\\\""]\"",\""[\\\""number\\\"",\\\""979310663\\\""]\"",\""[\\\""RAW_LANGUAGE_SCOPE_V1\\\"",\\\""[\\\\\\\""number\\\\\\\"",\\\\\\\""8\\\\\\\""]\\\"",[\\\""string\\\"",\\\""意大利语\\\""]]\""]"",""[\""LANE_B_BOOK_ID_V1\"",\""[\\\""string\\\"",\\\""changdu-app\\\""]\"",\""[\\\""number\\\"",\\\""858241525\\\""]\"",\""[\\\""RAW_LANGUAGE_SCOPE_V1\\\"",\\\""[\\\\\\\""number\\\\\\\"",\\\\\\\""8\\\\\\\""]\\\"",[\\\""string\\\"",\\\""意大利语\\\""]]\""]"",""[\""LANE_B_BOOK_ID_V1\"",\""[\\\""string\\\"",\\\""changdu-app\\\""]\"",\""[\\\""number\\\"",\\\""858241526\\\""]\"",\""[\\\""RAW_LANGUAGE_SCOPE_V1\\\"",\\\""[\\\\\\\""number\\\\\\\"",\\\\\\\""8\\\\\\\""]\\\"",[\\\""string\\\"",\\\""意大利语\\\""]]\""]""]",APPROVED_MAP_CANDIDATE,CROSS_REVIEW_FINAL,TIER_2_GOOD,0.95,A/B/C一致映射；audience已是119正式facet（ct-v1-female-audience存在），书证全为女性向,D: IGNORE（视为运营二分旗——但artifact已建audience facet，忽略反而丢失已建模维度）,1,1,ct-v1-female-audience,female-audience,女性向,APPROVED_OFFLINE_CANDIDATE_ONLY
MAPPING_EDGE,1d65b7c0972adbb75e5da116e85ee43c25f46ca568bc5e4445732b2d9b7107e3,7ea46a5b24853549661c83d2b3bec795d000a5241aec09bc49406dfe72d251cc,changdu-app,"[""RAW_LANGUAGE_SCOPE_V1"",""[\""number\"",\""9\""]"",[""string"",""日语""]]",JA,SF,U0Y=,6612396204354eb1edad994b210abd2880588ea3879854626dd7ee9c106bb455,8,8,8,"[""[\""LANE_B_BOOK_ID_V1\"",\""[\\\""string\\\"",\\\""changdu-app\\\""]\"",\""[\\\""number\\\"",\\\""304172565\\\""]\"",\""[\\\""RAW_LANGUAGE_SCOPE_V1\\\"",\\\""[\\\\\\\""number\\\\\\\"",\\\\\\\""9\\\\\\\""]\\\"",[\\\""string\\\"",\\\""日语\\\""]]\""]"",""[\""LANE_B_BOOK_ID_V1\"",\""[\\\""string\\\"",\\\""changdu-app\\\""]\"",\""[\\\""number\\\"",\\\""304172568\\\""]\"",\""[\\\""RAW_LANGUAGE_SCOPE_V1\\\"",\\\""[\\\\\\\""number\\\\\\\"",\\\\\\\""9\\\\\\\""]\\\"",[\\\""string\\\"",\\\""日语\\\""]]\""]"",""[\""LANE_B_BOOK_ID_V1\"",\""[\\\""string\\\"",\\\""changdu-app\\\""]\"",\""[\\\""number\\\"",\\\""304172570\\\""]\"",\""[\\\""RAW_LANGUAGE_SCOPE_V1\\\"",\\\""[\\\\\\\""number\\\\\\\"",\\\\\\\""9\\\\\\\""]\\\"",[\\\""string\\\"",\\\""日语\\\""]]\""]"",""[\""LANE_B_BOOK_ID_V1\"",\""[\\\""string\\\"",\\\""changdu-app\\\""]\"",\""[\\\""number\\\"",\\\""304172578\\\""]\"",\""[\\\""RAW_LANGUAGE_SCOPE_V1\\\"",\\\""[\\\\\\\""number\\\\\\\"",\\\\\\\""9\\\\\\\""]\\\"",[\\\""string\\\"",\\\""日语\\\""]]\""]"",""[\""LANE_B_BOOK_ID_V1\"",\""[\\\""string\\\"",\\\""changdu-app\\\""]\"",\""[\\\""number\\\"",\\\""304172582\\\""]\"",\""[\\\""RAW_LANGUAGE_SCOPE_V1\\\"",\\\""[\\\\\\\""number\\\\\\\"",\\\\\\\""9\\\\\\\""]\\\"",[\\\""string\\\"",\\\""日语\\\""]]\""]""]",APPROVED_MAP_CANDIDATE,CROSS_REVIEW_FINAL,TIER_3_TARGET_CONFLICT,0.85,书证为机器人/末世/死亡游戏等女频科幻向；仅2-3/8为末世，不满足整桶1:N条件,D: 1:N +apocalypse（会把非末世书强制打上末世标签）,1,1,ct-v1-science-fiction,science-fiction,科幻,APPROVED_OFFLINE_CANDIDATE_ONLY
MAPPING_EDGE,18fc6facfff9245034cd20bc860a5c63c13800e2e937f5651f558fb4f41054ff,de197c5691febbbc4da8b2818aab77a75e8237b6eb325b608ef1629b6d49a78c,changdu-app,"[""RAW_LANGUAGE_SCOPE_V1"",""[\""number\"",\""9\""]"",[""string"",""日语""]]",JA,ホラー,44Ob44Op44O8,4d1e5b6aeaafc68cf76da6235e96b09887d3ff9a81a776d13baf3b59d4344df6,6,6,6,"[""[\""LANE_B_BOOK_ID_V1\"",\""[\\\""string\\\"",\\\""changdu-app\\\""]\"",\""[\\\""number\\\"",\\\""407848310\\\""]\"",\""[\\\""RAW_LANGUAGE_SCOPE_V1\\\"",\\\""[\\\\\\\""number\\\\\\\"",\\\\\\\""9\\\\\\\""]\\\"",[\\\""string\\\"",\\\""日语\\\""]]\""]"",""[\""LANE_B_BOOK_ID_V1\"",\""[\\\""string\\\"",\\\""changdu-app\\\""]\"",\""[\\\""number\\\"",\\\""369071734\\\""]\"",\""[\\\""RAW_LANGUAGE_SCOPE_V1\\\"",\\\""[\\\\\\\""number\\\\\\\"",\\\\\\\""9\\\\\\\""]\\\"",[\\\""string\\\"",\\\""日语\\\""]]\""]"",""[\""LANE_B_BOOK_ID_V1\"",\""[\\\""string\\\"",\\\""changdu-app\\\""]\"",\""[\\\""number\\\"",\\\""369071738\\\""]\"",\""[\\\""RAW_LANGUAGE_SCOPE_V1\\\"",\\\""[\\\\\\\""number\\\\\\\"",\\\\\\\""9\\\\\\\""]\\\"",[\\\""string\\\"",\\\""日语\\\""]]\""]"",""[\""LANE_B_BOOK_ID_V1\"",\""[\\\""string\\\"",\\\""changdu-app\\\""]\"",\""[\\\""number\\\"",\\\""5558149\\\""]\"",\""[\\\""RAW_LANGUAGE_SCOPE_V1\\\"",\\\""[\\\\\\\""number\\\\\\\"",\\\\\\\""9\\\\\\\""]\\\"",[\\\""string\\\"",\\\""日语\\\""]]\""]"",""[\""LANE_B_BOOK_ID_V1\"",\""[\\\""string\\\"",\\\""changdu-app\\\""]\"",\""[\\\""number\\\"",\\\""4583744\\\""]\"",\""[\\\""RAW_LANGUAGE_SCOPE_V1\\\"",\\\""[\\\\\\\""number\\\\\\\"",\\\\\\\""9\\\\\\\""]\\\"",[\\\""string\\\"",\\\""日语\\\""]]\""]""]",APPROVED_MAP_CANDIDATE,CROSS_REVIEW_FINAL,TIER_2_GOOD,0.85,A/B/C提出同一horror概念；本scope书证干净：5/6为真恐怖（化け物/蚕女/绝望短篇集）；suspense无法承载恐惧体验检索,D: HUMAN_REVIEW（对全部Horror键一刀切0.47——对本scope过度保守）,1,1,ct-v1-horror,horror,恐怖,APPROVED_OFFLINE_CANDIDATE_ONLY
MAPPING_EDGE,977555948570600620c2e4f0c26564ce028405fb14e506de55f430f4c806866d,ff989f68ad72eaf1692e14829e349cf25c931d8c3832f84dd8e0749a6add044a,changdu-app,"[""RAW_LANGUAGE_SCOPE_V1"",""[\""number\"",\""9\""]"",[""string"",""日语""]]",JA,マフィア,44Oe44OV44Kj44Ki,64d947254a4a838bd831b641be2a567c08f236430b290ee38f6aab9744935486,13,13,13,"[""[\""LANE_B_BOOK_ID_V1\"",\""[\\\""string\\\"",\\\""changdu-app\\\""]\"",\""[\\\""number\\\"",\\\""980307961\\\""]\"",\""[\\\""RAW_LANGUAGE_SCOPE_V1\\\"",\\\""[\\\\\\\""number\\\\\\\"",\\\\\\\""9\\\\\\\""]\\\"",[\\\""string\\\"",\\\""日语\\\""]]\""]"",""[\""LANE_B_BOOK_ID_V1\"",\""[\\\""string\\\"",\\\""changdu-app\\\""]\"",\""[\\\""number\\\"",\\\""980307970\\\""]\"",\""[\\\""RAW_LANGUAGE_SCOPE_V1\\\"",\\\""[\\\\\\\""number\\\\\\\"",\\\\\\\""9\\\\\\\""]\\\"",[\\\""string\\\"",\\\""日语\\\""]]\""]"",""[\""LANE_B_BOOK_ID_V1\"",\""[\\\""string\\\"",\\\""changdu-app\\\""]\"",\""[\\\""number\\\"",\\\""980308042\\\""]\"",\""[\\\""RAW_LANGUAGE_SCOPE_V1\\\"",\\\""[\\\\\\\""number\\\\\\\"",\\\\\\\""9\\\\\\\""]\\\"",[\\\""string\\\"",\\\""日语\\\""]]\""]"",""[\""LANE_B_BOOK_ID_V1\"",\""[\\\""string\\\"",\\\""changdu-app\\\""]\"",\""[\\\""number\\\"",\\\""980307987\\\""]\"",\""[\\\""RAW_LANGUAGE_SCOPE_V1\\\"",\\\""[\\\\\\\""number\\\\\\\"",\\\\\\\""9\\\\\\\""]\\\"",[\\\""string\\\"",\\\""日语\\\""]]\""]"",""[\""LANE_B_BOOK_ID_V1\"",\""[\\\""string\\\"",\\\""changdu-app\\\""]\"",\""[\\\""number\\\"",\\\""980307969\\\""]\"",\""[\\\""RAW_LANGUAGE_SCOPE_V1\\\"",\\\""[\\\\\\\""number\\\\\\\"",\\\\\\\""9\\\\\\\""]\\\"",[\\\""string\\\"",\\\""日语\\\""]]\""]""]",APPROVED_MAP_CANDIDATE,CROSS_REVIEW_FINAL,TIER_2_GOOD,0.85,四家同decision同target；但书证存在部分反证：约半数为复仇婚恋，非黑帮主线,NONE_IDENTIFIED,1,1,ct-v1-mafia,mafia,黑帮,APPROVED_OFFLINE_CANDIDATE_ONLY
MAPPING_EDGE,0018d92e2b84896bbd1d5701d21e1fd347302034d520f793f0b0b9a98c4facee,4dbebe117b7990c258a4ad6337d7f24ede5b94f1f3ef352d3ef9818b24a6b56a,changdu-app,"[""RAW_LANGUAGE_SCOPE_V1"",""[\""number\"",\""9\""]"",[""string"",""日语""]]",JA,人狼,5Lq654u8,b5ab1964a7653ba7a9147f3c2ab17c0eddf0b6e44531fee4709aa256e2edbf3e,24,24,24,"[""[\""LANE_B_BOOK_ID_V1\"",\""[\\\""string\\\"",\\\""changdu-app\\\""]\"",\""[\\\""number\\\"",\\\""1035629646\\\""]\"",\""[\\\""RAW_LANGUAGE_SCOPE_V1\\\"",\\\""[\\\\\\\""number\\\\\\\"",\\\\\\\""9\\\\\\\""]\\\"",[\\\""string\\\"",\\\""日语\\\""]]\""]"",""[\""LANE_B_BOOK_ID_V1\"",\""[\\\""string\\\"",\\\""changdu-app\\\""]\"",\""[\\\""number\\\"",\\\""980307962\\\""]\"",\""[\\\""RAW_LANGUAGE_SCOPE_V1\\\"",\\\""[\\\\\\\""number\\\\\\\"",\\\\\\\""9\\\\\\\""]\\\"",[\\\""string\\\"",\\\""日语\\\""]]\""]"",""[\""LANE_B_BOOK_ID_V1\"",\""[\\\""string\\\"",\\\""changdu-app\\\""]\"",\""[\\\""number\\\"",\\\""980308051\\\""]\"",\""[\\\""RAW_LANGUAGE_SCOPE_V1\\\"",\\\""[\\\\\\\""number\\\\\\\"",\\\\\\\""9\\\\\\\""]\\\"",[\\\""string\\\"",\\\""日语\\\""]]\""]"",""[\""LANE_B_BOOK_ID_V1\"",\""[\\\""string\\\"",\\\""changdu-app\\\""]\"",\""[\\\""number\\\"",\\\""453307721\\\""]\"",\""[\\\""RAW_LANGUAGE_SCOPE_V1\\\"",\\\""[\\\\\\\""number\\\\\\\"",\\\\\\\""9\\\\\\\""]\\\"",[\\\""string\\\"",\\\""日语\\\""]]\""]"",""[\""LANE_B_BOOK_ID_V1\"",\""[\\\""string\\\"",\\\""changdu-app\\\""]\"",\""[\\\""number\\\"",\\\""453307725\\\""]\"",\""[\\\""RAW_LANGUAGE_SCOPE_V1\\\"",\\\""[\\\\\\\""number\\\\\\\"",\\\\\\\""9\\\\\\\""]\\\"",[\\\""string\\\"",\\\""日语\\\""]]\""]""]",APPROVED_MAP_CANDIDATE,CROSS_REVIEW_FINAL,TIER_1_STRONG,0.94,4/4 decision+target一致，代表书证与目标语义相符，无明显反证,NONE_IDENTIFIED,1,1,ct-v1-werewolf,werewolf,狼人,APPROVED_OFFLINE_CANDIDATE_ONLY
MAPPING_EDGE,b0aa2647916884c44951dd9e0b3c1854b1ba4a30455881e66df35f1e21ef1ec3,0f3269135ba12b8c7ec20fe44f763b4942d813c5df278d9902417a419e22d7d1,changdu-app,"[""RAW_LANGUAGE_SCOPE_V1"",""[\""number\"",\""9\""]"",[""string"",""日语""]]",JA,冒険,5YaS6Zm6,ba3e97d2f035fc0483f520106d6afd8c8bb7c8324bda1ccdfb792581b96ad520,7,7,7,"[""[\""LANE_B_BOOK_ID_V1\"",\""[\\\""string\\\"",\\\""changdu-app\\\""]\"",\""[\\\""number\\\"",\\\""1035728370\\\""]\"",\""[\\\""RAW_LANGUAGE_SCOPE_V1\\\"",\\\""[\\\\\\\""number\\\\\\\"",\\\\\\\""9\\\\\\\""]\\\"",[\\\""string\\\"",\\\""日语\\\""]]\""]"",""[\""LANE_B_BOOK_ID_V1\"",\""[\\\""string\\\"",\\\""changdu-app\\\""]\"",\""[\\\""number\\\"",\\\""5557563\\\""]\"",\""[\\\""RAW_LANGUAGE_SCOPE_V1\\\"",\\\""[\\\\\\\""number\\\\\\\"",\\\\\\\""9\\\\\\\""]\\\"",[\\\""string\\\"",\\\""日语\\\""]]\""]"",""[\""LANE_B_BOOK_ID_V1\"",\""[\\\""string\\\"",\\\""changdu-app\\\""]\"",\""[\\\""number\\\"",\\\""5557012\\\""]\"",\""[\\\""RAW_LANGUAGE_SCOPE_V1\\\"",\\\""[\\\\\\\""number\\\\\\\"",\\\\\\\""9\\\\\\\""]\\\"",[\\\""string\\\"",\\\""日语\\\""]]\""]"",""[\""LANE_B_BOOK_ID_V1\"",\""[\\\""string\\\"",\\\""changdu-app\\\""]\"",\""[\\\""number\\\"",\\\""3891853\\\""]\"",\""[\\\""RAW_LANGUAGE_SCOPE_V1\\\"",\\\""[\\\\\\\""number\\\\\\\"",\\\\\\\""9\\\\\\\""]\\\"",[\\\""string\\\"",\\\""日语\\\""]]\""]"",""[\""LANE_B_BOOK_ID_V1\"",\""[\\\""string\\\"",\\\""changdu-app\\\""]\"",\""[\\\""number\\\"",\\\""3891857\\\""]\"",\""[\\\""RAW_LANGUAGE_SCOPE_V1\\\"",\\\""[\\\\\\\""number\\\\\\\"",\\\\\\\""9\\\\\\\""]\\\"",[\\\""string\\\"",\\\""日语\\\""]]\""]""]",APPROVED_MAP_CANDIDATE,CROSS_REVIEW_FINAL,TIER_2_GOOD,0.72,3/4一致；Adventure家族中唯一真冒险scope（骑士之旅/元国王旅立ち/异世界无双）；含1本测试书籍污染,D: HUMAN_REVIEW（因测试书）,1,1,ct-v1-adventure,adventure,冒险,APPROVED_OFFLINE_CANDIDATE_ONLY
MAPPING_EDGE,4e9b1e8b1f3e0cd003f1ecd82fef00f1af0d768f5a97c8f2cc585fc033caf4a8,a3011aeef2f9a00c0ea577bba3a570f535b0fefae1ee97691fa28d574c5b1aa8,changdu-app,"[""RAW_LANGUAGE_SCOPE_V1"",""[\""number\"",\""9\""]"",[""string"",""日语""]]",JA,女频,5aWz6aKR,d9867749ec31f19fe7bfa4a782791bb108a8c9bc80653d481d3f1110f260cebb,403,403,403,"[""[\""LANE_B_BOOK_ID_V1\"",\""[\\\""string\\\"",\\\""changdu-app\\\""]\"",\""[\\\""number\\\"",\\\""932199451\\\""]\"",\""[\\\""RAW_LANGUAGE_SCOPE_V1\\\"",\\\""[\\\\\\\""number\\\\\\\"",\\\\\\\""9\\\\\\\""]\\\"",[\\\""string\\\"",\\\""日语\\\""]]\""]"",""[\""LANE_B_BOOK_ID_V1\"",\""[\\\""string\\\"",\\\""changdu-app\\\""]\"",\""[\\\""number\\\"",\\\""803842166\\\""]\"",\""[\\\""RAW_LANGUAGE_SCOPE_V1\\\"",\\\""[\\\\\\\""number\\\\\\\"",\\\\\\\""9\\\\\\\""]\\\"",[\\\""string\\\"",\\\""日语\\\""]]\""]"",""[\""LANE_B_BOOK_ID_V1\"",\""[\\\""string\\\"",\\\""changdu-app\\\""]\"",\""[\\\""number\\\"",\\\""422068475\\\""]\"",\""[\\\""RAW_LANGUAGE_SCOPE_V1\\\"",\\\""[\\\\\\\""number\\\\\\\"",\\\\\\\""9\\\\\\\""]\\\"",[\\\""string\\\"",\\\""日语\\\""]]\""]"",""[\""LANE_B_BOOK_ID_V1\"",\""[\\\""string\\\"",\\\""changdu-app\\\""]\"",\""[\\\""number\\\"",\\\""909554431\\\""]\"",\""[\\\""RAW_LANGUAGE_SCOPE_V1\\\"",\\\""[\\\\\\\""number\\\\\\\"",\\\\\\\""9\\\\\\\""]\\\"",[\\\""string\\\"",\\\""日语\\\""]]\""]"",""[\""LANE_B_BOOK_ID_V1\"",\""[\\\""string\\\"",\\\""changdu-app\\\""]\"",\""[\\\""number\\\"",\\\""745231667\\\""]\"",\""[\\\""RAW_LANGUAGE_SCOPE_V1\\\"",\\\""[\\\\\\\""number\\\\\\\"",\\\\\\\""9\\\\\\\""]\\\"",[\\\""string\\\"",\\\""日语\\\""]]\""]"",""[\""LANE_B_BOOK_ID_V1\"",\""[\\\""string\\\"",\\\""changdu-app\\\""]\"",\""[\\\""number\\\"",\\\""1128776843\\\""]\"",\""[\\\""RAW_LANGUAGE_SCOPE_V1\\\"",\\\""[\\\\\\\""number\\\\\\\"",\\\\\\\""9\\\\\\\""]\\\"",[\\\""string\\\"",\\\""日语\\\""]]\""]"",""[\""LANE_B_BOOK_ID_V1\"",\""[\\\""string\\\"",\\\""changdu-app\\\""]\"",\""[\\\""number\\\"",\\\""1041848657\\\""]\"",\""[\\\""RAW_LANGUAGE_SCOPE_V1\\\"",\\\""[\\\\\\\""number\\\\\\\"",\\\\\\\""9\\\\\\\""]\\\"",[\\\""string\\\"",\\\""日语\\\""]]\""]"",""[\""LANE_B_BOOK_ID_V1\"",\""[\\\""string\\\"",\\\""changdu-app\\\""]\"",\""[\\\""number\\\"",\\\""1041848658\\\""]\"",\""[\\\""RAW_LANGUAGE_SCOPE_V1\\\"",\\\""[\\\\\\\""number\\\\\\\"",\\\\\\\""9\\\\\\\""]\\\"",[\\\""string\\\"",\\\""日语\\\""]]\""]"",""[\""LANE_B_BOOK_ID_V1\"",\""[\\\""string\\\"",\\\""changdu-app\\\""]\"",\""[\\\""number\\\"",\\\""1044020612\\\""]\"",\""[\\\""RAW_LANGUAGE_SCOPE_V1\\\"",\\\""[\\\\\\\""number\\\\\\\"",\\\\\\\""9\\\\\\\""]\\\"",[\\\""string\\\"",\\\""日语\\\""]]\""]"",""[\""LANE_B_BOOK_ID_V1\"",\""[\\\""string\\\"",\\\""changdu-app\\\""]\"",\""[\\\""number\\\"",\\\""1036123010\\\""]\"",\""[\\\""RAW_LANGUAGE_SCOPE_V1\\\"",\\\""[\\\\\\\""number\\\\\\\"",\\\\\\\""9\\\\\\\""]\\\"",[\\\""string\\\"",\\\""日语\\\""]]\""]"",""[\""LANE_B_BOOK_ID_V1\"",\""[\\\""string\\\"",\\\""changdu-app\\\""]\"",\""[\\\""number\\\"",\\\""1036320255\\\""]\"",\""[\\\""RAW_LANGUAGE_SCOPE_V1\\\"",\\\""[\\\\\\\""number\\\\\\\"",\\\\\\\""9\\\\\\\""]\\\"",[\\\""string\\\"",\\\""日语\\\""]]\""]"",""[\""LANE_B_BOOK_ID_V1\"",\""[\\\""string\\\"",\\\""changdu-app\\\""]\"",\""[\\\""number\\\"",\\\""1036418879\\\""]\"",\""[\\\""RAW_LANGUAGE_SCOPE_V1\\\"",\\\""[\\\\\\\""number\\\\\\\"",\\\\\\\""9\\\\\\\""]\\\"",[\\\""string\\\"",\\\""日语\\\""]]\""]""]",APPROVED_MAP_CANDIDATE,CROSS_REVIEW_FINAL,TIER_2_GOOD,0.95,A/B/C一致映射；audience已是119正式facet（ct-v1-female-audience存在），书证全为女性向,D: IGNORE（视为运营二分旗——但artifact已建audience facet，忽略反而丢失已建模维度）,1,1,ct-v1-female-audience,female-audience,女性向,APPROVED_OFFLINE_CANDIDATE_ONLY
MAPPING_EDGE,48aed4f49cb686e22e6ccd78ac1be0dc182e30d8380a297aa298da8d1ab9ecc3,b34b04a7ec4e9221092a54ee3ccc832395d57faef7a01bd38a00f84853ddb784,changdu-app,"[""RAW_LANGUAGE_SCOPE_V1"",""[\""number\"",\""9\""]"",[""string"",""日语""]]",JA,官能,5a6Y6IO9,074d30189dc77d9000d851e8b7584c043358bf022165b2995e75f9b438d46b16,5,5,5,"[""[\""LANE_B_BOOK_ID_V1\"",\""[\\\""string\\\"",\\\""changdu-app\\\""]\"",\""[\\\""number\\\"",\\\""980307959\\\""]\"",\""[\\\""RAW_LANGUAGE_SCOPE_V1\\\"",\\\""[\\\\\\\""number\\\\\\\"",\\\\\\\""9\\\\\\\""]\\\"",[\\\""string\\\"",\\\""日语\\\""]]\""]"",""[\""LANE_B_BOOK_ID_V1\"",\""[\\\""string\\\"",\\\""changdu-app\\\""]\"",\""[\\\""number\\\"",\\\""501924582\\\""]\"",\""[\\\""RAW_LANGUAGE_SCOPE_V1\\\"",\\\""[\\\\\\\""number\\\\\\\"",\\\\\\\""9\\\\\\\""]\\\"",[\\\""string\\\"",\\\""日语\\\""]]\""]"",""[\""LANE_B_BOOK_ID_V1\"",\""[\\\""string\\\"",\\\""changdu-app\\\""]\"",\""[\\\""number\\\"",\\\""453307720\\\""]\"",\""[\\\""RAW_LANGUAGE_SCOPE_V1\\\"",\\\""[\\\\\\\""number\\\\\\\"",\\\\\\\""9\\\\\\\""]\\\"",[\\\""string\\\"",\\\""日语\\\""]]\""]"",""[\""LANE_B_BOOK_ID_V1\"",\""[\\\""string\\\"",\\\""changdu-app\\\""]\"",\""[\\\""number\\\"",\\\""369071735\\\""]\"",\""[\\\""RAW_LANGUAGE_SCOPE_V1\\\"",\\\""[\\\\\\\""number\\\\\\\"",\\\\\\\""9\\\\\\\""]\\\"",[\\\""string\\\"",\\\""日语\\\""]]\""]"",""[\""LANE_B_BOOK_ID_V1\"",\""[\\\""string\\\"",\\\""changdu-app\\\""]\"",\""[\\\""number\\\"",\\\""3891850\\\""]\"",\""[\\\""RAW_LANGUAGE_SCOPE_V1\\\"",\\\""[\\\\\\\""number\\\\\\\"",\\\\\\\""9\\\\\\\""]\\\"",[\\\""string\\\"",\\\""日语\\\""]]\""]""]",APPROVED_MAP_CANDIDATE,CROSS_REVIEW_FINAL,TIER_2_GOOD,0.78,四家同decision同target；但书证存在部分反证：含R18书证但整体纯度中等；成人向按标签+部分书证成立,NONE_IDENTIFIED,1,1,ct-v1-mature-content,mature-content,成人向内容,APPROVED_OFFLINE_CANDIDATE_ONLY
MAPPING_EDGE,6e2004eea625e38a8ec3c2316a1d229c74df27c4d836d0a117438bc05610dcd9,638d6ae0ac43b778aef9bcb321ef17b804340729af378fef1e9ea204b2f5daa8,changdu-app,"[""RAW_LANGUAGE_SCOPE_V1"",""[\""number\"",\""9\""]"",[""string"",""日语""]]",JA,御曹司,5b6h5pu55Y+4,065c6de58c6cdeda9e81005bd2f044192d61413c4090f074979b851872bdb631,11,11,11,"[""[\""LANE_B_BOOK_ID_V1\"",\""[\\\""string\\\"",\\\""changdu-app\\\""]\"",\""[\\\""number\\\"",\\\""980308021\\\""]\"",\""[\\\""RAW_LANGUAGE_SCOPE_V1\\\"",\\\""[\\\\\\\""number\\\\\\\"",\\\\\\\""9\\\\\\\""]\\\"",[\\\""string\\\"",\\\""日语\\\""]]\""]"",""[\""LANE_B_BOOK_ID_V1\"",\""[\\\""string\\\"",\\\""changdu-app\\\""]\"",\""[\\\""number\\\"",\\\""980307964\\\""]\"",\""[\\\""RAW_LANGUAGE_SCOPE_V1\\\"",\\\""[\\\\\\\""number\\\\\\\"",\\\\\\\""9\\\\\\\""]\\\"",[\\\""string\\\"",\\\""日语\\\""]]\""]"",""[\""LANE_B_BOOK_ID_V1\"",\""[\\\""string\\\"",\\\""changdu-app\\\""]\"",\""[\\\""number\\\"",\\\""453307713\\\""]\"",\""[\\\""RAW_LANGUAGE_SCOPE_V1\\\"",\\\""[\\\\\\\""number\\\\\\\"",\\\\\\\""9\\\\\\\""]\\\"",[\\\""string\\\"",\\\""日语\\\""]]\""]"",""[\""LANE_B_BOOK_ID_V1\"",\""[\\\""string\\\"",\\\""changdu-app\\\""]\"",\""[\\\""number\\\"",\\\""453307746\\\""]\"",\""[\\\""RAW_LANGUAGE_SCOPE_V1\\\"",\\\""[\\\\\\\""number\\\\\\\"",\\\\\\\""9\\\\\\\""]\\\"",[\\\""string\\\"",\\\""日语\\\""]]\""]"",""[\""LANE_B_BOOK_ID_V1\"",\""[\\\""string\\\"",\\\""changdu-app\\\""]\"",\""[\\\""number\\\"",\\\""453307752\\\""]\"",\""[\\\""RAW_LANGUAGE_SCOPE_V1\\\"",\\\""[\\\\\\\""number\\\\\\\"",\\\\\\\""9\\\\\\\""]\\\"",[\\\""string\\\"",\\\""日语\\\""]]\""]""]",APPROVED_MAP_CANDIDATE,CROSS_REVIEW_FINAL,TIER_3_TARGET_CONFLICT,0.9,书证为冷徹社長/名家御曹司婚恋，与Billionaire家族同质；wealthy-ceo为标准入口,B: heir（字面继承人，语义偏窄）,1,1,ct-v1-wealthy-ceo,wealthy-ceo,豪门总裁,APPROVED_OFFLINE_CANDIDATE_ONLY
MAPPING_EDGE,a1eb11a9605bd7bef863534f4dc5c09360edc45cdad9ac1eba80c2544e82b9b6,c46a518e89fff8a145545d54a2e92010c0e6f347a8c95a3e74f11f0049613f40,changdu-app,"[""RAW_LANGUAGE_SCOPE_V1"",""[\""number\"",\""9\""]"",[""string"",""日语""]]",JA,恋愛,5oGL5oSb,08457119f4ed5b10b7dfeb562500b2fa41651b95c123388383f559f121ecc8e3,161,161,161,"[""[\""LANE_B_BOOK_ID_V1\"",\""[\\\""string\\\"",\\\""changdu-app\\\""]\"",\""[\\\""number\\\"",\\\""1036123010\\\""]\"",\""[\\\""RAW_LANGUAGE_SCOPE_V1\\\"",\\\""[\\\\\\\""number\\\\\\\"",\\\\\\\""9\\\\\\\""]\\\"",[\\\""string\\\"",\\\""日语\\\""]]\""]"",""[\""LANE_B_BOOK_ID_V1\"",\""[\\\""string\\\"",\\\""changdu-app\\\""]\"",\""[\\\""number\\\"",\\\""1036320255\\\""]\"",\""[\\\""RAW_LANGUAGE_SCOPE_V1\\\"",\\\""[\\\\\\\""number\\\\\\\"",\\\\\\\""9\\\\\\\""]\\\"",[\\\""string\\\"",\\\""日语\\\""]]\""]"",""[\""LANE_B_BOOK_ID_V1\"",\""[\\\""string\\\"",\\\""changdu-app\\\""]\"",\""[\\\""number\\\"",\\\""1037899936\\\""]\"",\""[\\\""RAW_LANGUAGE_SCOPE_V1\\\"",\\\""[\\\\\\\""number\\\\\\\"",\\\\\\\""9\\\\\\\""]\\\"",[\\\""string\\\"",\\\""日语\\\""]]\""]"",""[\""LANE_B_BOOK_ID_V1\"",\""[\\\""string\\\"",\\\""changdu-app\\\""]\"",\""[\\\""number\\\"",\\\""1035925614\\\""]\"",\""[\\\""RAW_LANGUAGE_SCOPE_V1\\\"",\\\""[\\\\\\\""number\\\\\\\"",\\\\\\\""9\\\\\\\""]\\\"",[\\\""string\\\"",\\\""日语\\\""]]\""]"",""[\""LANE_B_BOOK_ID_V1\"",\""[\\\""string\\\"",\\\""changdu-app\\\""]\"",\""[\\\""number\\\"",\\\""980307951\\\""]\"",\""[\\\""RAW_LANGUAGE_SCOPE_V1\\\"",\\\""[\\\\\\\""number\\\\\\\"",\\\\\\\""9\\\\\\\""]\\\"",[\\\""string\\\"",\\\""日语\\\""]]\""]"",""[\""LANE_B_BOOK_ID_V1\"",\""[\\\""string\\\"",\\\""changdu-app\\\""]\"",\""[\\\""number\\\"",\\\""980307952\\\""]\"",\""[\\\""RAW_LANGUAGE_SCOPE_V1\\\"",\\\""[\\\\\\\""number\\\\\\\"",\\\\\\\""9\\\\\\\""]\\\"",[\\\""string\\\"",\\\""日语\\\""]]\""]"",""[\""LANE_B_BOOK_ID_V1\"",\""[\\\""string\\\"",\\\""changdu-app\\\""]\"",\""[\\\""number\\\"",\\\""980307954\\\""]\"",\""[\\\""RAW_LANGUAGE_SCOPE_V1\\\"",\\\""[\\\\\\\""number\\\\\\\"",\\\\\\\""9\\\\\\\""]\\\"",[\\\""string\\\"",\\\""日语\\\""]]\""]"",""[\""LANE_B_BOOK_ID_V1\"",\""[\\\""string\\\"",\\\""changdu-app\\\""]\"",\""[\\\""number\\\"",\\\""980307956\\\""]\"",\""[\\\""RAW_LANGUAGE_SCOPE_V1\\\"",\\\""[\\\\\\\""number\\\\\\\"",\\\\\\\""9\\\\\\\""]\\\"",[\\\""string\\\"",\\\""日语\\\""]]\""]"",""[\""LANE_B_BOOK_ID_V1\"",\""[\\\""string\\\"",\\\""changdu-app\\\""]\"",\""[\\\""number\\\"",\\\""980307963\\\""]\"",\""[\\\""RAW_LANGUAGE_SCOPE_V1\\\"",\\\""[\\\\\\\""number\\\\\\\"",\\\\\\\""9\\\\\\\""]\\\"",[\\\""string\\\"",\\\""日语\\\""]]\""]"",""[\""LANE_B_BOOK_ID_V1\"",\""[\\\""string\\\"",\\\""changdu-app\\\""]\"",\""[\\\""number\\\"",\\\""980307965\\\""]\"",\""[\\\""RAW_LANGUAGE_SCOPE_V1\\\"",\\\""[\\\\\\\""number\\\\\\\"",\\\\\\\""9\\\\\\\""]\\\"",[\\\""string\\\"",\\\""日语\\\""]]\""]"",""[\""LANE_B_BOOK_ID_V1\"",\""[\\\""string\\\"",\\\""changdu-app\\\""]\"",\""[\\\""number\\\"",\\\""980307972\\\""]\"",\""[\\\""RAW_LANGUAGE_SCOPE_V1\\\"",\\\""[\\\\\\\""number\\\\\\\"",\\\\\\\""9\\\\\\\""]\\\"",[\\\""string\\\"",\\\""日语\\\""]]\""]"",""[\""LANE_B_BOOK_ID_V1\"",\""[\\\""string\\\"",\\\""changdu-app\\\""]\"",\""[\\\""number\\\"",\\\""980307976\\\""]\"",\""[\\\""RAW_LANGUAGE_SCOPE_V1\\\"",\\\""[\\\\\\\""number\\\\\\\"",\\\\\\\""9\\\\\\\""]\\\"",[\\\""string\\\"",\\\""日语\\\""]]\""]""]",APPROVED_MAP_CANDIDATE,CROSS_REVIEW_FINAL,TIER_1_STRONG,0.93,4/4 decision+target一致，代表书证与目标语义相符，无明显反证,NONE_IDENTIFIED,1,1,ct-v1-romance,romance,言情,APPROVED_OFFLINE_CANDIDATE_ONLY
MAPPING_EDGE,b013dc187a8e074c0bc0da300a017065671d6d7879cf8b6340a1521649e8ac76,45757dbc2dfaf4de19232a8dceeffcc23a9295d13a10136bd7f18a3d32e22584,changdu-app,"[""RAW_LANGUAGE_SCOPE_V1"",""[\""number\"",\""9\""]"",[""string"",""日语""]]",JA,歴史,5q205Y+y,c43d763cd49dd7fc00c3be3c2d627a9dbd2cf229a00722e1c89074600d9c0994,10,10,10,"[""[\""LANE_B_BOOK_ID_V1\"",\""[\\\""string\\\"",\\\""changdu-app\\\""]\"",\""[\\\""number\\\"",\\\""692753505\\\""]\"",\""[\\\""RAW_LANGUAGE_SCOPE_V1\\\"",\\\""[\\\\\\\""number\\\\\\\"",\\\\\\\""9\\\\\\\""]\\\"",[\\\""string\\\"",\\\""日语\\\""]]\""]"",""[\""LANE_B_BOOK_ID_V1\"",\""[\\\""string\\\"",\\\""changdu-app\\\""]\"",\""[\\\""number\\\"",\\\""692754035\\\""]\"",\""[\\\""RAW_LANGUAGE_SCOPE_V1\\\"",\\\""[\\\\\\\""number\\\\\\\"",\\\\\\\""9\\\\\\\""]\\\"",[\\\""string\\\"",\\\""日语\\\""]]\""]"",""[\""LANE_B_BOOK_ID_V1\"",\""[\\\""string\\\"",\\\""changdu-app\\\""]\"",\""[\\\""number\\\"",\\\""526418269\\\""]\"",\""[\\\""RAW_LANGUAGE_SCOPE_V1\\\"",\\\""[\\\\\\\""number\\\\\\\"",\\\\\\\""9\\\\\\\""]\\\"",[\\\""string\\\"",\\\""日语\\\""]]\""]"",""[\""LANE_B_BOOK_ID_V1\"",\""[\\\""string\\\"",\\\""changdu-app\\\""]\"",\""[\\\""number\\\"",\\\""486749318\\\""]\"",\""[\\\""RAW_LANGUAGE_SCOPE_V1\\\"",\\\""[\\\\\\\""number\\\\\\\"",\\\\\\\""9\\\\\\\""]\\\"",[\\\""string\\\"",\\\""日语\\\""]]\""]"",""[\""LANE_B_BOOK_ID_V1\"",\""[\\\""string\\\"",\\\""changdu-app\\\""]\"",\""[\\\""number\\\"",\\\""304570092\\\""]\"",\""[\\\""RAW_LANGUAGE_SCOPE_V1\\\"",\\\""[\\\\\\\""number\\\\\\\"",\\\\\\\""9\\\\\\\""]\\\"",[\\\""string\\\"",\\\""日语\\\""]]\""]""]",APPROVED_MAP_CANDIDATE,CROSS_REVIEW_FINAL,TIER_1_STRONG,0.88,4/4 decision+target一致，代表书证与目标语义相符，无明显反证,NONE_IDENTIFIED,1,1,ct-v1-historical-romance,historical-romance,古代言情,APPROVED_OFFLINE_CANDIDATE_ONLY
MAPPING_EDGE,30c3caeef0152c97bf10927e2bb6b7b870392332a8fc77564c22b75478171432,0a8af5af34e3f948ab08e4772c919b101f0205a59961c47deb0f31376d118025,changdu-app,"[""RAW_LANGUAGE_SCOPE_V1"",""[\""number\"",\""9\""]"",[""string"",""日语""]]",JA,男频,55S36aKR,e74d73d99251bb2b99c02896258d9fbcd9817488f6538674fda26534b0b450ac,27,27,27,"[""[\""LANE_B_BOOK_ID_V1\"",\""[\\\""string\\\"",\\\""changdu-app\\\""]\"",\""[\\\""number\\\"",\\\""1035728370\\\""]\"",\""[\\\""RAW_LANGUAGE_SCOPE_V1\\\"",\\\""[\\\\\\\""number\\\\\\\"",\\\\\\\""9\\\\\\\""]\\\"",[\\\""string\\\"",\\\""日语\\\""]]\""]"",""[\""LANE_B_BOOK_ID_V1\"",\""[\\\""string\\\"",\\\""changdu-app\\\""]\"",\""[\\\""number\\\"",\\\""489256750\\\""]\"",\""[\\\""RAW_LANGUAGE_SCOPE_V1\\\"",\\\""[\\\\\\\""number\\\\\\\"",\\\\\\\""9\\\\\\\""]\\\"",[\\\""string\\\"",\\\""日语\\\""]]\""]"",""[\""LANE_B_BOOK_ID_V1\"",\""[\\\""string\\\"",\\\""changdu-app\\\""]\"",\""[\\\""number\\\"",\\\""405346837\\\""]\"",\""[\\\""RAW_LANGUAGE_SCOPE_V1\\\"",\\\""[\\\\\\\""number\\\\\\\"",\\\\\\\""9\\\\\\\""]\\\"",[\\\""string\\\"",\\\""日语\\\""]]\""]"",""[\""LANE_B_BOOK_ID_V1\"",\""[\\\""string\\\"",\\\""changdu-app\\\""]\"",\""[\\\""number\\\"",\\\""304172558\\\""]\"",\""[\\\""RAW_LANGUAGE_SCOPE_V1\\\"",\\\""[\\\\\\\""number\\\\\\\"",\\\\\\\""9\\\\\\\""]\\\"",[\\\""string\\\"",\\\""日语\\\""]]\""]"",""[\""LANE_B_BOOK_ID_V1\"",\""[\\\""string\\\"",\\\""changdu-app\\\""]\"",\""[\\\""number\\\"",\\\""172632553\\\""]\"",\""[\\\""RAW_LANGUAGE_SCOPE_V1\\\"",\\\""[\\\\\\\""number\\\\\\\"",\\\\\\\""9\\\\\\\""]\\\"",[\\\""string\\\"",\\\""日语\\\""]]\""]"",""[\""LANE_B_BOOK_ID_V1\"",\""[\\\""string\\\"",\\\""changdu-app\\\""]\"",\""[\\\""number\\\"",\\\""146071373\\\""]\"",\""[\\\""RAW_LANGUAGE_SCOPE_V1\\\"",\\\""[\\\\\\\""number\\\\\\\"",\\\\\\\""9\\\\\\\""]\\\"",[\\\""string\\\"",\\\""日语\\\""]]\""]""]",APPROVED_MAP_CANDIDATE,CROSS_REVIEW_FINAL,TIER_2_GOOD,0.92,A/B/C提出同一概念；119只有female-audience无对称男性向入口，8217本可进女性向而1684本男频书无入口，结构性不对称,D: IGNORE（主张女频男频同进同退；若Owner不扩audience则两者一并IGNORE）,1,1,ct-v1-male-audience,male-audience,男性向,APPROVED_OFFLINE_CANDIDATE_ONLY
MAPPING_EDGE,ccdefb925c74ef2206bd650af7134694d09c4166896cd4fea0734b2f26936b54,384f5f506398a14c7f4b6a8ce29698f324d2cd1dd74e44e791a8b1410b0d9e23,changdu-app,"[""RAW_LANGUAGE_SCOPE_V1"",""[\""number\"",\""9\""]"",[""string"",""日语""]]",JA,異世界,55Ww5LiW55WM,99b670b9050eee68f3a6821241cfbac50f0cd94f6b6782601635c6ce771a9290,2,2,2,"[""[\""LANE_B_BOOK_ID_V1\"",\""[\\\""string\\\"",\\\""changdu-app\\\""]\"",\""[\\\""number\\\"",\\\""146071373\\\""]\"",\""[\\\""RAW_LANGUAGE_SCOPE_V1\\\"",\\\""[\\\\\\\""number\\\\\\\"",\\\\\\\""9\\\\\\\""]\\\"",[\\\""string\\\"",\\\""日语\\\""]]\""]"",""[\""LANE_B_BOOK_ID_V1\"",\""[\\\""string\\\"",\\\""changdu-app\\\""]\"",\""[\\\""number\\\"",\\\""3891860\\\""]\"",\""[\\\""RAW_LANGUAGE_SCOPE_V1\\\"",\\\""[\\\\\\\""number\\\\\\\"",\\\\\\\""9\\\\\\\""]\\\"",[\\\""string\\\"",\\\""日语\\\""]]\""]""]",APPROVED_MAP_CANDIDATE,CROSS_REVIEW_FINAL,TIER_4_SPLIT,0.62,f=2：異世界転生無双+妖刀冒险；isekai语义真实且独立，但2本书不足以新建CanonicalTag——并入fantasy不会让用户觉得搜错，isekai登记为未来alias/gap,B/D: NEW isekai（0.88-0.94）；A: time-travel（穿越页以中式古言为主，错配更明显）,1,1,ct-v1-fantasy,fantasy,奇幻,APPROVED_OFFLINE_CANDIDATE_ONLY
MAPPING_EDGE,542ee2fd8f73df7374258d7093078a57b6ceda882a2b78b9883d8a24bb1a51c8,b1cee263293dce0acdc2064ab86bc4cab62d60eaae64236577e42a2ef02a34de,changdu-app,"[""RAW_LANGUAGE_SCOPE_V1"",""[\""number\"",\""9\""]"",[""string"",""日语""]]",JA,都市,6YO95biC,d7eef7209e798c5878be3dd34695368fe31f9cc0f644ad9bda4525150a0a449c,160,160,160,"[""[\""LANE_B_BOOK_ID_V1\"",\""[\\\""string\\\"",\\\""changdu-app\\\""]\"",\""[\\\""number\\\"",\\\""932199451\\\""]\"",\""[\\\""RAW_LANGUAGE_SCOPE_V1\\\"",\\\""[\\\\\\\""number\\\\\\\"",\\\\\\\""9\\\\\\\""]\\\"",[\\\""string\\\"",\\\""日语\\\""]]\""]"",""[\""LANE_B_BOOK_ID_V1\"",\""[\\\""string\\\"",\\\""changdu-app\\\""]\"",\""[\\\""number\\\"",\\\""803842166\\\""]\"",\""[\\\""RAW_LANGUAGE_SCOPE_V1\\\"",\\\""[\\\\\\\""number\\\\\\\"",\\\\\\\""9\\\\\\\""]\\\"",[\\\""string\\\"",\\\""日语\\\""]]\""]"",""[\""LANE_B_BOOK_ID_V1\"",\""[\\\""string\\\"",\\\""changdu-app\\\""]\"",\""[\\\""number\\\"",\\\""422068475\\\""]\"",\""[\\\""RAW_LANGUAGE_SCOPE_V1\\\"",\\\""[\\\\\\\""number\\\\\\\"",\\\\\\\""9\\\\\\\""]\\\"",[\\\""string\\\"",\\\""日语\\\""]]\""]"",""[\""LANE_B_BOOK_ID_V1\"",\""[\\\""string\\\"",\\\""changdu-app\\\""]\"",\""[\\\""number\\\"",\\\""909554431\\\""]\"",\""[\\\""RAW_LANGUAGE_SCOPE_V1\\\"",\\\""[\\\\\\\""number\\\\\\\"",\\\\\\\""9\\\\\\\""]\\\"",[\\\""string\\\"",\\\""日语\\\""]]\""]"",""[\""LANE_B_BOOK_ID_V1\"",\""[\\\""string\\\"",\\\""changdu-app\\\""]\"",\""[\\\""number\\\"",\\\""745231667\\\""]\"",\""[\\\""RAW_LANGUAGE_SCOPE_V1\\\"",\\\""[\\\\\\\""number\\\\\\\"",\\\\\\\""9\\\\\\\""]\\\"",[\\\""string\\\"",\\\""日语\\\""]]\""]"",""[\""LANE_B_BOOK_ID_V1\"",\""[\\\""string\\\"",\\\""changdu-app\\\""]\"",\""[\\\""number\\\"",\\\""1128776843\\\""]\"",\""[\\\""RAW_LANGUAGE_SCOPE_V1\\\"",\\\""[\\\\\\\""number\\\\\\\"",\\\\\\\""9\\\\\\\""]\\\"",[\\\""string\\\"",\\\""日语\\\""]]\""]"",""[\""LANE_B_BOOK_ID_V1\"",\""[\\\""string\\\"",\\\""changdu-app\\\""]\"",\""[\\\""number\\\"",\\\""1041848657\\\""]\"",\""[\\\""RAW_LANGUAGE_SCOPE_V1\\\"",\\\""[\\\\\\\""number\\\\\\\"",\\\\\\\""9\\\\\\\""]\\\"",[\\\""string\\\"",\\\""日语\\\""]]\""]"",""[\""LANE_B_BOOK_ID_V1\"",\""[\\\""string\\\"",\\\""changdu-app\\\""]\"",\""[\\\""number\\\"",\\\""1041848658\\\""]\"",\""[\\\""RAW_LANGUAGE_SCOPE_V1\\\"",\\\""[\\\\\\\""number\\\\\\\"",\\\\\\\""9\\\\\\\""]\\\"",[\\\""string\\\"",\\\""日语\\\""]]\""]"",""[\""LANE_B_BOOK_ID_V1\"",\""[\\\""string\\\"",\\\""changdu-app\\\""]\"",\""[\\\""number\\\"",\\\""1044020612\\\""]\"",\""[\\\""RAW_LANGUAGE_SCOPE_V1\\\"",\\\""[\\\\\\\""number\\\\\\\"",\\\\\\\""9\\\\\\\""]\\\"",[\\\""string\\\"",\\\""日语\\\""]]\""]"",""[\""LANE_B_BOOK_ID_V1\"",\""[\\\""string\\\"",\\\""changdu-app\\\""]\"",\""[\\\""number\\\"",\\\""1036418879\\\""]\"",\""[\\\""RAW_LANGUAGE_SCOPE_V1\\\"",\\\""[\\\\\\\""number\\\\\\\"",\\\\\\\""9\\\\\\\""]\\\"",[\\\""string\\\"",\\\""日语\\\""]]\""]"",""[\""LANE_B_BOOK_ID_V1\"",\""[\\\""string\\\"",\\\""changdu-app\\\""]\"",\""[\\\""number\\\"",\\\""1038294452\\\""]\"",\""[\\\""RAW_LANGUAGE_SCOPE_V1\\\"",\\\""[\\\\\\\""number\\\\\\\"",\\\\\\\""9\\\\\\\""]\\\"",[\\\""string\\\"",\\\""日语\\\""]]\""]"",""[\""LANE_B_BOOK_ID_V1\"",\""[\\\""string\\\"",\\\""changdu-app\\\""]\"",\""[\\\""number\\\"",\\\""1032372253\\\""]\"",\""[\\\""RAW_LANGUAGE_SCOPE_V1\\\"",\\\""[\\\\\\\""number\\\\\\\"",\\\\\\\""9\\\\\\\""]\\\"",[\\\""string\\\"",\\\""日语\\\""]]\""]""]",APPROVED_MAP_CANDIDATE,CROSS_REVIEW_FINAL,TIER_3_TARGET_CONFLICT,0.85,书证全为女频现代婚恋（身代わり妻/婚約破棄），与简繁中文「都市」(男频爽文)语义分裂——同字符串跨scope必须独立判定,B/C: urban-setting（把跨语言同字符串当同一入口）,1,1,ct-v1-modern-romance,modern-romance,现代言情,APPROVED_OFFLINE_CANDIDATE_ONLY
MAPPING_EDGE,b28b733a806e4f59f7b2adda8240a5d8583bc27ec412600436f1b37af9c162f0,29bb1dcd65212cd799bd58ba6a9a04067e65ee3e442796531152df88d3a11ab0,changdu-app,"[""RAW_LANGUAGE_SCOPE_V1"",""[\""number\"",\""14\""]"",[""string"",""韩语""]]",KO,女频,5aWz6aKR,d9867749ec31f19fe7bfa4a782791bb108a8c9bc80653d481d3f1110f260cebb,269,269,269,"[""[\""LANE_B_BOOK_ID_V1\"",\""[\\\""string\\\"",\\\""changdu-app\\\""]\"",\""[\\\""number\\\"",\\\""1075527944\\\""]\"",\""[\\\""RAW_LANGUAGE_SCOPE_V1\\\"",\\\""[\\\\\\\""number\\\\\\\"",\\\\\\\""14\\\\\\\""]\\\"",[\\\""string\\\"",\\\""韩语\\\""]]\""]"",""[\""LANE_B_BOOK_ID_V1\"",\""[\\\""string\\\"",\\\""changdu-app\\\""]\"",\""[\\\""number\\\"",\\\""1040466296\\\""]\"",\""[\\\""RAW_LANGUAGE_SCOPE_V1\\\"",\\\""[\\\\\\\""number\\\\\\\"",\\\\\\\""14\\\\\\\""]\\\"",[\\\""string\\\"",\\\""韩语\\\""]]\""]"",""[\""LANE_B_BOOK_ID_V1\"",\""[\\\""string\\\"",\\\""changdu-app\\\""]\"",\""[\\\""number\\\"",\\\""1042341608\\\""]\"",\""[\\\""RAW_LANGUAGE_SCOPE_V1\\\"",\\\""[\\\\\\\""number\\\\\\\"",\\\\\\\""14\\\\\\\""]\\\"",[\\\""string\\\"",\\\""韩语\\\""]]\""]"",""[\""LANE_B_BOOK_ID_V1\"",\""[\\\""string\\\"",\\\""changdu-app\\\""]\"",\""[\\\""number\\\"",\\\""1044020615\\\""]\"",\""[\\\""RAW_LANGUAGE_SCOPE_V1\\\"",\\\""[\\\\\\\""number\\\\\\\"",\\\\\\\""14\\\\\\\""]\\\"",[\\\""string\\\"",\\\""韩语\\\""]]\""]"",""[\""LANE_B_BOOK_ID_V1\"",\""[\\\""string\\\"",\\\""changdu-app\\\""]\"",\""[\\\""number\\\"",\\\""1040269007\\\""]\"",\""[\\\""RAW_LANGUAGE_SCOPE_V1\\\"",\\\""[\\\\\\\""number\\\\\\\"",\\\\\\\""14\\\\\\\""]\\\"",[\\\""string\\\"",\\\""韩语\\\""]]\""]"",""[\""LANE_B_BOOK_ID_V1\"",\""[\\\""string\\\"",\\\""changdu-app\\\""]\"",\""[\\\""number\\\"",\\\""1040269008\\\""]\"",\""[\\\""RAW_LANGUAGE_SCOPE_V1\\\"",\\\""[\\\\\\\""number\\\\\\\"",\\\\\\\""14\\\\\\\""]\\\"",[\\\""string\\\"",\\\""韩语\\\""]]\""]"",""[\""LANE_B_BOOK_ID_V1\"",\""[\\\""string\\\"",\\\""changdu-app\\\""]\"",\""[\\\""number\\\"",\\\""1040269009\\\""]\"",\""[\\\""RAW_LANGUAGE_SCOPE_V1\\\"",\\\""[\\\\\\\""number\\\\\\\"",\\\\\\\""14\\\\\\\""]\\\"",[\\\""string\\\"",\\\""韩语\\\""]]\""]"",""[\""LANE_B_BOOK_ID_V1\"",\""[\\\""string\\\"",\\\""changdu-app\\\""]\"",\""[\\\""number\\\"",\\\""1040269060\\\""]\"",\""[\\\""RAW_LANGUAGE_SCOPE_V1\\\"",\\\""[\\\\\\\""number\\\\\\\"",\\\\\\\""14\\\\\\\""]\\\"",[\\\""string\\\"",\\\""韩语\\\""]]\""]"",""[\""LANE_B_BOOK_ID_V1\"",\""[\\\""string\\\"",\\\""changdu-app\\\""]\"",\""[\\\""number\\\"",\\\""1028128297\\\""]\"",\""[\\\""RAW_LANGUAGE_SCOPE_V1\\\"",\\\""[\\\\\\\""number\\\\\\\"",\\\\\\\""14\\\\\\\""]\\\"",[\\\""string\\\"",\\\""韩语\\\""]]\""]"",""[\""LANE_B_BOOK_ID_V1\"",\""[\\\""string\\\"",\\\""changdu-app\\\""]\"",\""[\\\""number\\\"",\\\""980308100\\\""]\"",\""[\\\""RAW_LANGUAGE_SCOPE_V1\\\"",\\\""[\\\\\\\""number\\\\\\\"",\\\\\\\""14\\\\\\\""]\\\"",[\\\""string\\\"",\\\""韩语\\\""]]\""]"",""[\""LANE_B_BOOK_ID_V1\"",\""[\\\""string\\\"",\\\""changdu-app\\\""]\"",\""[\\\""number\\\"",\\\""980308102\\\""]\"",\""[\\\""RAW_LANGUAGE_SCOPE_V1\\\"",\\\""[\\\\\\\""number\\\\\\\"",\\\\\\\""14\\\\\\\""]\\\"",[\\\""string\\\"",\\\""韩语\\\""]]\""]"",""[\""LANE_B_BOOK_ID_V1\"",\""[\\\""string\\\"",\\\""changdu-app\\\""]\"",\""[\\\""number\\\"",\\\""980308106\\\""]\"",\""[\\\""RAW_LANGUAGE_SCOPE_V1\\\"",\\\""[\\\\\\\""number\\\\\\\"",\\\\\\\""14\\\\\\\""]\\\"",[\\\""string\\\"",\\\""韩语\\\""]]\""]""]",APPROVED_MAP_CANDIDATE,CROSS_REVIEW_FINAL,TIER_2_GOOD,0.95,A/B/C一致映射；audience已是119正式facet（ct-v1-female-audience存在），书证全为女性向,D: IGNORE（视为运营二分旗——但artifact已建audience facet，忽略反而丢失已建模维度）,1,1,ct-v1-female-audience,female-audience,女性向,APPROVED_OFFLINE_CANDIDATE_ONLY
MAPPING_EDGE,470cf26f6f9ab4c7566cbf07ecdc556bff079b52c070d4a1917f97322551e83d,c90be1ebcdea85937d0fb02e75bfcec5b1842af133421f1ff3ac8d6e5acb7d2e,changdu-app,"[""RAW_LANGUAGE_SCOPE_V1"",""[\""number\"",\""14\""]"",[""string"",""韩语""]]",KO,男频,55S36aKR,e74d73d99251bb2b99c02896258d9fbcd9817488f6538674fda26534b0b450ac,2,2,2,"[""[\""LANE_B_BOOK_ID_V1\"",\""[\\\""string\\\"",\\\""changdu-app\\\""]\"",\""[\\\""number\\\"",\\\""484441526\\\""]\"",\""[\\\""RAW_LANGUAGE_SCOPE_V1\\\"",\\\""[\\\\\\\""number\\\\\\\"",\\\\\\\""14\\\\\\\""]\\\"",[\\\""string\\\"",\\\""韩语\\\""]]\""]"",""[\""LANE_B_BOOK_ID_V1\"",\""[\\\""string\\\"",\\\""changdu-app\\\""]\"",\""[\\\""number\\\"",\\\""5592494\\\""]\"",\""[\\\""RAW_LANGUAGE_SCOPE_V1\\\"",\\\""[\\\\\\\""number\\\\\\\"",\\\\\\\""14\\\\\\\""]\\\"",[\\\""string\\\"",\\\""韩语\\\""]]\""]""]",APPROVED_MAP_CANDIDATE,CROSS_REVIEW_FINAL,TIER_2_GOOD,0.92,A/B/C提出同一概念；119只有female-audience无对称男性向入口，8217本可进女性向而1684本男频书无入口，结构性不对称,D: IGNORE（主张女频男频同进同退；若Owner不扩audience则两者一并IGNORE）,1,1,ct-v1-male-audience,male-audience,男性向,APPROVED_OFFLINE_CANDIDATE_ONLY
MAPPING_EDGE,c637bdd573feedbffff714e3f42b6d3997363320b890cb2540fc664963aadfee,f8338257b45d916ea04a206135724aa2873e5f03f8fd115220d23f1793831036,changdu-app,"[""RAW_LANGUAGE_SCOPE_V1"",""[\""number\"",\""14\""]"",[""string"",""韩语""]]",KO,공포,6rO17Y+s,6c82c24828d233714fc1594755987cd26d47abf36fcac589a69693e7cc70adfd,2,2,2,"[""[\""LANE_B_BOOK_ID_V1\"",\""[\\\""string\\\"",\\\""changdu-app\\\""]\"",\""[\\\""number\\\"",\\\""367168298\\\""]\"",\""[\\\""RAW_LANGUAGE_SCOPE_V1\\\"",\\\""[\\\\\\\""number\\\\\\\"",\\\\\\\""14\\\\\\\""]\\\"",[\\\""string\\\"",\\\""韩语\\\""]]\""]"",""[\""LANE_B_BOOK_ID_V1\"",\""[\\\""string\\\"",\\\""changdu-app\\\""]\"",\""[\\\""number\\\"",\\\""281029252\\\""]\"",\""[\\\""RAW_LANGUAGE_SCOPE_V1\\\"",\\\""[\\\\\\\""number\\\\\\\"",\\\\\\\""14\\\\\\\""]\\\"",[\\\""string\\\"",\\\""韩语\\\""]]\""]""]",APPROVED_MAP_CANDIDATE,CROSS_REVIEW_FINAL,TIER_2_GOOD,0.8,A/B/C提出同一horror概念；本scope书证干净：血茶+高温末世灭亲；suspense无法承载恐惧体验检索,D: HUMAN_REVIEW（对全部Horror键一刀切0.47——对本scope过度保守）,1,1,ct-v1-horror,horror,恐怖,APPROVED_OFFLINE_CANDIDATE_ONLY
MAPPING_EDGE,660642851592cc41d85e478165697a95beb3f064cf6b8fa046f35c2688240a61,b0f94c18df7361e0afe190264c7c184c910baa5bcbbaca900a48fa9e75ad895a,changdu-app,"[""RAW_LANGUAGE_SCOPE_V1"",""[\""number\"",\""14\""]"",[""string"",""韩语""]]",KO,늑대 인간,64qR64yAIOyduOqwhA==,ddc0b5d892c628a593e591e6b007ac6ee06e1ed5c06d7b2840211a6799028af9,29,29,29,"[""[\""LANE_B_BOOK_ID_V1\"",\""[\\\""string\\\"",\\\""changdu-app\\\""]\"",\""[\\\""number\\\"",\\\""1040466296\\\""]\"",\""[\\\""RAW_LANGUAGE_SCOPE_V1\\\"",\\\""[\\\\\\\""number\\\\\\\"",\\\\\\\""14\\\\\\\""]\\\"",[\\\""string\\\"",\\\""韩语\\\""]]\""]"",""[\""LANE_B_BOOK_ID_V1\"",\""[\\\""string\\\"",\\\""changdu-app\\\""]\"",\""[\\\""number\\\"",\\\""980308104\\\""]\"",\""[\\\""RAW_LANGUAGE_SCOPE_V1\\\"",\\\""[\\\\\\\""number\\\\\\\"",\\\\\\\""14\\\\\\\""]\\\"",[\\\""string\\\"",\\\""韩语\\\""]]\""]"",""[\""LANE_B_BOOK_ID_V1\"",\""[\\\""string\\\"",\\\""changdu-app\\\""]\"",\""[\\\""number\\\"",\\\""489654758\\\""]\"",\""[\\\""RAW_LANGUAGE_SCOPE_V1\\\"",\\\""[\\\\\\\""number\\\\\\\"",\\\\\\\""14\\\\\\\""]\\\"",[\\\""string\\\"",\\\""韩语\\\""]]\""]"",""[\""LANE_B_BOOK_ID_V1\"",\""[\\\""string\\\"",\\\""changdu-app\\\""]\"",\""[\\\""number\\\"",\\\""482632125\\\""]\"",\""[\\\""RAW_LANGUAGE_SCOPE_V1\\\"",\\\""[\\\\\\\""number\\\\\\\"",\\\\\\\""14\\\\\\\""]\\\"",[\\\""string\\\"",\\\""韩语\\\""]]\""]"",""[\""LANE_B_BOOK_ID_V1\"",\""[\\\""string\\\"",\\\""changdu-app\\\""]\"",\""[\\\""number\\\"",\\\""482632126\\\""]\"",\""[\\\""RAW_LANGUAGE_SCOPE_V1\\\"",\\\""[\\\\\\\""number\\\\\\\"",\\\\\\\""14\\\\\\\""]\\\"",[\\\""string\\\"",\\\""韩语\\\""]]\""]"",""[\""LANE_B_BOOK_ID_V1\"",\""[\\\""string\\\"",\\\""changdu-app\\\""]\"",\""[\\\""number\\\"",\\\""482632129\\\""]\"",\""[\\\""RAW_LANGUAGE_SCOPE_V1\\\"",\\\""[\\\\\\\""number\\\\\\\"",\\\\\\\""14\\\\\\\""]\\\"",[\\\""string\\\"",\\\""韩语\\\""]]\""]""]",APPROVED_MAP_CANDIDATE,CROSS_REVIEW_FINAL,TIER_1_STRONG,0.94,4/4 decision+target一致，代表书证与目标语义相符，无明显反证,NONE_IDENTIFIED,1,1,ct-v1-werewolf,werewolf,狼人,APPROVED_OFFLINE_CANDIDATE_ONLY
MAPPING_EDGE,3ae1131de25fcaf4cb75c4e10cd17b9d56dca18a862511c0a12954cbc708027e,af042461812970ed22387862108221b4f013b192beb4e06d5168a1083d5e44e5,changdu-app,"[""RAW_LANGUAGE_SCOPE_V1"",""[\""number\"",\""14\""]"",[""string"",""韩语""]]",KO,로맨스,66Gc66eo7Iqk,42863a5fac8bae1259be58314508de779d83c7d4cd942137f4f31dac1b2f69b2,84,84,84,"[""[\""LANE_B_BOOK_ID_V1\"",\""[\\\""string\\\"",\\\""changdu-app\\\""]\"",\""[\\\""number\\\"",\\\""980308100\\\""]\"",\""[\\\""RAW_LANGUAGE_SCOPE_V1\\\"",\\\""[\\\\\\\""number\\\\\\\"",\\\\\\\""14\\\\\\\""]\\\"",[\\\""string\\\"",\\\""韩语\\\""]]\""]"",""[\""LANE_B_BOOK_ID_V1\"",\""[\\\""string\\\"",\\\""changdu-app\\\""]\"",\""[\\\""number\\\"",\\\""980308102\\\""]\"",\""[\\\""RAW_LANGUAGE_SCOPE_V1\\\"",\\\""[\\\\\\\""number\\\\\\\"",\\\\\\\""14\\\\\\\""]\\\"",[\\\""string\\\"",\\\""韩语\\\""]]\""]"",""[\""LANE_B_BOOK_ID_V1\"",\""[\\\""string\\\"",\\\""changdu-app\\\""]\"",\""[\\\""number\\\"",\\\""980308106\\\""]\"",\""[\\\""RAW_LANGUAGE_SCOPE_V1\\\"",\\\""[\\\\\\\""number\\\\\\\"",\\\\\\\""14\\\\\\\""]\\\"",[\\\""string\\\"",\\\""韩语\\\""]]\""]"",""[\""LANE_B_BOOK_ID_V1\"",\""[\\\""string\\\"",\\\""changdu-app\\\""]\"",\""[\\\""number\\\"",\\\""980308120\\\""]\"",\""[\\\""RAW_LANGUAGE_SCOPE_V1\\\"",\\\""[\\\\\\\""number\\\\\\\"",\\\\\\\""14\\\\\\\""]\\\"",[\\\""string\\\"",\\\""韩语\\\""]]\""]"",""[\""LANE_B_BOOK_ID_V1\"",\""[\\\""string\\\"",\\\""changdu-app\\\""]\"",\""[\\\""number\\\"",\\\""980308130\\\""]\"",\""[\\\""RAW_LANGUAGE_SCOPE_V1\\\"",\\\""[\\\\\\\""number\\\\\\\"",\\\\\\\""14\\\\\\\""]\\\"",[\\\""string\\\"",\\\""韩语\\\""]]\""]"",""[\""LANE_B_BOOK_ID_V1\"",\""[\\\""string\\\"",\\\""changdu-app\\\""]\"",\""[\\\""number\\\"",\\\""980308138\\\""]\"",\""[\\\""RAW_LANGUAGE_SCOPE_V1\\\"",\\\""[\\\\\\\""number\\\\\\\"",\\\\\\\""14\\\\\\\""]\\\"",[\\\""string\\\"",\\\""韩语\\\""]]\""]"",""[\""LANE_B_BOOK_ID_V1\"",\""[\\\""string\\\"",\\\""changdu-app\\\""]\"",\""[\\\""number\\\"",\\\""980308098\\\""]\"",\""[\\\""RAW_LANGUAGE_SCOPE_V1\\\"",\\\""[\\\\\\\""number\\\\\\\"",\\\\\\\""14\\\\\\\""]\\\"",[\\\""string\\\"",\\\""韩语\\\""]]\""]"",""[\""LANE_B_BOOK_ID_V1\"",\""[\\\""string\\\"",\\\""changdu-app\\\""]\"",\""[\\\""number\\\"",\\\""980308108\\\""]\"",\""[\\\""RAW_LANGUAGE_SCOPE_V1\\\"",\\\""[\\\\\\\""number\\\\\\\"",\\\\\\\""14\\\\\\\""]\\\"",[\\\""string\\\"",\\\""韩语\\\""]]\""]"",""[\""LANE_B_BOOK_ID_V1\"",\""[\\\""string\\\"",\\\""changdu-app\\\""]\"",\""[\\\""number\\\"",\\\""980308110\\\""]\"",\""[\\\""RAW_LANGUAGE_SCOPE_V1\\\"",\\\""[\\\\\\\""number\\\\\\\"",\\\\\\\""14\\\\\\\""]\\\"",[\\\""string\\\"",\\\""韩语\\\""]]\""]"",""[\""LANE_B_BOOK_ID_V1\"",\""[\\\""string\\\"",\\\""changdu-app\\\""]\"",\""[\\\""number\\\"",\\\""980308114\\\""]\"",\""[\\\""RAW_LANGUAGE_SCOPE_V1\\\"",\\\""[\\\\\\\""number\\\\\\\"",\\\\\\\""14\\\\\\\""]\\\"",[\\\""string\\\"",\\\""韩语\\\""]]\""]""]",APPROVED_MAP_CANDIDATE,CROSS_REVIEW_FINAL,TIER_1_STRONG,0.93,4/4 decision+target一致，代表书证与目标语义相符，无明显反证,NONE_IDENTIFIED,1,1,ct-v1-romance,romance,言情,APPROVED_OFFLINE_CANDIDATE_ONLY
MAPPING_EDGE,f5e53dcdc7acb50d3f0ae53d7b04db8e4e84739ae289b57aadb5222565ec88e3,5316930c22ccc474327fb750c1766b640151dcaba4ddfb3d6f14003cdebf678c,changdu-app,"[""RAW_LANGUAGE_SCOPE_V1"",""[\""number\"",\""14\""]"",[""string"",""韩语""]]",KO,마피아,66eI7ZS87JWE,6ad8462e02e0bb08f0c2491d0846b456ffc7c270ffe3f6fa97d88962a8a31f08,4,4,4,"[""[\""LANE_B_BOOK_ID_V1\"",\""[\\\""string\\\"",\\\""changdu-app\\\""]\"",\""[\\\""number\\\"",\\\""980308122\\\""]\"",\""[\\\""RAW_LANGUAGE_SCOPE_V1\\\"",\\\""[\\\\\\\""number\\\\\\\"",\\\\\\\""14\\\\\\\""]\\\"",[\\\""string\\\"",\\\""韩语\\\""]]\""]"",""[\""LANE_B_BOOK_ID_V1\"",\""[\\\""string\\\"",\\\""changdu-app\\\""]\"",\""[\\\""number\\\"",\\\""453507128\\\""]\"",\""[\\\""RAW_LANGUAGE_SCOPE_V1\\\"",\\\""[\\\\\\\""number\\\\\\\"",\\\\\\\""14\\\\\\\""]\\\"",[\\\""string\\\"",\\\""韩语\\\""]]\""]"",""[\""LANE_B_BOOK_ID_V1\"",\""[\\\""string\\\"",\\\""changdu-app\\\""]\"",\""[\\\""number\\\"",\\\""453507127\\\""]\"",\""[\\\""RAW_LANGUAGE_SCOPE_V1\\\"",\\\""[\\\\\\\""number\\\\\\\"",\\\\\\\""14\\\\\\\""]\\\"",[\\\""string\\\"",\\\""韩语\\\""]]\""]"",""[\""LANE_B_BOOK_ID_V1\"",\""[\\\""string\\\"",\\\""changdu-app\\\""]\"",\""[\\\""number\\\"",\\\""340205608\\\""]\"",\""[\\\""RAW_LANGUAGE_SCOPE_V1\\\"",\\\""[\\\\\\\""number\\\\\\\"",\\\\\\\""14\\\\\\\""]\\\"",[\\\""string\\\"",\\\""韩语\\\""]]\""]""]",APPROVED_MAP_CANDIDATE,CROSS_REVIEW_FINAL,TIER_1_STRONG,0.89,4/4 decision+target一致，代表书证与目标语义相符，无明显反证,NONE_IDENTIFIED,1,1,ct-v1-mafia,mafia,黑帮,APPROVED_OFFLINE_CANDIDATE_ONLY
MAPPING_EDGE,f393b18cfc35cef6fd690030fc43a5402f8732b537286a01fbad4a428b9aaaca,868b8ec4bd14b31aefe7aa7aeb4609698ef2bbe3ccff6ff2ebd2efffc7084689,changdu-app,"[""RAW_LANGUAGE_SCOPE_V1"",""[\""number\"",\""14\""]"",[""string"",""韩语""]]",KO,역사,7Jet7IKs,4f5275b217d6318a84049173adfd7508bfd66de2748a80cb21812ea349d20adb,7,7,7,"[""[\""LANE_B_BOOK_ID_V1\"",\""[\\\""string\\\"",\\\""changdu-app\\\""]\"",\""[\\\""number\\\"",\\\""808472844\\\""]\"",\""[\\\""RAW_LANGUAGE_SCOPE_V1\\\"",\\\""[\\\\\\\""number\\\\\\\"",\\\\\\\""14\\\\\\\""]\\\"",[\\\""string\\\"",\\\""韩语\\\""]]\""]"",""[\""LANE_B_BOOK_ID_V1\"",\""[\\\""string\\\"",\\\""changdu-app\\\""]\"",\""[\\\""number\\\"",\\\""808472845\\\""]\"",\""[\\\""RAW_LANGUAGE_SCOPE_V1\\\"",\\\""[\\\\\\\""number\\\\\\\"",\\\\\\\""14\\\\\\\""]\\\"",[\\\""string\\\"",\\\""韩语\\\""]]\""]"",""[\""LANE_B_BOOK_ID_V1\"",\""[\\\""string\\\"",\\\""changdu-app\\\""]\"",\""[\\\""number\\\"",\\\""453407657\\\""]\"",\""[\\\""RAW_LANGUAGE_SCOPE_V1\\\"",\\\""[\\\\\\\""number\\\\\\\"",\\\\\\\""14\\\\\\\""]\\\"",[\\\""string\\\"",\\\""韩语\\\""]]\""]"",""[\""LANE_B_BOOK_ID_V1\"",\""[\\\""string\\\"",\\\""changdu-app\\\""]\"",\""[\\\""number\\\"",\\\""186674187\\\""]\"",\""[\\\""RAW_LANGUAGE_SCOPE_V1\\\"",\\\""[\\\\\\\""number\\\\\\\"",\\\\\\\""14\\\\\\\""]\\\"",[\\\""string\\\"",\\\""韩语\\\""]]\""]"",""[\""LANE_B_BOOK_ID_V1\"",\""[\\\""string\\\"",\\\""changdu-app\\\""]\"",\""[\\\""number\\\"",\\\""5591073\\\""]\"",\""[\\\""RAW_LANGUAGE_SCOPE_V1\\\"",\\\""[\\\\\\\""number\\\\\\\"",\\\\\\\""14\\\\\\\""]\\\"",[\\\""string\\\"",\\\""韩语\\\""]]\""]""]",APPROVED_MAP_CANDIDATE,CROSS_REVIEW_FINAL,TIER_2_GOOD,0.75,3/4一致；约4/7书证为权谋古言/战神将军穿越婚恋（含现代噪声）,B: HUMAN_REVIEW（不跨scope继承）,1,1,ct-v1-historical-romance,historical-romance,古代言情,APPROVED_OFFLINE_CANDIDATE_ONLY
MAPPING_EDGE,3cf0e5200eb53d36a73b512e7db7d4b4d2dea3b5498552f05d59c843b553d87c,cfce02f3b60451d3a9b52c0fad000a352245c7dbd49f16943ba897c6fd8c56f0,changdu-app,"[""RAW_LANGUAGE_SCOPE_V1"",""[\""number\"",\""14\""]"",[""string"",""韩语""]]",KO,재벌,7J6s67KM,43bafa88360722472faf8e137ffe1f212f859b9fb61eeb597ad78453a6199d34,20,20,20,"[""[\""LANE_B_BOOK_ID_V1\"",\""[\\\""string\\\"",\\\""changdu-app\\\""]\"",\""[\\\""number\\\"",\\\""980308118\\\""]\"",\""[\\\""RAW_LANGUAGE_SCOPE_V1\\\"",\\\""[\\\\\\\""number\\\\\\\"",\\\\\\\""14\\\\\\\""]\\\"",[\\\""string\\\"",\\\""韩语\\\""]]\""]"",""[\""LANE_B_BOOK_ID_V1\"",\""[\\\""string\\\"",\\\""changdu-app\\\""]\"",\""[\\\""number\\\"",\\\""453507070\\\""]\"",\""[\\\""RAW_LANGUAGE_SCOPE_V1\\\"",\\\""[\\\\\\\""number\\\\\\\"",\\\\\\\""14\\\\\\\""]\\\"",[\\\""string\\\"",\\\""韩语\\\""]]\""]"",""[\""LANE_B_BOOK_ID_V1\"",\""[\\\""string\\\"",\\\""changdu-app\\\""]\"",\""[\\\""number\\\"",\\\""453507061\\\""]\"",\""[\\\""RAW_LANGUAGE_SCOPE_V1\\\"",\\\""[\\\\\\\""number\\\\\\\"",\\\\\\\""14\\\\\\\""]\\\"",[\\\""string\\\"",\\\""韩语\\\""]]\""]"",""[\""LANE_B_BOOK_ID_V1\"",\""[\\\""string\\\"",\\\""changdu-app\\\""]\"",\""[\\\""number\\\"",\\\""453507069\\\""]\"",\""[\\\""RAW_LANGUAGE_SCOPE_V1\\\"",\\\""[\\\\\\\""number\\\\\\\"",\\\\\\\""14\\\\\\\""]\\\"",[\\\""string\\\"",\\\""韩语\\\""]]\""]"",""[\""LANE_B_BOOK_ID_V1\"",\""[\\\""string\\\"",\\\""changdu-app\\\""]\"",\""[\\\""number\\\"",\\\""453507081\\\""]\"",\""[\\\""RAW_LANGUAGE_SCOPE_V1\\\"",\\\""[\\\\\\\""number\\\\\\\"",\\\\\\\""14\\\\\\\""]\\\"",[\\\""string\\\"",\\\""韩语\\\""]]\""]""]",APPROVED_MAP_CANDIDATE,CROSS_REVIEW_FINAL,TIER_1_STRONG,0.92,4/4 decision+target一致，代表书证与目标语义相符，无明显反证,NONE_IDENTIFIED,1,1,ct-v1-wealthy-ceo,wealthy-ceo,豪门总裁,APPROVED_OFFLINE_CANDIDATE_ONLY
MAPPING_EDGE,a3a85f59616d99a784c9020889181534567116a87be15d624f11d6f9a78b25b3,a6f67c931bd61d5bce78baaa351fab999c520011ef4c0c4965d6fc92480235bb,changdu-app,"[""RAW_LANGUAGE_SCOPE_V1"",""[\""number\"",\""14\""]"",[""string"",""韩语""]]",KO,현대,7ZiE64yA,e86946df1aed0f8fc3a4f8c652fa7c7b94e8fc3fc3ce8cc35c42bcf3e1b13dad,108,108,108,"[""[\""LANE_B_BOOK_ID_V1\"",\""[\\\""string\\\"",\\\""changdu-app\\\""]\"",\""[\\\""number\\\"",\\\""1075527944\\\""]\"",\""[\\\""RAW_LANGUAGE_SCOPE_V1\\\"",\\\""[\\\\\\\""number\\\\\\\"",\\\\\\\""14\\\\\\\""]\\\"",[\\\""string\\\"",\\\""韩语\\\""]]\""]"",""[\""LANE_B_BOOK_ID_V1\"",\""[\\\""string\\\"",\\\""changdu-app\\\""]\"",\""[\\\""number\\\"",\\\""1042341608\\\""]\"",\""[\\\""RAW_LANGUAGE_SCOPE_V1\\\"",\\\""[\\\\\\\""number\\\\\\\"",\\\\\\\""14\\\\\\\""]\\\"",[\\\""string\\\"",\\\""韩语\\\""]]\""]"",""[\""LANE_B_BOOK_ID_V1\"",\""[\\\""string\\\"",\\\""changdu-app\\\""]\"",\""[\\\""number\\\"",\\\""1044020615\\\""]\"",\""[\\\""RAW_LANGUAGE_SCOPE_V1\\\"",\\\""[\\\\\\\""number\\\\\\\"",\\\\\\\""14\\\\\\\""]\\\"",[\\\""string\\\"",\\\""韩语\\\""]]\""]"",""[\""LANE_B_BOOK_ID_V1\"",\""[\\\""string\\\"",\\\""changdu-app\\\""]\"",\""[\\\""number\\\"",\\\""1040269007\\\""]\"",\""[\\\""RAW_LANGUAGE_SCOPE_V1\\\"",\\\""[\\\\\\\""number\\\\\\\"",\\\\\\\""14\\\\\\\""]\\\"",[\\\""string\\\"",\\\""韩语\\\""]]\""]"",""[\""LANE_B_BOOK_ID_V1\"",\""[\\\""string\\\"",\\\""changdu-app\\\""]\"",\""[\\\""number\\\"",\\\""1040269008\\\""]\"",\""[\\\""RAW_LANGUAGE_SCOPE_V1\\\"",\\\""[\\\\\\\""number\\\\\\\"",\\\\\\\""14\\\\\\\""]\\\"",[\\\""string\\\"",\\\""韩语\\\""]]\""]"",""[\""LANE_B_BOOK_ID_V1\"",\""[\\\""string\\\"",\\\""changdu-app\\\""]\"",\""[\\\""number\\\"",\\\""1040269009\\\""]\"",\""[\\\""RAW_LANGUAGE_SCOPE_V1\\\"",\\\""[\\\\\\\""number\\\\\\\"",\\\\\\\""14\\\\\\\""]\\\"",[\\\""string\\\"",\\\""韩语\\\""]]\""]"",""[\""LANE_B_BOOK_ID_V1\"",\""[\\\""string\\\"",\\\""changdu-app\\\""]\"",\""[\\\""number\\\"",\\\""1040269060\\\""]\"",\""[\\\""RAW_LANGUAGE_SCOPE_V1\\\"",\\\""[\\\\\\\""number\\\\\\\"",\\\\\\\""14\\\\\\\""]\\\"",[\\\""string\\\"",\\\""韩语\\\""]]\""]"",""[\""LANE_B_BOOK_ID_V1\"",\""[\\\""string\\\"",\\\""changdu-app\\\""]\"",\""[\\\""number\\\"",\\\""1028128297\\\""]\"",\""[\\\""RAW_LANGUAGE_SCOPE_V1\\\"",\\\""[\\\\\\\""number\\\\\\\"",\\\\\\\""14\\\\\\\""]\\\"",[\\\""string\\\"",\\\""韩语\\\""]]\""]"",""[\""LANE_B_BOOK_ID_V1\"",\""[\\\""string\\\"",\\\""changdu-app\\\""]\"",\""[\\\""number\\\"",\\\""980308111\\\""]\"",\""[\\\""RAW_LANGUAGE_SCOPE_V1\\\"",\\\""[\\\\\\\""number\\\\\\\"",\\\\\\\""14\\\\\\\""]\\\"",[\\\""string\\\"",\\\""韩语\\\""]]\""]"",""[\""LANE_B_BOOK_ID_V1\"",\""[\\\""string\\\"",\\\""changdu-app\\\""]\"",\""[\\\""number\\\"",\\\""980308128\\\""]\"",\""[\\\""RAW_LANGUAGE_SCOPE_V1\\\"",\\\""[\\\\\\\""number\\\\\\\"",\\\\\\\""14\\\\\\\""]\\\"",[\\\""string\\\"",\\\""韩语\\\""]]\""]"",""[\""LANE_B_BOOK_ID_V1\"",\""[\\\""string\\\"",\\\""changdu-app\\\""]\"",\""[\\\""number\\\"",\\\""980308134\\\""]\"",\""[\\\""RAW_LANGUAGE_SCOPE_V1\\\"",\\\""[\\\\\\\""number\\\\\\\"",\\\\\\\""14\\\\\\\""]\\\"",[\\\""string\\\"",\\\""韩语\\\""]]\""]""]",APPROVED_MAP_CANDIDATE,CROSS_REVIEW_FINAL,TIER_3_TARGET_CONFLICT,0.88,女频共现~100%，书证全为现代豪门婚恋/复仇言情；modern-romance为检索等价入口,C: contemporary-setting（setting facet字面映射，不错但检索价值低）,1,1,ct-v1-modern-romance,modern-romance,现代言情,APPROVED_OFFLINE_CANDIDATE_ONLY
MAPPING_EDGE,b1865a3ea61258c57a5576a0413d1727a692253088f221d8f1aeb60f7ece17e3,1e066323bf764e7eedcd8f5d696a713d4e937654ce9a3d3ac8eaeec02c9d4255,changdu-app,"[""RAW_LANGUAGE_SCOPE_V1"",""[\""number\"",\""5\""]"",[""string"",""葡语""]]",PT,Bilionários,QmlsaW9uw6FyaW9z,1b5e565f3dd7e86a3e89bde0122032940c7661b518fef4ffcafb90eb4bfac8fb,107,107,107,"[""[\""LANE_B_BOOK_ID_V1\"",\""[\\\""string\\\"",\\\""changdu-app\\\""]\"",\""[\\\""number\\\"",\\\""1117420010\\\""]\"",\""[\\\""RAW_LANGUAGE_SCOPE_V1\\\"",\\\""[\\\\\\\""number\\\\\\\"",\\\\\\\""5\\\\\\\""]\\\"",[\\\""string\\\"",\\\""葡语\\\""]]\""]"",""[\""LANE_B_BOOK_ID_V1\"",\""[\\\""string\\\"",\\\""changdu-app\\\""]\"",\""[\\\""number\\\"",\\\""1580690\\\""]\"",\""[\\\""RAW_LANGUAGE_SCOPE_V1\\\"",\\\""[\\\\\\\""number\\\\\\\"",\\\\\\\""5\\\\\\\""]\\\"",[\\\""string\\\"",\\\""葡语\\\""]]\""]"",""[\""LANE_B_BOOK_ID_V1\"",\""[\\\""string\\\"",\\\""changdu-app\\\""]\"",\""[\\\""number\\\"",\\\""996345186\\\""]\"",\""[\\\""RAW_LANGUAGE_SCOPE_V1\\\"",\\\""[\\\\\\\""number\\\\\\\"",\\\\\\\""5\\\\\\\""]\\\"",[\\\""string\\\"",\\\""葡语\\\""]]\""]"",""[\""LANE_B_BOOK_ID_V1\"",\""[\\\""string\\\"",\\\""changdu-app\\\""]\"",\""[\\\""number\\\"",\\\""941313881\\\""]\"",\""[\\\""RAW_LANGUAGE_SCOPE_V1\\\"",\\\""[\\\\\\\""number\\\\\\\"",\\\\\\\""5\\\\\\\""]\\\"",[\\\""string\\\"",\\\""葡语\\\""]]\""]"",""[\""LANE_B_BOOK_ID_V1\"",\""[\\\""string\\\"",\\\""changdu-app\\\""]\"",\""[\\\""number\\\"",\\\""936451092\\\""]\"",\""[\\\""RAW_LANGUAGE_SCOPE_V1\\\"",\\\""[\\\\\\\""number\\\\\\\"",\\\\\\\""5\\\\\\\""]\\\"",[\\\""string\\\"",\\\""葡语\\\""]]\""]"",""[\""LANE_B_BOOK_ID_V1\"",\""[\\\""string\\\"",\\\""changdu-app\\\""]\"",\""[\\\""number\\\"",\\\""912179083\\\""]\"",\""[\\\""RAW_LANGUAGE_SCOPE_V1\\\"",\\\""[\\\\\\\""number\\\\\\\"",\\\\\\\""5\\\\\\\""]\\\"",[\\\""string\\\"",\\\""葡语\\\""]]\""]"",""[\""LANE_B_BOOK_ID_V1\"",\""[\\\""string\\\"",\\\""changdu-app\\\""]\"",\""[\\\""number\\\"",\\\""912179084\\\""]\"",\""[\\\""RAW_LANGUAGE_SCOPE_V1\\\"",\\\""[\\\\\\\""number\\\\\\\"",\\\\\\\""5\\\\\\\""]\\\"",[\\\""string\\\"",\\\""葡语\\\""]]\""]"",""[\""LANE_B_BOOK_ID_V1\"",\""[\\\""string\\\"",\\\""changdu-app\\\""]\"",\""[\\\""number\\\"",\\\""803345258\\\""]\"",\""[\\\""RAW_LANGUAGE_SCOPE_V1\\\"",\\\""[\\\\\\\""number\\\\\\\"",\\\\\\\""5\\\\\\\""]\\\"",[\\\""string\\\"",\\\""葡语\\\""]]\""]"",""[\""LANE_B_BOOK_ID_V1\"",\""[\\\""string\\\"",\\\""changdu-app\\\""]\"",\""[\\\""number\\\"",\\\""688012160\\\""]\"",\""[\\\""RAW_LANGUAGE_SCOPE_V1\\\"",\\\""[\\\\\\\""number\\\\\\\"",\\\\\\\""5\\\\\\\""]\\\"",[\\\""string\\\"",\\\""葡语\\\""]]\""]"",""[\""LANE_B_BOOK_ID_V1\"",\""[\\\""string\\\"",\\\""changdu-app\\\""]\"",\""[\\\""number\\\"",\\\""688012162\\\""]\"",\""[\\\""RAW_LANGUAGE_SCOPE_V1\\\"",\\\""[\\\\\\\""number\\\\\\\"",\\\\\\\""5\\\\\\\""]\\\"",[\\\""string\\\"",\\\""葡语\\\""]]\""]"",""[\""LANE_B_BOOK_ID_V1\"",\""[\\\""string\\\"",\\\""changdu-app\\\""]\"",\""[\\\""number\\\"",\\\""690431011\\\""]\"",\""[\\\""RAW_LANGUAGE_SCOPE_V1\\\"",\\\""[\\\\\\\""number\\\\\\\"",\\\\\\\""5\\\\\\\""]\\\"",[\\\""string\\\"",\\\""葡语\\\""]]\""]""]",APPROVED_MAP_CANDIDATE,CROSS_REVIEW_FINAL,TIER_1_STRONG,0.92,4/4 decision+target一致，代表书证与目标语义相符，无明显反证,NONE_IDENTIFIED,1,1,ct-v1-wealthy-ceo,wealthy-ceo,豪门总裁,APPROVED_OFFLINE_CANDIDATE_ONLY
MAPPING_EDGE,c2032317c2b633e36f3f58c71086179431a7383414f6c0c6780aa3621969f04f,43837515c36266dc5495287ae5117cd7a1c0c13a8fca91b5ba5c2a9350f1074f,changdu-app,"[""RAW_LANGUAGE_SCOPE_V1"",""[\""number\"",\""5\""]"",[""string"",""葡语""]]",PT,Fantasia,RmFudGFzaWE=,ccbc7bba94da3dda8636a0b0b90a4a56874000fe84356f9011f5deaabf88d714,37,37,37,"[""[\""LANE_B_BOOK_ID_V1\"",\""[\\\""string\\\"",\\\""changdu-app\\\""]\"",\""[\\\""number\\\"",\\\""926019043\\\""]\"",\""[\\\""RAW_LANGUAGE_SCOPE_V1\\\"",\\\""[\\\\\\\""number\\\\\\\"",\\\\\\\""5\\\\\\\""]\\\"",[\\\""string\\\"",\\\""葡语\\\""]]\""]"",""[\""LANE_B_BOOK_ID_V1\"",\""[\\\""string\\\"",\\\""changdu-app\\\""]\"",\""[\\\""number\\\"",\\\""690431016\\\""]\"",\""[\\\""RAW_LANGUAGE_SCOPE_V1\\\"",\\\""[\\\\\\\""number\\\\\\\"",\\\\\\\""5\\\\\\\""]\\\"",[\\\""string\\\"",\\\""葡语\\\""]]\""]"",""[\""LANE_B_BOOK_ID_V1\"",\""[\\\""string\\\"",\\\""changdu-app\\\""]\"",\""[\\\""number\\\"",\\\""475426549\\\""]\"",\""[\\\""RAW_LANGUAGE_SCOPE_V1\\\"",\\\""[\\\\\\\""number\\\\\\\"",\\\\\\\""5\\\\\\\""]\\\"",[\\\""string\\\"",\\\""葡语\\\""]]\""]"",""[\""LANE_B_BOOK_ID_V1\"",\""[\\\""string\\\"",\\\""changdu-app\\\""]\"",\""[\\\""number\\\"",\\\""422366523\\\""]\"",\""[\\\""RAW_LANGUAGE_SCOPE_V1\\\"",\\\""[\\\\\\\""number\\\\\\\"",\\\\\\\""5\\\\\\\""]\\\"",[\\\""string\\\"",\\\""葡语\\\""]]\""]"",""[\""LANE_B_BOOK_ID_V1\"",\""[\\\""string\\\"",\\\""changdu-app\\\""]\"",\""[\\\""number\\\"",\\\""317034178\\\""]\"",\""[\\\""RAW_LANGUAGE_SCOPE_V1\\\"",\\\""[\\\\\\\""number\\\\\\\"",\\\\\\\""5\\\\\\\""]\\\"",[\\\""string\\\"",\\\""葡语\\\""]]\""]"",""[\""LANE_B_BOOK_ID_V1\"",\""[\\\""string\\\"",\\\""changdu-app\\\""]\"",\""[\\\""number\\\"",\\\""318635725\\\""]\"",\""[\\\""RAW_LANGUAGE_SCOPE_V1\\\"",\\\""[\\\\\\\""number\\\\\\\"",\\\\\\\""5\\\\\\\""]\\\"",[\\\""string\\\"",\\\""葡语\\\""]]\""]"",""[\""LANE_B_BOOK_ID_V1\"",\""[\\\""string\\\"",\\\""changdu-app\\\""]\"",\""[\\\""number\\\"",\\\""281526556\\\""]\"",\""[\\\""RAW_LANGUAGE_SCOPE_V1\\\"",\\\""[\\\\\\\""number\\\\\\\"",\\\\\\\""5\\\\\\\""]\\\"",[\\\""string\\\"",\\\""葡语\\\""]]\""]""]",APPROVED_MAP_CANDIDATE,CROSS_REVIEW_FINAL,TIER_2_GOOD,0.75,3/4一致；书证多数为异界生物/不朽者/魔典,B: HUMAN_REVIEW(0.58),1,1,ct-v1-fantasy,fantasy,奇幻,APPROVED_OFFLINE_CANDIDATE_ONLY
MAPPING_EDGE,a998a803f7c6f1c3b1048b722e796337ce6c65502627bb938788e0c554369619,ec19e1508dd6feeb505cde0734eed66a4d291364c2f73c77dab26cf30019137d,changdu-app,"[""RAW_LANGUAGE_SCOPE_V1"",""[\""number\"",\""5\""]"",[""string"",""葡语""]]",PT,Horror,SG9ycm9y,271a22f75d73e13fa558d991442ecde8d75a34a0b9f6216d44b116f8612c82dc,7,7,7,"[""[\""LANE_B_BOOK_ID_V1\"",\""[\\\""string\\\"",\\\""changdu-app\\\""]\"",\""[\\\""number\\\"",\\\""250493514\\\""]\"",\""[\\\""RAW_LANGUAGE_SCOPE_V1\\\"",\\\""[\\\\\\\""number\\\\\\\"",\\\\\\\""5\\\\\\\""]\\\"",[\\\""string\\\"",\\\""葡语\\\""]]\""]"",""[\""LANE_B_BOOK_ID_V1\"",\""[\\\""string\\\"",\\\""changdu-app\\\""]\"",\""[\\\""number\\\"",\\\""175215493\\\""]\"",\""[\\\""RAW_LANGUAGE_SCOPE_V1\\\"",\\\""[\\\\\\\""number\\\\\\\"",\\\\\\\""5\\\\\\\""]\\\"",[\\\""string\\\"",\\\""葡语\\\""]]\""]"",""[\""LANE_B_BOOK_ID_V1\"",\""[\\\""string\\\"",\\\""changdu-app\\\""]\"",\""[\\\""number\\\"",\\\""172726784\\\""]\"",\""[\\\""RAW_LANGUAGE_SCOPE_V1\\\"",\\\""[\\\\\\\""number\\\\\\\"",\\\\\\\""5\\\\\\\""]\\\"",[\\\""string\\\"",\\\""葡语\\\""]]\""]"",""[\""LANE_B_BOOK_ID_V1\"",\""[\\\""string\\\"",\\\""changdu-app\\\""]\"",\""[\\\""number\\\"",\\\""168455096\\\""]\"",\""[\\\""RAW_LANGUAGE_SCOPE_V1\\\"",\\\""[\\\\\\\""number\\\\\\\"",\\\\\\\""5\\\\\\\""]\\\"",[\\\""string\\\"",\\\""葡语\\\""]]\""]"",""[\""LANE_B_BOOK_ID_V1\"",\""[\\\""string\\\"",\\\""changdu-app\\\""]\"",\""[\\\""number\\\"",\\\""5568641\\\""]\"",\""[\\\""RAW_LANGUAGE_SCOPE_V1\\\"",\\\""[\\\\\\\""number\\\\\\\"",\\\\\\\""5\\\\\\\""]\\\"",[\\\""string\\\"",\\\""葡语\\\""]]\""]""]",APPROVED_MAP_CANDIDATE,CROSS_REVIEW_FINAL,TIER_2_GOOD,0.68,A/B/C提出同一horror概念；书证约半数为恐怖短篇集（Contos de Terror/Mistérios Sombrios），半数复仇言情——挂入但列过映射观察,D: HUMAN_REVIEW,1,1,ct-v1-horror,horror,恐怖,APPROVED_OFFLINE_CANDIDATE_ONLY
MAPPING_EDGE,7d737b5cdd078afd7aa799ba80867b5636e382f673b84c534351f6906dddd42a,eaea96228cb5eb8e06c9eeb1c9810ff4e46f05dc83e6441430ec8ffc16649ca8,changdu-app,"[""RAW_LANGUAGE_SCOPE_V1"",""[\""number\"",\""5\""]"",[""string"",""葡语""]]",PT,LGBT+,TEdCVCs=,e82b54800c798ebb021135f88e2cff0e6d3e47e91823700315eaa27295a3de47,13,13,13,"[""[\""LANE_B_BOOK_ID_V1\"",\""[\\\""string\\\"",\\\""changdu-app\\\""]\"",\""[\\\""number\\\"",\\\""5567893\\\""]\"",\""[\\\""RAW_LANGUAGE_SCOPE_V1\\\"",\\\""[\\\\\\\""number\\\\\\\"",\\\\\\\""5\\\\\\\""]\\\"",[\\\""string\\\"",\\\""葡语\\\""]]\""]"",""[\""LANE_B_BOOK_ID_V1\"",\""[\\\""string\\\"",\\\""changdu-app\\\""]\"",\""[\\\""number\\\"",\\\""5537527\\\""]\"",\""[\\\""RAW_LANGUAGE_SCOPE_V1\\\"",\\\""[\\\\\\\""number\\\\\\\"",\\\\\\\""5\\\\\\\""]\\\"",[\\\""string\\\"",\\\""葡语\\\""]]\""]"",""[\""LANE_B_BOOK_ID_V1\"",\""[\\\""string\\\"",\\\""changdu-app\\\""]\"",\""[\\\""number\\\"",\\\""5539246\\\""]\"",\""[\\\""RAW_LANGUAGE_SCOPE_V1\\\"",\\\""[\\\\\\\""number\\\\\\\"",\\\\\\\""5\\\\\\\""]\\\"",[\\\""string\\\"",\\\""葡语\\\""]]\""]"",""[\""LANE_B_BOOK_ID_V1\"",\""[\\\""string\\\"",\\\""changdu-app\\\""]\"",\""[\\\""number\\\"",\\\""5531683\\\""]\"",\""[\\\""RAW_LANGUAGE_SCOPE_V1\\\"",\\\""[\\\\\\\""number\\\\\\\"",\\\\\\\""5\\\\\\\""]\\\"",[\\\""string\\\"",\\\""葡语\\\""]]\""]"",""[\""LANE_B_BOOK_ID_V1\"",\""[\\\""string\\\"",\\\""changdu-app\\\""]\"",\""[\\\""number\\\"",\\\""5533174\\\""]\"",\""[\\\""RAW_LANGUAGE_SCOPE_V1\\\"",\\\""[\\\\\\\""number\\\\\\\"",\\\\\\\""5\\\\\\\""]\\\"",[\\\""string\\\"",\\\""葡语\\\""]]\""]""]",APPROVED_MAP_CANDIDATE,CROSS_REVIEW_FINAL,TIER_1_STRONG,0.85,4/4提出同一新概念（slug各异：lgbtq-romance/lgbtq/lgbt-plus/lgbt，语义归一后同一identity）；书证为BL/GL/Omegaverse同性恋爱主线,B对泰语นิยายวาย另提boys-love子概念→归一为alias,1,1,ct-v1-lgbtq-romance,lgbtq-romance,LGBTQ+恋爱,APPROVED_OFFLINE_CANDIDATE_ONLY
MAPPING_EDGE,be691dc221166ffa119ea88a45735eca0fb2b7c94135bcf3a52e2e76c2380da0,4f6bb4e583cf44e19898c8a47617b0c86eec5be004e3c108598d1904c029c918,changdu-app,"[""RAW_LANGUAGE_SCOPE_V1"",""[\""number\"",\""5\""]"",[""string"",""葡语""]]",PT,Lobisomem,TG9iaXNvbWVt,0e91bd151242a6e237f82717d6a7fbf6b37d20cd855e9b37171887e1a783c70a,51,51,51,"[""[\""LANE_B_BOOK_ID_V1\"",\""[\\\""string\\\"",\\\""changdu-app\\\""]\"",\""[\\\""number\\\"",\\\""974958867\\\""]\"",\""[\\\""RAW_LANGUAGE_SCOPE_V1\\\"",\\\""[\\\\\\\""number\\\\\\\"",\\\\\\\""5\\\\\\\""]\\\"",[\\\""string\\\"",\\\""葡语\\\""]]\""]"",""[\""LANE_B_BOOK_ID_V1\"",\""[\\\""string\\\"",\\\""changdu-app\\\""]\"",\""[\\\""number\\\"",\\\""1044217831\\\""]\"",\""[\\\""RAW_LANGUAGE_SCOPE_V1\\\"",\\\""[\\\\\\\""number\\\\\\\"",\\\\\\\""5\\\\\\\""]\\\"",[\\\""string\\\"",\\\""葡语\\\""]]\""]"",""[\""LANE_B_BOOK_ID_V1\"",\""[\\\""string\\\"",\\\""changdu-app\\\""]\"",\""[\\\""number\\\"",\\\""573618534\\\""]\"",\""[\\\""RAW_LANGUAGE_SCOPE_V1\\\"",\\\""[\\\\\\\""number\\\\\\\"",\\\\\\\""5\\\\\\\""]\\\"",[\\\""string\\\"",\\\""葡语\\\""]]\""]"",""[\""LANE_B_BOOK_ID_V1\"",\""[\\\""string\\\"",\\\""changdu-app\\\""]\"",\""[\\\""number\\\"",\\\""965793100\\\""]\"",\""[\\\""RAW_LANGUAGE_SCOPE_V1\\\"",\\\""[\\\\\\\""number\\\\\\\"",\\\\\\\""5\\\\\\\""]\\\"",[\\\""string\\\"",\\\""葡语\\\""]]\""]"",""[\""LANE_B_BOOK_ID_V1\"",\""[\\\""string\\\"",\\\""changdu-app\\\""]\"",\""[\\\""number\\\"",\\\""974859940\\\""]\"",\""[\\\""RAW_LANGUAGE_SCOPE_V1\\\"",\\\""[\\\\\\\""number\\\\\\\"",\\\\\\\""5\\\\\\\""]\\\"",[\\\""string\\\"",\\\""葡语\\\""]]\""]"",""[\""LANE_B_BOOK_ID_V1\"",\""[\\\""string\\\"",\\\""changdu-app\\\""]\"",\""[\\\""number\\\"",\\\""1012534528\\\""]\"",\""[\\\""RAW_LANGUAGE_SCOPE_V1\\\"",\\\""[\\\\\\\""number\\\\\\\"",\\\\\\\""5\\\\\\\""]\\\"",[\\\""string\\\"",\\\""葡语\\\""]]\""]"",""[\""LANE_B_BOOK_ID_V1\"",\""[\\\""string\\\"",\\\""changdu-app\\\""]\"",\""[\\\""number\\\"",\\\""819545886\\\""]\"",\""[\\\""RAW_LANGUAGE_SCOPE_V1\\\"",\\\""[\\\\\\\""number\\\\\\\"",\\\\\\\""5\\\\\\\""]\\\"",[\\\""string\\\"",\\\""葡语\\\""]]\""]"",""[\""LANE_B_BOOK_ID_V1\"",\""[\\\""string\\\"",\\\""changdu-app\\\""]\"",\""[\\\""number\\\"",\\\""1104079099\\\""]\"",\""[\\\""RAW_LANGUAGE_SCOPE_V1\\\"",\\\""[\\\\\\\""number\\\\\\\"",\\\\\\\""5\\\\\\\""]\\\"",[\\\""string\\\"",\\\""葡语\\\""]]\""]""]",APPROVED_MAP_CANDIDATE,CROSS_REVIEW_FINAL,TIER_1_STRONG,0.94,4/4 decision+target一致，代表书证与目标语义相符，无明显反证,NONE_IDENTIFIED,1,1,ct-v1-werewolf,werewolf,狼人,APPROVED_OFFLINE_CANDIDATE_ONLY
MAPPING_EDGE,78a91436d286310a553adeeb08f12b999dfacb152eda9c9119a6869ad70fa7e3,21bdd8842efbf85819fc25abb8802e295c53c5c5b7e62365610423ba3f8c1aa2,changdu-app,"[""RAW_LANGUAGE_SCOPE_V1"",""[\""number\"",\""5\""]"",[""string"",""葡语""]]",PT,Moderno,TW9kZXJubw==,35d9dfc22d5b90cf91f748a6a92b4f110d4a6c52cf181892de29fde61215c3ef,410,410,410,"[""[\""LANE_B_BOOK_ID_V1\"",\""[\\\""string\\\"",\\\""changdu-app\\\""]\"",\""[\\\""number\\\"",\\\""1103980070\\\""]\"",\""[\\\""RAW_LANGUAGE_SCOPE_V1\\\"",\\\""[\\\\\\\""number\\\\\\\"",\\\\\\\""5\\\\\\\""]\\\"",[\\\""string\\\"",\\\""葡语\\\""]]\""]"",""[\""LANE_B_BOOK_ID_V1\"",\""[\\\""string\\\"",\\\""changdu-app\\\""]\"",\""[\\\""number\\\"",\\\""1133222102\\\""]\"",\""[\\\""RAW_LANGUAGE_SCOPE_V1\\\"",\\\""[\\\\\\\""number\\\\\\\"",\\\\\\\""5\\\\\\\""]\\\"",[\\\""string\\\"",\\\""葡语\\\""]]\""]"",""[\""LANE_B_BOOK_ID_V1\"",\""[\\\""string\\\"",\\\""changdu-app\\\""]\"",\""[\\\""number\\\"",\\\""1037702674\\\""]\"",\""[\\\""RAW_LANGUAGE_SCOPE_V1\\\"",\\\""[\\\\\\\""number\\\\\\\"",\\\\\\\""5\\\\\\\""]\\\"",[\\\""string\\\"",\\\""葡语\\\""]]\""]"",""[\""LANE_B_BOOK_ID_V1\"",\""[\\\""string\\\"",\\\""changdu-app\\\""]\"",\""[\\\""number\\\"",\\\""1040269087\\\""]\"",\""[\\\""RAW_LANGUAGE_SCOPE_V1\\\"",\\\""[\\\\\\\""number\\\\\\\"",\\\\\\\""5\\\\\\\""]\\\"",[\\\""string\\\"",\\\""葡语\\\""]]\""]"",""[\""LANE_B_BOOK_ID_V1\"",\""[\\\""string\\\"",\\\""changdu-app\\\""]\"",\""[\\\""number\\\"",\\\""1053494548\\\""]\"",\""[\\\""RAW_LANGUAGE_SCOPE_V1\\\"",\\\""[\\\\\\\""number\\\\\\\"",\\\\\\\""5\\\\\\\""]\\\"",[\\\""string\\\"",\\\""葡语\\\""]]\""]"",""[\""LANE_B_BOOK_ID_V1\"",\""[\\\""string\\\"",\\\""changdu-app\\\""]\"",\""[\\\""number\\\"",\\\""472994413\\\""]\"",\""[\\\""RAW_LANGUAGE_SCOPE_V1\\\"",\\\""[\\\\\\\""number\\\\\\\"",\\\\\\\""5\\\\\\\""]\\\"",[\\\""string\\\"",\\\""葡语\\\""]]\""]"",""[\""LANE_B_BOOK_ID_V1\"",\""[\\\""string\\\"",\\\""changdu-app\\\""]\"",\""[\\\""number\\\"",\\\""559431447\\\""]\"",\""[\\\""RAW_LANGUAGE_SCOPE_V1\\\"",\\\""[\\\\\\\""number\\\\\\\"",\\\\\\\""5\\\\\\\""]\\\"",[\\\""string\\\"",\\\""葡语\\\""]]\""]"",""[\""LANE_B_BOOK_ID_V1\"",\""[\\\""string\\\"",\\\""changdu-app\\\""]\"",\""[\\\""number\\\"",\\\""889734182\\\""]\"",\""[\\\""RAW_LANGUAGE_SCOPE_V1\\\"",\\\""[\\\\\\\""number\\\\\\\"",\\\\\\\""5\\\\\\\""]\\\"",[\\\""string\\\"",\\\""葡语\\\""]]\""]"",""[\""LANE_B_BOOK_ID_V1\"",\""[\\\""string\\\"",\\\""changdu-app\\\""]\"",\""[\\\""number\\\"",\\\""892656022\\\""]\"",\""[\\\""RAW_LANGUAGE_SCOPE_V1\\\"",\\\""[\\\\\\\""number\\\\\\\"",\\\\\\\""5\\\\\\\""]\\\"",[\\\""string\\\"",\\\""葡语\\\""]]\""]"",""[\""LANE_B_BOOK_ID_V1\"",\""[\\\""string\\\"",\\\""changdu-app\\\""]\"",\""[\\\""number\\\"",\\\""996641286\\\""]\"",\""[\\\""RAW_LANGUAGE_SCOPE_V1\\\"",\\\""[\\\\\\\""number\\\\\\\"",\\\\\\\""5\\\\\\\""]\\\"",[\\\""string\\\"",\\\""葡语\\\""]]\""]"",""[\""LANE_B_BOOK_ID_V1\"",\""[\\\""string\\\"",\\\""changdu-app\\\""]\"",\""[\\\""number\\\"",\\\""1085700855\\\""]\"",\""[\\\""RAW_LANGUAGE_SCOPE_V1\\\"",\\\""[\\\\\\\""number\\\\\\\"",\\\\\\\""5\\\\\\\""]\\\"",[\\\""string\\\"",\\\""葡语\\\""]]\""]"",""[\""LANE_B_BOOK_ID_V1\"",\""[\\\""string\\\"",\\\""changdu-app\\\""]\"",\""[\\\""number\\\"",\\\""5407419\\\""]\"",\""[\\\""RAW_LANGUAGE_SCOPE_V1\\\"",\\\""[\\\\\\\""number\\\\\\\"",\\\\\\\""5\\\\\\\""]\\\"",[\\\""string\\\"",\\\""葡语\\\""]]\""]""]",APPROVED_MAP_CANDIDATE,CROSS_REVIEW_FINAL,TIER_3_TARGET_CONFLICT,0.88,女频共现~100%，书证全为现代豪门婚恋/复仇言情；modern-romance为检索等价入口,C: contemporary-setting（setting facet字面映射，不错但检索价值低）,1,1,ct-v1-modern-romance,modern-romance,现代言情,APPROVED_OFFLINE_CANDIDATE_ONLY
MAPPING_EDGE,aa89b08f7e83ef14f6388ee3c71ba034ec851fff5898fb9e2ca117701a613735,9803d198461f229916f49405a97fac730444a68e588f1480e2c0e7d189b840f6,changdu-app,"[""RAW_LANGUAGE_SCOPE_V1"",""[\""number\"",\""5\""]"",[""string"",""葡语""]]",PT,Máfia,TcOhZmlh,aca1c1abe5e0be83030730383d310484509f7fb4f3d8a86ab0dc6cdc1fcdab02,48,48,48,"[""[\""LANE_B_BOOK_ID_V1\"",\""[\\\""string\\\"",\\\""changdu-app\\\""]\"",\""[\\\""number\\\"",\\\""748349652\\\""]\"",\""[\\\""RAW_LANGUAGE_SCOPE_V1\\\"",\\\""[\\\\\\\""number\\\\\\\"",\\\\\\\""5\\\\\\\""]\\\"",[\\\""string\\\"",\\\""葡语\\\""]]\""]"",""[\""LANE_B_BOOK_ID_V1\"",\""[\\\""string\\\"",\\\""changdu-app\\\""]\"",\""[\\\""number\\\"",\\\""980207227\\\""]\"",\""[\\\""RAW_LANGUAGE_SCOPE_V1\\\"",\\\""[\\\\\\\""number\\\\\\\"",\\\\\\\""5\\\\\\\""]\\\"",[\\\""string\\\"",\\\""葡语\\\""]]\""]"",""[\""LANE_B_BOOK_ID_V1\"",\""[\\\""string\\\"",\\\""changdu-app\\\""]\"",\""[\\\""number\\\"",\\\""883166482\\\""]\"",\""[\\\""RAW_LANGUAGE_SCOPE_V1\\\"",\\\""[\\\\\\\""number\\\\\\\"",\\\\\\\""5\\\\\\\""]\\\"",[\\\""string\\\"",\\\""葡语\\\""]]\""]"",""[\""LANE_B_BOOK_ID_V1\"",\""[\\\""string\\\"",\\\""changdu-app\\\""]\"",\""[\\\""number\\\"",\\\""883166483\\\""]\"",\""[\\\""RAW_LANGUAGE_SCOPE_V1\\\"",\\\""[\\\\\\\""number\\\\\\\"",\\\\\\\""5\\\\\\\""]\\\"",[\\\""string\\\"",\\\""葡语\\\""]]\""]"",""[\""LANE_B_BOOK_ID_V1\"",\""[\\\""string\\\"",\\\""changdu-app\\\""]\"",\""[\\\""number\\\"",\\\""803842469\\\""]\"",\""[\\\""RAW_LANGUAGE_SCOPE_V1\\\"",\\\""[\\\\\\\""number\\\\\\\"",\\\\\\\""5\\\\\\\""]\\\"",[\\\""string\\\"",\\\""葡语\\\""]]\""]"",""[\""LANE_B_BOOK_ID_V1\"",\""[\\\""string\\\"",\\\""changdu-app\\\""]\"",\""[\\\""number\\\"",\\\""759620118\\\""]\"",\""[\\\""RAW_LANGUAGE_SCOPE_V1\\\"",\\\""[\\\\\\\""number\\\\\\\"",\\\\\\\""5\\\\\\\""]\\\"",[\\\""string\\\"",\\\""葡语\\\""]]\""]"",""[\""LANE_B_BOOK_ID_V1\"",\""[\\\""string\\\"",\\\""changdu-app\\\""]\"",\""[\\\""number\\\"",\\\""759620119\\\""]\"",\""[\\\""RAW_LANGUAGE_SCOPE_V1\\\"",\\\""[\\\\\\\""number\\\\\\\"",\\\\\\\""5\\\\\\\""]\\\"",[\\\""string\\\"",\\\""葡语\\\""]]\""]""]",APPROVED_MAP_CANDIDATE,CROSS_REVIEW_FINAL,TIER_1_STRONG,0.92,4/4 decision+target一致，代表书证与目标语义相符，无明显反证,NONE_IDENTIFIED,1,1,ct-v1-mafia,mafia,黑帮,APPROVED_OFFLINE_CANDIDATE_ONLY
MAPPING_EDGE,fa843cd90dcd6d71a1106537959c363aade125f6e0d7d55a415ed0867fd5ca72,b5c33c339ad7ba0cff84aa8bde3ca6bb6dc905bceac35e58b42efda44c82d101,changdu-app,"[""RAW_LANGUAGE_SCOPE_V1"",""[\""number\"",\""5\""]"",[""string"",""葡语""]]",PT,Romance,Um9tYW5jZQ==,3bc3567a7fc6511a85072520dc1bdb95a732c4aee93a6533d53954f39124d7c9,273,273,273,"[""[\""LANE_B_BOOK_ID_V1\"",\""[\\\""string\\\"",\\\""changdu-app\\\""]\"",\""[\\\""number\\\"",\\\""914614295\\\""]\"",\""[\\\""RAW_LANGUAGE_SCOPE_V1\\\"",\\\""[\\\\\\\""number\\\\\\\"",\\\\\\\""5\\\\\\\""]\\\"",[\\\""string\\\"",\\\""葡语\\\""]]\""]"",""[\""LANE_B_BOOK_ID_V1\"",\""[\\\""string\\\"",\\\""changdu-app\\\""]\"",\""[\\\""number\\\"",\\\""890033606\\\""]\"",\""[\\\""RAW_LANGUAGE_SCOPE_V1\\\"",\\\""[\\\\\\\""number\\\\\\\"",\\\\\\\""5\\\\\\\""]\\\"",[\\\""string\\\"",\\\""葡语\\\""]]\""]"",""[\""LANE_B_BOOK_ID_V1\"",\""[\\\""string\\\"",\\\""changdu-app\\\""]\"",\""[\\\""number\\\"",\\\""5534857\\\""]\"",\""[\\\""RAW_LANGUAGE_SCOPE_V1\\\"",\\\""[\\\\\\\""number\\\\\\\"",\\\\\\\""5\\\\\\\""]\\\"",[\\\""string\\\"",\\\""葡语\\\""]]\""]"",""[\""LANE_B_BOOK_ID_V1\"",\""[\\\""string\\\"",\\\""changdu-app\\\""]\"",\""[\\\""number\\\"",\\\""5541256\\\""]\"",\""[\\\""RAW_LANGUAGE_SCOPE_V1\\\"",\\\""[\\\\\\\""number\\\\\\\"",\\\\\\\""5\\\\\\\""]\\\"",[\\\""string\\\"",\\\""葡语\\\""]]\""]"",""[\""LANE_B_BOOK_ID_V1\"",\""[\\\""string\\\"",\\\""changdu-app\\\""]\"",\""[\\\""number\\\"",\\\""1040466268\\\""]\"",\""[\\\""RAW_LANGUAGE_SCOPE_V1\\\"",\\\""[\\\\\\\""number\\\\\\\"",\\\\\\\""5\\\\\\\""]\\\"",[\\\""string\\\"",\\\""葡语\\\""]]\""]"",""[\""LANE_B_BOOK_ID_V1\"",\""[\\\""string\\\"",\\\""changdu-app\\\""]\"",\""[\\\""number\\\"",\\\""1040466270\\\""]\"",\""[\\\""RAW_LANGUAGE_SCOPE_V1\\\"",\\\""[\\\\\\\""number\\\\\\\"",\\\\\\\""5\\\\\\\""]\\\"",[\\\""string\\\"",\\\""葡语\\\""]]\""]"",""[\""LANE_B_BOOK_ID_V1\"",\""[\\\""string\\\"",\\\""changdu-app\\\""]\"",\""[\\\""number\\\"",\\\""1042736481\\\""]\"",\""[\\\""RAW_LANGUAGE_SCOPE_V1\\\"",\\\""[\\\\\\\""number\\\\\\\"",\\\\\\\""5\\\\\\\""]\\\"",[\\\""string\\\"",\\\""葡语\\\""]]\""]"",""[\""LANE_B_BOOK_ID_V1\"",\""[\\\""string\\\"",\\\""changdu-app\\\""]\"",\""[\\\""number\\\"",\\\""1042736482\\\""]\"",\""[\\\""RAW_LANGUAGE_SCOPE_V1\\\"",\\\""[\\\\\\\""number\\\\\\\"",\\\\\\\""5\\\\\\\""]\\\"",[\\\""string\\\"",\\\""葡语\\\""]]\""]"",""[\""LANE_B_BOOK_ID_V1\"",\""[\\\""string\\\"",\\\""changdu-app\\\""]\"",\""[\\\""number\\\"",\\\""1042736483\\\""]\"",\""[\\\""RAW_LANGUAGE_SCOPE_V1\\\"",\\\""[\\\\\\\""number\\\\\\\"",\\\\\\\""5\\\\\\\""]\\\"",[\\\""string\\\"",\\\""葡语\\\""]]\""]"",""[\""LANE_B_BOOK_ID_V1\"",\""[\\\""string\\\"",\\\""changdu-app\\\""]\"",\""[\\\""number\\\"",\\\""1029905066\\\""]\"",\""[\\\""RAW_LANGUAGE_SCOPE_V1\\\"",\\\""[\\\\\\\""number\\\\\\\"",\\\\\\\""5\\\\\\\""]\\\"",[\\\""string\\\"",\\\""葡语\\\""]]\""]"",""[\""LANE_B_BOOK_ID_V1\"",\""[\\\""string\\\"",\\\""changdu-app\\\""]\"",\""[\\\""number\\\"",\\\""938976808\\\""]\"",\""[\\\""RAW_LANGUAGE_SCOPE_V1\\\"",\\\""[\\\\\\\""number\\\\\\\"",\\\\\\\""5\\\\\\\""]\\\"",[\\\""string\\\"",\\\""葡语\\\""]]\""]"",""[\""LANE_B_BOOK_ID_V1\"",\""[\\\""string\\\"",\\\""changdu-app\\\""]\"",\""[\\\""number\\\"",\\\""931593314\\\""]\"",\""[\\\""RAW_LANGUAGE_SCOPE_V1\\\"",\\\""[\\\\\\\""number\\\\\\\"",\\\\\\\""5\\\\\\\""]\\\"",[\\\""string\\\"",\\\""葡语\\\""]]\""]""]",APPROVED_MAP_CANDIDATE,CROSS_REVIEW_FINAL,TIER_1_STRONG,0.94,4/4 decision+target一致，代表书证与目标语义相符，无明显反证,NONE_IDENTIFIED,1,1,ct-v1-romance,romance,言情,APPROVED_OFFLINE_CANDIDATE_ONLY
MAPPING_EDGE,82203655d52b242d75c59768d0c37539ac9456a1caef12f40c610dd75fa3b469,994b4d39636868c0ebf8d5c81a3d27bf4f4ba027a89fe135175a20478bba17be,changdu-app,"[""RAW_LANGUAGE_SCOPE_V1"",""[\""number\"",\""5\""]"",[""string"",""葡语""]]",PT,女频,5aWz6aKR,d9867749ec31f19fe7bfa4a782791bb108a8c9bc80653d481d3f1110f260cebb,1026,1026,1026,"[""[\""LANE_B_BOOK_ID_V1\"",\""[\\\""string\\\"",\\\""changdu-app\\\""]\"",\""[\\\""number\\\"",\\\""1103980070\\\""]\"",\""[\\\""RAW_LANGUAGE_SCOPE_V1\\\"",\\\""[\\\\\\\""number\\\\\\\"",\\\\\\\""5\\\\\\\""]\\\"",[\\\""string\\\"",\\\""葡语\\\""]]\""]"",""[\""LANE_B_BOOK_ID_V1\"",\""[\\\""string\\\"",\\\""changdu-app\\\""]\"",\""[\\\""number\\\"",\\\""1117420010\\\""]\"",\""[\\\""RAW_LANGUAGE_SCOPE_V1\\\"",\\\""[\\\\\\\""number\\\\\\\"",\\\\\\\""5\\\\\\\""]\\\"",[\\\""string\\\"",\\\""葡语\\\""]]\""]"",""[\""LANE_B_BOOK_ID_V1\"",\""[\\\""string\\\"",\\\""changdu-app\\\""]\"",\""[\\\""number\\\"",\\\""1133222102\\\""]\"",\""[\\\""RAW_LANGUAGE_SCOPE_V1\\\"",\\\""[\\\\\\\""number\\\\\\\"",\\\\\\\""5\\\\\\\""]\\\"",[\\\""string\\\"",\\\""葡语\\\""]]\""]"",""[\""LANE_B_BOOK_ID_V1\"",\""[\\\""string\\\"",\\\""changdu-app\\\""]\"",\""[\\\""number\\\"",\\\""914614295\\\""]\"",\""[\\\""RAW_LANGUAGE_SCOPE_V1\\\"",\\\""[\\\\\\\""number\\\\\\\"",\\\\\\\""5\\\\\\\""]\\\"",[\\\""string\\\"",\\\""葡语\\\""]]\""]"",""[\""LANE_B_BOOK_ID_V1\"",\""[\\\""string\\\"",\\\""changdu-app\\\""]\"",\""[\\\""number\\\"",\\\""974958867\\\""]\"",\""[\\\""RAW_LANGUAGE_SCOPE_V1\\\"",\\\""[\\\\\\\""number\\\\\\\"",\\\\\\\""5\\\\\\\""]\\\"",[\\\""string\\\"",\\\""葡语\\\""]]\""]"",""[\""LANE_B_BOOK_ID_V1\"",\""[\\\""string\\\"",\\\""changdu-app\\\""]\"",\""[\\\""number\\\"",\\\""1037702674\\\""]\"",\""[\\\""RAW_LANGUAGE_SCOPE_V1\\\"",\\\""[\\\\\\\""number\\\\\\\"",\\\\\\\""5\\\\\\\""]\\\"",[\\\""string\\\"",\\\""葡语\\\""]]\""]"",""[\""LANE_B_BOOK_ID_V1\"",\""[\\\""string\\\"",\\\""changdu-app\\\""]\"",\""[\\\""number\\\"",\\\""1040269087\\\""]\"",\""[\\\""RAW_LANGUAGE_SCOPE_V1\\\"",\\\""[\\\\\\\""number\\\\\\\"",\\\\\\\""5\\\\\\\""]\\\"",[\\\""string\\\"",\\\""葡语\\\""]]\""]"",""[\""LANE_B_BOOK_ID_V1\"",\""[\\\""string\\\"",\\\""changdu-app\\\""]\"",\""[\\\""number\\\"",\\\""1044217831\\\""]\"",\""[\\\""RAW_LANGUAGE_SCOPE_V1\\\"",\\\""[\\\\\\\""number\\\\\\\"",\\\\\\\""5\\\\\\\""]\\\"",[\\\""string\\\"",\\\""葡语\\\""]]\""]"",""[\""LANE_B_BOOK_ID_V1\"",\""[\\\""string\\\"",\\\""changdu-app\\\""]\"",\""[\\\""number\\\"",\\\""1053494548\\\""]\"",\""[\\\""RAW_LANGUAGE_SCOPE_V1\\\"",\\\""[\\\\\\\""number\\\\\\\"",\\\\\\\""5\\\\\\\""]\\\"",[\\\""string\\\"",\\\""葡语\\\""]]\""]"",""[\""LANE_B_BOOK_ID_V1\"",\""[\\\""string\\\"",\\\""changdu-app\\\""]\"",\""[\\\""number\\\"",\\\""472994413\\\""]\"",\""[\\\""RAW_LANGUAGE_SCOPE_V1\\\"",\\\""[\\\\\\\""number\\\\\\\"",\\\\\\\""5\\\\\\\""]\\\"",[\\\""string\\\"",\\\""葡语\\\""]]\""]"",""[\""LANE_B_BOOK_ID_V1\"",\""[\\\""string\\\"",\\\""changdu-app\\\""]\"",\""[\\\""number\\\"",\\\""559431447\\\""]\"",\""[\\\""RAW_LANGUAGE_SCOPE_V1\\\"",\\\""[\\\\\\\""number\\\\\\\"",\\\\\\\""5\\\\\\\""]\\\"",[\\\""string\\\"",\\\""葡语\\\""]]\""]"",""[\""LANE_B_BOOK_ID_V1\"",\""[\\\""string\\\"",\\\""changdu-app\\\""]\"",\""[\\\""number\\\"",\\\""573618534\\\""]\"",\""[\\\""RAW_LANGUAGE_SCOPE_V1\\\"",\\\""[\\\\\\\""number\\\\\\\"",\\\\\\\""5\\\\\\\""]\\\"",[\\\""string\\\"",\\\""葡语\\\""]]\""]""]",APPROVED_MAP_CANDIDATE,CROSS_REVIEW_FINAL,TIER_2_GOOD,0.95,A/B/C一致映射；audience已是119正式facet（ct-v1-female-audience存在），书证全为女性向,D: IGNORE（视为运营二分旗——但artifact已建audience facet，忽略反而丢失已建模维度）,1,1,ct-v1-female-audience,female-audience,女性向,APPROVED_OFFLINE_CANDIDATE_ONLY
MAPPING_EDGE,8459d6b0e8969d1e985c2e391af6d8faa70deafa81987b1a545454ba11a13be4,78964eec7a7d54c17181047e5fb8e94349865a8d7e8d5fb5bfc2f494f818ed4f,changdu-app,"[""RAW_LANGUAGE_SCOPE_V1"",""[\""number\"",\""5\""]"",[""string"",""葡语""]]",PT,男频,55S36aKR,e74d73d99251bb2b99c02896258d9fbcd9817488f6538674fda26534b0b450ac,59,59,59,"[""[\""LANE_B_BOOK_ID_V1\"",\""[\\\""string\\\"",\\\""changdu-app\\\""]\"",\""[\\\""number\\\"",\\\""5531605\\\""]\"",\""[\\\""RAW_LANGUAGE_SCOPE_V1\\\"",\\\""[\\\\\\\""number\\\\\\\"",\\\\\\\""5\\\\\\\""]\\\"",[\\\""string\\\"",\\\""葡语\\\""]]\""]"",""[\""LANE_B_BOOK_ID_V1\"",\""[\\\""string\\\"",\\\""changdu-app\\\""]\"",\""[\\\""number\\\"",\\\""1042736481\\\""]\"",\""[\\\""RAW_LANGUAGE_SCOPE_V1\\\"",\\\""[\\\\\\\""number\\\\\\\"",\\\\\\\""5\\\\\\\""]\\\"",[\\\""string\\\"",\\\""葡语\\\""]]\""]"",""[\""LANE_B_BOOK_ID_V1\"",\""[\\\""string\\\"",\\\""changdu-app\\\""]\"",\""[\\\""number\\\"",\\\""938976808\\\""]\"",\""[\\\""RAW_LANGUAGE_SCOPE_V1\\\"",\\\""[\\\\\\\""number\\\\\\\"",\\\\\\\""5\\\\\\\""]\\\"",[\\\""string\\\"",\\\""葡语\\\""]]\""]"",""[\""LANE_B_BOOK_ID_V1\"",\""[\\\""string\\\"",\\\""changdu-app\\\""]\"",\""[\\\""number\\\"",\\\""914614296\\\""]\"",\""[\\\""RAW_LANGUAGE_SCOPE_V1\\\"",\\\""[\\\\\\\""number\\\\\\\"",\\\\\\\""5\\\\\\\""]\\\"",[\\\""string\\\"",\\\""葡语\\\""]]\""]"",""[\""LANE_B_BOOK_ID_V1\"",\""[\\\""string\\\"",\\\""changdu-app\\\""]\"",\""[\\\""number\\\"",\\\""854093211\\\""]\"",\""[\\\""RAW_LANGUAGE_SCOPE_V1\\\"",\\\""[\\\\\\\""number\\\\\\\"",\\\\\\\""5\\\\\\\""]\\\"",[\\\""string\\\"",\\\""葡语\\\""]]\""]"",""[\""LANE_B_BOOK_ID_V1\"",\""[\\\""string\\\"",\\\""changdu-app\\\""]\"",\""[\\\""number\\\"",\\\""653418127\\\""]\"",\""[\\\""RAW_LANGUAGE_SCOPE_V1\\\"",\\\""[\\\\\\\""number\\\\\\\"",\\\\\\\""5\\\\\\\""]\\\"",[\\\""string\\\"",\\\""葡语\\\""]]\""]"",""[\""LANE_B_BOOK_ID_V1\"",\""[\\\""string\\\"",\\\""changdu-app\\\""]\"",\""[\\\""number\\\"",\\\""617732048\\\""]\"",\""[\\\""RAW_LANGUAGE_SCOPE_V1\\\"",\\\""[\\\\\\\""number\\\\\\\"",\\\\\\\""5\\\\\\\""]\\\"",[\\\""string\\\"",\\\""葡语\\\""]]\""]"",""[\""LANE_B_BOOK_ID_V1\"",\""[\\\""string\\\"",\\\""changdu-app\\\""]\"",\""[\\\""number\\\"",\\\""529842234\\\""]\"",\""[\\\""RAW_LANGUAGE_SCOPE_V1\\\"",\\\""[\\\\\\\""number\\\\\\\"",\\\\\\\""5\\\\\\\""]\\\"",[\\\""string\\\"",\\\""葡语\\\""]]\""]""]",APPROVED_MAP_CANDIDATE,CROSS_REVIEW_FINAL,TIER_2_GOOD,0.92,A/B/C提出同一概念；119只有female-audience无对称男性向入口，8217本可进女性向而1684本男频书无入口，结构性不对称,D: IGNORE（主张女频男频同进同退；若Owner不扩audience则两者一并IGNORE）,1,1,ct-v1-male-audience,male-audience,男性向,APPROVED_OFFLINE_CANDIDATE_ONLY
MAPPING_EDGE,2f8e1fc4a08147ee074419fffaa7a359dc53fa55169435aff53fcb61710ab34c,1095f0675e54a7fb9a53c7c01e227798a4ae7c002cb375df8092eeae4e4589da,changdu-app,"[""RAW_LANGUAGE_SCOPE_V1"",""[\""number\"",\""7\""]"",[""string"",""俄语""]]",RU,Для взрослых,0JTQu9GPINCy0LfRgNC+0YHQu9GL0YU=,4ac6fed8406130d2a45d96c606625092276a657530d74e7e893499f17f7f14ae,6,6,6,"[""[\""LANE_B_BOOK_ID_V1\"",\""[\\\""string\\\"",\\\""changdu-app\\\""]\"",\""[\\\""number\\\"",\\\""5558894\\\""]\"",\""[\\\""RAW_LANGUAGE_SCOPE_V1\\\"",\\\""[\\\\\\\""number\\\\\\\"",\\\\\\\""7\\\\\\\""]\\\"",[\\\""string\\\"",\\\""俄语\\\""]]\""]"",""[\""LANE_B_BOOK_ID_V1\"",\""[\\\""string\\\"",\\\""changdu-app\\\""]\"",\""[\\\""number\\\"",\\\""369271094\\\""]\"",\""[\\\""RAW_LANGUAGE_SCOPE_V1\\\"",\\\""[\\\\\\\""number\\\\\\\"",\\\\\\\""7\\\\\\\""]\\\"",[\\\""string\\\"",\\\""俄语\\\""]]\""]"",""[\""LANE_B_BOOK_ID_V1\"",\""[\\\""string\\\"",\\\""changdu-app\\\""]\"",\""[\\\""number\\\"",\\\""5569638\\\""]\"",\""[\\\""RAW_LANGUAGE_SCOPE_V1\\\"",\\\""[\\\\\\\""number\\\\\\\"",\\\\\\\""7\\\\\\\""]\\\"",[\\\""string\\\"",\\\""俄语\\\""]]\""]"",""[\""LANE_B_BOOK_ID_V1\"",\""[\\\""string\\\"",\\\""changdu-app\\\""]\"",\""[\\\""number\\\"",\\\""5556602\\\""]\"",\""[\\\""RAW_LANGUAGE_SCOPE_V1\\\"",\\\""[\\\\\\\""number\\\\\\\"",\\\\\\\""7\\\\\\\""]\\\"",[\\\""string\\\"",\\\""俄语\\\""]]\""]"",""[\""LANE_B_BOOK_ID_V1\"",\""[\\\""string\\\"",\\\""changdu-app\\\""]\"",\""[\\\""number\\\"",\\\""5538515\\\""]\"",\""[\\\""RAW_LANGUAGE_SCOPE_V1\\\"",\\\""[\\\\\\\""number\\\\\\\"",\\\\\\\""7\\\\\\\""]\\\"",[\\\""string\\\"",\\\""俄语\\\""]]\""]""]",APPROVED_MAP_CANDIDATE,OWNER_FINAL,TIER_6_OWNER,0.5,Owner Final: Russian source token maps conservatively to mature-content.,SOURCE_LABEL_MEANING_REQUIRES_FUTURE_RUSSIAN_OPERATIONS_CONFIRMATION,1,1,ct-v1-mature-content,mature-content,成人向内容,APPROVED_OFFLINE_CANDIDATE_ONLY
MAPPING_EDGE,f6203938c1edd022b0701e6abc9fc5085771ad181598234fbf3bfcf86c000b82,7722e9acb685b7713bb404015ad6e784205b5bd44e34a73871790aa5aa83486d,changdu-app,"[""RAW_LANGUAGE_SCOPE_V1"",""[\""number\"",\""7\""]"",[""string"",""俄语""]]",RU,ЛГБТ+,0JvQk9CR0KIr,10eb65e0b2e0924a2aed29f6d26ec2da59ec7f76056aa01372c807e1d19f2fe8,14,14,14,"[""[\""LANE_B_BOOK_ID_V1\"",\""[\\\""string\\\"",\\\""changdu-app\\\""]\"",\""[\\\""number\\\"",\\\""586374348\\\""]\"",\""[\\\""RAW_LANGUAGE_SCOPE_V1\\\"",\\\""[\\\\\\\""number\\\\\\\"",\\\\\\\""7\\\\\\\""]\\\"",[\\\""string\\\"",\\\""俄语\\\""]]\""]"",""[\""LANE_B_BOOK_ID_V1\"",\""[\\\""string\\\"",\\\""changdu-app\\\""]\"",\""[\\\""number\\\"",\\\""5539000\\\""]\"",\""[\\\""RAW_LANGUAGE_SCOPE_V1\\\"",\\\""[\\\\\\\""number\\\\\\\"",\\\\\\\""7\\\\\\\""]\\\"",[\\\""string\\\"",\\\""俄语\\\""]]\""]"",""[\""LANE_B_BOOK_ID_V1\"",\""[\\\""string\\\"",\\\""changdu-app\\\""]\"",\""[\\\""number\\\"",\\\""5539108\\\""]\"",\""[\\\""RAW_LANGUAGE_SCOPE_V1\\\"",\\\""[\\\\\\\""number\\\\\\\"",\\\\\\\""7\\\\\\\""]\\\"",[\\\""string\\\"",\\\""俄语\\\""]]\""]"",""[\""LANE_B_BOOK_ID_V1\"",\""[\\\""string\\\"",\\\""changdu-app\\\""]\"",\""[\\\""number\\\"",\\\""453407642\\\""]\"",\""[\\\""RAW_LANGUAGE_SCOPE_V1\\\"",\\\""[\\\\\\\""number\\\\\\\"",\\\\\\\""7\\\\\\\""]\\\"",[\\\""string\\\"",\\\""俄语\\\""]]\""]"",""[\""LANE_B_BOOK_ID_V1\"",\""[\\\""string\\\"",\\\""changdu-app\\\""]\"",\""[\\\""number\\\"",\\\""5557084\\\""]\"",\""[\\\""RAW_LANGUAGE_SCOPE_V1\\\"",\\\""[\\\\\\\""number\\\\\\\"",\\\\\\\""7\\\\\\\""]\\\"",[\\\""string\\\"",\\\""俄语\\\""]]\""]""]",APPROVED_MAP_CANDIDATE,CROSS_REVIEW_FINAL,TIER_1_STRONG,0.75,4/4提出同一新概念（slug各异：lgbtq-romance/lgbtq/lgbt-plus/lgbt，语义归一后同一identity）；书证为BL/GL/Omegaverse同性恋爱主线,B对泰语นิยายวาย另提boys-love子概念→归一为alias,1,1,ct-v1-lgbtq-romance,lgbtq-romance,LGBTQ+恋爱,APPROVED_OFFLINE_CANDIDATE_ONLY
MAPPING_EDGE,a281a396f852214678fa79c17f819b7e735c1098457f2dccdcbc01e7393f41d5,ca7a1a9aaedd46aa90c0b99e7409916b313c3a111155c1147326ebfd7ccef7ec,changdu-app,"[""RAW_LANGUAGE_SCOPE_V1"",""[\""number\"",\""7\""]"",[""string"",""俄语""]]",RU,Мафия,0JzQsNGE0LjRjw==,2a9900e9b06dfab0c832c985111f53f3143f1fb4f2c2968732c0a73768e7e89f,30,30,30,"[""[\""LANE_B_BOOK_ID_V1\"",\""[\\\""string\\\"",\\\""changdu-app\\\""]\"",\""[\\\""number\\\"",\\\""694577306\\\""]\"",\""[\\\""RAW_LANGUAGE_SCOPE_V1\\\"",\\\""[\\\\\\\""number\\\\\\\"",\\\\\\\""7\\\\\\\""]\\\"",[\\\""string\\\"",\\\""俄语\\\""]]\""]"",""[\""LANE_B_BOOK_ID_V1\"",\""[\\\""string\\\"",\\\""changdu-app\\\""]\"",\""[\\\""number\\\"",\\\""760116799\\\""]\"",\""[\\\""RAW_LANGUAGE_SCOPE_V1\\\"",\\\""[\\\\\\\""number\\\\\\\"",\\\\\\\""7\\\\\\\""]\\\"",[\\\""string\\\"",\\\""俄语\\\""]]\""]"",""[\""LANE_B_BOOK_ID_V1\"",\""[\\\""string\\\"",\\\""changdu-app\\\""]\"",\""[\\\""number\\\"",\\\""760116774\\\""]\"",\""[\\\""RAW_LANGUAGE_SCOPE_V1\\\"",\\\""[\\\\\\\""number\\\\\\\"",\\\\\\\""7\\\\\\\""]\\\"",[\\\""string\\\"",\\\""俄语\\\""]]\""]"",""[\""LANE_B_BOOK_ID_V1\"",\""[\\\""string\\\"",\\\""changdu-app\\\""]\"",\""[\\\""number\\\"",\\\""945366108\\\""]\"",\""[\\\""RAW_LANGUAGE_SCOPE_V1\\\"",\\\""[\\\\\\\""number\\\\\\\"",\\\\\\\""7\\\\\\\""]\\\"",[\\\""string\\\"",\\\""俄语\\\""]]\""]"",""[\""LANE_B_BOOK_ID_V1\"",\""[\\\""string\\\"",\\\""changdu-app\\\""]\"",\""[\\\""number\\\"",\\\""1038491878\\\""]\"",\""[\\\""RAW_LANGUAGE_SCOPE_V1\\\"",\\\""[\\\\\\\""number\\\\\\\"",\\\\\\\""7\\\\\\\""]\\\"",[\\\""string\\\"",\\\""俄语\\\""]]\""]"",""[\""LANE_B_BOOK_ID_V1\"",\""[\\\""string\\\"",\\\""changdu-app\\\""]\"",\""[\\\""number\\\"",\\\""1038491879\\\""]\"",\""[\\\""RAW_LANGUAGE_SCOPE_V1\\\"",\\\""[\\\\\\\""number\\\\\\\"",\\\\\\\""7\\\\\\\""]\\\"",[\\\""string\\\"",\\\""俄语\\\""]]\""]""]",APPROVED_MAP_CANDIDATE,CROSS_REVIEW_FINAL,TIER_1_STRONG,0.92,4/4 decision+target一致，代表书证与目标语义相符，无明显反证,NONE_IDENTIFIED,1,1,ct-v1-mafia,mafia,黑帮,APPROVED_OFFLINE_CANDIDATE_ONLY
MAPPING_EDGE,888ecc7d84702f320109db449469d898ba76641866ec5eef40563f9d056b1f79,df4d32f29d11138f17bc80daab4bdd27a80a4d283460496ec6413fe6a7176595,changdu-app,"[""RAW_LANGUAGE_SCOPE_V1"",""[\""number\"",\""7\""]"",[""string"",""俄语""]]",RU,Миллиард,0JzQuNC70LvQuNCw0YDQtA==,6148bea3bbd8ba472206e6f704eda638ce724f6c1c3460cdfb270faffe3f8fd7,34,34,34,"[""[\""LANE_B_BOOK_ID_V1\"",\""[\\\""string\\\"",\\\""changdu-app\\\""]\"",\""[\\\""number\\\"",\\\""860966206\\\""]\"",\""[\\\""RAW_LANGUAGE_SCOPE_V1\\\"",\\\""[\\\\\\\""number\\\\\\\"",\\\\\\\""7\\\\\\\""]\\\"",[\\\""string\\\"",\\\""俄语\\\""]]\""]"",""[\""LANE_B_BOOK_ID_V1\"",\""[\\\""string\\\"",\\\""changdu-app\\\""]\"",\""[\\\""number\\\"",\\\""1027635109\\\""]\"",\""[\\\""RAW_LANGUAGE_SCOPE_V1\\\"",\\\""[\\\\\\\""number\\\\\\\"",\\\\\\\""7\\\\\\\""]\\\"",[\\\""string\\\"",\\\""俄语\\\""]]\""]"",""[\""LANE_B_BOOK_ID_V1\"",\""[\\\""string\\\"",\\\""changdu-app\\\""]\"",\""[\\\""number\\\"",\\\""1115543005\\\""]\"",\""[\\\""RAW_LANGUAGE_SCOPE_V1\\\"",\\\""[\\\\\\\""number\\\\\\\"",\\\\\\\""7\\\\\\\""]\\\"",[\\\""string\\\"",\\\""俄语\\\""]]\""]"",""[\""LANE_B_BOOK_ID_V1\"",\""[\\\""string\\\"",\\\""changdu-app\\\""]\"",\""[\\\""number\\\"",\\\""1117420012\\\""]\"",\""[\\\""RAW_LANGUAGE_SCOPE_V1\\\"",\\\""[\\\\\\\""number\\\\\\\"",\\\\\\\""7\\\\\\\""]\\\"",[\\\""string\\\"",\\\""俄语\\\""]]\""]"",""[\""LANE_B_BOOK_ID_V1\"",\""[\\\""string\\\"",\\\""changdu-app\\\""]\"",\""[\\\""number\\\"",\\\""2499155\\\""]\"",\""[\\\""RAW_LANGUAGE_SCOPE_V1\\\"",\\\""[\\\\\\\""number\\\\\\\"",\\\\\\\""7\\\\\\\""]\\\"",[\\\""string\\\"",\\\""俄语\\\""]]\""]"",""[\""LANE_B_BOOK_ID_V1\"",\""[\\\""string\\\"",\\\""changdu-app\\\""]\"",\""[\\\""number\\\"",\\\""803246537\\\""]\"",\""[\\\""RAW_LANGUAGE_SCOPE_V1\\\"",\\\""[\\\\\\\""number\\\\\\\"",\\\\\\\""7\\\\\\\""]\\\"",[\\\""string\\\"",\\\""俄语\\\""]]\""]""]",APPROVED_MAP_CANDIDATE,CROSS_REVIEW_FINAL,TIER_1_STRONG,0.92,4/4 decision+target一致，代表书证与目标语义相符，无明显反证,NONE_IDENTIFIED,1,1,ct-v1-wealthy-ceo,wealthy-ceo,豪门总裁,APPROVED_OFFLINE_CANDIDATE_ONLY
MAPPING_EDGE,946286a58a2a10f49950608fc63a351aaed1bc45f74085eb8cbb9c5cc0876710,f6cf1c59798290b5056064f7a15a6a39e00fed488de7f7ff787becf63b67ba18,changdu-app,"[""RAW_LANGUAGE_SCOPE_V1"",""[\""number\"",\""7\""]"",[""string"",""俄语""]]",RU,Оборотни,0J7QsdC+0YDQvtGC0L3QuA==,677105c0f7864217c22115d8fc33337574541c407d56aeb84239ef7019a72546,54,54,54,"[""[\""LANE_B_BOOK_ID_V1\"",\""[\\\""string\\\"",\\\""changdu-app\\\""]\"",\""[\\\""number\\\"",\\\""1009869572\\\""]\"",\""[\\\""RAW_LANGUAGE_SCOPE_V1\\\"",\\\""[\\\\\\\""number\\\\\\\"",\\\\\\\""7\\\\\\\""]\\\"",[\\\""string\\\"",\\\""俄语\\\""]]\""]"",""[\""LANE_B_BOOK_ID_V1\"",\""[\\\""string\\\"",\\\""changdu-app\\\""]\"",\""[\\\""number\\\"",\\\""1050731262\\\""]\"",\""[\\\""RAW_LANGUAGE_SCOPE_V1\\\"",\\\""[\\\\\\\""number\\\\\\\"",\\\\\\\""7\\\\\\\""]\\\"",[\\\""string\\\"",\\\""俄语\\\""]]\""]"",""[\""LANE_B_BOOK_ID_V1\"",\""[\\\""string\\\"",\\\""changdu-app\\\""]\"",\""[\\\""number\\\"",\\\""1117814880\\\""]\"",\""[\\\""RAW_LANGUAGE_SCOPE_V1\\\"",\\\""[\\\\\\\""number\\\\\\\"",\\\\\\\""7\\\\\\\""]\\\"",[\\\""string\\\"",\\\""俄语\\\""]]\""]"",""[\""LANE_B_BOOK_ID_V1\"",\""[\\\""string\\\"",\\\""changdu-app\\\""]\"",\""[\\\""number\\\"",\\\""1131542167\\\""]\"",\""[\\\""RAW_LANGUAGE_SCOPE_V1\\\"",\\\""[\\\\\\\""number\\\\\\\"",\\\\\\\""7\\\\\\\""]\\\"",[\\\""string\\\"",\\\""俄语\\\""]]\""]"",""[\""LANE_B_BOOK_ID_V1\"",\""[\\\""string\\\"",\\\""changdu-app\\\""]\"",\""[\\\""number\\\"",\\\""774089644\\\""]\"",\""[\\\""RAW_LANGUAGE_SCOPE_V1\\\"",\\\""[\\\\\\\""number\\\\\\\"",\\\\\\\""7\\\\\\\""]\\\"",[\\\""string\\\"",\\\""俄语\\\""]]\""]"",""[\""LANE_B_BOOK_ID_V1\"",\""[\\\""string\\\"",\\\""changdu-app\\\""]\"",\""[\\\""number\\\"",\\\""870944979\\\""]\"",\""[\\\""RAW_LANGUAGE_SCOPE_V1\\\"",\\\""[\\\\\\\""number\\\\\\\"",\\\\\\\""7\\\\\\\""]\\\"",[\\\""string\\\"",\\\""俄语\\\""]]\""]"",""[\""LANE_B_BOOK_ID_V1\"",\""[\\\""string\\\"",\\\""changdu-app\\\""]\"",\""[\\\""number\\\"",\\\""921069683\\\""]\"",\""[\\\""RAW_LANGUAGE_SCOPE_V1\\\"",\\\""[\\\\\\\""number\\\\\\\"",\\\\\\\""7\\\\\\\""]\\\"",[\\\""string\\\"",\\\""俄语\\\""]]\""]"",""[\""LANE_B_BOOK_ID_V1\"",\""[\\\""string\\\"",\\\""changdu-app\\\""]\"",\""[\\\""number\\\"",\\\""974462004\\\""]\"",\""[\\\""RAW_LANGUAGE_SCOPE_V1\\\"",\\\""[\\\\\\\""number\\\\\\\"",\\\\\\\""7\\\\\\\""]\\\"",[\\\""string\\\"",\\\""俄语\\\""]]\""]""]",APPROVED_MAP_CANDIDATE,CROSS_REVIEW_FINAL,TIER_1_STRONG,0.94,4/4 decision+target一致，代表书证与目标语义相符，无明显反证,NONE_IDENTIFIED,1,1,ct-v1-werewolf,werewolf,狼人,APPROVED_OFFLINE_CANDIDATE_ONLY
MAPPING_EDGE,fa6cd734403603fd4e9b6d07cdb3e5b01843e3699d75ad8001b771d26f32e762,6430b5b3f991d6f1973ddb13173561ee92644cd40adfc2738af49fb4fb7602e9,changdu-app,"[""RAW_LANGUAGE_SCOPE_V1"",""[\""number\"",\""7\""]"",[""string"",""俄语""]]",RU,Романы,0KDQvtC80LDQvdGL,e1eaaba2fe5dac5a457987c81c40990b1da6d7bf25e7c4b36d7f12a02c30c564,174,174,174,"[""[\""LANE_B_BOOK_ID_V1\"",\""[\\\""string\\\"",\\\""changdu-app\\\""]\"",\""[\\\""number\\\"",\\\""1010066875\\\""]\"",\""[\\\""RAW_LANGUAGE_SCOPE_V1\\\"",\\\""[\\\\\\\""number\\\\\\\"",\\\\\\\""7\\\\\\\""]\\\"",[\\\""string\\\"",\\\""俄语\\\""]]\""]"",""[\""LANE_B_BOOK_ID_V1\"",\""[\\\""string\\\"",\\\""changdu-app\\\""]\"",\""[\\\""number\\\"",\\\""5529039\\\""]\"",\""[\\\""RAW_LANGUAGE_SCOPE_V1\\\"",\\\""[\\\\\\\""number\\\\\\\"",\\\\\\\""7\\\\\\\""]\\\"",[\\\""string\\\"",\\\""俄语\\\""]]\""]"",""[\""LANE_B_BOOK_ID_V1\"",\""[\\\""string\\\"",\\\""changdu-app\\\""]\"",\""[\\\""number\\\"",\\\""5556350\\\""]\"",\""[\\\""RAW_LANGUAGE_SCOPE_V1\\\"",\\\""[\\\\\\\""number\\\\\\\"",\\\\\\\""7\\\\\\\""]\\\"",[\\\""string\\\"",\\\""俄语\\\""]]\""]"",""[\""LANE_B_BOOK_ID_V1\"",\""[\\\""string\\\"",\\\""changdu-app\\\""]\"",\""[\\\""number\\\"",\\\""726342\\\""]\"",\""[\\\""RAW_LANGUAGE_SCOPE_V1\\\"",\\\""[\\\\\\\""number\\\\\\\"",\\\\\\\""7\\\\\\\""]\\\"",[\\\""string\\\"",\\\""俄语\\\""]]\""]"",""[\""LANE_B_BOOK_ID_V1\"",\""[\\\""string\\\"",\\\""changdu-app\\\""]\"",\""[\\\""number\\\"",\\\""911777438\\\""]\"",\""[\\\""RAW_LANGUAGE_SCOPE_V1\\\"",\\\""[\\\\\\\""number\\\\\\\"",\\\\\\\""7\\\\\\\""]\\\"",[\\\""string\\\"",\\\""俄语\\\""]]\""]"",""[\""LANE_B_BOOK_ID_V1\"",\""[\\\""string\\\"",\\\""changdu-app\\\""]\"",\""[\\\""number\\\"",\\\""993779185\\\""]\"",\""[\\\""RAW_LANGUAGE_SCOPE_V1\\\"",\\\""[\\\\\\\""number\\\\\\\"",\\\\\\\""7\\\\\\\""]\\\"",[\\\""string\\\"",\\\""俄语\\\""]]\""]"",""[\""LANE_B_BOOK_ID_V1\"",\""[\\\""string\\\"",\\\""changdu-app\\\""]\"",\""[\\\""number\\\"",\\\""1948272\\\""]\"",\""[\\\""RAW_LANGUAGE_SCOPE_V1\\\"",\\\""[\\\\\\\""number\\\\\\\"",\\\\\\\""7\\\\\\\""]\\\"",[\\\""string\\\"",\\\""俄语\\\""]]\""]"",""[\""LANE_B_BOOK_ID_V1\"",\""[\\\""string\\\"",\\\""changdu-app\\\""]\"",\""[\\\""number\\\"",\\\""5529416\\\""]\"",\""[\\\""RAW_LANGUAGE_SCOPE_V1\\\"",\\\""[\\\\\\\""number\\\\\\\"",\\\\\\\""7\\\\\\\""]\\\"",[\\\""string\\\"",\\\""俄语\\\""]]\""]"",""[\""LANE_B_BOOK_ID_V1\"",\""[\\\""string\\\"",\\\""changdu-app\\\""]\"",\""[\\\""number\\\"",\\\""5533566\\\""]\"",\""[\\\""RAW_LANGUAGE_SCOPE_V1\\\"",\\\""[\\\\\\\""number\\\\\\\"",\\\\\\\""7\\\\\\\""]\\\"",[\\\""string\\\"",\\\""俄语\\\""]]\""]"",""[\""LANE_B_BOOK_ID_V1\"",\""[\\\""string\\\"",\\\""changdu-app\\\""]\"",\""[\\\""number\\\"",\\\""5539181\\\""]\"",\""[\\\""RAW_LANGUAGE_SCOPE_V1\\\"",\\\""[\\\\\\\""number\\\\\\\"",\\\\\\\""7\\\\\\\""]\\\"",[\\\""string\\\"",\\\""俄语\\\""]]\""]"",""[\""LANE_B_BOOK_ID_V1\"",\""[\\\""string\\\"",\\\""changdu-app\\\""]\"",\""[\\\""number\\\"",\\\""5542020\\\""]\"",\""[\\\""RAW_LANGUAGE_SCOPE_V1\\\"",\\\""[\\\\\\\""number\\\\\\\"",\\\\\\\""7\\\\\\\""]\\\"",[\\\""string\\\"",\\\""俄语\\\""]]\""]"",""[\""LANE_B_BOOK_ID_V1\"",\""[\\\""string\\\"",\\\""changdu-app\\\""]\"",\""[\\\""number\\\"",\\\""5555833\\\""]\"",\""[\\\""RAW_LANGUAGE_SCOPE_V1\\\"",\\\""[\\\\\\\""number\\\\\\\"",\\\\\\\""7\\\\\\\""]\\\"",[\\\""string\\\"",\\\""俄语\\\""]]\""]""]",APPROVED_MAP_CANDIDATE,CROSS_REVIEW_FINAL,TIER_1_STRONG,0.91,4/4 decision+target一致，代表书证与目标语义相符，无明显反证,NONE_IDENTIFIED,1,1,ct-v1-romance,romance,言情,APPROVED_OFFLINE_CANDIDATE_ONLY
MAPPING_EDGE,ad90ddc4f0d8b3012bf3798477dcc3946499861db1ae1f062475883696afb8c7,29c4cf0f5e815526c10506b109724db0199a70ef571d44c97a6a2f69bcab03e0,changdu-app,"[""RAW_LANGUAGE_SCOPE_V1"",""[\""number\"",\""7\""]"",[""string"",""俄语""]]",RU,Сай-фай,0KHQsNC5LdGE0LDQuQ==,acb330fc77268f39362960dd54c493b569bdb75d216cae66e170a1a841e55331,4,4,4,"[""[\""LANE_B_BOOK_ID_V1\"",\""[\\\""string\\\"",\\\""changdu-app\\\""]\"",\""[\\\""number\\\"",\\\""453407645\\\""]\"",\""[\\\""RAW_LANGUAGE_SCOPE_V1\\\"",\\\""[\\\\\\\""number\\\\\\\"",\\\\\\\""7\\\\\\\""]\\\"",[\\\""string\\\"",\\\""俄语\\\""]]\""]"",""[\""LANE_B_BOOK_ID_V1\"",\""[\\\""string\\\"",\\\""changdu-app\\\""]\"",\""[\\\""number\\\"",\\\""5556023\\\""]\"",\""[\\\""RAW_LANGUAGE_SCOPE_V1\\\"",\\\""[\\\\\\\""number\\\\\\\"",\\\\\\\""7\\\\\\\""]\\\"",[\\\""string\\\"",\\\""俄语\\\""]]\""]"",""[\""LANE_B_BOOK_ID_V1\"",\""[\\\""string\\\"",\\\""changdu-app\\\""]\"",\""[\\\""number\\\"",\\\""5559078\\\""]\"",\""[\\\""RAW_LANGUAGE_SCOPE_V1\\\"",\\\""[\\\\\\\""number\\\\\\\"",\\\\\\\""7\\\\\\\""]\\\"",[\\\""string\\\"",\\\""俄语\\\""]]\""]"",""[\""LANE_B_BOOK_ID_V1\"",\""[\\\""string\\\"",\\\""changdu-app\\\""]\"",\""[\\\""number\\\"",\\\""5559080\\\""]\"",\""[\\\""RAW_LANGUAGE_SCOPE_V1\\\"",\\\""[\\\\\\\""number\\\\\\\"",\\\\\\\""7\\\\\\\""]\\\"",[\\\""string\\\"",\\\""俄语\\\""]]\""]""]",APPROVED_MAP_CANDIDATE,CROSS_REVIEW_FINAL,TIER_2_GOOD,0.82,3/4一致；书证为机器人化/银河系/异星文明,D: HUMAN_REVIEW,1,1,ct-v1-science-fiction,science-fiction,科幻,APPROVED_OFFLINE_CANDIDATE_ONLY
MAPPING_EDGE,9560715e693946cefda493cc90b5057066dc4df52ee8fe5838bdefbe7298212e,106378145b5ff0c3f9d33802ac83d0160fd99baeda3edd58a16aa3496735f60f,changdu-app,"[""RAW_LANGUAGE_SCOPE_V1"",""[\""number\"",\""7\""]"",[""string"",""俄语""]]",RU,Соврем,0KHQvtCy0YDQtdC8,8c386b01278fe2fffc1cea9b1057de6af74d9f2635de4649fa5db4dfa86d84ea,152,152,152,"[""[\""LANE_B_BOOK_ID_V1\"",\""[\\\""string\\\"",\\\""changdu-app\\\""]\"",\""[\\\""number\\\"",\\\""1044020611\\\""]\"",\""[\\\""RAW_LANGUAGE_SCOPE_V1\\\"",\\\""[\\\\\\\""number\\\\\\\"",\\\\\\\""7\\\\\\\""]\\\"",[\\\""string\\\"",\\\""俄语\\\""]]\""]"",""[\""LANE_B_BOOK_ID_V1\"",\""[\\\""string\\\"",\\\""changdu-app\\\""]\"",\""[\\\""number\\\"",\\\""1055567443\\\""]\"",\""[\\\""RAW_LANGUAGE_SCOPE_V1\\\"",\\\""[\\\\\\\""number\\\\\\\"",\\\\\\\""7\\\\\\\""]\\\"",[\\\""string\\\"",\\\""俄语\\\""]]\""]"",""[\""LANE_B_BOOK_ID_V1\"",\""[\\\""string\\\"",\\\""changdu-app\\\""]\"",\""[\\\""number\\\"",\\\""1121668729\\\""]\"",\""[\\\""RAW_LANGUAGE_SCOPE_V1\\\"",\\\""[\\\\\\\""number\\\\\\\"",\\\\\\\""7\\\\\\\""]\\\"",[\\\""string\\\"",\\\""俄语\\\""]]\""]"",""[\""LANE_B_BOOK_ID_V1\"",\""[\\\""string\\\"",\\\""changdu-app\\\""]\"",\""[\\\""number\\\"",\\\""219552508\\\""]\"",\""[\\\""RAW_LANGUAGE_SCOPE_V1\\\"",\\\""[\\\\\\\""number\\\\\\\"",\\\\\\\""7\\\\\\\""]\\\"",[\\\""string\\\"",\\\""俄语\\\""]]\""]"",""[\""LANE_B_BOOK_ID_V1\"",\""[\\\""string\\\"",\\\""changdu-app\\\""]\"",\""[\\\""number\\\"",\\\""271289432\\\""]\"",\""[\\\""RAW_LANGUAGE_SCOPE_V1\\\"",\\\""[\\\\\\\""number\\\\\\\"",\\\\\\\""7\\\\\\\""]\\\"",[\\\""string\\\"",\\\""俄语\\\""]]\""]"",""[\""LANE_B_BOOK_ID_V1\"",\""[\\\""string\\\"",\\\""changdu-app\\\""]\"",\""[\\\""number\\\"",\\\""660693505\\\""]\"",\""[\\\""RAW_LANGUAGE_SCOPE_V1\\\"",\\\""[\\\\\\\""number\\\\\\\"",\\\\\\\""7\\\\\\\""]\\\"",[\\\""string\\\"",\\\""俄语\\\""]]\""]"",""[\""LANE_B_BOOK_ID_V1\"",\""[\\\""string\\\"",\\\""changdu-app\\\""]\"",\""[\\\""number\\\"",\\\""712108199\\\""]\"",\""[\\\""RAW_LANGUAGE_SCOPE_V1\\\"",\\\""[\\\\\\\""number\\\\\\\"",\\\\\\\""7\\\\\\\""]\\\"",[\\\""string\\\"",\\\""俄语\\\""]]\""]"",""[\""LANE_B_BOOK_ID_V1\"",\""[\\\""string\\\"",\\\""changdu-app\\\""]\"",\""[\\\""number\\\"",\\\""803842167\\\""]\"",\""[\\\""RAW_LANGUAGE_SCOPE_V1\\\"",\\\""[\\\\\\\""number\\\\\\\"",\\\\\\\""7\\\\\\\""]\\\"",[\\\""string\\\"",\\\""俄语\\\""]]\""]"",""[\""LANE_B_BOOK_ID_V1\"",\""[\\\""string\\\"",\\\""changdu-app\\\""]\"",\""[\\\""number\\\"",\\\""805461763\\\""]\"",\""[\\\""RAW_LANGUAGE_SCOPE_V1\\\"",\\\""[\\\\\\\""number\\\\\\\"",\\\\\\\""7\\\\\\\""]\\\"",[\\\""string\\\"",\\\""俄语\\\""]]\""]"",""[\""LANE_B_BOOK_ID_V1\"",\""[\\\""string\\\"",\\\""changdu-app\\\""]\"",\""[\\\""number\\\"",\\\""887802229\\\""]\"",\""[\\\""RAW_LANGUAGE_SCOPE_V1\\\"",\\\""[\\\\\\\""number\\\\\\\"",\\\\\\\""7\\\\\\\""]\\\"",[\\\""string\\\"",\\\""俄语\\\""]]\""]"",""[\""LANE_B_BOOK_ID_V1\"",\""[\\\""string\\\"",\\\""changdu-app\\\""]\"",\""[\\\""number\\\"",\\\""921069682\\\""]\"",\""[\\\""RAW_LANGUAGE_SCOPE_V1\\\"",\\\""[\\\\\\\""number\\\\\\\"",\\\\\\\""7\\\\\\\""]\\\"",[\\\""string\\\"",\\\""俄语\\\""]]\""]"",""[\""LANE_B_BOOK_ID_V1\"",\""[\\\""string\\\"",\\\""changdu-app\\\""]\"",\""[\\\""number\\\"",\\\""928753134\\\""]\"",\""[\\\""RAW_LANGUAGE_SCOPE_V1\\\"",\\\""[\\\\\\\""number\\\\\\\"",\\\\\\\""7\\\\\\\""]\\\"",[\\\""string\\\"",\\\""俄语\\\""]]\""]""]",APPROVED_MAP_CANDIDATE,CROSS_REVIEW_FINAL,TIER_3_TARGET_CONFLICT,0.88,女频共现~100%，书证全为现代豪门婚恋/复仇言情；modern-romance为检索等价入口,C: contemporary-setting（setting facet字面映射，不错但检索价值低）,1,1,ct-v1-modern-romance,modern-romance,现代言情,APPROVED_OFFLINE_CANDIDATE_ONLY
MAPPING_EDGE,54d69cac12854eb1e0b258e24b847c839c05724fff8b674fc4579d8824b9179f,7c754852a4178b61fd1230f50262620cfb1ca264d53d3fdac2932a3b9aa3af13,changdu-app,"[""RAW_LANGUAGE_SCOPE_V1"",""[\""number\"",\""7\""]"",[""string"",""俄语""]]",RU,Ужасы,0KPQttCw0YHRiw==,ddb439d7912c7f233eed59229ebdb67ea8d465bfd3a1ecc7fa4256ef2f884dce,1,1,1,"[""[\""LANE_B_BOOK_ID_V1\"",\""[\\\""string\\\"",\\\""changdu-app\\\""]\"",\""[\\\""number\\\"",\\\""453407644\\\""]\"",\""[\\\""RAW_LANGUAGE_SCOPE_V1\\\"",\\\""[\\\\\\\""number\\\\\\\"",\\\\\\\""7\\\\\\\""]\\\"",[\\\""string\\\"",\\\""俄语\\\""]]\""]""]",APPROVED_MAP_CANDIDATE,CROSS_REVIEW_FINAL,TIER_2_GOOD,0.85,A/B/C提出同一horror概念；本scope书证干净：血茶怪谈；suspense无法承载恐惧体验检索,D: HUMAN_REVIEW（对全部Horror键一刀切0.47——对本scope过度保守）,1,1,ct-v1-horror,horror,恐怖,APPROVED_OFFLINE_CANDIDATE_ONLY
MAPPING_EDGE,d97d6e4d28afd606292a644d8271c9a0ce08f24cf530e587b99df4b16ef5e373,6a2c9eb8565208a72eca837588bc2824865ee9298d0a5819051d1276eb240ee8,changdu-app,"[""RAW_LANGUAGE_SCOPE_V1"",""[\""number\"",\""7\""]"",[""string"",""俄语""]]",RU,Фэнтези,0KTRjdC90YLQtdC30Lg=,84cf92c97e2cff5f40df5523327b45500f0dc4fa7ec768ece2857f13d0190a6c,99,99,99,"[""[\""LANE_B_BOOK_ID_V1\"",\""[\\\""string\\\"",\\\""changdu-app\\\""]\"",\""[\\\""number\\\"",\\\""5539205\\\""]\"",\""[\\\""RAW_LANGUAGE_SCOPE_V1\\\"",\\\""[\\\\\\\""number\\\\\\\"",\\\\\\\""7\\\\\\\""]\\\"",[\\\""string\\\"",\\\""俄语\\\""]]\""]"",""[\""LANE_B_BOOK_ID_V1\"",\""[\\\""string\\\"",\\\""changdu-app\\\""]\"",\""[\\\""number\\\"",\\\""5534753\\\""]\"",\""[\\\""RAW_LANGUAGE_SCOPE_V1\\\"",\\\""[\\\\\\\""number\\\\\\\"",\\\\\\\""7\\\\\\\""]\\\"",[\\\""string\\\"",\\\""俄语\\\""]]\""]"",""[\""LANE_B_BOOK_ID_V1\"",\""[\\\""string\\\"",\\\""changdu-app\\\""]\"",\""[\\\""number\\\"",\\\""5558966\\\""]\"",\""[\\\""RAW_LANGUAGE_SCOPE_V1\\\"",\\\""[\\\\\\\""number\\\\\\\"",\\\\\\\""7\\\\\\\""]\\\"",[\\\""string\\\"",\\\""俄语\\\""]]\""]"",""[\""LANE_B_BOOK_ID_V1\"",\""[\\\""string\\\"",\\\""changdu-app\\\""]\"",\""[\\\""number\\\"",\\\""5559213\\\""]\"",\""[\\\""RAW_LANGUAGE_SCOPE_V1\\\"",\\\""[\\\\\\\""number\\\\\\\"",\\\\\\\""7\\\\\\\""]\\\"",[\\\""string\\\"",\\\""俄语\\\""]]\""]"",""[\""LANE_B_BOOK_ID_V1\"",\""[\\\""string\\\"",\\\""changdu-app\\\""]\"",\""[\\\""number\\\"",\\\""5558112\\\""]\"",\""[\\\""RAW_LANGUAGE_SCOPE_V1\\\"",\\\""[\\\\\\\""number\\\\\\\"",\\\\\\\""7\\\\\\\""]\\\"",[\\\""string\\\"",\\\""俄语\\\""]]\""]"",""[\""LANE_B_BOOK_ID_V1\"",\""[\\\""string\\\"",\\\""changdu-app\\\""]\"",\""[\\\""number\\\"",\\\""453407631\\\""]\"",\""[\\\""RAW_LANGUAGE_SCOPE_V1\\\"",\\\""[\\\\\\\""number\\\\\\\"",\\\\\\\""7\\\\\\\""]\\\"",[\\\""string\\\"",\\\""俄语\\\""]]\""]"",""[\""LANE_B_BOOK_ID_V1\"",\""[\\\""string\\\"",\\\""changdu-app\\\""]\"",\""[\\\""number\\\"",\\\""453407634\\\""]\"",\""[\\\""RAW_LANGUAGE_SCOPE_V1\\\"",\\\""[\\\\\\\""number\\\\\\\"",\\\\\\\""7\\\\\\\""]\\\"",[\\\""string\\\"",\\\""俄语\\\""]]\""]"",""[\""LANE_B_BOOK_ID_V1\"",\""[\\\""string\\\"",\\\""changdu-app\\\""]\"",\""[\\\""number\\\"",\\\""453407635\\\""]\"",\""[\\\""RAW_LANGUAGE_SCOPE_V1\\\"",\\\""[\\\\\\\""number\\\\\\\"",\\\\\\\""7\\\\\\\""]\\\"",[\\\""string\\\"",\\\""俄语\\\""]]\""]"",""[\""LANE_B_BOOK_ID_V1\"",\""[\\\""string\\\"",\\\""changdu-app\\\""]\"",\""[\\\""number\\\"",\\\""453407637\\\""]\"",\""[\\\""RAW_LANGUAGE_SCOPE_V1\\\"",\\\""[\\\\\\\""number\\\\\\\"",\\\\\\\""7\\\\\\\""]\\\"",[\\\""string\\\"",\\\""俄语\\\""]]\""]"",""[\""LANE_B_BOOK_ID_V1\"",\""[\\\""string\\\"",\\\""changdu-app\\\""]\"",\""[\\\""number\\\"",\\\""453407641\\\""]\"",\""[\\\""RAW_LANGUAGE_SCOPE_V1\\\"",\\\""[\\\\\\\""number\\\\\\\"",\\\\\\\""7\\\\\\\""]\\\"",[\\\""string\\\"",\\\""俄语\\\""]]\""]""]",APPROVED_MAP_CANDIDATE,CROSS_REVIEW_FINAL,TIER_2_GOOD,0.81,四家同decision同target；但书证存在部分反证：含狼人学院/Omegaverse，奇幻页会进一批狼人言情,NONE_IDENTIFIED,1,1,ct-v1-fantasy,fantasy,奇幻,APPROVED_OFFLINE_CANDIDATE_ONLY
MAPPING_EDGE,cdd6b811224babcbf25be94c5f698c27ed0dbb586b2cec4f023317ceef2c08a9,bad84a0df4e476eaebd7414c55c16e4d3689b5047ee22646d5c79d3689472cc6,changdu-app,"[""RAW_LANGUAGE_SCOPE_V1"",""[\""number\"",\""7\""]"",[""string"",""俄语""]]",RU,女频,5aWz6aKR,d9867749ec31f19fe7bfa4a782791bb108a8c9bc80653d481d3f1110f260cebb,584,584,584,"[""[\""LANE_B_BOOK_ID_V1\"",\""[\\\""string\\\"",\\\""changdu-app\\\""]\"",\""[\\\""number\\\"",\\\""1009869572\\\""]\"",\""[\\\""RAW_LANGUAGE_SCOPE_V1\\\"",\\\""[\\\\\\\""number\\\\\\\"",\\\\\\\""7\\\\\\\""]\\\"",[\\\""string\\\"",\\\""俄语\\\""]]\""]"",""[\""LANE_B_BOOK_ID_V1\"",\""[\\\""string\\\"",\\\""changdu-app\\\""]\"",\""[\\\""number\\\"",\\\""1044020611\\\""]\"",\""[\\\""RAW_LANGUAGE_SCOPE_V1\\\"",\\\""[\\\\\\\""number\\\\\\\"",\\\\\\\""7\\\\\\\""]\\\"",[\\\""string\\\"",\\\""俄语\\\""]]\""]"",""[\""LANE_B_BOOK_ID_V1\"",\""[\\\""string\\\"",\\\""changdu-app\\\""]\"",\""[\\\""number\\\"",\\\""1050731262\\\""]\"",\""[\\\""RAW_LANGUAGE_SCOPE_V1\\\"",\\\""[\\\\\\\""number\\\\\\\"",\\\\\\\""7\\\\\\\""]\\\"",[\\\""string\\\"",\\\""俄语\\\""]]\""]"",""[\""LANE_B_BOOK_ID_V1\"",\""[\\\""string\\\"",\\\""changdu-app\\\""]\"",\""[\\\""number\\\"",\\\""1055567443\\\""]\"",\""[\\\""RAW_LANGUAGE_SCOPE_V1\\\"",\\\""[\\\\\\\""number\\\\\\\"",\\\\\\\""7\\\\\\\""]\\\"",[\\\""string\\\"",\\\""俄语\\\""]]\""]"",""[\""LANE_B_BOOK_ID_V1\"",\""[\\\""string\\\"",\\\""changdu-app\\\""]\"",\""[\\\""number\\\"",\\\""1117814880\\\""]\"",\""[\\\""RAW_LANGUAGE_SCOPE_V1\\\"",\\\""[\\\\\\\""number\\\\\\\"",\\\\\\\""7\\\\\\\""]\\\"",[\\\""string\\\"",\\\""俄语\\\""]]\""]"",""[\""LANE_B_BOOK_ID_V1\"",\""[\\\""string\\\"",\\\""changdu-app\\\""]\"",\""[\\\""number\\\"",\\\""1121668729\\\""]\"",\""[\\\""RAW_LANGUAGE_SCOPE_V1\\\"",\\\""[\\\\\\\""number\\\\\\\"",\\\\\\\""7\\\\\\\""]\\\"",[\\\""string\\\"",\\\""俄语\\\""]]\""]"",""[\""LANE_B_BOOK_ID_V1\"",\""[\\\""string\\\"",\\\""changdu-app\\\""]\"",\""[\\\""number\\\"",\\\""1131542167\\\""]\"",\""[\\\""RAW_LANGUAGE_SCOPE_V1\\\"",\\\""[\\\\\\\""number\\\\\\\"",\\\\\\\""7\\\\\\\""]\\\"",[\\\""string\\\"",\\\""俄语\\\""]]\""]"",""[\""LANE_B_BOOK_ID_V1\"",\""[\\\""string\\\"",\\\""changdu-app\\\""]\"",\""[\\\""number\\\"",\\\""219552508\\\""]\"",\""[\\\""RAW_LANGUAGE_SCOPE_V1\\\"",\\\""[\\\\\\\""number\\\\\\\"",\\\\\\\""7\\\\\\\""]\\\"",[\\\""string\\\"",\\\""俄语\\\""]]\""]"",""[\""LANE_B_BOOK_ID_V1\"",\""[\\\""string\\\"",\\\""changdu-app\\\""]\"",\""[\\\""number\\\"",\\\""271289432\\\""]\"",\""[\\\""RAW_LANGUAGE_SCOPE_V1\\\"",\\\""[\\\\\\\""number\\\\\\\"",\\\\\\\""7\\\\\\\""]\\\"",[\\\""string\\\"",\\\""俄语\\\""]]\""]"",""[\""LANE_B_BOOK_ID_V1\"",\""[\\\""string\\\"",\\\""changdu-app\\\""]\"",\""[\\\""number\\\"",\\\""660693505\\\""]\"",\""[\\\""RAW_LANGUAGE_SCOPE_V1\\\"",\\\""[\\\\\\\""number\\\\\\\"",\\\\\\\""7\\\\\\\""]\\\"",[\\\""string\\\"",\\\""俄语\\\""]]\""]"",""[\""LANE_B_BOOK_ID_V1\"",\""[\\\""string\\\"",\\\""changdu-app\\\""]\"",\""[\\\""number\\\"",\\\""712108199\\\""]\"",\""[\\\""RAW_LANGUAGE_SCOPE_V1\\\"",\\\""[\\\\\\\""number\\\\\\\"",\\\\\\\""7\\\\\\\""]\\\"",[\\\""string\\\"",\\\""俄语\\\""]]\""]"",""[\""LANE_B_BOOK_ID_V1\"",\""[\\\""string\\\"",\\\""changdu-app\\\""]\"",\""[\\\""number\\\"",\\\""774089644\\\""]\"",\""[\\\""RAW_LANGUAGE_SCOPE_V1\\\"",\\\""[\\\\\\\""number\\\\\\\"",\\\\\\\""7\\\\\\\""]\\\"",[\\\""string\\\"",\\\""俄语\\\""]]\""]""]",APPROVED_MAP_CANDIDATE,CROSS_REVIEW_FINAL,TIER_2_GOOD,0.95,A/B/C一致映射；audience已是119正式facet（ct-v1-female-audience存在），书证全为女性向,D: IGNORE（视为运营二分旗——但artifact已建audience facet，忽略反而丢失已建模维度）,1,1,ct-v1-female-audience,female-audience,女性向,APPROVED_OFFLINE_CANDIDATE_ONLY
MAPPING_EDGE,0bef4c7bb715686e2f0b4447223ab2ab2d5862d247acb5adf4795e1d0f1e4dc2,fe92c6d2c44599e2997b5ee60fdb10b9451fac114facd8e2b5552c822c765315,changdu-app,"[""RAW_LANGUAGE_SCOPE_V1"",""[\""number\"",\""7\""]"",[""string"",""俄语""]]",RU,男频,55S36aKR,e74d73d99251bb2b99c02896258d9fbcd9817488f6538674fda26534b0b450ac,31,31,31,"[""[\""LANE_B_BOOK_ID_V1\"",\""[\\\""string\\\"",\\\""changdu-app\\\""]\"",\""[\\\""number\\\"",\\\""1040466271\\\""]\"",\""[\\\""RAW_LANGUAGE_SCOPE_V1\\\"",\\\""[\\\\\\\""number\\\\\\\"",\\\\\\\""7\\\\\\\""]\\\"",[\\\""string\\\"",\\\""俄语\\\""]]\""]"",""[\""LANE_B_BOOK_ID_V1\"",\""[\\\""string\\\"",\\\""changdu-app\\\""]\"",\""[\\\""number\\\"",\\\""530830882\\\""]\"",\""[\\\""RAW_LANGUAGE_SCOPE_V1\\\"",\\\""[\\\\\\\""number\\\\\\\"",\\\\\\\""7\\\\\\\""]\\\"",[\\\""string\\\"",\\\""俄语\\\""]]\""]"",""[\""LANE_B_BOOK_ID_V1\"",\""[\\\""string\\\"",\\\""changdu-app\\\""]\"",\""[\\\""number\\\"",\\\""487445264\\\""]\"",\""[\\\""RAW_LANGUAGE_SCOPE_V1\\\"",\\\""[\\\\\\\""number\\\\\\\"",\\\\\\\""7\\\\\\\""]\\\"",[\\\""string\\\"",\\\""俄语\\\""]]\""]"",""[\""LANE_B_BOOK_ID_V1\"",\""[\\\""string\\\"",\\\""changdu-app\\\""]\"",\""[\\\""number\\\"",\\\""452810029\\\""]\"",\""[\\\""RAW_LANGUAGE_SCOPE_V1\\\"",\\\""[\\\\\\\""number\\\\\\\"",\\\\\\\""7\\\\\\\""]\\\"",[\\\""string\\\"",\\\""俄语\\\""]]\""]"",""[\""LANE_B_BOOK_ID_V1\"",\""[\\\""string\\\"",\\\""changdu-app\\\""]\"",\""[\\\""number\\\"",\\\""423974191\\\""]\"",\""[\\\""RAW_LANGUAGE_SCOPE_V1\\\"",\\\""[\\\\\\\""number\\\\\\\"",\\\\\\\""7\\\\\\\""]\\\"",[\\\""string\\\"",\\\""俄语\\\""]]\""]"",""[\""LANE_B_BOOK_ID_V1\"",\""[\\\""string\\\"",\\\""changdu-app\\\""]\"",\""[\\\""number\\\"",\\\""75115396\\\""]\"",\""[\\\""RAW_LANGUAGE_SCOPE_V1\\\"",\\\""[\\\\\\\""number\\\\\\\"",\\\\\\\""7\\\\\\\""]\\\"",[\\\""string\\\"",\\\""俄语\\\""]]\""]""]",APPROVED_MAP_CANDIDATE,CROSS_REVIEW_FINAL,TIER_2_GOOD,0.92,A/B/C提出同一概念；119只有female-audience无对称男性向入口，8217本可进女性向而1684本男频书无入口，结构性不对称,D: IGNORE（主张女频男频同进同退；若Owner不扩audience则两者一并IGNORE）,1,1,ct-v1-male-audience,male-audience,男性向,APPROVED_OFFLINE_CANDIDATE_ONLY
MAPPING_EDGE,48236e67b9dc3daab8e8e8e4233d608ccb862bf63f16cf93fd36d19b96c8df33,8c5fb95010a4ffd7d6210a15af6bcb0e47cd6ca90b8c44111e9114fa7098e67c,changdu-app,"[""RAW_LANGUAGE_SCOPE_V1"",""[\""number\"",\""12\""]"",[""string"",""泰语""]]",TH,นิยายวาย,4LiZ4Li04Lii4Liy4Lii4Lin4Liy4Lii,3e7da137d4af29860b05f267d89d30b42486c873a6da997e2830813a869da492,18,18,18,"[""[\""LANE_B_BOOK_ID_V1\"",\""[\\\""string\\\"",\\\""changdu-app\\\""]\"",\""[\\\""number\\\"",\\\""159574480\\\""]\"",\""[\\\""RAW_LANGUAGE_SCOPE_V1\\\"",\\\""[\\\\\\\""number\\\\\\\"",\\\\\\\""12\\\\\\\""]\\\"",[\\\""string\\\"",\\\""泰语\\\""]]\""]"",""[\""LANE_B_BOOK_ID_V1\"",\""[\\\""string\\\"",\\\""changdu-app\\\""]\"",\""[\\\""number\\\"",\\\""5576993\\\""]\"",\""[\\\""RAW_LANGUAGE_SCOPE_V1\\\"",\\\""[\\\\\\\""number\\\\\\\"",\\\\\\\""12\\\\\\\""]\\\"",[\\\""string\\\"",\\\""泰语\\\""]]\""]"",""[\""LANE_B_BOOK_ID_V1\"",\""[\\\""string\\\"",\\\""changdu-app\\\""]\"",\""[\\\""number\\\"",\\\""5573161\\\""]\"",\""[\\\""RAW_LANGUAGE_SCOPE_V1\\\"",\\\""[\\\\\\\""number\\\\\\\"",\\\\\\\""12\\\\\\\""]\\\"",[\\\""string\\\"",\\\""泰语\\\""]]\""]"",""[\""LANE_B_BOOK_ID_V1\"",\""[\\\""string\\\"",\\\""changdu-app\\\""]\"",\""[\\\""number\\\"",\\\""5544124\\\""]\"",\""[\\\""RAW_LANGUAGE_SCOPE_V1\\\"",\\\""[\\\\\\\""number\\\\\\\"",\\\\\\\""12\\\\\\\""]\\\"",[\\\""string\\\"",\\\""泰语\\\""]]\""]"",""[\""LANE_B_BOOK_ID_V1\"",\""[\\\""string\\\"",\\\""changdu-app\\\""]\"",\""[\\\""number\\\"",\\\""5543853\\\""]\"",\""[\\\""RAW_LANGUAGE_SCOPE_V1\\\"",\\\""[\\\\\\\""number\\\\\\\"",\\\\\\\""12\\\\\\\""]\\\"",[\\\""string\\\"",\\\""泰语\\\""]]\""]""]",APPROVED_MAP_CANDIDATE,CROSS_REVIEW_FINAL,TIER_1_STRONG,0.9,4/4提出同一新概念（slug各异：lgbtq-romance/lgbtq/lgbt-plus/lgbt，语义归一后同一identity）；书证为BL/GL/Omegaverse同性恋爱主线,B对泰语นิยายวาย另提boys-love子概念→归一为alias,1,1,ct-v1-lgbtq-romance,lgbtq-romance,LGBTQ+恋爱,APPROVED_OFFLINE_CANDIDATE_ONLY
MAPPING_EDGE,c69348fc685530584a19a84702a938e822372d849e448d185bacd1495b07985b,067f57ec18e6256f5836cb7598735645619db6013380c1f486c9616701e4c274,changdu-app,"[""RAW_LANGUAGE_SCOPE_V1"",""[\""number\"",\""12\""]"",[""string"",""泰语""]]",TH,ประวัติศาสตร์,4Lib4Lij4Liw4Lin4Lix4LiV4Li04Lio4Liy4Liq4LiV4Lij4LmM,bdb07477469db132630cb8e2856f4fb40e8dfb1e09b7a26a431ff7f2a5e4993d,5,5,5,"[""[\""LANE_B_BOOK_ID_V1\"",\""[\\\""string\\\"",\\\""changdu-app\\\""]\"",\""[\\\""number\\\"",\\\""711810720\\\""]\"",\""[\\\""RAW_LANGUAGE_SCOPE_V1\\\"",\\\""[\\\\\\\""number\\\\\\\"",\\\\\\\""12\\\\\\\""]\\\"",[\\\""string\\\"",\\\""泰语\\\""]]\""]"",""[\""LANE_B_BOOK_ID_V1\"",\""[\\\""string\\\"",\\\""changdu-app\\\""]\"",\""[\\\""number\\\"",\\\""544643941\\\""]\"",\""[\\\""RAW_LANGUAGE_SCOPE_V1\\\"",\\\""[\\\\\\\""number\\\\\\\"",\\\\\\\""12\\\\\\\""]\\\"",[\\\""string\\\"",\\\""泰语\\\""]]\""]"",""[\""LANE_B_BOOK_ID_V1\"",\""[\\\""string\\\"",\\\""changdu-app\\\""]\"",\""[\\\""number\\\"",\\\""484144206\\\""]\"",\""[\\\""RAW_LANGUAGE_SCOPE_V1\\\"",\\\""[\\\\\\\""number\\\\\\\"",\\\\\\\""12\\\\\\\""]\\\"",[\\\""string\\\"",\\\""泰语\\\""]]\""]"",""[\""LANE_B_BOOK_ID_V1\"",\""[\\\""string\\\"",\\\""changdu-app\\\""]\"",\""[\\\""number\\\"",\\\""422366531\\\""]\"",\""[\\\""RAW_LANGUAGE_SCOPE_V1\\\"",\\\""[\\\\\\\""number\\\\\\\"",\\\\\\\""12\\\\\\\""]\\\"",[\\\""string\\\"",\\\""泰语\\\""]]\""]"",""[\""LANE_B_BOOK_ID_V1\"",\""[\\\""string\\\"",\\\""changdu-app\\\""]\"",\""[\\\""number\\\"",\\\""1009614\\\""]\"",\""[\\\""RAW_LANGUAGE_SCOPE_V1\\\"",\\\""[\\\\\\\""number\\\\\\\"",\\\\\\\""12\\\\\\\""]\\\"",[\\\""string\\\"",\\\""泰语\\\""]]\""]""]",APPROVED_MAP_CANDIDATE,CROSS_REVIEW_FINAL,TIER_1_STRONG,0.86,4/4 decision+target一致，代表书证与目标语义相符，无明显反证,NONE_IDENTIFIED,1,1,ct-v1-historical-romance,historical-romance,古代言情,APPROVED_OFFLINE_CANDIDATE_ONLY
MAPPING_EDGE,85b001cae4b4316d77cc84b75c69f4304cc6433c70c24012a0ead7bfdd66c62c,cce7c655853259637ed1816c0ad41f2a1edb6455aedaf07ba0b7024ffdb01aca,changdu-app,"[""RAW_LANGUAGE_SCOPE_V1"",""[\""number\"",\""12\""]"",[""string"",""泰语""]]",TH,มนุษย์หมาป่า,4Lih4LiZ4Li44Lip4Lii4LmM4Lir4Lih4Liy4Lib4LmI4Liy,9f819fdda2f9ddce23482fe9f46cc060bddbf4357d448eb823659c64b51c21ae,11,11,11,"[""[\""LANE_B_BOOK_ID_V1\"",\""[\\\""string\\\"",\\\""changdu-app\\\""]\"",\""[\\\""number\\\"",\\\""566765139\\\""]\"",\""[\\\""RAW_LANGUAGE_SCOPE_V1\\\"",\\\""[\\\\\\\""number\\\\\\\"",\\\\\\\""12\\\\\\\""]\\\"",[\\\""string\\\"",\\\""泰语\\\""]]\""]"",""[\""LANE_B_BOOK_ID_V1\"",\""[\\\""string\\\"",\\\""changdu-app\\\""]\"",\""[\\\""number\\\"",\\\""453508288\\\""]\"",\""[\\\""RAW_LANGUAGE_SCOPE_V1\\\"",\\\""[\\\\\\\""number\\\\\\\"",\\\\\\\""12\\\\\\\""]\\\"",[\\\""string\\\"",\\\""泰语\\\""]]\""]"",""[\""LANE_B_BOOK_ID_V1\"",\""[\\\""string\\\"",\\\""changdu-app\\\""]\"",\""[\\\""number\\\"",\\\""453608313\\\""]\"",\""[\\\""RAW_LANGUAGE_SCOPE_V1\\\"",\\\""[\\\\\\\""number\\\\\\\"",\\\\\\\""12\\\\\\\""]\\\"",[\\\""string\\\"",\\\""泰语\\\""]]\""]"",""[\""LANE_B_BOOK_ID_V1\"",\""[\\\""string\\\"",\\\""changdu-app\\\""]\"",\""[\\\""number\\\"",\\\""453608315\\\""]\"",\""[\\\""RAW_LANGUAGE_SCOPE_V1\\\"",\\\""[\\\\\\\""number\\\\\\\"",\\\\\\\""12\\\\\\\""]\\\"",[\\\""string\\\"",\\\""泰语\\\""]]\""]"",""[\""LANE_B_BOOK_ID_V1\"",\""[\\\""string\\\"",\\\""changdu-app\\\""]\"",\""[\\\""number\\\"",\\\""453608323\\\""]\"",\""[\\\""RAW_LANGUAGE_SCOPE_V1\\\"",\\\""[\\\\\\\""number\\\\\\\"",\\\\\\\""12\\\\\\\""]\\\"",[\\\""string\\\"",\\\""泰语\\\""]]\""]""]",APPROVED_MAP_CANDIDATE,CROSS_REVIEW_FINAL,TIER_1_STRONG,0.94,4/4 decision+target一致，代表书证与目标语义相符，无明显反证,NONE_IDENTIFIED,1,1,ct-v1-werewolf,werewolf,狼人,APPROVED_OFFLINE_CANDIDATE_ONLY
MAPPING_EDGE,4d8816b02aa94fcbff9817de726289ed961903adfa65cf88f2295a80229c1a92,7298a0e4f01e7b9e9dcca4123851ec585369523ab242b7796974ae67a154565f,changdu-app,"[""RAW_LANGUAGE_SCOPE_V1"",""[\""number\"",\""12\""]"",[""string"",""泰语""]]",TH,มหาเศรษฐี,4Lih4Lir4Liy4LmA4Lio4Lij4Lip4LiQ4Li1,43b33872d3cd9c219a588a97b3998b2028b016984c97cfc5a762c61963a29ec1,79,79,79,"[""[\""LANE_B_BOOK_ID_V1\"",\""[\\\""string\\\"",\\\""changdu-app\\\""]\"",\""[\\\""number\\\"",\\\""5536779\\\""]\"",\""[\\\""RAW_LANGUAGE_SCOPE_V1\\\"",\\\""[\\\\\\\""number\\\\\\\"",\\\\\\\""12\\\\\\\""]\\\"",[\\\""string\\\"",\\\""泰语\\\""]]\""]"",""[\""LANE_B_BOOK_ID_V1\"",\""[\\\""string\\\"",\\\""changdu-app\\\""]\"",\""[\\\""number\\\"",\\\""5536589\\\""]\"",\""[\\\""RAW_LANGUAGE_SCOPE_V1\\\"",\\\""[\\\\\\\""number\\\\\\\"",\\\\\\\""12\\\\\\\""]\\\"",[\\\""string\\\"",\\\""泰语\\\""]]\""]"",""[\""LANE_B_BOOK_ID_V1\"",\""[\\\""string\\\"",\\\""changdu-app\\\""]\"",\""[\\\""number\\\"",\\\""453508267\\\""]\"",\""[\\\""RAW_LANGUAGE_SCOPE_V1\\\"",\\\""[\\\\\\\""number\\\\\\\"",\\\\\\\""12\\\\\\\""]\\\"",[\\\""string\\\"",\\\""泰语\\\""]]\""]"",""[\""LANE_B_BOOK_ID_V1\"",\""[\\\""string\\\"",\\\""changdu-app\\\""]\"",\""[\\\""number\\\"",\\\""453508268\\\""]\"",\""[\\\""RAW_LANGUAGE_SCOPE_V1\\\"",\\\""[\\\\\\\""number\\\\\\\"",\\\\\\\""12\\\\\\\""]\\\"",[\\\""string\\\"",\\\""泰语\\\""]]\""]"",""[\""LANE_B_BOOK_ID_V1\"",\""[\\\""string\\\"",\\\""changdu-app\\\""]\"",\""[\\\""number\\\"",\\\""453508272\\\""]\"",\""[\\\""RAW_LANGUAGE_SCOPE_V1\\\"",\\\""[\\\\\\\""number\\\\\\\"",\\\\\\\""12\\\\\\\""]\\\"",[\\\""string\\\"",\\\""泰语\\\""]]\""]"",""[\""LANE_B_BOOK_ID_V1\"",\""[\\\""string\\\"",\\\""changdu-app\\\""]\"",\""[\\\""number\\\"",\\\""453508275\\\""]\"",\""[\\\""RAW_LANGUAGE_SCOPE_V1\\\"",\\\""[\\\\\\\""number\\\\\\\"",\\\\\\\""12\\\\\\\""]\\\"",[\\\""string\\\"",\\\""泰语\\\""]]\""]"",""[\""LANE_B_BOOK_ID_V1\"",\""[\\\""string\\\"",\\\""changdu-app\\\""]\"",\""[\\\""number\\\"",\\\""453508281\\\""]\"",\""[\\\""RAW_LANGUAGE_SCOPE_V1\\\"",\\\""[\\\\\\\""number\\\\\\\"",\\\\\\\""12\\\\\\\""]\\\"",[\\\""string\\\"",\\\""泰语\\\""]]\""]"",""[\""LANE_B_BOOK_ID_V1\"",\""[\\\""string\\\"",\\\""changdu-app\\\""]\"",\""[\\\""number\\\"",\\\""453508287\\\""]\"",\""[\\\""RAW_LANGUAGE_SCOPE_V1\\\"",\\\""[\\\\\\\""number\\\\\\\"",\\\\\\\""12\\\\\\\""]\\\"",[\\\""string\\\"",\\\""泰语\\\""]]\""]"",""[\""LANE_B_BOOK_ID_V1\"",\""[\\\""string\\\"",\\\""changdu-app\\\""]\"",\""[\\\""number\\\"",\\\""453008992\\\""]\"",\""[\\\""RAW_LANGUAGE_SCOPE_V1\\\"",\\\""[\\\\\\\""number\\\\\\\"",\\\\\\\""12\\\\\\\""]\\\"",[\\\""string\\\"",\\\""泰语\\\""]]\""]""]",APPROVED_MAP_CANDIDATE,CROSS_REVIEW_FINAL,TIER_1_STRONG,0.92,4/4 decision+target一致，代表书证与目标语义相符，无明显反证,NONE_IDENTIFIED,1,1,ct-v1-wealthy-ceo,wealthy-ceo,豪门总裁,APPROVED_OFFLINE_CANDIDATE_ONLY
MAPPING_EDGE,f00a50c580e631c57336a6c85cbb195337d7b8100f3b80d6dd9325b76cef628d,fcf1f098014099c80f1eb0df52ecf52bccf27256249053058327645fbc8cfdb5,changdu-app,"[""RAW_LANGUAGE_SCOPE_V1"",""[\""number\"",\""12\""]"",[""string"",""泰语""]]",TH,มาเฟีย,4Lih4Liy4LmA4Lif4Li14Lii,0abca2880a5f7101a5fe06362d4488054e6686c46795bab587102d74fb42ec0e,4,4,4,"[""[\""LANE_B_BOOK_ID_V1\"",\""[\\\""string\\\"",\\\""changdu-app\\\""]\"",\""[\\\""number\\\"",\\\""475426564\\\""]\"",\""[\\\""RAW_LANGUAGE_SCOPE_V1\\\"",\\\""[\\\\\\\""number\\\\\\\"",\\\\\\\""12\\\\\\\""]\\\"",[\\\""string\\\"",\\\""泰语\\\""]]\""]"",""[\""LANE_B_BOOK_ID_V1\"",\""[\\\""string\\\"",\\\""changdu-app\\\""]\"",\""[\\\""number\\\"",\\\""453608353\\\""]\"",\""[\\\""RAW_LANGUAGE_SCOPE_V1\\\"",\\\""[\\\\\\\""number\\\\\\\"",\\\\\\\""12\\\\\\\""]\\\"",[\\\""string\\\"",\\\""泰语\\\""]]\""]"",""[\""LANE_B_BOOK_ID_V1\"",\""[\\\""string\\\"",\\\""changdu-app\\\""]\"",\""[\\\""number\\\"",\\\""453608363\\\""]\"",\""[\\\""RAW_LANGUAGE_SCOPE_V1\\\"",\\\""[\\\\\\\""number\\\\\\\"",\\\\\\\""12\\\\\\\""]\\\"",[\\\""string\\\"",\\\""泰语\\\""]]\""]"",""[\""LANE_B_BOOK_ID_V1\"",\""[\\\""string\\\"",\\\""changdu-app\\\""]\"",\""[\\\""number\\\"",\\\""453608373\\\""]\"",\""[\\\""RAW_LANGUAGE_SCOPE_V1\\\"",\\\""[\\\\\\\""number\\\\\\\"",\\\\\\\""12\\\\\\\""]\\\"",[\\\""string\\\"",\\\""泰语\\\""]]\""]""]",APPROVED_MAP_CANDIDATE,CROSS_REVIEW_FINAL,TIER_1_STRONG,0.9,4/4 decision+target一致，代表书证与目标语义相符，无明显反证,NONE_IDENTIFIED,1,1,ct-v1-mafia,mafia,黑帮,APPROVED_OFFLINE_CANDIDATE_ONLY
MAPPING_EDGE,331f4577ec472b0238d7977a0edba2e3602c77a8a33c39fb3f366d3b9b96cd87,97f303f798e1026fa4863d4a7c49f87ccb40307dfa34d30df2945d1fa6a7d585,changdu-app,"[""RAW_LANGUAGE_SCOPE_V1"",""[\""number\"",\""12\""]"",[""string"",""泰语""]]",TH,วัยรุ่น,4Lin4Lix4Lii4Lij4Li44LmI4LiZ,cf6d410e9c2c1c003540aadf207c6e90b42c830ae5ed2d048ecd9eb7190ec8f3,17,17,17,"[""[\""LANE_B_BOOK_ID_V1\"",\""[\\\""string\\\"",\\\""changdu-app\\\""]\"",\""[\\\""number\\\"",\\\""5578725\\\""]\"",\""[\\\""RAW_LANGUAGE_SCOPE_V1\\\"",\\\""[\\\\\\\""number\\\\\\\"",\\\\\\\""12\\\\\\\""]\\\"",[\\\""string\\\"",\\\""泰语\\\""]]\""]"",""[\""LANE_B_BOOK_ID_V1\"",\""[\\\""string\\\"",\\\""changdu-app\\\""]\"",\""[\\\""number\\\"",\\\""5576377\\\""]\"",\""[\\\""RAW_LANGUAGE_SCOPE_V1\\\"",\\\""[\\\\\\\""number\\\\\\\"",\\\\\\\""12\\\\\\\""]\\\"",[\\\""string\\\"",\\\""泰语\\\""]]\""]"",""[\""LANE_B_BOOK_ID_V1\"",\""[\\\""string\\\"",\\\""changdu-app\\\""]\"",\""[\\\""number\\\"",\\\""5576800\\\""]\"",\""[\\\""RAW_LANGUAGE_SCOPE_V1\\\"",\\\""[\\\\\\\""number\\\\\\\"",\\\\\\\""12\\\\\\\""]\\\"",[\\\""string\\\"",\\\""泰语\\\""]]\""]"",""[\""LANE_B_BOOK_ID_V1\"",\""[\\\""string\\\"",\\\""changdu-app\\\""]\"",\""[\\\""number\\\"",\\\""5575562\\\""]\"",\""[\\\""RAW_LANGUAGE_SCOPE_V1\\\"",\\\""[\\\\\\\""number\\\\\\\"",\\\\\\\""12\\\\\\\""]\\\"",[\\\""string\\\"",\\\""泰语\\\""]]\""]"",""[\""LANE_B_BOOK_ID_V1\"",\""[\\\""string\\\"",\\\""changdu-app\\\""]\"",\""[\\\""number\\\"",\\\""5576088\\\""]\"",\""[\\\""RAW_LANGUAGE_SCOPE_V1\\\"",\\\""[\\\\\\\""number\\\\\\\"",\\\\\\\""12\\\\\\\""]\\\"",[\\\""string\\\"",\\\""泰语\\\""]]\""]""]",APPROVED_MAP_CANDIDATE,CROSS_REVIEW_FINAL,TIER_2_GOOD,0.79,四家同decision同target；但书证存在部分反证：混入黑帮/惊悚，青少年语义不纯,NONE_IDENTIFIED,1,1,ct-v1-young-adult,young-adult,青少年,APPROVED_OFFLINE_CANDIDATE_ONLY
MAPPING_EDGE,c17be67c9218955dabf00b556e5e501aee63f994e93aaebada579cff8a3213ab,89eae8d1ed8b64c6024e0653e9460fcbdd7a7cf2676008dbcbf5e495834fe643,changdu-app,"[""RAW_LANGUAGE_SCOPE_V1"",""[\""number\"",\""12\""]"",[""string"",""泰语""]]",TH,สมัยใหม่,4Liq4Lih4Lix4Lii4LmD4Lir4Lih4LmI,822bd4c2cba445f5aec893b0c86e61e2878673478c5d616c9938884e19014d88,78,78,78,"[""[\""LANE_B_BOOK_ID_V1\"",\""[\\\""string\\\"",\\\""changdu-app\\\""]\"",\""[\\\""number\\\"",\\\""1068503859\\\""]\"",\""[\\\""RAW_LANGUAGE_SCOPE_V1\\\"",\\\""[\\\\\\\""number\\\\\\\"",\\\\\\\""12\\\\\\\""]\\\"",[\\\""string\\\"",\\\""泰语\\\""]]\""]"",""[\""LANE_B_BOOK_ID_V1\"",\""[\\\""string\\\"",\\\""changdu-app\\\""]\"",\""[\\\""number\\\"",\\\""203073028\\\""]\"",\""[\\\""RAW_LANGUAGE_SCOPE_V1\\\"",\\\""[\\\\\\\""number\\\\\\\"",\\\\\\\""12\\\\\\\""]\\\"",[\\\""string\\\"",\\\""泰语\\\""]]\""]"",""[\""LANE_B_BOOK_ID_V1\"",\""[\\\""string\\\"",\\\""changdu-app\\\""]\"",\""[\\\""number\\\"",\\\""866212957\\\""]\"",\""[\\\""RAW_LANGUAGE_SCOPE_V1\\\"",\\\""[\\\\\\\""number\\\\\\\"",\\\\\\\""12\\\\\\\""]\\\"",[\\\""string\\\"",\\\""泰语\\\""]]\""]"",""[\""LANE_B_BOOK_ID_V1\"",\""[\\\""string\\\"",\\\""changdu-app\\\""]\"",\""[\\\""number\\\"",\\\""1068602621\\\""]\"",\""[\\\""RAW_LANGUAGE_SCOPE_V1\\\"",\\\""[\\\\\\\""number\\\\\\\"",\\\\\\\""12\\\\\\\""]\\\"",[\\\""string\\\"",\\\""泰语\\\""]]\""]"",""[\""LANE_B_BOOK_ID_V1\"",\""[\\\""string\\\"",\\\""changdu-app\\\""]\"",\""[\\\""number\\\"",\\\""573836\\\""]\"",\""[\\\""RAW_LANGUAGE_SCOPE_V1\\\"",\\\""[\\\\\\\""number\\\\\\\"",\\\\\\\""12\\\\\\\""]\\\"",[\\\""string\\\"",\\\""泰语\\\""]]\""]"",""[\""LANE_B_BOOK_ID_V1\"",\""[\\\""string\\\"",\\\""changdu-app\\\""]\"",\""[\\\""number\\\"",\\\""982439399\\\""]\"",\""[\\\""RAW_LANGUAGE_SCOPE_V1\\\"",\\\""[\\\\\\\""number\\\\\\\"",\\\\\\\""12\\\\\\\""]\\\"",[\\\""string\\\"",\\\""泰语\\\""]]\""]"",""[\""LANE_B_BOOK_ID_V1\"",\""[\\\""string\\\"",\\\""changdu-app\\\""]\"",\""[\\\""number\\\"",\\\""4635072\\\""]\"",\""[\\\""RAW_LANGUAGE_SCOPE_V1\\\"",\\\""[\\\\\\\""number\\\\\\\"",\\\\\\\""12\\\\\\\""]\\\"",[\\\""string\\\"",\\\""泰语\\\""]]\""]"",""[\""LANE_B_BOOK_ID_V1\"",\""[\\\""string\\\"",\\\""changdu-app\\\""]\"",\""[\\\""number\\\"",\\\""521297956\\\""]\"",\""[\\\""RAW_LANGUAGE_SCOPE_V1\\\"",\\\""[\\\\\\\""number\\\\\\\"",\\\\\\\""12\\\\\\\""]\\\"",[\\\""string\\\"",\\\""泰语\\\""]]\""]"",""[\""LANE_B_BOOK_ID_V1\"",\""[\\\""string\\\"",\\\""changdu-app\\\""]\"",\""[\\\""number\\\"",\\\""1068602524\\\""]\"",\""[\\\""RAW_LANGUAGE_SCOPE_V1\\\"",\\\""[\\\\\\\""number\\\\\\\"",\\\\\\\""12\\\\\\\""]\\\"",[\\\""string\\\"",\\\""泰语\\\""]]\""]""]",APPROVED_MAP_CANDIDATE,CROSS_REVIEW_FINAL,TIER_3_TARGET_CONFLICT,0.88,女频共现~100%，书证全为现代豪门婚恋/复仇言情；modern-romance为检索等价入口,C: contemporary-setting（setting facet字面映射，不错但检索价值低）,1,1,ct-v1-modern-romance,modern-romance,现代言情,APPROVED_OFFLINE_CANDIDATE_ONLY
MAPPING_EDGE,7f03485318ee01ab26657a096ef4db20c01e8881748bf35744f995935c711758,68806c25171ddba46e78076a9eab088d61bf9957e1c9ca9db127e1b4f8e4dfd2,changdu-app,"[""RAW_LANGUAGE_SCOPE_V1"",""[\""number\"",\""12\""]"",[""string"",""泰语""]]",TH,เมืองแฟนตาซี,4LmA4Lih4Li34Lit4LiH4LmB4Lif4LiZ4LiV4Liy4LiL4Li1,02680f9f37a8603a3af456df7b4a8e0d476b7f14a955e05e15b6acd9fa26319d,18,18,18,"[""[\""LANE_B_BOOK_ID_V1\"",\""[\\\""string\\\"",\\\""changdu-app\\\""]\"",\""[\\\""number\\\"",\\\""544643930\\\""]\"",\""[\\\""RAW_LANGUAGE_SCOPE_V1\\\"",\\\""[\\\\\\\""number\\\\\\\"",\\\\\\\""12\\\\\\\""]\\\"",[\\\""string\\\"",\\\""泰语\\\""]]\""]"",""[\""LANE_B_BOOK_ID_V1\"",\""[\\\""string\\\"",\\\""changdu-app\\\""]\"",\""[\\\""number\\\"",\\\""205327006\\\""]\"",\""[\\\""RAW_LANGUAGE_SCOPE_V1\\\"",\\\""[\\\\\\\""number\\\\\\\"",\\\\\\\""12\\\\\\\""]\\\"",[\\\""string\\\"",\\\""泰语\\\""]]\""]"",""[\""LANE_B_BOOK_ID_V1\"",\""[\\\""string\\\"",\\\""changdu-app\\\""]\"",\""[\\\""number\\\"",\\\""146166976\\\""]\"",\""[\\\""RAW_LANGUAGE_SCOPE_V1\\\"",\\\""[\\\\\\\""number\\\\\\\"",\\\\\\\""12\\\\\\\""]\\\"",[\\\""string\\\"",\\\""泰语\\\""]]\""]"",""[\""LANE_B_BOOK_ID_V1\"",\""[\\\""string\\\"",\\\""changdu-app\\\""]\"",\""[\\\""number\\\"",\\\""5577177\\\""]\"",\""[\\\""RAW_LANGUAGE_SCOPE_V1\\\"",\\\""[\\\\\\\""number\\\\\\\"",\\\\\\\""12\\\\\\\""]\\\"",[\\\""string\\\"",\\\""泰语\\\""]]\""]"",""[\""LANE_B_BOOK_ID_V1\"",\""[\\\""string\\\"",\\\""changdu-app\\\""]\"",\""[\\\""number\\\"",\\\""5578988\\\""]\"",\""[\\\""RAW_LANGUAGE_SCOPE_V1\\\"",\\\""[\\\\\\\""number\\\\\\\"",\\\\\\\""12\\\\\\\""]\\\"",[\\\""string\\\"",\\\""泰语\\\""]]\""]""]",APPROVED_MAP_CANDIDATE,CROSS_REVIEW_FINAL,TIER_3_TARGET_CONFLICT,0.7,3/4判MAP；书证为中式仙侠翻译+穿越种田混合，fantasy(2票)较eastern-fantasy(1票)更稳,A: eastern-fantasy；D: HUMAN_REVIEW,1,1,ct-v1-fantasy,fantasy,奇幻,APPROVED_OFFLINE_CANDIDATE_ONLY
MAPPING_EDGE,c6ef825489335318f7455a2ffdb3fad479dafda0e56a118fcf70149aaa2bf08a,cadebfa0be7ac66371dc53009f2e603dbe7b88759beb0ff9ad5b863d3eb21706,changdu-app,"[""RAW_LANGUAGE_SCOPE_V1"",""[\""number\"",\""12\""]"",[""string"",""泰语""]]",TH,โรแมนติก,4LmC4Lij4LmB4Lih4LiZ4LiV4Li04LiB,c884c7e01e48fd7b70f381ce2fc49a2967ec127de65187c81c094b4d3a599564,301,301,301,"[""[\""LANE_B_BOOK_ID_V1\"",\""[\\\""string\\\"",\\\""changdu-app\\\""]\"",\""[\\\""number\\\"",\\\""5576334\\\""]\"",\""[\\\""RAW_LANGUAGE_SCOPE_V1\\\"",\\\""[\\\\\\\""number\\\\\\\"",\\\\\\\""12\\\\\\\""]\\\"",[\\\""string\\\"",\\\""泰语\\\""]]\""]"",""[\""LANE_B_BOOK_ID_V1\"",\""[\\\""string\\\"",\\\""changdu-app\\\""]\"",\""[\\\""number\\\"",\\\""1646022\\\""]\"",\""[\\\""RAW_LANGUAGE_SCOPE_V1\\\"",\\\""[\\\\\\\""number\\\\\\\"",\\\\\\\""12\\\\\\\""]\\\"",[\\\""string\\\"",\\\""泰语\\\""]]\""]"",""[\""LANE_B_BOOK_ID_V1\"",\""[\\\""string\\\"",\\\""changdu-app\\\""]\"",\""[\\\""number\\\"",\\\""415237391\\\""]\"",\""[\\\""RAW_LANGUAGE_SCOPE_V1\\\"",\\\""[\\\\\\\""number\\\\\\\"",\\\\\\\""12\\\\\\\""]\\\"",[\\\""string\\\"",\\\""泰语\\\""]]\""]"",""[\""LANE_B_BOOK_ID_V1\"",\""[\\\""string\\\"",\\\""changdu-app\\\""]\"",\""[\\\""number\\\"",\\\""1129270324\\\""]\"",\""[\\\""RAW_LANGUAGE_SCOPE_V1\\\"",\\\""[\\\\\\\""number\\\\\\\"",\\\\\\\""12\\\\\\\""]\\\"",[\\\""string\\\"",\\\""泰语\\\""]]\""]"",""[\""LANE_B_BOOK_ID_V1\"",\""[\\\""string\\\"",\\\""changdu-app\\\""]\"",\""[\\\""number\\\"",\\\""1129368891\\\""]\"",\""[\\\""RAW_LANGUAGE_SCOPE_V1\\\"",\\\""[\\\\\\\""number\\\\\\\"",\\\\\\\""12\\\\\\\""]\\\"",[\\\""string\\\"",\\\""泰语\\\""]]\""]"",""[\""LANE_B_BOOK_ID_V1\"",\""[\\\""string\\\"",\\\""changdu-app\\\""]\"",\""[\\\""number\\\"",\\\""1129368892\\\""]\"",\""[\\\""RAW_LANGUAGE_SCOPE_V1\\\"",\\\""[\\\\\\\""number\\\\\\\"",\\\\\\\""12\\\\\\\""]\\\"",[\\\""string\\\"",\\\""泰语\\\""]]\""]"",""[\""LANE_B_BOOK_ID_V1\"",\""[\\\""string\\\"",\\\""changdu-app\\\""]\"",\""[\\\""number\\\"",\\\""1129368893\\\""]\"",\""[\\\""RAW_LANGUAGE_SCOPE_V1\\\"",\\\""[\\\\\\\""number\\\\\\\"",\\\\\\\""12\\\\\\\""]\\\"",[\\\""string\\\"",\\\""泰语\\\""]]\""]"",""[\""LANE_B_BOOK_ID_V1\"",\""[\\\""string\\\"",\\\""changdu-app\\\""]\"",\""[\\\""number\\\"",\\\""547646469\\\""]\"",\""[\\\""RAW_LANGUAGE_SCOPE_V1\\\"",\\\""[\\\\\\\""number\\\\\\\"",\\\\\\\""12\\\\\\\""]\\\"",[\\\""string\\\"",\\\""泰语\\\""]]\""]"",""[\""LANE_B_BOOK_ID_V1\"",\""[\\\""string\\\"",\\\""changdu-app\\\""]\"",\""[\\\""number\\\"",\\\""523312136\\\""]\"",\""[\\\""RAW_LANGUAGE_SCOPE_V1\\\"",\\\""[\\\\\\\""number\\\\\\\"",\\\\\\\""12\\\\\\\""]\\\"",[\\\""string\\\"",\\\""泰语\\\""]]\""]"",""[\""LANE_B_BOOK_ID_V1\"",\""[\\\""string\\\"",\\\""changdu-app\\\""]\"",\""[\\\""number\\\"",\\\""523710823\\\""]\"",\""[\\\""RAW_LANGUAGE_SCOPE_V1\\\"",\\\""[\\\\\\\""number\\\\\\\"",\\\\\\\""12\\\\\\\""]\\\"",[\\\""string\\\"",\\\""泰语\\\""]]\""]"",""[\""LANE_B_BOOK_ID_V1\"",\""[\\\""string\\\"",\\\""changdu-app\\\""]\"",\""[\\\""number\\\"",\\\""523710825\\\""]\"",\""[\\\""RAW_LANGUAGE_SCOPE_V1\\\"",\\\""[\\\\\\\""number\\\\\\\"",\\\\\\\""12\\\\\\\""]\\\"",[\\\""string\\\"",\\\""泰语\\\""]]\""]"",""[\""LANE_B_BOOK_ID_V1\"",\""[\\\""string\\\"",\\\""changdu-app\\\""]\"",\""[\\\""number\\\"",\\\""523710826\\\""]\"",\""[\\\""RAW_LANGUAGE_SCOPE_V1\\\"",\\\""[\\\\\\\""number\\\\\\\"",\\\\\\\""12\\\\\\\""]\\\"",[\\\""string\\\"",\\\""泰语\\\""]]\""]""]",APPROVED_MAP_CANDIDATE,CROSS_REVIEW_FINAL,TIER_1_STRONG,0.93,4/4 decision+target一致，代表书证与目标语义相符，无明显反证,NONE_IDENTIFIED,1,1,ct-v1-romance,romance,言情,APPROVED_OFFLINE_CANDIDATE_ONLY
MAPPING_EDGE,fdb889c1569af522f491a0456d22bb6b349e65708d08374638607840d04b93b5,49f8b5bd53ba20806c9c03730c613e09fb4becaf566a09b050a546572fbc641d,changdu-app,"[""RAW_LANGUAGE_SCOPE_V1"",""[\""number\"",\""12\""]"",[""string"",""泰语""]]",TH,女频,5aWz6aKR,d9867749ec31f19fe7bfa4a782791bb108a8c9bc80653d481d3f1110f260cebb,524,524,524,"[""[\""LANE_B_BOOK_ID_V1\"",\""[\\\""string\\\"",\\\""changdu-app\\\""]\"",\""[\\\""number\\\"",\\\""1068503859\\\""]\"",\""[\\\""RAW_LANGUAGE_SCOPE_V1\\\"",\\\""[\\\\\\\""number\\\\\\\"",\\\\\\\""12\\\\\\\""]\\\"",[\\\""string\\\"",\\\""泰语\\\""]]\""]"",""[\""LANE_B_BOOK_ID_V1\"",\""[\\\""string\\\"",\\\""changdu-app\\\""]\"",\""[\\\""number\\\"",\\\""203073028\\\""]\"",\""[\\\""RAW_LANGUAGE_SCOPE_V1\\\"",\\\""[\\\\\\\""number\\\\\\\"",\\\\\\\""12\\\\\\\""]\\\"",[\\\""string\\\"",\\\""泰语\\\""]]\""]"",""[\""LANE_B_BOOK_ID_V1\"",\""[\\\""string\\\"",\\\""changdu-app\\\""]\"",\""[\\\""number\\\"",\\\""866212957\\\""]\"",\""[\\\""RAW_LANGUAGE_SCOPE_V1\\\"",\\\""[\\\\\\\""number\\\\\\\"",\\\\\\\""12\\\\\\\""]\\\"",[\\\""string\\\"",\\\""泰语\\\""]]\""]"",""[\""LANE_B_BOOK_ID_V1\"",\""[\\\""string\\\"",\\\""changdu-app\\\""]\"",\""[\\\""number\\\"",\\\""1068602621\\\""]\"",\""[\\\""RAW_LANGUAGE_SCOPE_V1\\\"",\\\""[\\\\\\\""number\\\\\\\"",\\\\\\\""12\\\\\\\""]\\\"",[\\\""string\\\"",\\\""泰语\\\""]]\""]"",""[\""LANE_B_BOOK_ID_V1\"",\""[\\\""string\\\"",\\\""changdu-app\\\""]\"",\""[\\\""number\\\"",\\\""573836\\\""]\"",\""[\\\""RAW_LANGUAGE_SCOPE_V1\\\"",\\\""[\\\\\\\""number\\\\\\\"",\\\\\\\""12\\\\\\\""]\\\"",[\\\""string\\\"",\\\""泰语\\\""]]\""]"",""[\""LANE_B_BOOK_ID_V1\"",\""[\\\""string\\\"",\\\""changdu-app\\\""]\"",\""[\\\""number\\\"",\\\""982439399\\\""]\"",\""[\\\""RAW_LANGUAGE_SCOPE_V1\\\"",\\\""[\\\\\\\""number\\\\\\\"",\\\\\\\""12\\\\\\\""]\\\"",[\\\""string\\\"",\\\""泰语\\\""]]\""]"",""[\""LANE_B_BOOK_ID_V1\"",\""[\\\""string\\\"",\\\""changdu-app\\\""]\"",\""[\\\""number\\\"",\\\""4635072\\\""]\"",\""[\\\""RAW_LANGUAGE_SCOPE_V1\\\"",\\\""[\\\\\\\""number\\\\\\\"",\\\\\\\""12\\\\\\\""]\\\"",[\\\""string\\\"",\\\""泰语\\\""]]\""]"",""[\""LANE_B_BOOK_ID_V1\"",\""[\\\""string\\\"",\\\""changdu-app\\\""]\"",\""[\\\""number\\\"",\\\""521297956\\\""]\"",\""[\\\""RAW_LANGUAGE_SCOPE_V1\\\"",\\\""[\\\\\\\""number\\\\\\\"",\\\\\\\""12\\\\\\\""]\\\"",[\\\""string\\\"",\\\""泰语\\\""]]\""]"",""[\""LANE_B_BOOK_ID_V1\"",\""[\\\""string\\\"",\\\""changdu-app\\\""]\"",\""[\\\""number\\\"",\\\""1068602524\\\""]\"",\""[\\\""RAW_LANGUAGE_SCOPE_V1\\\"",\\\""[\\\\\\\""number\\\\\\\"",\\\\\\\""12\\\\\\\""]\\\"",[\\\""string\\\"",\\\""泰语\\\""]]\""]"",""[\""LANE_B_BOOK_ID_V1\"",\""[\\\""string\\\"",\\\""changdu-app\\\""]\"",\""[\\\""number\\\"",\\\""5536779\\\""]\"",\""[\\\""RAW_LANGUAGE_SCOPE_V1\\\"",\\\""[\\\\\\\""number\\\\\\\"",\\\\\\\""12\\\\\\\""]\\\"",[\\\""string\\\"",\\\""泰语\\\""]]\""]"",""[\""LANE_B_BOOK_ID_V1\"",\""[\\\""string\\\"",\\\""changdu-app\\\""]\"",\""[\\\""number\\\"",\\\""5576334\\\""]\"",\""[\\\""RAW_LANGUAGE_SCOPE_V1\\\"",\\\""[\\\\\\\""number\\\\\\\"",\\\\\\\""12\\\\\\\""]\\\"",[\\\""string\\\"",\\\""泰语\\\""]]\""]"",""[\""LANE_B_BOOK_ID_V1\"",\""[\\\""string\\\"",\\\""changdu-app\\\""]\"",\""[\\\""number\\\"",\\\""761936443\\\""]\"",\""[\\\""RAW_LANGUAGE_SCOPE_V1\\\"",\\\""[\\\\\\\""number\\\\\\\"",\\\\\\\""12\\\\\\\""]\\\"",[\\\""string\\\"",\\\""泰语\\\""]]\""]""]",APPROVED_MAP_CANDIDATE,CROSS_REVIEW_FINAL,TIER_2_GOOD,0.95,A/B/C一致映射；audience已是119正式facet（ct-v1-female-audience存在），书证全为女性向,D: IGNORE（视为运营二分旗——但artifact已建audience facet，忽略反而丢失已建模维度）,1,1,ct-v1-female-audience,female-audience,女性向,APPROVED_OFFLINE_CANDIDATE_ONLY
MAPPING_EDGE,5a755504c1febacb341e4123793087cc87c10163921ed63f62cdf8d355a8f448,b77aaf25b260ecb82828c102a143b2674776a28b8afbde096ca0b267bb805410,changdu-app,"[""RAW_LANGUAGE_SCOPE_V1"",""[\""number\"",\""12\""]"",[""string"",""泰语""]]",TH,男频,55S36aKR,e74d73d99251bb2b99c02896258d9fbcd9817488f6538674fda26534b0b450ac,21,21,21,"[""[\""LANE_B_BOOK_ID_V1\"",\""[\\\""string\\\"",\\\""changdu-app\\\""]\"",\""[\\\""number\\\"",\\\""547646469\\\""]\"",\""[\\\""RAW_LANGUAGE_SCOPE_V1\\\"",\\\""[\\\\\\\""number\\\\\\\"",\\\\\\\""12\\\\\\\""]\\\"",[\\\""string\\\"",\\\""泰语\\\""]]\""]"",""[\""LANE_B_BOOK_ID_V1\"",\""[\\\""string\\\"",\\\""changdu-app\\\""]\"",\""[\\\""number\\\"",\\\""521297954\\\""]\"",\""[\\\""RAW_LANGUAGE_SCOPE_V1\\\"",\\\""[\\\\\\\""number\\\\\\\"",\\\\\\\""12\\\\\\\""]\\\"",[\\\""string\\\"",\\\""泰语\\\""]]\""]"",""[\""LANE_B_BOOK_ID_V1\"",\""[\\\""string\\\"",\\\""changdu-app\\\""]\"",\""[\\\""number\\\"",\\\""521298445\\\""]\"",\""[\\\""RAW_LANGUAGE_SCOPE_V1\\\"",\\\""[\\\\\\\""number\\\\\\\"",\\\\\\\""12\\\\\\\""]\\\"",[\\\""string\\\"",\\\""泰语\\\""]]\""]"",""[\""LANE_B_BOOK_ID_V1\"",\""[\\\""string\\\"",\\\""changdu-app\\\""]\"",\""[\\\""number\\\"",\\\""250592523\\\""]\"",\""[\\\""RAW_LANGUAGE_SCOPE_V1\\\"",\\\""[\\\\\\\""number\\\\\\\"",\\\\\\\""12\\\\\\\""]\\\"",[\\\""string\\\"",\\\""泰语\\\""]]\""]"",""[\""LANE_B_BOOK_ID_V1\"",\""[\\\""string\\\"",\\\""changdu-app\\\""]\"",\""[\\\""number\\\"",\\\""146166976\\\""]\"",\""[\\\""RAW_LANGUAGE_SCOPE_V1\\\"",\\\""[\\\\\\\""number\\\\\\\"",\\\\\\\""12\\\\\\\""]\\\"",[\\\""string\\\"",\\\""泰语\\\""]]\""]""]",APPROVED_MAP_CANDIDATE,CROSS_REVIEW_FINAL,TIER_2_GOOD,0.92,A/B/C提出同一概念；119只有female-audience无对称男性向入口，8217本可进女性向而1684本男频书无入口，结构性不对称,D: IGNORE（主张女频男频同进同退；若Owner不扩audience则两者一并IGNORE）,1,1,ct-v1-male-audience,male-audience,男性向,APPROVED_OFFLINE_CANDIDATE_ONLY
MAPPING_EDGE,e3b9ab494a1126ec8d4d4244ea7977d564dc79c7cda551891029bad0b7c20c2a,f227f6cebb31722f889f6dd01860fb10285271ef57f35b94d9e66a1ec288226a,changdu-app,"[""RAW_LANGUAGE_SCOPE_V1"",""[\""number\"",\""15\""]"",[""string"",""菲律宾语""]]",TL,Bilyonaryo,QmlseW9uYXJ5bw==,66c227b873dba6fb7541c2c4f5d48ffff80eec247962c2b7a7240691524cd1bd,11,11,11,"[""[\""LANE_B_BOOK_ID_V1\"",\""[\\\""string\\\"",\\\""changdu-app\\\""]\"",\""[\\\""number\\\"",\\\""5582525\\\""]\"",\""[\\\""RAW_LANGUAGE_SCOPE_V1\\\"",\\\""[\\\\\\\""number\\\\\\\"",\\\\\\\""15\\\\\\\""]\\\"",[\\\""string\\\"",\\\""菲律宾语\\\""]]\""]"",""[\""LANE_B_BOOK_ID_V1\"",\""[\\\""string\\\"",\\\""changdu-app\\\""]\"",\""[\\\""number\\\"",\\\""5582191\\\""]\"",\""[\\\""RAW_LANGUAGE_SCOPE_V1\\\"",\\\""[\\\\\\\""number\\\\\\\"",\\\\\\\""15\\\\\\\""]\\\"",[\\\""string\\\"",\\\""菲律宾语\\\""]]\""]"",""[\""LANE_B_BOOK_ID_V1\"",\""[\\\""string\\\"",\\\""changdu-app\\\""]\"",\""[\\\""number\\\"",\\\""5582324\\\""]\"",\""[\\\""RAW_LANGUAGE_SCOPE_V1\\\"",\\\""[\\\\\\\""number\\\\\\\"",\\\\\\\""15\\\\\\\""]\\\"",[\\\""string\\\"",\\\""菲律宾语\\\""]]\""]"",""[\""LANE_B_BOOK_ID_V1\"",\""[\\\""string\\\"",\\\""changdu-app\\\""]\"",\""[\\\""number\\\"",\\\""5582489\\\""]\"",\""[\\\""RAW_LANGUAGE_SCOPE_V1\\\"",\\\""[\\\\\\\""number\\\\\\\"",\\\\\\\""15\\\\\\\""]\\\"",[\\\""string\\\"",\\\""菲律宾语\\\""]]\""]"",""[\""LANE_B_BOOK_ID_V1\"",\""[\\\""string\\\"",\\\""changdu-app\\\""]\"",\""[\\\""number\\\"",\\\""5587351\\\""]\"",\""[\\\""RAW_LANGUAGE_SCOPE_V1\\\"",\\\""[\\\\\\\""number\\\\\\\"",\\\\\\\""15\\\\\\\""]\\\"",[\\\""string\\\"",\\\""菲律宾语\\\""]]\""]""]",APPROVED_MAP_CANDIDATE,CROSS_REVIEW_FINAL,TIER_2_GOOD,0.88,3/4一致且书证为CEO/亿万富翁婚恋,B: HUMAN_REVIEW(0.56),1,1,ct-v1-wealthy-ceo,wealthy-ceo,豪门总裁,APPROVED_OFFLINE_CANDIDATE_ONLY
MAPPING_EDGE,bb46045443810312e65abd03b30d4342deacdeeef4cd5eb68ec64d598c732180,a6df87f2ca33e7b77df2f9bf8ed5506954890a233b7d1292ce0912d8a1f91ac9,changdu-app,"[""RAW_LANGUAGE_SCOPE_V1"",""[\""number\"",\""15\""]"",[""string"",""菲律宾语""]]",TL,Mafia,TWFmaWE=,35e95dfecfe2f6b88dd601cc1a2dcc2bea763f6d757419fe9a390a80ab025997,1,1,1,"[""[\""LANE_B_BOOK_ID_V1\"",\""[\\\""string\\\"",\\\""changdu-app\\\""]\"",\""[\\\""number\\\"",\\\""5595412\\\""]\"",\""[\\\""RAW_LANGUAGE_SCOPE_V1\\\"",\\\""[\\\\\\\""number\\\\\\\"",\\\\\\\""15\\\\\\\""]\\\"",[\\\""string\\\"",\\\""菲律宾语\\\""]]\""]""]",APPROVED_MAP_CANDIDATE,CROSS_REVIEW_FINAL,TIER_2_GOOD,0.62,3/4一致；f=1，唯一书证Sold For Revenge为复仇交易题材，黑帮语义弱支持,B: HUMAN_REVIEW(0.46),1,1,ct-v1-mafia,mafia,黑帮,APPROVED_OFFLINE_CANDIDATE_ONLY
MAPPING_EDGE,814a6a021cae6d8a6b43d866dfcbac0e7e1e7c24fe044ccf350080f2e5391bff,3b7f0658f7650481f971fcca56d9b97dca2fb1d69c60c349166cdde45d213874,changdu-app,"[""RAW_LANGUAGE_SCOPE_V1"",""[\""number\"",\""15\""]"",[""string"",""菲律宾语""]]",TL,Makabago,TWFrYWJhZ28=,f199b82e4fbfcb6fe3a0729b709a8ff4758744e7bdc2d3925d04230c85239c96,42,42,42,"[""[\""LANE_B_BOOK_ID_V1\"",\""[\\\""string\\\"",\\\""changdu-app\\\""]\"",\""[\\\""number\\\"",\\\""980306871\\\""]\"",\""[\\\""RAW_LANGUAGE_SCOPE_V1\\\"",\\\""[\\\\\\\""number\\\\\\\"",\\\\\\\""15\\\\\\\""]\\\"",[\\\""string\\\"",\\\""菲律宾语\\\""]]\""]"",""[\""LANE_B_BOOK_ID_V1\"",\""[\\\""string\\\"",\\\""changdu-app\\\""]\"",\""[\\\""number\\\"",\\\""523312587\\\""]\"",\""[\\\""RAW_LANGUAGE_SCOPE_V1\\\"",\\\""[\\\\\\\""number\\\\\\\"",\\\\\\\""15\\\\\\\""]\\\"",[\\\""string\\\"",\\\""菲律宾语\\\""]]\""]"",""[\""LANE_B_BOOK_ID_V1\"",\""[\\\""string\\\"",\\\""changdu-app\\\""]\"",\""[\\\""number\\\"",\\\""523312588\\\""]\"",\""[\\\""RAW_LANGUAGE_SCOPE_V1\\\"",\\\""[\\\\\\\""number\\\\\\\"",\\\\\\\""15\\\\\\\""]\\\"",[\\\""string\\\"",\\\""菲律宾语\\\""]]\""]"",""[\""LANE_B_BOOK_ID_V1\"",\""[\\\""string\\\"",\\\""changdu-app\\\""]\"",\""[\\\""number\\\"",\\\""523312589\\\""]\"",\""[\\\""RAW_LANGUAGE_SCOPE_V1\\\"",\\\""[\\\\\\\""number\\\\\\\"",\\\\\\\""15\\\\\\\""]\\\"",[\\\""string\\\"",\\\""菲律宾语\\\""]]\""]"",""[\""LANE_B_BOOK_ID_V1\"",\""[\\\""string\\\"",\\\""changdu-app\\\""]\"",\""[\\\""number\\\"",\\\""523312590\\\""]\"",\""[\\\""RAW_LANGUAGE_SCOPE_V1\\\"",\\\""[\\\\\\\""number\\\\\\\"",\\\\\\\""15\\\\\\\""]\\\"",[\\\""string\\\"",\\\""菲律宾语\\\""]]\""]"",""[\""LANE_B_BOOK_ID_V1\"",\""[\\\""string\\\"",\\\""changdu-app\\\""]\"",\""[\\\""number\\\"",\\\""501625940\\\""]\"",\""[\\\""RAW_LANGUAGE_SCOPE_V1\\\"",\\\""[\\\\\\\""number\\\\\\\"",\\\\\\\""15\\\\\\\""]\\\"",[\\\""string\\\"",\\\""菲律宾语\\\""]]\""]"",""[\""LANE_B_BOOK_ID_V1\"",\""[\\\""string\\\"",\\\""changdu-app\\\""]\"",\""[\\\""number\\\"",\\\""501825511\\\""]\"",\""[\\\""RAW_LANGUAGE_SCOPE_V1\\\"",\\\""[\\\\\\\""number\\\\\\\"",\\\\\\\""15\\\\\\\""]\\\"",[\\\""string\\\"",\\\""菲律宾语\\\""]]\""]""]",APPROVED_MAP_CANDIDATE,CROSS_REVIEW_FINAL,TIER_3_TARGET_CONFLICT,0.88,女频共现~100%，书证全为现代豪门婚恋/复仇言情；modern-romance为检索等价入口,C: contemporary-setting（setting facet字面映射，不错但检索价值低）,1,1,ct-v1-modern-romance,modern-romance,现代言情,APPROVED_OFFLINE_CANDIDATE_ONLY
MAPPING_EDGE,e700a1d6a665bb1ea143f7b999fa651672d79b405908b6c8ec0bf24434672464,ed290818e32416b5315e804e0a69a3aac441ab78709bc8aa07d23e3773602613,changdu-app,"[""RAW_LANGUAGE_SCOPE_V1"",""[\""number\"",\""15\""]"",[""string"",""菲律宾语""]]",TL,Pag-ibig,UGFnLWliaWc=,9dfd3dd97c9265d963ec308100fa1665aa36f9ebb6ed40be9195e82ae65c12a0,74,74,74,"[""[\""LANE_B_BOOK_ID_V1\"",\""[\\\""string\\\"",\\\""changdu-app\\\""]\"",\""[\\\""number\\\"",\\\""523312594\\\""]\"",\""[\\\""RAW_LANGUAGE_SCOPE_V1\\\"",\\\""[\\\\\\\""number\\\\\\\"",\\\\\\\""15\\\\\\\""]\\\"",[\\\""string\\\"",\\\""菲律宾语\\\""]]\""]"",""[\""LANE_B_BOOK_ID_V1\"",\""[\\\""string\\\"",\\\""changdu-app\\\""]\"",\""[\\\""number\\\"",\\\""520997725\\\""]\"",\""[\\\""RAW_LANGUAGE_SCOPE_V1\\\"",\\\""[\\\\\\\""number\\\\\\\"",\\\\\\\""15\\\\\\\""]\\\"",[\\\""string\\\"",\\\""菲律宾语\\\""]]\""]"",""[\""LANE_B_BOOK_ID_V1\"",\""[\\\""string\\\"",\\\""changdu-app\\\""]\"",\""[\\\""number\\\"",\\\""501924594\\\""]\"",\""[\\\""RAW_LANGUAGE_SCOPE_V1\\\"",\\\""[\\\\\\\""number\\\\\\\"",\\\\\\\""15\\\\\\\""]\\\"",[\\\""string\\\"",\\\""菲律宾语\\\""]]\""]"",""[\""LANE_B_BOOK_ID_V1\"",\""[\\\""string\\\"",\\\""changdu-app\\\""]\"",\""[\\\""number\\\"",\\\""501924595\\\""]\"",\""[\\\""RAW_LANGUAGE_SCOPE_V1\\\"",\\\""[\\\\\\\""number\\\\\\\"",\\\\\\\""15\\\\\\\""]\\\"",[\\\""string\\\"",\\\""菲律宾语\\\""]]\""]"",""[\""LANE_B_BOOK_ID_V1\"",\""[\\\""string\\\"",\\\""changdu-app\\\""]\"",\""[\\\""number\\\"",\\\""453207778\\\""]\"",\""[\\\""RAW_LANGUAGE_SCOPE_V1\\\"",\\\""[\\\\\\\""number\\\\\\\"",\\\\\\\""15\\\\\\\""]\\\"",[\\\""string\\\"",\\\""菲律宾语\\\""]]\""]"",""[\""LANE_B_BOOK_ID_V1\"",\""[\\\""string\\\"",\\\""changdu-app\\\""]\"",\""[\\\""number\\\"",\\\""453207779\\\""]\"",\""[\\\""RAW_LANGUAGE_SCOPE_V1\\\"",\\\""[\\\\\\\""number\\\\\\\"",\\\\\\\""15\\\\\\\""]\\\"",[\\\""string\\\"",\\\""菲律宾语\\\""]]\""]"",""[\""LANE_B_BOOK_ID_V1\"",\""[\\\""string\\\"",\\\""changdu-app\\\""]\"",\""[\\\""number\\\"",\\\""453207780\\\""]\"",\""[\\\""RAW_LANGUAGE_SCOPE_V1\\\"",\\\""[\\\\\\\""number\\\\\\\"",\\\\\\\""15\\\\\\\""]\\\"",[\\\""string\\\"",\\\""菲律宾语\\\""]]\""]"",""[\""LANE_B_BOOK_ID_V1\"",\""[\\\""string\\\"",\\\""changdu-app\\\""]\"",\""[\\\""number\\\"",\\\""453207782\\\""]\"",\""[\\\""RAW_LANGUAGE_SCOPE_V1\\\"",\\\""[\\\\\\\""number\\\\\\\"",\\\\\\\""15\\\\\\\""]\\\"",[\\\""string\\\"",\\\""菲律宾语\\\""]]\""]"",""[\""LANE_B_BOOK_ID_V1\"",\""[\\\""string\\\"",\\\""changdu-app\\\""]\"",\""[\\\""number\\\"",\\\""366969522\\\""]\"",\""[\\\""RAW_LANGUAGE_SCOPE_V1\\\"",\\\""[\\\\\\\""number\\\\\\\"",\\\\\\\""15\\\\\\\""]\\\"",[\\\""string\\\"",\\\""菲律宾语\\\""]]\""]""]",APPROVED_MAP_CANDIDATE,CROSS_REVIEW_FINAL,TIER_1_STRONG,0.93,4/4 decision+target一致，代表书证与目标语义相符，无明显反证,NONE_IDENTIFIED,1,1,ct-v1-romance,romance,言情,APPROVED_OFFLINE_CANDIDATE_ONLY
MAPPING_EDGE,2c71e5466ee4b029d4478b5117dd037a4f9be825118f980214ab3eb9ebb4d436,dd65172a976f96867187b1365740f0c9ec7a2a710f25b8156a24a49afdf22449,changdu-app,"[""RAW_LANGUAGE_SCOPE_V1"",""[\""number\"",\""15\""]"",[""string"",""菲律宾语""]]",TL,Pantasya,UGFudGFzeWE=,66b9bc0bab6ba793d4a2212299fc3404c24f4d5ce0e08c28cb39464b3623dbc9,5,5,5,"[""[\""LANE_B_BOOK_ID_V1\"",\""[\\\""string\\\"",\\\""changdu-app\\\""]\"",\""[\\\""number\\\"",\\\""5598417\\\""]\"",\""[\\\""RAW_LANGUAGE_SCOPE_V1\\\"",\\\""[\\\\\\\""number\\\\\\\"",\\\\\\\""15\\\\\\\""]\\\"",[\\\""string\\\"",\\\""菲律宾语\\\""]]\""]"",""[\""LANE_B_BOOK_ID_V1\"",\""[\\\""string\\\"",\\\""changdu-app\\\""]\"",\""[\\\""number\\\"",\\\""5581965\\\""]\"",\""[\\\""RAW_LANGUAGE_SCOPE_V1\\\"",\\\""[\\\\\\\""number\\\\\\\"",\\\\\\\""15\\\\\\\""]\\\"",[\\\""string\\\"",\\\""菲律宾语\\\""]]\""]"",""[\""LANE_B_BOOK_ID_V1\"",\""[\\\""string\\\"",\\\""changdu-app\\\""]\"",\""[\\\""number\\\"",\\\""5582567\\\""]\"",\""[\\\""RAW_LANGUAGE_SCOPE_V1\\\"",\\\""[\\\\\\\""number\\\\\\\"",\\\\\\\""15\\\\\\\""]\\\"",[\\\""string\\\"",\\\""菲律宾语\\\""]]\""]"",""[\""LANE_B_BOOK_ID_V1\"",\""[\\\""string\\\"",\\\""changdu-app\\\""]\"",\""[\\\""number\\\"",\\\""5582186\\\""]\"",\""[\\\""RAW_LANGUAGE_SCOPE_V1\\\"",\\\""[\\\\\\\""number\\\\\\\"",\\\\\\\""15\\\\\\\""]\\\"",[\\\""string\\\"",\\\""菲律宾语\\\""]]\""]"",""[\""LANE_B_BOOK_ID_V1\"",\""[\\\""string\\\"",\\\""changdu-app\\\""]\"",\""[\\\""number\\\"",\\\""5582370\\\""]\"",\""[\\\""RAW_LANGUAGE_SCOPE_V1\\\"",\\\""[\\\\\\\""number\\\\\\\"",\\\\\\\""15\\\\\\\""]\\\"",[\\\""string\\\"",\\\""菲律宾语\\\""]]\""]""]",APPROVED_MAP_CANDIDATE,CROSS_REVIEW_FINAL,TIER_2_GOOD,0.78,3/4一致；书证为异世界学院/混血种/特殊能力,D: HUMAN_REVIEW(0.50),1,1,ct-v1-fantasy,fantasy,奇幻,APPROVED_OFFLINE_CANDIDATE_ONLY
MAPPING_EDGE,44ee047e0986a3d1d0fd1abe604013f478e607b71cd389a0b4455a216eb0dae9,348dfd330c086ee659e9a840ca64c849da1c6663a47dbca568e2f51572725dc2,changdu-app,"[""RAW_LANGUAGE_SCOPE_V1"",""[\""number\"",\""15\""]"",[""string"",""菲律宾语""]]",TL,Werewolf,V2VyZXdvbGY=,a2a5639765ce5eeb57d4f26e990f98d8bc802ce843882d5c6ee530abf45c39ef,2,2,2,"[""[\""LANE_B_BOOK_ID_V1\"",\""[\\\""string\\\"",\\\""changdu-app\\\""]\"",\""[\\\""number\\\"",\\\""453207781\\\""]\"",\""[\\\""RAW_LANGUAGE_SCOPE_V1\\\"",\\\""[\\\\\\\""number\\\\\\\"",\\\\\\\""15\\\\\\\""]\\\"",[\\\""string\\\"",\\\""菲律宾语\\\""]]\""]"",""[\""LANE_B_BOOK_ID_V1\"",\""[\\\""string\\\"",\\\""changdu-app\\\""]\"",\""[\\\""number\\\"",\\\""5504082\\\""]\"",\""[\\\""RAW_LANGUAGE_SCOPE_V1\\\"",\\\""[\\\\\\\""number\\\\\\\"",\\\\\\\""15\\\\\\\""]\\\"",[\\\""string\\\"",\\\""菲律宾语\\\""]]\""]""]",APPROVED_MAP_CANDIDATE,CROSS_REVIEW_FINAL,TIER_1_STRONG,0.91,4/4 decision+target一致，代表书证与目标语义相符，无明显反证,NONE_IDENTIFIED,1,1,ct-v1-werewolf,werewolf,狼人,APPROVED_OFFLINE_CANDIDATE_ONLY
MAPPING_EDGE,d1eba41f794a810c660588cc49a599ddc21eec3fc83e24fb2644aa379025b00b,64c53721cf6d3b76fc2e36cbd2209200fe37824d6396844af48a140db31cbe10,changdu-app,"[""RAW_LANGUAGE_SCOPE_V1"",""[\""number\"",\""15\""]"",[""string"",""菲律宾语""]]",TL,Young Adult,WW91bmcgQWR1bHQ=,8adc01b58aab3725c9d51afdab68e091b6705d5026c2bbf36f784ceed214e092,4,4,4,"[""[\""LANE_B_BOOK_ID_V1\"",\""[\\\""string\\\"",\\\""changdu-app\\\""]\"",\""[\\\""number\\\"",\\\""5582494\\\""]\"",\""[\\\""RAW_LANGUAGE_SCOPE_V1\\\"",\\\""[\\\\\\\""number\\\\\\\"",\\\\\\\""15\\\\\\\""]\\\"",[\\\""string\\\"",\\\""菲律宾语\\\""]]\""]"",""[\""LANE_B_BOOK_ID_V1\"",\""[\\\""string\\\"",\\\""changdu-app\\\""]\"",\""[\\\""number\\\"",\\\""5582663\\\""]\"",\""[\\\""RAW_LANGUAGE_SCOPE_V1\\\"",\\\""[\\\\\\\""number\\\\\\\"",\\\\\\\""15\\\\\\\""]\\\"",[\\\""string\\\"",\\\""菲律宾语\\\""]]\""]"",""[\""LANE_B_BOOK_ID_V1\"",\""[\\\""string\\\"",\\\""changdu-app\\\""]\"",\""[\\\""number\\\"",\\\""5581894\\\""]\"",\""[\\\""RAW_LANGUAGE_SCOPE_V1\\\"",\\\""[\\\\\\\""number\\\\\\\"",\\\\\\\""15\\\\\\\""]\\\"",[\\\""string\\\"",\\\""菲律宾语\\\""]]\""]"",""[\""LANE_B_BOOK_ID_V1\"",\""[\\\""string\\\"",\\\""changdu-app\\\""]\"",\""[\\\""number\\\"",\\\""5582416\\\""]\"",\""[\\\""RAW_LANGUAGE_SCOPE_V1\\\"",\\\""[\\\\\\\""number\\\\\\\"",\\\\\\\""15\\\\\\\""]\\\"",[\\\""string\\\"",\\\""菲律宾语\\\""]]\""]""]",APPROVED_MAP_CANDIDATE,CROSS_REVIEW_FINAL,TIER_1_STRONG,0.84,4/4 decision+target一致，代表书证与目标语义相符，无明显反证,NONE_IDENTIFIED,1,1,ct-v1-young-adult,young-adult,青少年,APPROVED_OFFLINE_CANDIDATE_ONLY
MAPPING_EDGE,c85ed18761c1479e9ce0ed4b792657f63ac2410b0375e2d3234b1064e99ba22a,9424caec7c688d15691b9a5b41438875f9c11de1fdf86a8f39e848625c159044,changdu-app,"[""RAW_LANGUAGE_SCOPE_V1"",""[\""number\"",\""15\""]"",[""string"",""菲律宾语""]]",TL,女频,5aWz6aKR,d9867749ec31f19fe7bfa4a782791bb108a8c9bc80653d481d3f1110f260cebb,145,145,145,"[""[\""LANE_B_BOOK_ID_V1\"",\""[\\\""string\\\"",\\\""changdu-app\\\""]\"",\""[\\\""number\\\"",\\\""980306871\\\""]\"",\""[\\\""RAW_LANGUAGE_SCOPE_V1\\\"",\\\""[\\\\\\\""number\\\\\\\"",\\\\\\\""15\\\\\\\""]\\\"",[\\\""string\\\"",\\\""菲律宾语\\\""]]\""]"",""[\""LANE_B_BOOK_ID_V1\"",\""[\\\""string\\\"",\\\""changdu-app\\\""]\"",\""[\\\""number\\\"",\\\""523312587\\\""]\"",\""[\\\""RAW_LANGUAGE_SCOPE_V1\\\"",\\\""[\\\\\\\""number\\\\\\\"",\\\\\\\""15\\\\\\\""]\\\"",[\\\""string\\\"",\\\""菲律宾语\\\""]]\""]"",""[\""LANE_B_BOOK_ID_V1\"",\""[\\\""string\\\"",\\\""changdu-app\\\""]\"",\""[\\\""number\\\"",\\\""523312588\\\""]\"",\""[\\\""RAW_LANGUAGE_SCOPE_V1\\\"",\\\""[\\\\\\\""number\\\\\\\"",\\\\\\\""15\\\\\\\""]\\\"",[\\\""string\\\"",\\\""菲律宾语\\\""]]\""]"",""[\""LANE_B_BOOK_ID_V1\"",\""[\\\""string\\\"",\\\""changdu-app\\\""]\"",\""[\\\""number\\\"",\\\""523312589\\\""]\"",\""[\\\""RAW_LANGUAGE_SCOPE_V1\\\"",\\\""[\\\\\\\""number\\\\\\\"",\\\\\\\""15\\\\\\\""]\\\"",[\\\""string\\\"",\\\""菲律宾语\\\""]]\""]"",""[\""LANE_B_BOOK_ID_V1\"",\""[\\\""string\\\"",\\\""changdu-app\\\""]\"",\""[\\\""number\\\"",\\\""523312590\\\""]\"",\""[\\\""RAW_LANGUAGE_SCOPE_V1\\\"",\\\""[\\\\\\\""number\\\\\\\"",\\\\\\\""15\\\\\\\""]\\\"",[\\\""string\\\"",\\\""菲律宾语\\\""]]\""]"",""[\""LANE_B_BOOK_ID_V1\"",\""[\\\""string\\\"",\\\""changdu-app\\\""]\"",\""[\\\""number\\\"",\\\""523312594\\\""]\"",\""[\\\""RAW_LANGUAGE_SCOPE_V1\\\"",\\\""[\\\\\\\""number\\\\\\\"",\\\\\\\""15\\\\\\\""]\\\"",[\\\""string\\\"",\\\""菲律宾语\\\""]]\""]"",""[\""LANE_B_BOOK_ID_V1\"",\""[\\\""string\\\"",\\\""changdu-app\\\""]\"",\""[\\\""number\\\"",\\\""520997725\\\""]\"",\""[\\\""RAW_LANGUAGE_SCOPE_V1\\\"",\\\""[\\\\\\\""number\\\\\\\"",\\\\\\\""15\\\\\\\""]\\\"",[\\\""string\\\"",\\\""菲律宾语\\\""]]\""]"",""[\""LANE_B_BOOK_ID_V1\"",\""[\\\""string\\\"",\\\""changdu-app\\\""]\"",\""[\\\""number\\\"",\\\""501625940\\\""]\"",\""[\\\""RAW_LANGUAGE_SCOPE_V1\\\"",\\\""[\\\\\\\""number\\\\\\\"",\\\\\\\""15\\\\\\\""]\\\"",[\\\""string\\\"",\\\""菲律宾语\\\""]]\""]"",""[\""LANE_B_BOOK_ID_V1\"",\""[\\\""string\\\"",\\\""changdu-app\\\""]\"",\""[\\\""number\\\"",\\\""501825511\\\""]\"",\""[\\\""RAW_LANGUAGE_SCOPE_V1\\\"",\\\""[\\\\\\\""number\\\\\\\"",\\\\\\\""15\\\\\\\""]\\\"",[\\\""string\\\"",\\\""菲律宾语\\\""]]\""]"",""[\""LANE_B_BOOK_ID_V1\"",\""[\\\""string\\\"",\\\""changdu-app\\\""]\"",\""[\\\""number\\\"",\\\""501924594\\\""]\"",\""[\\\""RAW_LANGUAGE_SCOPE_V1\\\"",\\\""[\\\\\\\""number\\\\\\\"",\\\\\\\""15\\\\\\\""]\\\"",[\\\""string\\\"",\\\""菲律宾语\\\""]]\""]"",""[\""LANE_B_BOOK_ID_V1\"",\""[\\\""string\\\"",\\\""changdu-app\\\""]\"",\""[\\\""number\\\"",\\\""501924595\\\""]\"",\""[\\\""RAW_LANGUAGE_SCOPE_V1\\\"",\\\""[\\\\\\\""number\\\\\\\"",\\\\\\\""15\\\\\\\""]\\\"",[\\\""string\\\"",\\\""菲律宾语\\\""]]\""]"",""[\""LANE_B_BOOK_ID_V1\"",\""[\\\""string\\\"",\\\""changdu-app\\\""]\"",\""[\\\""number\\\"",\\\""487345281\\\""]\"",\""[\\\""RAW_LANGUAGE_SCOPE_V1\\\"",\\\""[\\\\\\\""number\\\\\\\"",\\\\\\\""15\\\\\\\""]\\\"",[\\\""string\\\"",\\\""菲律宾语\\\""]]\""]""]",APPROVED_MAP_CANDIDATE,CROSS_REVIEW_FINAL,TIER_2_GOOD,0.95,A/B/C一致映射；audience已是119正式facet（ct-v1-female-audience存在），书证全为女性向,D: IGNORE（视为运营二分旗——但artifact已建audience facet，忽略反而丢失已建模维度）,1,1,ct-v1-female-audience,female-audience,女性向,APPROVED_OFFLINE_CANDIDATE_ONLY
MAPPING_EDGE,4c0b5ae77bef1cf45bfba46f0e2aeb44bae5494e15ea6ed20a41b740a05b56c0,69aad4355a3439e4463cc0e144e9e557332252846cbbf8ff00bea7cf809bc51f,changdu-app,"[""RAW_LANGUAGE_SCOPE_V1"",""[\""number\"",\""15\""]"",[""string"",""菲律宾语""]]",TL,男频,55S36aKR,e74d73d99251bb2b99c02896258d9fbcd9817488f6538674fda26534b0b450ac,7,7,7,"[""[\""LANE_B_BOOK_ID_V1\"",\""[\\\""string\\\"",\\\""changdu-app\\\""]\"",\""[\\\""number\\\"",\\\""5598417\\\""]\"",\""[\\\""RAW_LANGUAGE_SCOPE_V1\\\"",\\\""[\\\\\\\""number\\\\\\\"",\\\\\\\""15\\\\\\\""]\\\"",[\\\""string\\\"",\\\""菲律宾语\\\""]]\""]"",""[\""LANE_B_BOOK_ID_V1\"",\""[\\\""string\\\"",\\\""changdu-app\\\""]\"",\""[\\\""number\\\"",\\\""5591524\\\""]\"",\""[\\\""RAW_LANGUAGE_SCOPE_V1\\\"",\\\""[\\\\\\\""number\\\\\\\"",\\\\\\\""15\\\\\\\""]\\\"",[\\\""string\\\"",\\\""菲律宾语\\\""]]\""]"",""[\""LANE_B_BOOK_ID_V1\"",\""[\\\""string\\\"",\\\""changdu-app\\\""]\"",\""[\\\""number\\\"",\\\""5581976\\\""]\"",\""[\\\""RAW_LANGUAGE_SCOPE_V1\\\"",\\\""[\\\\\\\""number\\\\\\\"",\\\\\\\""15\\\\\\\""]\\\"",[\\\""string\\\"",\\\""菲律宾语\\\""]]\""]"",""[\""LANE_B_BOOK_ID_V1\"",\""[\\\""string\\\"",\\\""changdu-app\\\""]\"",\""[\\\""number\\\"",\\\""5582122\\\""]\"",\""[\\\""RAW_LANGUAGE_SCOPE_V1\\\"",\\\""[\\\\\\\""number\\\\\\\"",\\\\\\\""15\\\\\\\""]\\\"",[\\\""string\\\"",\\\""菲律宾语\\\""]]\""]"",""[\""LANE_B_BOOK_ID_V1\"",\""[\\\""string\\\"",\\\""changdu-app\\\""]\"",\""[\\\""number\\\"",\\\""5582203\\\""]\"",\""[\\\""RAW_LANGUAGE_SCOPE_V1\\\"",\\\""[\\\\\\\""number\\\\\\\"",\\\\\\\""15\\\\\\\""]\\\"",[\\\""string\\\"",\\\""菲律宾语\\\""]]\""]""]",APPROVED_MAP_CANDIDATE,CROSS_REVIEW_FINAL,TIER_2_GOOD,0.92,A/B/C提出同一概念；119只有female-audience无对称男性向入口，8217本可进女性向而1684本男频书无入口，结构性不对称,D: IGNORE（主张女频男频同进同退；若Owner不扩audience则两者一并IGNORE）,1,1,ct-v1-male-audience,male-audience,男性向,APPROVED_OFFLINE_CANDIDATE_ONLY
MAPPING_EDGE,0fd29ce7e4787ca4b3217b91b111c097a60fd7693d74c2c9898be59c9bf6a13e,d59fb53d9b6e07f3c6d55e33e4c7d0e9eeb588029e8cc24ea10947e776103e07,changdu-app,"[""RAW_LANGUAGE_SCOPE_V1"",""[\""number\"",\""22\""]"",[""string"",""土耳其语""]]",TR,Billionaires,QmlsbGlvbmFpcmVz,ccf56236de194492990a0755a5139bc1cd991c8c3fea00ac5030cb93411268ff,6,6,6,"[""[\""LANE_B_BOOK_ID_V1\"",\""[\\\""string\\\"",\\\""changdu-app\\\""]\"",\""[\\\""number\\\"",\\\""980308169\\\""]\"",\""[\\\""RAW_LANGUAGE_SCOPE_V1\\\"",\\\""[\\\\\\\""number\\\\\\\"",\\\\\\\""22\\\\\\\""]\\\"",[\\\""string\\\"",\\\""土耳其语\\\""]]\""]"",""[\""LANE_B_BOOK_ID_V1\"",\""[\\\""string\\\"",\\\""changdu-app\\\""]\"",\""[\\\""number\\\"",\\\""475426140\\\""]\"",\""[\\\""RAW_LANGUAGE_SCOPE_V1\\\"",\\\""[\\\\\\\""number\\\\\\\"",\\\\\\\""22\\\\\\\""]\\\"",[\\\""string\\\"",\\\""土耳其语\\\""]]\""]"",""[\""LANE_B_BOOK_ID_V1\"",\""[\\\""string\\\"",\\\""changdu-app\\\""]\"",\""[\\\""number\\\"",\\\""439276549\\\""]\"",\""[\\\""RAW_LANGUAGE_SCOPE_V1\\\"",\\\""[\\\\\\\""number\\\\\\\"",\\\\\\\""22\\\\\\\""]\\\"",[\\\""string\\\"",\\\""土耳其语\\\""]]\""]"",""[\""LANE_B_BOOK_ID_V1\"",\""[\\\""string\\\"",\\\""changdu-app\\\""]\"",\""[\\\""number\\\"",\\\""439276568\\\""]\"",\""[\\\""RAW_LANGUAGE_SCOPE_V1\\\"",\\\""[\\\\\\\""number\\\\\\\"",\\\\\\\""22\\\\\\\""]\\\"",[\\\""string\\\"",\\\""土耳其语\\\""]]\""]"",""[\""LANE_B_BOOK_ID_V1\"",\""[\\\""string\\\"",\\\""changdu-app\\\""]\"",\""[\\\""number\\\"",\\\""439276572\\\""]\"",\""[\\\""RAW_LANGUAGE_SCOPE_V1\\\"",\\\""[\\\\\\\""number\\\\\\\"",\\\\\\\""22\\\\\\\""]\\\"",[\\\""string\\\"",\\\""土耳其语\\\""]]\""]""]",APPROVED_MAP_CANDIDATE,CROSS_REVIEW_FINAL,TIER_1_STRONG,0.91,4/4 decision+target一致，代表书证与目标语义相符，无明显反证,NONE_IDENTIFIED,1,1,ct-v1-wealthy-ceo,wealthy-ceo,豪门总裁,APPROVED_OFFLINE_CANDIDATE_ONLY
MAPPING_EDGE,2eca1cbcc3eb65b9513f1a73c54d40ea97c5d0f7687c2baaebd03deea9b17db0,bcd2993bc792326301f530e01706184d1dcbfc4a42b8b5e386ca48b706347078,changdu-app,"[""RAW_LANGUAGE_SCOPE_V1"",""[\""number\"",\""22\""]"",[""string"",""土耳其语""]]",TR,Mafia,TWFmaWE=,35e95dfecfe2f6b88dd601cc1a2dcc2bea763f6d757419fe9a390a80ab025997,4,4,4,"[""[\""LANE_B_BOOK_ID_V1\"",\""[\\\""string\\\"",\\\""changdu-app\\\""]\"",\""[\\\""number\\\"",\\\""980308142\\\""]\"",\""[\\\""RAW_LANGUAGE_SCOPE_V1\\\"",\\\""[\\\\\\\""number\\\\\\\"",\\\\\\\""22\\\\\\\""]\\\"",[\\\""string\\\"",\\\""土耳其语\\\""]]\""]"",""[\""LANE_B_BOOK_ID_V1\"",\""[\\\""string\\\"",\\\""changdu-app\\\""]\"",\""[\\\""number\\\"",\\\""980308107\\\""]\"",\""[\\\""RAW_LANGUAGE_SCOPE_V1\\\"",\\\""[\\\\\\\""number\\\\\\\"",\\\\\\\""22\\\\\\\""]\\\"",[\\\""string\\\"",\\\""土耳其语\\\""]]\""]"",""[\""LANE_B_BOOK_ID_V1\"",\""[\\\""string\\\"",\\\""changdu-app\\\""]\"",\""[\\\""number\\\"",\\\""980308124\\\""]\"",\""[\\\""RAW_LANGUAGE_SCOPE_V1\\\"",\\\""[\\\\\\\""number\\\\\\\"",\\\\\\\""22\\\\\\\""]\\\"",[\\\""string\\\"",\\\""土耳其语\\\""]]\""]"",""[\""LANE_B_BOOK_ID_V1\"",\""[\\\""string\\\"",\\\""changdu-app\\\""]\"",\""[\\\""number\\\"",\\\""980308135\\\""]\"",\""[\\\""RAW_LANGUAGE_SCOPE_V1\\\"",\\\""[\\\\\\\""number\\\\\\\"",\\\\\\\""22\\\\\\\""]\\\"",[\\\""string\\\"",\\\""土耳其语\\\""]]\""]""]",APPROVED_MAP_CANDIDATE,CROSS_REVIEW_FINAL,TIER_2_GOOD,0.85,四家同decision同target；但书证存在部分反证：4本中仅1-2本可确认黑帮主线，其余为复仇言情,NONE_IDENTIFIED,1,1,ct-v1-mafia,mafia,黑帮,APPROVED_OFFLINE_CANDIDATE_ONLY
MAPPING_EDGE,1514708b5b4d8ebda9dcb0e170bc2b3d5ad4667125e1c7455df875836640e7aa,be845d8645e61e88080488ad7d2db35377ad86fc12b1bcc38ed57c1d3ec4da14,changdu-app,"[""RAW_LANGUAGE_SCOPE_V1"",""[\""number\"",\""22\""]"",[""string"",""土耳其语""]]",TR,Modern,TW9kZXJu,eef6c7f6ddd4067eb8afcea1a2104116ed5c09287b11433ed96a2b3c47cbb55c,109,109,109,"[""[\""LANE_B_BOOK_ID_V1\"",\""[\\\""string\\\"",\\\""changdu-app\\\""]\"",\""[\\\""number\\\"",\\\""980308093\\\""]\"",\""[\\\""RAW_LANGUAGE_SCOPE_V1\\\"",\\\""[\\\\\\\""number\\\\\\\"",\\\\\\\""22\\\\\\\""]\\\"",[\\\""string\\\"",\\\""土耳其语\\\""]]\""]"",""[\""LANE_B_BOOK_ID_V1\"",\""[\\\""string\\\"",\\\""changdu-app\\\""]\"",\""[\\\""number\\\"",\\\""980308096\\\""]\"",\""[\\\""RAW_LANGUAGE_SCOPE_V1\\\"",\\\""[\\\\\\\""number\\\\\\\"",\\\\\\\""22\\\\\\\""]\\\"",[\\\""string\\\"",\\\""土耳其语\\\""]]\""]"",""[\""LANE_B_BOOK_ID_V1\"",\""[\\\""string\\\"",\\\""changdu-app\\\""]\"",\""[\\\""number\\\"",\\\""980308097\\\""]\"",\""[\\\""RAW_LANGUAGE_SCOPE_V1\\\"",\\\""[\\\\\\\""number\\\\\\\"",\\\\\\\""22\\\\\\\""]\\\"",[\\\""string\\\"",\\\""土耳其语\\\""]]\""]"",""[\""LANE_B_BOOK_ID_V1\"",\""[\\\""string\\\"",\\\""changdu-app\\\""]\"",\""[\\\""number\\\"",\\\""980308153\\\""]\"",\""[\\\""RAW_LANGUAGE_SCOPE_V1\\\"",\\\""[\\\\\\\""number\\\\\\\"",\\\\\\\""22\\\\\\\""]\\\"",[\\\""string\\\"",\\\""土耳其语\\\""]]\""]"",""[\""LANE_B_BOOK_ID_V1\"",\""[\\\""string\\\"",\\\""changdu-app\\\""]\"",\""[\\\""number\\\"",\\\""980308167\\\""]\"",\""[\\\""RAW_LANGUAGE_SCOPE_V1\\\"",\\\""[\\\\\\\""number\\\\\\\"",\\\\\\\""22\\\\\\\""]\\\"",[\\\""string\\\"",\\\""土耳其语\\\""]]\""]"",""[\""LANE_B_BOOK_ID_V1\"",\""[\\\""string\\\"",\\\""changdu-app\\\""]\"",\""[\\\""number\\\"",\\\""980308092\\\""]\"",\""[\\\""RAW_LANGUAGE_SCOPE_V1\\\"",\\\""[\\\\\\\""number\\\\\\\"",\\\\\\\""22\\\\\\\""]\\\"",[\\\""string\\\"",\\\""土耳其语\\\""]]\""]"",""[\""LANE_B_BOOK_ID_V1\"",\""[\\\""string\\\"",\\\""changdu-app\\\""]\"",\""[\\\""number\\\"",\\\""980308113\\\""]\"",\""[\\\""RAW_LANGUAGE_SCOPE_V1\\\"",\\\""[\\\\\\\""number\\\\\\\"",\\\\\\\""22\\\\\\\""]\\\"",[\\\""string\\\"",\\\""土耳其语\\\""]]\""]"",""[\""LANE_B_BOOK_ID_V1\"",\""[\\\""string\\\"",\\\""changdu-app\\\""]\"",\""[\\\""number\\\"",\\\""980308121\\\""]\"",\""[\\\""RAW_LANGUAGE_SCOPE_V1\\\"",\\\""[\\\\\\\""number\\\\\\\"",\\\\\\\""22\\\\\\\""]\\\"",[\\\""string\\\"",\\\""土耳其语\\\""]]\""]"",""[\""LANE_B_BOOK_ID_V1\"",\""[\\\""string\\\"",\\\""changdu-app\\\""]\"",\""[\\\""number\\\"",\\\""980308125\\\""]\"",\""[\\\""RAW_LANGUAGE_SCOPE_V1\\\"",\\\""[\\\\\\\""number\\\\\\\"",\\\\\\\""22\\\\\\\""]\\\"",[\\\""string\\\"",\\\""土耳其语\\\""]]\""]"",""[\""LANE_B_BOOK_ID_V1\"",\""[\\\""string\\\"",\\\""changdu-app\\\""]\"",\""[\\\""number\\\"",\\\""980308129\\\""]\"",\""[\\\""RAW_LANGUAGE_SCOPE_V1\\\"",\\\""[\\\\\\\""number\\\\\\\"",\\\\\\\""22\\\\\\\""]\\\"",[\\\""string\\\"",\\\""土耳其语\\\""]]\""]"",""[\""LANE_B_BOOK_ID_V1\"",\""[\\\""string\\\"",\\\""changdu-app\\\""]\"",\""[\\\""number\\\"",\\\""980308141\\\""]\"",\""[\\\""RAW_LANGUAGE_SCOPE_V1\\\"",\\\""[\\\\\\\""number\\\\\\\"",\\\\\\\""22\\\\\\\""]\\\"",[\\\""string\\\"",\\\""土耳其语\\\""]]\""]""]",APPROVED_MAP_CANDIDATE,CROSS_REVIEW_FINAL,TIER_3_TARGET_CONFLICT,0.88,女频共现~100%，书证全为现代豪门婚恋/复仇言情；modern-romance为检索等价入口,C: contemporary-setting（setting facet字面映射，不错但检索价值低）,1,1,ct-v1-modern-romance,modern-romance,现代言情,APPROVED_OFFLINE_CANDIDATE_ONLY
MAPPING_EDGE,faa64f091371c72dd139a74e13f52e45b4553e092152b3cb269238c8490eb603,68e40695b4d4612f8d9d710411a729a15d042754c557bec2598a4990a012d20c,changdu-app,"[""RAW_LANGUAGE_SCOPE_V1"",""[\""number\"",\""22\""]"",[""string"",""土耳其语""]]",TR,Romance,Um9tYW5jZQ==,3bc3567a7fc6511a85072520dc1bdb95a732c4aee93a6533d53954f39124d7c9,70,70,70,"[""[\""LANE_B_BOOK_ID_V1\"",\""[\\\""string\\\"",\\\""changdu-app\\\""]\"",\""[\\\""number\\\"",\\\""980308099\\\""]\"",\""[\\\""RAW_LANGUAGE_SCOPE_V1\\\"",\\\""[\\\\\\\""number\\\\\\\"",\\\\\\\""22\\\\\\\""]\\\"",[\\\""string\\\"",\\\""土耳其语\\\""]]\""]"",""[\""LANE_B_BOOK_ID_V1\"",\""[\\\""string\\\"",\\\""changdu-app\\\""]\"",\""[\\\""number\\\"",\\\""980308109\\\""]\"",\""[\\\""RAW_LANGUAGE_SCOPE_V1\\\"",\\\""[\\\\\\\""number\\\\\\\"",\\\\\\\""22\\\\\\\""]\\\"",[\\\""string\\\"",\\\""土耳其语\\\""]]\""]"",""[\""LANE_B_BOOK_ID_V1\"",\""[\\\""string\\\"",\\\""changdu-app\\\""]\"",\""[\\\""number\\\"",\\\""980308115\\\""]\"",\""[\\\""RAW_LANGUAGE_SCOPE_V1\\\"",\\\""[\\\\\\\""number\\\\\\\"",\\\\\\\""22\\\\\\\""]\\\"",[\\\""string\\\"",\\\""土耳其语\\\""]]\""]"",""[\""LANE_B_BOOK_ID_V1\"",\""[\\\""string\\\"",\\\""changdu-app\\\""]\"",\""[\\\""number\\\"",\\\""980308117\\\""]\"",\""[\\\""RAW_LANGUAGE_SCOPE_V1\\\"",\\\""[\\\\\\\""number\\\\\\\"",\\\\\\\""22\\\\\\\""]\\\"",[\\\""string\\\"",\\\""土耳其语\\\""]]\""]"",""[\""LANE_B_BOOK_ID_V1\"",\""[\\\""string\\\"",\\\""changdu-app\\\""]\"",\""[\\\""number\\\"",\\\""980308127\\\""]\"",\""[\\\""RAW_LANGUAGE_SCOPE_V1\\\"",\\\""[\\\\\\\""number\\\\\\\"",\\\\\\\""22\\\\\\\""]\\\"",[\\\""string\\\"",\\\""土耳其语\\\""]]\""]"",""[\""LANE_B_BOOK_ID_V1\"",\""[\\\""string\\\"",\\\""changdu-app\\\""]\"",\""[\\\""number\\\"",\\\""980308131\\\""]\"",\""[\\\""RAW_LANGUAGE_SCOPE_V1\\\"",\\\""[\\\\\\\""number\\\\\\\"",\\\\\\\""22\\\\\\\""]\\\"",[\\\""string\\\"",\\\""土耳其语\\\""]]\""]"",""[\""LANE_B_BOOK_ID_V1\"",\""[\\\""string\\\"",\\\""changdu-app\\\""]\"",\""[\\\""number\\\"",\\\""980308150\\\""]\"",\""[\\\""RAW_LANGUAGE_SCOPE_V1\\\"",\\\""[\\\\\\\""number\\\\\\\"",\\\\\\\""22\\\\\\\""]\\\"",[\\\""string\\\"",\\\""土耳其语\\\""]]\""]"",""[\""LANE_B_BOOK_ID_V1\"",\""[\\\""string\\\"",\\\""changdu-app\\\""]\"",\""[\\\""number\\\"",\\\""980308151\\\""]\"",\""[\\\""RAW_LANGUAGE_SCOPE_V1\\\"",\\\""[\\\\\\\""number\\\\\\\"",\\\\\\\""22\\\\\\\""]\\\"",[\\\""string\\\"",\\\""土耳其语\\\""]]\""]"",""[\""LANE_B_BOOK_ID_V1\"",\""[\\\""string\\\"",\\\""changdu-app\\\""]\"",\""[\\\""number\\\"",\\\""980308154\\\""]\"",\""[\\\""RAW_LANGUAGE_SCOPE_V1\\\"",\\\""[\\\\\\\""number\\\\\\\"",\\\\\\\""22\\\\\\\""]\\\"",[\\\""string\\\"",\\\""土耳其语\\\""]]\""]""]",APPROVED_MAP_CANDIDATE,CROSS_REVIEW_FINAL,TIER_1_STRONG,0.94,4/4 decision+target一致，代表书证与目标语义相符，无明显反证,NONE_IDENTIFIED,1,1,ct-v1-romance,romance,言情,APPROVED_OFFLINE_CANDIDATE_ONLY
MAPPING_EDGE,2b3cf8eb1f9ee9585e00dbbaa5c6e4bab55c68fd37617e22ea9cde59c7233a85,9177c8237ab542b49dc3e2065c8fb502a5adcb5ff62619413df084dbf0c50b3d,changdu-app,"[""RAW_LANGUAGE_SCOPE_V1"",""[\""number\"",\""22\""]"",[""string"",""土耳其语""]]",TR,Werewolf,V2VyZXdvbGY=,a2a5639765ce5eeb57d4f26e990f98d8bc802ce843882d5c6ee530abf45c39ef,3,3,3,"[""[\""LANE_B_BOOK_ID_V1\"",\""[\\\""string\\\"",\\\""changdu-app\\\""]\"",\""[\\\""number\\\"",\\\""980308105\\\""]\"",\""[\\\""RAW_LANGUAGE_SCOPE_V1\\\"",\\\""[\\\\\\\""number\\\\\\\"",\\\\\\\""22\\\\\\\""]\\\"",[\\\""string\\\"",\\\""土耳其语\\\""]]\""]"",""[\""LANE_B_BOOK_ID_V1\"",\""[\\\""string\\\"",\\\""changdu-app\\\""]\"",\""[\\\""number\\\"",\\\""854394340\\\""]\"",\""[\\\""RAW_LANGUAGE_SCOPE_V1\\\"",\\\""[\\\\\\\""number\\\\\\\"",\\\\\\\""22\\\\\\\""]\\\"",[\\\""string\\\"",\\\""土耳其语\\\""]]\""]"",""[\""LANE_B_BOOK_ID_V1\"",\""[\\\""string\\\"",\\\""changdu-app\\\""]\"",\""[\\\""number\\\"",\\\""247532086\\\""]\"",\""[\\\""RAW_LANGUAGE_SCOPE_V1\\\"",\\\""[\\\\\\\""number\\\\\\\"",\\\\\\\""22\\\\\\\""]\\\"",[\\\""string\\\"",\\\""土耳其语\\\""]]\""]""]",APPROVED_MAP_CANDIDATE,CROSS_REVIEW_FINAL,TIER_1_STRONG,0.94,4/4 decision+target一致，代表书证与目标语义相符，无明显反证,NONE_IDENTIFIED,1,1,ct-v1-werewolf,werewolf,狼人,APPROVED_OFFLINE_CANDIDATE_ONLY
MAPPING_EDGE,080fb1bc4f89288b8ac403bf866935510ed2ab7ff332cae29f81fee18b983c90,a8a24b9487d087291ae3a75401008a19c7f498016aa1ba973db92ad9ff4713c9,changdu-app,"[""RAW_LANGUAGE_SCOPE_V1"",""[\""number\"",\""22\""]"",[""string"",""土耳其语""]]",TR,young adult,eW91bmcgYWR1bHQ=,121e88b50170f461a41818c6a55d51d6b0513fc925bea7625a6ce689951d3aea,6,6,6,"[""[\""LANE_B_BOOK_ID_V1\"",\""[\\\""string\\\"",\\\""changdu-app\\\""]\"",\""[\\\""number\\\"",\\\""501924600\\\""]\"",\""[\\\""RAW_LANGUAGE_SCOPE_V1\\\"",\\\""[\\\\\\\""number\\\\\\\"",\\\\\\\""22\\\\\\\""]\\\"",[\\\""string\\\"",\\\""土耳其语\\\""]]\""]"",""[\""LANE_B_BOOK_ID_V1\"",\""[\\\""string\\\"",\\\""changdu-app\\\""]\"",\""[\\\""number\\\"",\\\""439276540\\\""]\"",\""[\\\""RAW_LANGUAGE_SCOPE_V1\\\"",\\\""[\\\\\\\""number\\\\\\\"",\\\\\\\""22\\\\\\\""]\\\"",[\\\""string\\\"",\\\""土耳其语\\\""]]\""]"",""[\""LANE_B_BOOK_ID_V1\"",\""[\\\""string\\\"",\\\""changdu-app\\\""]\"",\""[\\\""number\\\"",\\\""439276550\\\""]\"",\""[\\\""RAW_LANGUAGE_SCOPE_V1\\\"",\\\""[\\\\\\\""number\\\\\\\"",\\\\\\\""22\\\\\\\""]\\\"",[\\\""string\\\"",\\\""土耳其语\\\""]]\""]"",""[\""LANE_B_BOOK_ID_V1\"",\""[\\\""string\\\"",\\\""changdu-app\\\""]\"",\""[\\\""number\\\"",\\\""439276552\\\""]\"",\""[\\\""RAW_LANGUAGE_SCOPE_V1\\\"",\\\""[\\\\\\\""number\\\\\\\"",\\\\\\\""22\\\\\\\""]\\\"",[\\\""string\\\"",\\\""土耳其语\\\""]]\""]"",""[\""LANE_B_BOOK_ID_V1\"",\""[\\\""string\\\"",\\\""changdu-app\\\""]\"",\""[\\\""number\\\"",\\\""439276563\\\""]\"",\""[\\\""RAW_LANGUAGE_SCOPE_V1\\\"",\\\""[\\\\\\\""number\\\\\\\"",\\\\\\\""22\\\\\\\""]\\\"",[\\\""string\\\"",\\\""土耳其语\\\""]]\""]""]",APPROVED_MAP_CANDIDATE,CROSS_REVIEW_FINAL,TIER_1_STRONG,0.84,4/4 decision+target一致，代表书证与目标语义相符，无明显反证,NONE_IDENTIFIED,1,1,ct-v1-young-adult,young-adult,青少年,APPROVED_OFFLINE_CANDIDATE_ONLY
MAPPING_EDGE,0be702a06e30a7b6a01ba8c0610909d802d6a197ad4192b02fd9173c478dc250,dce124f0c37a345596ec4a97ba24bfc0c87037ea7382758b2784d7c68dd134a5,changdu-app,"[""RAW_LANGUAGE_SCOPE_V1"",""[\""number\"",\""22\""]"",[""string"",""土耳其语""]]",TR,女频,5aWz6aKR,d9867749ec31f19fe7bfa4a782791bb108a8c9bc80653d481d3f1110f260cebb,206,206,206,"[""[\""LANE_B_BOOK_ID_V1\"",\""[\\\""string\\\"",\\\""changdu-app\\\""]\"",\""[\\\""number\\\"",\\\""980308093\\\""]\"",\""[\\\""RAW_LANGUAGE_SCOPE_V1\\\"",\\\""[\\\\\\\""number\\\\\\\"",\\\\\\\""22\\\\\\\""]\\\"",[\\\""string\\\"",\\\""土耳其语\\\""]]\""]"",""[\""LANE_B_BOOK_ID_V1\"",\""[\\\""string\\\"",\\\""changdu-app\\\""]\"",\""[\\\""number\\\"",\\\""980308096\\\""]\"",\""[\\\""RAW_LANGUAGE_SCOPE_V1\\\"",\\\""[\\\\\\\""number\\\\\\\"",\\\\\\\""22\\\\\\\""]\\\"",[\\\""string\\\"",\\\""土耳其语\\\""]]\""]"",""[\""LANE_B_BOOK_ID_V1\"",\""[\\\""string\\\"",\\\""changdu-app\\\""]\"",\""[\\\""number\\\"",\\\""980308097\\\""]\"",\""[\\\""RAW_LANGUAGE_SCOPE_V1\\\"",\\\""[\\\\\\\""number\\\\\\\"",\\\\\\\""22\\\\\\\""]\\\"",[\\\""string\\\"",\\\""土耳其语\\\""]]\""]"",""[\""LANE_B_BOOK_ID_V1\"",\""[\\\""string\\\"",\\\""changdu-app\\\""]\"",\""[\\\""number\\\"",\\\""980308099\\\""]\"",\""[\\\""RAW_LANGUAGE_SCOPE_V1\\\"",\\\""[\\\\\\\""number\\\\\\\"",\\\\\\\""22\\\\\\\""]\\\"",[\\\""string\\\"",\\\""土耳其语\\\""]]\""]"",""[\""LANE_B_BOOK_ID_V1\"",\""[\\\""string\\\"",\\\""changdu-app\\\""]\"",\""[\\\""number\\\"",\\\""980308109\\\""]\"",\""[\\\""RAW_LANGUAGE_SCOPE_V1\\\"",\\\""[\\\\\\\""number\\\\\\\"",\\\\\\\""22\\\\\\\""]\\\"",[\\\""string\\\"",\\\""土耳其语\\\""]]\""]"",""[\""LANE_B_BOOK_ID_V1\"",\""[\\\""string\\\"",\\\""changdu-app\\\""]\"",\""[\\\""number\\\"",\\\""980308115\\\""]\"",\""[\\\""RAW_LANGUAGE_SCOPE_V1\\\"",\\\""[\\\\\\\""number\\\\\\\"",\\\\\\\""22\\\\\\\""]\\\"",[\\\""string\\\"",\\\""土耳其语\\\""]]\""]"",""[\""LANE_B_BOOK_ID_V1\"",\""[\\\""string\\\"",\\\""changdu-app\\\""]\"",\""[\\\""number\\\"",\\\""980308117\\\""]\"",\""[\\\""RAW_LANGUAGE_SCOPE_V1\\\"",\\\""[\\\\\\\""number\\\\\\\"",\\\\\\\""22\\\\\\\""]\\\"",[\\\""string\\\"",\\\""土耳其语\\\""]]\""]"",""[\""LANE_B_BOOK_ID_V1\"",\""[\\\""string\\\"",\\\""changdu-app\\\""]\"",\""[\\\""number\\\"",\\\""980308127\\\""]\"",\""[\\\""RAW_LANGUAGE_SCOPE_V1\\\"",\\\""[\\\\\\\""number\\\\\\\"",\\\\\\\""22\\\\\\\""]\\\"",[\\\""string\\\"",\\\""土耳其语\\\""]]\""]"",""[\""LANE_B_BOOK_ID_V1\"",\""[\\\""string\\\"",\\\""changdu-app\\\""]\"",\""[\\\""number\\\"",\\\""980308131\\\""]\"",\""[\\\""RAW_LANGUAGE_SCOPE_V1\\\"",\\\""[\\\\\\\""number\\\\\\\"",\\\\\\\""22\\\\\\\""]\\\"",[\\\""string\\\"",\\\""土耳其语\\\""]]\""]"",""[\""LANE_B_BOOK_ID_V1\"",\""[\\\""string\\\"",\\\""changdu-app\\\""]\"",\""[\\\""number\\\"",\\\""980308142\\\""]\"",\""[\\\""RAW_LANGUAGE_SCOPE_V1\\\"",\\\""[\\\\\\\""number\\\\\\\"",\\\\\\\""22\\\\\\\""]\\\"",[\\\""string\\\"",\\\""土耳其语\\\""]]\""]"",""[\""LANE_B_BOOK_ID_V1\"",\""[\\\""string\\\"",\\\""changdu-app\\\""]\"",\""[\\\""number\\\"",\\\""980308150\\\""]\"",\""[\\\""RAW_LANGUAGE_SCOPE_V1\\\"",\\\""[\\\\\\\""number\\\\\\\"",\\\\\\\""22\\\\\\\""]\\\"",[\\\""string\\\"",\\\""土耳其语\\\""]]\""]"",""[\""LANE_B_BOOK_ID_V1\"",\""[\\\""string\\\"",\\\""changdu-app\\\""]\"",\""[\\\""number\\\"",\\\""980308151\\\""]\"",\""[\\\""RAW_LANGUAGE_SCOPE_V1\\\"",\\\""[\\\\\\\""number\\\\\\\"",\\\\\\\""22\\\\\\\""]\\\"",[\\\""string\\\"",\\\""土耳其语\\\""]]\""]""]",APPROVED_MAP_CANDIDATE,CROSS_REVIEW_FINAL,TIER_2_GOOD,0.95,A/B/C一致映射；audience已是119正式facet（ct-v1-female-audience存在），书证全为女性向,D: IGNORE（视为运营二分旗——但artifact已建audience facet，忽略反而丢失已建模维度）,1,1,ct-v1-female-audience,female-audience,女性向,APPROVED_OFFLINE_CANDIDATE_ONLY
MAPPING_EDGE,ca86c3a8019ca7e2abaca58a73d9c3b49a0d37aedd5106b8107a28f9a79281ad,7518358362031fdc015640894146468ba7e8100388c30f88a4e3a21a6325e9f5,changdu-app,"[""RAW_LANGUAGE_SCOPE_V1"",""[\""number\"",\""22\""]"",[""string"",""土耳其语""]]",TR,男频,55S36aKR,e74d73d99251bb2b99c02896258d9fbcd9817488f6538674fda26534b0b450ac,2,2,2,"[""[\""LANE_B_BOOK_ID_V1\"",\""[\\\""string\\\"",\\\""changdu-app\\\""]\"",\""[\\\""number\\\"",\\\""532828642\\\""]\"",\""[\\\""RAW_LANGUAGE_SCOPE_V1\\\"",\\\""[\\\\\\\""number\\\\\\\"",\\\\\\\""22\\\\\\\""]\\\"",[\\\""string\\\"",\\\""土耳其语\\\""]]\""]"",""[\""LANE_B_BOOK_ID_V1\"",\""[\\\""string\\\"",\\\""changdu-app\\\""]\"",\""[\\\""number\\\"",\\\""532828649\\\""]\"",\""[\\\""RAW_LANGUAGE_SCOPE_V1\\\"",\\\""[\\\\\\\""number\\\\\\\"",\\\\\\\""22\\\\\\\""]\\\"",[\\\""string\\\"",\\\""土耳其语\\\""]]\""]""]",APPROVED_MAP_CANDIDATE,CROSS_REVIEW_FINAL,TIER_2_GOOD,0.92,A/B/C提出同一概念；119只有female-audience无对称男性向入口，8217本可进女性向而1684本男频书无入口，结构性不对称,D: IGNORE（主张女频男频同进同退；若Owner不扩audience则两者一并IGNORE）,1,1,ct-v1-male-audience,male-audience,男性向,APPROVED_OFFLINE_CANDIDATE_ONLY
MAPPING_EDGE,9127a0eca5f2577d4b7b2eb5c24065227d5f066b8f5127a929c8ff878c0d442e,bf3de8c2eb80334adb391f3422fcfc848158f7c8614cc51edfc323cc036b79e3,changdu-app,"[""RAW_LANGUAGE_SCOPE_V1"",""[\""number\"",\""13\""]"",[""string"",""越南语""]]",VI,Billionaires,QmlsbGlvbmFpcmVz,ccf56236de194492990a0755a5139bc1cd991c8c3fea00ac5030cb93411268ff,5,5,5,"[""[\""LANE_B_BOOK_ID_V1\"",\""[\\\""string\\\"",\\\""changdu-app\\\""]\"",\""[\\\""number\\\"",\\\""424672299\\\""]\"",\""[\\\""RAW_LANGUAGE_SCOPE_V1\\\"",\\\""[\\\\\\\""number\\\\\\\"",\\\\\\\""13\\\\\\\""]\\\"",[\\\""string\\\"",\\\""越南语\\\""]]\""]"",""[\""LANE_B_BOOK_ID_V1\"",\""[\\\""string\\\"",\\\""changdu-app\\\""]\"",\""[\\\""number\\\"",\\\""424472950\\\""]\"",\""[\\\""RAW_LANGUAGE_SCOPE_V1\\\"",\\\""[\\\\\\\""number\\\\\\\"",\\\\\\\""13\\\\\\\""]\\\"",[\\\""string\\\"",\\\""越南语\\\""]]\""]"",""[\""LANE_B_BOOK_ID_V1\"",\""[\\\""string\\\"",\\\""changdu-app\\\""]\"",\""[\\\""number\\\"",\\\""424571970\\\""]\"",\""[\\\""RAW_LANGUAGE_SCOPE_V1\\\"",\\\""[\\\\\\\""number\\\\\\\"",\\\\\\\""13\\\\\\\""]\\\"",[\\\""string\\\"",\\\""越南语\\\""]]\""]"",""[\""LANE_B_BOOK_ID_V1\"",\""[\\\""string\\\"",\\\""changdu-app\\\""]\"",\""[\\\""number\\\"",\\\""424172999\\\""]\"",\""[\\\""RAW_LANGUAGE_SCOPE_V1\\\"",\\\""[\\\\\\\""number\\\\\\\"",\\\\\\\""13\\\\\\\""]\\\"",[\\\""string\\\"",\\\""越南语\\\""]]\""]"",""[\""LANE_B_BOOK_ID_V1\"",\""[\\\""string\\\"",\\\""changdu-app\\\""]\"",\""[\\\""number\\\"",\\\""280831106\\\""]\"",\""[\\\""RAW_LANGUAGE_SCOPE_V1\\\"",\\\""[\\\\\\\""number\\\\\\\"",\\\\\\\""13\\\\\\\""]\\\"",[\\\""string\\\"",\\\""越南语\\\""]]\""]""]",APPROVED_MAP_CANDIDATE,CROSS_REVIEW_FINAL,TIER_1_STRONG,0.9,4/4 decision+target一致，代表书证与目标语义相符，无明显反证,NONE_IDENTIFIED,1,1,ct-v1-wealthy-ceo,wealthy-ceo,豪门总裁,APPROVED_OFFLINE_CANDIDATE_ONLY
MAPPING_EDGE,c793f18fe3b146853896b0974699699c5943f76c4798ced1b2999140c7106ef2,669a2f2135b853ee0f13a14e538a41319fbe825e6c50016665a427a890ae83fd,changdu-app,"[""RAW_LANGUAGE_SCOPE_V1"",""[\""number\"",\""13\""]"",[""string"",""越南语""]]",VI,History,SGlzdG9yeQ==,0e769600933790607b2a13b33ddfade0fa17810eb62c3b28ee23e59516516491,7,7,7,"[""[\""LANE_B_BOOK_ID_V1\"",\""[\\\""string\\\"",\\\""changdu-app\\\""]\"",\""[\\\""number\\\"",\\\""692455557\\\""]\"",\""[\\\""RAW_LANGUAGE_SCOPE_V1\\\"",\\\""[\\\\\\\""number\\\\\\\"",\\\\\\\""13\\\\\\\""]\\\"",[\\\""string\\\"",\\\""越南语\\\""]]\""]"",""[\""LANE_B_BOOK_ID_V1\"",\""[\\\""string\\\"",\\\""changdu-app\\\""]\"",\""[\\\""number\\\"",\\\""453507059\\\""]\"",\""[\\\""RAW_LANGUAGE_SCOPE_V1\\\"",\\\""[\\\\\\\""number\\\\\\\"",\\\\\\\""13\\\\\\\""]\\\"",[\\\""string\\\"",\\\""越南语\\\""]]\""]"",""[\""LANE_B_BOOK_ID_V1\"",\""[\\\""string\\\"",\\\""changdu-app\\\""]\"",\""[\\\""number\\\"",\\\""247433873\\\""]\"",\""[\\\""RAW_LANGUAGE_SCOPE_V1\\\"",\\\""[\\\\\\\""number\\\\\\\"",\\\\\\\""13\\\\\\\""]\\\"",[\\\""string\\\"",\\\""越南语\\\""]]\""]"",""[\""LANE_B_BOOK_ID_V1\"",\""[\\\""string\\\"",\\\""changdu-app\\\""]\"",\""[\\\""number\\\"",\\\""137496328\\\""]\"",\""[\\\""RAW_LANGUAGE_SCOPE_V1\\\"",\\\""[\\\\\\\""number\\\\\\\"",\\\\\\\""13\\\\\\\""]\\\"",[\\\""string\\\"",\\\""越南语\\\""]]\""]"",""[\""LANE_B_BOOK_ID_V1\"",\""[\\\""string\\\"",\\\""changdu-app\\\""]\"",\""[\\\""number\\\"",\\\""138946976\\\""]\"",\""[\\\""RAW_LANGUAGE_SCOPE_V1\\\"",\\\""[\\\\\\\""number\\\\\\\"",\\\\\\\""13\\\\\\\""]\\\"",[\\\""string\\\"",\\\""越南语\\\""]]\""]""]",APPROVED_MAP_CANDIDATE,CROSS_REVIEW_FINAL,TIER_1_STRONG,0.88,4/4 decision+target一致，代表书证与目标语义相符，无明显反证,NONE_IDENTIFIED,1,1,ct-v1-historical-romance,historical-romance,古代言情,APPROVED_OFFLINE_CANDIDATE_ONLY
MAPPING_EDGE,c764e618afb161cf902ab924f10f0e8829d9dd602152be34e32af3519f3ac4c3,72dc39a0a73e9c86dd735ace4e542545071d65975541ce36823dd310e7d6f1b4,changdu-app,"[""RAW_LANGUAGE_SCOPE_V1"",""[\""number\"",\""13\""]"",[""string"",""越南语""]]",VI,Mafia,TWFmaWE=,35e95dfecfe2f6b88dd601cc1a2dcc2bea763f6d757419fe9a390a80ab025997,2,2,2,"[""[\""LANE_B_BOOK_ID_V1\"",\""[\\\""string\\\"",\\\""changdu-app\\\""]\"",\""[\\\""number\\\"",\\\""424472978\\\""]\"",\""[\\\""RAW_LANGUAGE_SCOPE_V1\\\"",\\\""[\\\\\\\""number\\\\\\\"",\\\\\\\""13\\\\\\\""]\\\"",[\\\""string\\\"",\\\""越南语\\\""]]\""]"",""[\""LANE_B_BOOK_ID_V1\"",\""[\\\""string\\\"",\\\""changdu-app\\\""]\"",\""[\\\""number\\\"",\\\""340205610\\\""]\"",\""[\\\""RAW_LANGUAGE_SCOPE_V1\\\"",\\\""[\\\\\\\""number\\\\\\\"",\\\\\\\""13\\\\\\\""]\\\"",[\\\""string\\\"",\\\""越南语\\\""]]\""]""]",APPROVED_MAP_CANDIDATE,CROSS_REVIEW_FINAL,TIER_1_STRONG,0.89,4/4 decision+target一致，代表书证与目标语义相符，无明显反证,NONE_IDENTIFIED,1,1,ct-v1-mafia,mafia,黑帮,APPROVED_OFFLINE_CANDIDATE_ONLY
MAPPING_EDGE,7ffb8fbe97f7c9fdecf176c055c96722423869b38fff3e8fa474e7e38d529a1b,56fb2e3f2834987db9f38e8290b5cc1e4ce63762175aa19d188f65faa003ff17,changdu-app,"[""RAW_LANGUAGE_SCOPE_V1"",""[\""number\"",\""13\""]"",[""string"",""越南语""]]",VI,Modern,TW9kZXJu,eef6c7f6ddd4067eb8afcea1a2104116ed5c09287b11433ed96a2b3c47cbb55c,98,98,98,"[""[\""LANE_B_BOOK_ID_V1\"",\""[\\\""string\\\"",\\\""changdu-app\\\""]\"",\""[\\\""number\\\"",\\\""1044119175\\\""]\"",\""[\\\""RAW_LANGUAGE_SCOPE_V1\\\"",\\\""[\\\\\\\""number\\\\\\\"",\\\\\\\""13\\\\\\\""]\\\"",[\\\""string\\\"",\\\""越南语\\\""]]\""]"",""[\""LANE_B_BOOK_ID_V1\"",\""[\\\""string\\\"",\\\""changdu-app\\\""]\"",\""[\\\""number\\\"",\\\""1040170440\\\""]\"",\""[\\\""RAW_LANGUAGE_SCOPE_V1\\\"",\\\""[\\\\\\\""number\\\\\\\"",\\\\\\\""13\\\\\\\""]\\\"",[\\\""string\\\"",\\\""越南语\\\""]]\""]"",""[\""LANE_B_BOOK_ID_V1\"",\""[\\\""string\\\"",\\\""changdu-app\\\""]\"",\""[\\\""number\\\"",\\\""980717194\\\""]\"",\""[\\\""RAW_LANGUAGE_SCOPE_V1\\\"",\\\""[\\\\\\\""number\\\\\\\"",\\\\\\\""13\\\\\\\""]\\\"",[\\\""string\\\"",\\\""越南语\\\""]]\""]"",""[\""LANE_B_BOOK_ID_V1\"",\""[\\\""string\\\"",\\\""changdu-app\\\""]\"",\""[\\\""number\\\"",\\\""980306872\\\""]\"",\""[\\\""RAW_LANGUAGE_SCOPE_V1\\\"",\\\""[\\\\\\\""number\\\\\\\"",\\\\\\\""13\\\\\\\""]\\\"",[\\\""string\\\"",\\\""越南语\\\""]]\""]"",""[\""LANE_B_BOOK_ID_V1\"",\""[\\\""string\\\"",\\\""changdu-app\\\""]\"",\""[\\\""number\\\"",\\\""980306873\\\""]\"",\""[\\\""RAW_LANGUAGE_SCOPE_V1\\\"",\\\""[\\\\\\\""number\\\\\\\"",\\\\\\\""13\\\\\\\""]\\\"",[\\\""string\\\"",\\\""越南语\\\""]]\""]"",""[\""LANE_B_BOOK_ID_V1\"",\""[\\\""string\\\"",\\\""changdu-app\\\""]\"",\""[\\\""number\\\"",\\\""957674429\\\""]\"",\""[\\\""RAW_LANGUAGE_SCOPE_V1\\\"",\\\""[\\\\\\\""number\\\\\\\"",\\\\\\\""13\\\\\\\""]\\\"",[\\\""string\\\"",\\\""越南语\\\""]]\""]"",""[\""LANE_B_BOOK_ID_V1\"",\""[\\\""string\\\"",\\\""changdu-app\\\""]\"",\""[\\\""number\\\"",\\\""938069478\\\""]\"",\""[\\\""RAW_LANGUAGE_SCOPE_V1\\\"",\\\""[\\\\\\\""number\\\\\\\"",\\\\\\\""13\\\\\\\""]\\\"",[\\\""string\\\"",\\\""越南语\\\""]]\""]"",""[\""LANE_B_BOOK_ID_V1\"",\""[\\\""string\\\"",\\\""changdu-app\\\""]\"",\""[\\\""number\\\"",\\\""803544174\\\""]\"",\""[\\\""RAW_LANGUAGE_SCOPE_V1\\\"",\\\""[\\\\\\\""number\\\\\\\"",\\\\\\\""13\\\\\\\""]\\\"",[\\\""string\\\"",\\\""越南语\\\""]]\""]"",""[\""LANE_B_BOOK_ID_V1\"",\""[\\\""string\\\"",\\\""changdu-app\\\""]\"",\""[\\\""number\\\"",\\\""803544175\\\""]\"",\""[\\\""RAW_LANGUAGE_SCOPE_V1\\\"",\\\""[\\\\\\\""number\\\\\\\"",\\\\\\\""13\\\\\\\""]\\\"",[\\\""string\\\"",\\\""越南语\\\""]]\""]"",""[\""LANE_B_BOOK_ID_V1\"",\""[\\\""string\\\"",\\\""changdu-app\\\""]\"",\""[\\\""number\\\"",\\\""690830609\\\""]\"",\""[\\\""RAW_LANGUAGE_SCOPE_V1\\\"",\\\""[\\\\\\\""number\\\\\\\"",\\\\\\\""13\\\\\\\""]\\\"",[\\\""string\\\"",\\\""越南语\\\""]]\""]""]",APPROVED_MAP_CANDIDATE,CROSS_REVIEW_FINAL,TIER_3_TARGET_CONFLICT,0.88,女频共现~100%，书证全为现代豪门婚恋/复仇言情；modern-romance为检索等价入口,C: contemporary-setting（setting facet字面映射，不错但检索价值低）,1,1,ct-v1-modern-romance,modern-romance,现代言情,APPROVED_OFFLINE_CANDIDATE_ONLY
MAPPING_EDGE,148cafe7750f5e7b4f9d3045781e570eb2ba5bbd9abfd69c450978722b945758,85656cab4d326d0cd695c467abf5643884933ea7c1c658a74141a9755cca7d45,changdu-app,"[""RAW_LANGUAGE_SCOPE_V1"",""[\""number\"",\""13\""]"",[""string"",""越南语""]]",VI,Romance,Um9tYW5jZQ==,3bc3567a7fc6511a85072520dc1bdb95a732c4aee93a6533d53954f39124d7c9,26,26,26,"[""[\""LANE_B_BOOK_ID_V1\"",\""[\\\""string\\\"",\\\""changdu-app\\\""]\"",\""[\\\""number\\\"",\\\""523312593\\\""]\"",\""[\\\""RAW_LANGUAGE_SCOPE_V1\\\"",\\\""[\\\\\\\""number\\\\\\\"",\\\\\\\""13\\\\\\\""]\\\"",[\\\""string\\\"",\\\""越南语\\\""]]\""]"",""[\""LANE_B_BOOK_ID_V1\"",\""[\\\""string\\\"",\\\""changdu-app\\\""]\"",\""[\\\""number\\\"",\\\""501825508\\\""]\"",\""[\\\""RAW_LANGUAGE_SCOPE_V1\\\"",\\\""[\\\\\\\""number\\\\\\\"",\\\\\\\""13\\\\\\\""]\\\"",[\\\""string\\\"",\\\""越南语\\\""]]\""]"",""[\""LANE_B_BOOK_ID_V1\"",\""[\\\""string\\\"",\\\""changdu-app\\\""]\"",\""[\\\""number\\\"",\\\""501825509\\\""]\"",\""[\\\""RAW_LANGUAGE_SCOPE_V1\\\"",\\\""[\\\\\\\""number\\\\\\\"",\\\\\\\""13\\\\\\\""]\\\"",[\\\""string\\\"",\\\""越南语\\\""]]\""]"",""[\""LANE_B_BOOK_ID_V1\"",\""[\\\""string\\\"",\\\""changdu-app\\\""]\"",\""[\\\""number\\\"",\\\""424672246\\\""]\"",\""[\\\""RAW_LANGUAGE_SCOPE_V1\\\"",\\\""[\\\\\\\""number\\\\\\\"",\\\\\\\""13\\\\\\\""]\\\"",[\\\""string\\\"",\\\""越南语\\\""]]\""]"",""[\""LANE_B_BOOK_ID_V1\"",\""[\\\""string\\\"",\\\""changdu-app\\\""]\"",\""[\\\""number\\\"",\\\""424672283\\\""]\"",\""[\\\""RAW_LANGUAGE_SCOPE_V1\\\"",\\\""[\\\\\\\""number\\\\\\\"",\\\\\\\""13\\\\\\\""]\\\"",[\\\""string\\\"",\\\""越南语\\\""]]\""]"",""[\""LANE_B_BOOK_ID_V1\"",\""[\\\""string\\\"",\\\""changdu-app\\\""]\"",\""[\\\""number\\\"",\\\""424672292\\\""]\"",\""[\\\""RAW_LANGUAGE_SCOPE_V1\\\"",\\\""[\\\\\\\""number\\\\\\\"",\\\\\\\""13\\\\\\\""]\\\"",[\\\""string\\\"",\\\""越南语\\\""]]\""]""]",APPROVED_MAP_CANDIDATE,CROSS_REVIEW_FINAL,TIER_1_STRONG,0.94,4/4 decision+target一致，代表书证与目标语义相符，无明显反证,NONE_IDENTIFIED,1,1,ct-v1-romance,romance,言情,APPROVED_OFFLINE_CANDIDATE_ONLY
MAPPING_EDGE,84209e6bbd49b1addccb89539647512e67ff1c61434ad9874130bf60fcfa5a62,7011e3dd8e6be11be9e048b82da2d7766cc578ad8435adc53084c3699fd2defe,changdu-app,"[""RAW_LANGUAGE_SCOPE_V1"",""[\""number\"",\""13\""]"",[""string"",""越南语""]]",VI,Werewolf,V2VyZXdvbGY=,a2a5639765ce5eeb57d4f26e990f98d8bc802ce843882d5c6ee530abf45c39ef,3,3,3,"[""[\""LANE_B_BOOK_ID_V1\"",\""[\\\""string\\\"",\\\""changdu-app\\\""]\"",\""[\\\""number\\\"",\\\""937970019\\\""]\"",\""[\\\""RAW_LANGUAGE_SCOPE_V1\\\"",\\\""[\\\\\\\""number\\\\\\\"",\\\\\\\""13\\\\\\\""]\\\"",[\\\""string\\\"",\\\""越南语\\\""]]\""]"",""[\""LANE_B_BOOK_ID_V1\"",\""[\\\""string\\\"",\\\""changdu-app\\\""]\"",\""[\\\""number\\\"",\\\""424172996\\\""]\"",\""[\\\""RAW_LANGUAGE_SCOPE_V1\\\"",\\\""[\\\\\\\""number\\\\\\\"",\\\\\\\""13\\\\\\\""]\\\"",[\\\""string\\\"",\\\""越南语\\\""]]\""]"",""[\""LANE_B_BOOK_ID_V1\"",\""[\\\""string\\\"",\\\""changdu-app\\\""]\"",\""[\\\""number\\\"",\\\""422466172\\\""]\"",\""[\\\""RAW_LANGUAGE_SCOPE_V1\\\"",\\\""[\\\\\\\""number\\\\\\\"",\\\\\\\""13\\\\\\\""]\\\"",[\\\""string\\\"",\\\""越南语\\\""]]\""]""]",APPROVED_MAP_CANDIDATE,CROSS_REVIEW_FINAL,TIER_1_STRONG,0.93,4/4 decision+target一致，代表书证与目标语义相符，无明显反证,NONE_IDENTIFIED,1,1,ct-v1-werewolf,werewolf,狼人,APPROVED_OFFLINE_CANDIDATE_ONLY
MAPPING_EDGE,dd75fda1d9a363941d043124b92bf503fcda00d042801cb6883c589880f6f9b5,113331f0aa8345b528082267fdb1b0d8dd9ca98925d73c64688daf7a462652b9,changdu-app,"[""RAW_LANGUAGE_SCOPE_V1"",""[\""number\"",\""13\""]"",[""string"",""越南语""]]",VI,young adult,eW91bmcgYWR1bHQ=,121e88b50170f461a41818c6a55d51d6b0513fc925bea7625a6ce689951d3aea,2,2,2,"[""[\""LANE_B_BOOK_ID_V1\"",\""[\\\""string\\\"",\\\""changdu-app\\\""]\"",\""[\\\""number\\\"",\\\""501924599\\\""]\"",\""[\\\""RAW_LANGUAGE_SCOPE_V1\\\"",\\\""[\\\\\\\""number\\\\\\\"",\\\\\\\""13\\\\\\\""]\\\"",[\\\""string\\\"",\\\""越南语\\\""]]\""]"",""[\""LANE_B_BOOK_ID_V1\"",\""[\\\""string\\\"",\\\""changdu-app\\\""]\"",\""[\\\""number\\\"",\\\""424472983\\\""]\"",\""[\\\""RAW_LANGUAGE_SCOPE_V1\\\"",\\\""[\\\\\\\""number\\\\\\\"",\\\\\\\""13\\\\\\\""]\\\"",[\\\""string\\\"",\\\""越南语\\\""]]\""]""]",APPROVED_MAP_CANDIDATE,CROSS_REVIEW_FINAL,TIER_1_STRONG,0.83,4/4 decision+target一致，代表书证与目标语义相符，无明显反证,NONE_IDENTIFIED,1,1,ct-v1-young-adult,young-adult,青少年,APPROVED_OFFLINE_CANDIDATE_ONLY
MAPPING_EDGE,f2bf7dd6b21b797c27bc88186936bc39857dbe18138f8d4b2690f3e14f920d0b,b9e865282dd57d617f53ff3d92447502d4c2426f3593a5e65fdc9afd2368749c,changdu-app,"[""RAW_LANGUAGE_SCOPE_V1"",""[\""number\"",\""13\""]"",[""string"",""越南语""]]",VI,古言,5Y+k6KiA,eb5d6c5c4a8e0b993e8b02786a566e5141fd247df39d566b9632a832b2369fb8,2,2,2,"[""[\""LANE_B_BOOK_ID_V1\"",\""[\\\""string\\\"",\\\""changdu-app\\\""]\"",\""[\\\""number\\\"",\\\""280831103\\\""]\"",\""[\\\""RAW_LANGUAGE_SCOPE_V1\\\"",\\\""[\\\\\\\""number\\\\\\\"",\\\\\\\""13\\\\\\\""]\\\"",[\\\""string\\\"",\\\""越南语\\\""]]\""]"",""[\""LANE_B_BOOK_ID_V1\"",\""[\\\""string\\\"",\\\""changdu-app\\\""]\"",\""[\\\""number\\\"",\\\""280831117\\\""]\"",\""[\\\""RAW_LANGUAGE_SCOPE_V1\\\"",\\\""[\\\\\\\""number\\\\\\\"",\\\\\\\""13\\\\\\\""]\\\"",[\\\""string\\\"",\\\""越南语\\\""]]\""]""]",APPROVED_MAP_CANDIDATE,CROSS_REVIEW_FINAL,TIER_2_GOOD,0.68,3/4一致；2本书证为宅斗/贵女复仇向,D: HUMAN_REVIEW(0.52),1,1,ct-v1-historical-romance,historical-romance,古代言情,APPROVED_OFFLINE_CANDIDATE_ONLY
MAPPING_EDGE,d1b0d447795d70fefb3dbc64d786a4665f26d926df4e78eac1069a13fbdf009d,3e1b0da1b44442467ce0367566855871d2ae87bc2ba032eb453561ef8b7d6c23,changdu-app,"[""RAW_LANGUAGE_SCOPE_V1"",""[\""number\"",\""13\""]"",[""string"",""越南语""]]",VI,女频,5aWz6aKR,d9867749ec31f19fe7bfa4a782791bb108a8c9bc80653d481d3f1110f260cebb,304,304,304,"[""[\""LANE_B_BOOK_ID_V1\"",\""[\\\""string\\\"",\\\""changdu-app\\\""]\"",\""[\\\""number\\\"",\\\""1044119175\\\""]\"",\""[\\\""RAW_LANGUAGE_SCOPE_V1\\\"",\\\""[\\\\\\\""number\\\\\\\"",\\\\\\\""13\\\\\\\""]\\\"",[\\\""string\\\"",\\\""越南语\\\""]]\""]"",""[\""LANE_B_BOOK_ID_V1\"",\""[\\\""string\\\"",\\\""changdu-app\\\""]\"",\""[\\\""number\\\"",\\\""1040170440\\\""]\"",\""[\\\""RAW_LANGUAGE_SCOPE_V1\\\"",\\\""[\\\\\\\""number\\\\\\\"",\\\\\\\""13\\\\\\\""]\\\"",[\\\""string\\\"",\\\""越南语\\\""]]\""]"",""[\""LANE_B_BOOK_ID_V1\"",\""[\\\""string\\\"",\\\""changdu-app\\\""]\"",\""[\\\""number\\\"",\\\""980717194\\\""]\"",\""[\\\""RAW_LANGUAGE_SCOPE_V1\\\"",\\\""[\\\\\\\""number\\\\\\\"",\\\\\\\""13\\\\\\\""]\\\"",[\\\""string\\\"",\\\""越南语\\\""]]\""]"",""[\""LANE_B_BOOK_ID_V1\"",\""[\\\""string\\\"",\\\""changdu-app\\\""]\"",\""[\\\""number\\\"",\\\""980306872\\\""]\"",\""[\\\""RAW_LANGUAGE_SCOPE_V1\\\"",\\\""[\\\\\\\""number\\\\\\\"",\\\\\\\""13\\\\\\\""]\\\"",[\\\""string\\\"",\\\""越南语\\\""]]\""]"",""[\""LANE_B_BOOK_ID_V1\"",\""[\\\""string\\\"",\\\""changdu-app\\\""]\"",\""[\\\""number\\\"",\\\""980306873\\\""]\"",\""[\\\""RAW_LANGUAGE_SCOPE_V1\\\"",\\\""[\\\\\\\""number\\\\\\\"",\\\\\\\""13\\\\\\\""]\\\"",[\\\""string\\\"",\\\""越南语\\\""]]\""]"",""[\""LANE_B_BOOK_ID_V1\"",\""[\\\""string\\\"",\\\""changdu-app\\\""]\"",\""[\\\""number\\\"",\\\""957674429\\\""]\"",\""[\\\""RAW_LANGUAGE_SCOPE_V1\\\"",\\\""[\\\\\\\""number\\\\\\\"",\\\\\\\""13\\\\\\\""]\\\"",[\\\""string\\\"",\\\""越南语\\\""]]\""]"",""[\""LANE_B_BOOK_ID_V1\"",\""[\\\""string\\\"",\\\""changdu-app\\\""]\"",\""[\\\""number\\\"",\\\""937970019\\\""]\"",\""[\\\""RAW_LANGUAGE_SCOPE_V1\\\"",\\\""[\\\\\\\""number\\\\\\\"",\\\\\\\""13\\\\\\\""]\\\"",[\\\""string\\\"",\\\""越南语\\\""]]\""]"",""[\""LANE_B_BOOK_ID_V1\"",\""[\\\""string\\\"",\\\""changdu-app\\\""]\"",\""[\\\""number\\\"",\\\""938069478\\\""]\"",\""[\\\""RAW_LANGUAGE_SCOPE_V1\\\"",\\\""[\\\\\\\""number\\\\\\\"",\\\\\\\""13\\\\\\\""]\\\"",[\\\""string\\\"",\\\""越南语\\\""]]\""]"",""[\""LANE_B_BOOK_ID_V1\"",\""[\\\""string\\\"",\\\""changdu-app\\\""]\"",\""[\\\""number\\\"",\\\""803544174\\\""]\"",\""[\\\""RAW_LANGUAGE_SCOPE_V1\\\"",\\\""[\\\\\\\""number\\\\\\\"",\\\\\\\""13\\\\\\\""]\\\"",[\\\""string\\\"",\\\""越南语\\\""]]\""]"",""[\""LANE_B_BOOK_ID_V1\"",\""[\\\""string\\\"",\\\""changdu-app\\\""]\"",\""[\\\""number\\\"",\\\""803544175\\\""]\"",\""[\\\""RAW_LANGUAGE_SCOPE_V1\\\"",\\\""[\\\\\\\""number\\\\\\\"",\\\\\\\""13\\\\\\\""]\\\"",[\\\""string\\\"",\\\""越南语\\\""]]\""]"",""[\""LANE_B_BOOK_ID_V1\"",\""[\\\""string\\\"",\\\""changdu-app\\\""]\"",\""[\\\""number\\\"",\\\""690830609\\\""]\"",\""[\\\""RAW_LANGUAGE_SCOPE_V1\\\"",\\\""[\\\\\\\""number\\\\\\\"",\\\\\\\""13\\\\\\\""]\\\"",[\\\""string\\\"",\\\""越南语\\\""]]\""]"",""[\""LANE_B_BOOK_ID_V1\"",\""[\\\""string\\\"",\\\""changdu-app\\\""]\"",\""[\\\""number\\\"",\\\""692256968\\\""]\"",\""[\\\""RAW_LANGUAGE_SCOPE_V1\\\"",\\\""[\\\\\\\""number\\\\\\\"",\\\\\\\""13\\\\\\\""]\\\"",[\\\""string\\\"",\\\""越南语\\\""]]\""]""]",APPROVED_MAP_CANDIDATE,CROSS_REVIEW_FINAL,TIER_2_GOOD,0.95,A/B/C一致映射；audience已是119正式facet（ct-v1-female-audience存在），书证全为女性向,D: IGNORE（视为运营二分旗——但artifact已建audience facet，忽略反而丢失已建模维度）,1,1,ct-v1-female-audience,female-audience,女性向,APPROVED_OFFLINE_CANDIDATE_ONLY
MAPPING_EDGE,1bf4dcbe8edbe61dcfe34bb55801a717b3b4d12caf232c6a5d646c1559170768,4ffd034dfc13e96b2cc34c63145e43642ffd86e4c88252289f4de26c5cc8a20c,changdu-app,"[""RAW_LANGUAGE_SCOPE_V1"",""[\""number\"",\""13\""]"",[""string"",""越南语""]]",VI,现言,546w6KiA,a508137500b87ea2fb7f681c9eab08154a371d0fec3fd8f295055de4eee3ed61,155,155,155,"[""[\""LANE_B_BOOK_ID_V1\"",\""[\\\""string\\\"",\\\""changdu-app\\\""]\"",\""[\\\""number\\\"",\\\""424672237\\\""]\"",\""[\\\""RAW_LANGUAGE_SCOPE_V1\\\"",\\\""[\\\\\\\""number\\\\\\\"",\\\\\\\""13\\\\\\\""]\\\"",[\\\""string\\\"",\\\""越南语\\\""]]\""]"",""[\""LANE_B_BOOK_ID_V1\"",\""[\\\""string\\\"",\\\""changdu-app\\\""]\"",\""[\\\""number\\\"",\\\""424672238\\\""]\"",\""[\\\""RAW_LANGUAGE_SCOPE_V1\\\"",\\\""[\\\\\\\""number\\\\\\\"",\\\\\\\""13\\\\\\\""]\\\"",[\\\""string\\\"",\\\""越南语\\\""]]\""]"",""[\""LANE_B_BOOK_ID_V1\"",\""[\\\""string\\\"",\\\""changdu-app\\\""]\"",\""[\\\""number\\\"",\\\""424672239\\\""]\"",\""[\\\""RAW_LANGUAGE_SCOPE_V1\\\"",\\\""[\\\\\\\""number\\\\\\\"",\\\\\\\""13\\\\\\\""]\\\"",[\\\""string\\\"",\\\""越南语\\\""]]\""]"",""[\""LANE_B_BOOK_ID_V1\"",\""[\\\""string\\\"",\\\""changdu-app\\\""]\"",\""[\\\""number\\\"",\\\""424672240\\\""]\"",\""[\\\""RAW_LANGUAGE_SCOPE_V1\\\"",\\\""[\\\\\\\""number\\\\\\\"",\\\\\\\""13\\\\\\\""]\\\"",[\\\""string\\\"",\\\""越南语\\\""]]\""]"",""[\""LANE_B_BOOK_ID_V1\"",\""[\\\""string\\\"",\\\""changdu-app\\\""]\"",\""[\\\""number\\\"",\\\""424672242\\\""]\"",\""[\\\""RAW_LANGUAGE_SCOPE_V1\\\"",\\\""[\\\\\\\""number\\\\\\\"",\\\\\\\""13\\\\\\\""]\\\"",[\\\""string\\\"",\\\""越南语\\\""]]\""]"",""[\""LANE_B_BOOK_ID_V1\"",\""[\\\""string\\\"",\\\""changdu-app\\\""]\"",\""[\\\""number\\\"",\\\""424672243\\\""]\"",\""[\\\""RAW_LANGUAGE_SCOPE_V1\\\"",\\\""[\\\\\\\""number\\\\\\\"",\\\\\\\""13\\\\\\\""]\\\"",[\\\""string\\\"",\\\""越南语\\\""]]\""]"",""[\""LANE_B_BOOK_ID_V1\"",\""[\\\""string\\\"",\\\""changdu-app\\\""]\"",\""[\\\""number\\\"",\\\""424672244\\\""]\"",\""[\\\""RAW_LANGUAGE_SCOPE_V1\\\"",\\\""[\\\\\\\""number\\\\\\\"",\\\\\\\""13\\\\\\\""]\\\"",[\\\""string\\\"",\\\""越南语\\\""]]\""]"",""[\""LANE_B_BOOK_ID_V1\"",\""[\\\""string\\\"",\\\""changdu-app\\\""]\"",\""[\\\""number\\\"",\\\""424672245\\\""]\"",\""[\\\""RAW_LANGUAGE_SCOPE_V1\\\"",\\\""[\\\\\\\""number\\\\\\\"",\\\\\\\""13\\\\\\\""]\\\"",[\\\""string\\\"",\\\""越南语\\\""]]\""]"",""[\""LANE_B_BOOK_ID_V1\"",\""[\\\""string\\\"",\\\""changdu-app\\\""]\"",\""[\\\""number\\\"",\\\""424672247\\\""]\"",\""[\\\""RAW_LANGUAGE_SCOPE_V1\\\"",\\\""[\\\\\\\""number\\\\\\\"",\\\\\\\""13\\\\\\\""]\\\"",[\\\""string\\\"",\\\""越南语\\\""]]\""]"",""[\""LANE_B_BOOK_ID_V1\"",\""[\\\""string\\\"",\\\""changdu-app\\\""]\"",\""[\\\""number\\\"",\\\""424672248\\\""]\"",\""[\\\""RAW_LANGUAGE_SCOPE_V1\\\"",\\\""[\\\\\\\""number\\\\\\\"",\\\\\\\""13\\\\\\\""]\\\"",[\\\""string\\\"",\\\""越南语\\\""]]\""]"",""[\""LANE_B_BOOK_ID_V1\"",\""[\\\""string\\\"",\\\""changdu-app\\\""]\"",\""[\\\""number\\\"",\\\""424672250\\\""]\"",\""[\\\""RAW_LANGUAGE_SCOPE_V1\\\"",\\\""[\\\\\\\""number\\\\\\\"",\\\\\\\""13\\\\\\\""]\\\"",[\\\""string\\\"",\\\""越南语\\\""]]\""]"",""[\""LANE_B_BOOK_ID_V1\"",\""[\\\""string\\\"",\\\""changdu-app\\\""]\"",\""[\\\""number\\\"",\\\""424672252\\\""]\"",\""[\\\""RAW_LANGUAGE_SCOPE_V1\\\"",\\\""[\\\\\\\""number\\\\\\\"",\\\\\\\""13\\\\\\\""]\\\"",[\\\""string\\\"",\\\""越南语\\\""]]\""]""]",APPROVED_MAP_CANDIDATE,CROSS_REVIEW_FINAL,TIER_1_STRONG,0.93,4/4 decision+target一致，代表书证与目标语义相符，无明显反证,NONE_IDENTIFIED,1,1,ct-v1-modern-romance,modern-romance,现代言情,APPROVED_OFFLINE_CANDIDATE_ONLY
MAPPING_EDGE,59131cc15b4596a09b6ad93f928093e1eb099d6ff22bb1593cc6334684af8c37,5e80af13e2eed944b20423e62c00c9b7061ac105277ec8bf01260d0361a1595e,changdu-app,"[""RAW_LANGUAGE_SCOPE_V1"",""[\""number\"",\""13\""]"",[""string"",""越南语""]]",VI,男频,55S36aKR,e74d73d99251bb2b99c02896258d9fbcd9817488f6538674fda26534b0b450ac,5,5,5,"[""[\""LANE_B_BOOK_ID_V1\"",\""[\\\""string\\\"",\\\""changdu-app\\\""]\"",\""[\\\""number\\\"",\\\""527732462\\\""]\"",\""[\\\""RAW_LANGUAGE_SCOPE_V1\\\"",\\\""[\\\\\\\""number\\\\\\\"",\\\\\\\""13\\\\\\\""]\\\"",[\\\""string\\\"",\\\""越南语\\\""]]\""]"",""[\""LANE_B_BOOK_ID_V1\"",\""[\\\""string\\\"",\\\""changdu-app\\\""]\"",\""[\\\""number\\\"",\\\""340504124\\\""]\"",\""[\\\""RAW_LANGUAGE_SCOPE_V1\\\"",\\\""[\\\\\\\""number\\\\\\\"",\\\\\\\""13\\\\\\\""]\\\"",[\\\""string\\\"",\\\""越南语\\\""]]\""]"",""[\""LANE_B_BOOK_ID_V1\"",\""[\\\""string\\\"",\\\""changdu-app\\\""]\"",\""[\\\""number\\\"",\\\""137496327\\\""]\"",\""[\\\""RAW_LANGUAGE_SCOPE_V1\\\"",\\\""[\\\\\\\""number\\\\\\\"",\\\\\\\""13\\\\\\\""]\\\"",[\\\""string\\\"",\\\""越南语\\\""]]\""]"",""[\""LANE_B_BOOK_ID_V1\"",\""[\\\""string\\\"",\\\""changdu-app\\\""]\"",\""[\\\""number\\\"",\\\""77813798\\\""]\"",\""[\\\""RAW_LANGUAGE_SCOPE_V1\\\"",\\\""[\\\\\\\""number\\\\\\\"",\\\\\\\""13\\\\\\\""]\\\"",[\\\""string\\\"",\\\""越南语\\\""]]\""]"",""[\""LANE_B_BOOK_ID_V1\"",\""[\\\""string\\\"",\\\""changdu-app\\\""]\"",\""[\\\""number\\\"",\\\""77813810\\\""]\"",\""[\\\""RAW_LANGUAGE_SCOPE_V1\\\"",\\\""[\\\\\\\""number\\\\\\\"",\\\\\\\""13\\\\\\\""]\\\"",[\\\""string\\\"",\\\""越南语\\\""]]\""]""]",APPROVED_MAP_CANDIDATE,CROSS_REVIEW_FINAL,TIER_2_GOOD,0.92,A/B/C提出同一概念；119只有female-audience无对称男性向入口，8217本可进女性向而1684本男频书无入口，结构性不对称,D: IGNORE（主张女频男频同进同退；若Owner不扩audience则两者一并IGNORE）,1,1,ct-v1-male-audience,male-audience,男性向,APPROVED_OFFLINE_CANDIDATE_ONLY
MAPPING_EDGE,dfcbd3ef30629614e28b30afb75198c83393e3ab7dd49caa18e65f3dfdf822f0,d56ae4772a9456afd264282b178f6c7147056fb05fbe8387f240f7eb21d7ba08,changdu-app,"[""RAW_LANGUAGE_SCOPE_V1"",""[\""number\"",\""19\""]"",[""null""]]",zh-Hans,仙侠情缘,5LuZ5L6g5oOF57yY,3e9fb6b88cb02cace96025679b044b68452981a9f8c96cb6160820ceee83e515,2,2,2,"[""[\""LANE_B_BOOK_ID_V1\"",\""[\\\""string\\\"",\\\""changdu-app\\\""]\"",\""[\\\""number\\\"",\\\""5606841\\\""]\"",\""[\\\""RAW_LANGUAGE_SCOPE_V1\\\"",\\\""[\\\\\\\""number\\\\\\\"",\\\\\\\""19\\\\\\\""]\\\"",[\\\""null\\\""]]\""]"",""[\""LANE_B_BOOK_ID_V1\"",\""[\\\""string\\\"",\\\""changdu-app\\\""]\"",\""[\\\""number\\\"",\\\""5607347\\\""]\"",\""[\\\""RAW_LANGUAGE_SCOPE_V1\\\"",\\\""[\\\\\\\""number\\\\\\\"",\\\\\\\""19\\\\\\\""]\\\"",[\\\""null\\\""]]\""]""]",APPROVED_MAP_CANDIDATE,OWNER_FINAL,TIER_4_SPLIT,0.65,Owner Final: xianxia is a distinct CanonicalTag.,LOW_FREQUENCY_SCOPE_RETAINED_BY_EXPLICIT_OWNER_DECISION,1,1,ct-v1-xianxia,xianxia,仙侠修真,APPROVED_OFFLINE_CANDIDATE_ONLY
MAPPING_EDGE,4a83e8013f8d259212b301e311303823fcdf1e30df6e87f2f29135faa4ef360e,38c0ab821963f90eb8f1b60e921d86645cad69aa865a87f41ba82ffba3944b42,changdu-app,"[""RAW_LANGUAGE_SCOPE_V1"",""[\""number\"",\""19\""]"",[""null""]]",zh-Hans,仙侠武侠,5LuZ5L6g5q2m5L6g,0c93d304609b8b4c82d23557c0306eef355ac0f5719175a9a2badac0bbd4383f,29,29,29,"[""[\""LANE_B_BOOK_ID_V1\"",\""[\\\""string\\\"",\\\""changdu-app\\\""]\"",\""[\\\""number\\\"",\\\""5605852\\\""]\"",\""[\\\""RAW_LANGUAGE_SCOPE_V1\\\"",\\\""[\\\\\\\""number\\\\\\\"",\\\\\\\""19\\\\\\\""]\\\"",[\\\""null\\\""]]\""]"",""[\""LANE_B_BOOK_ID_V1\"",\""[\\\""string\\\"",\\\""changdu-app\\\""]\"",\""[\\\""number\\\"",\\\""5609718\\\""]\"",\""[\\\""RAW_LANGUAGE_SCOPE_V1\\\"",\\\""[\\\\\\\""number\\\\\\\"",\\\\\\\""19\\\\\\\""]\\\"",[\\\""null\\\""]]\""]"",""[\""LANE_B_BOOK_ID_V1\"",\""[\\\""string\\\"",\\\""changdu-app\\\""]\"",\""[\\\""number\\\"",\\\""5606495\\\""]\"",\""[\\\""RAW_LANGUAGE_SCOPE_V1\\\"",\\\""[\\\\\\\""number\\\\\\\"",\\\\\\\""19\\\\\\\""]\\\"",[\\\""null\\\""]]\""]"",""[\""LANE_B_BOOK_ID_V1\"",\""[\\\""string\\\"",\\\""changdu-app\\\""]\"",\""[\\\""number\\\"",\\\""5609176\\\""]\"",\""[\\\""RAW_LANGUAGE_SCOPE_V1\\\"",\\\""[\\\\\\\""number\\\\\\\"",\\\\\\\""19\\\\\\\""]\\\"",[\\\""null\\\""]]\""]"",""[\""LANE_B_BOOK_ID_V1\"",\""[\\\""string\\\"",\\\""changdu-app\\\""]\"",\""[\\\""number\\\"",\\\""5605896\\\""]\"",\""[\\\""RAW_LANGUAGE_SCOPE_V1\\\"",\\\""[\\\\\\\""number\\\\\\\"",\\\\\\\""19\\\\\\\""]\\\"",[\\\""null\\\""]]\""]"",""[\""LANE_B_BOOK_ID_V1\"",\""[\\\""string\\\"",\\\""changdu-app\\\""]\"",\""[\\\""number\\\"",\\\""5607328\\\""]\"",\""[\\\""RAW_LANGUAGE_SCOPE_V1\\\"",\\\""[\\\\\\\""number\\\\\\\"",\\\\\\\""19\\\\\\\""]\\\"",[\\\""null\\\""]]\""]""]",APPROVED_MAP_CANDIDATE,OWNER_FINAL,TIER_4_SPLIT,0.65,Owner Final: xianxia is a distinct CanonicalTag.,LOW_FREQUENCY_SCOPE_RETAINED_BY_EXPLICIT_OWNER_DECISION,1,1,ct-v1-xianxia,xianxia,仙侠修真,APPROVED_OFFLINE_CANDIDATE_ONLY
MAPPING_EDGE,acdb9b9d90257cc7c79aa507df834974ff179f10709f7d58ee74ee85410a1cee,3797f8fce82130ddd233a119da65118e885cbbb2d04d407841a9242e4fd4a8ed,changdu-app,"[""RAW_LANGUAGE_SCOPE_V1"",""[\""number\"",\""19\""]"",[""null""]]",zh-Hans,军事战争,5Yab5LqL5oiY5LqJ,617a1ffc9e48cdc53d98608d576dce84697af9ef2de54bbb5a8d47c6654d0c68,2,2,2,"[""[\""LANE_B_BOOK_ID_V1\"",\""[\\\""string\\\"",\\\""changdu-app\\\""]\"",\""[\\\""number\\\"",\\\""5608338\\\""]\"",\""[\\\""RAW_LANGUAGE_SCOPE_V1\\\"",\\\""[\\\\\\\""number\\\\\\\"",\\\\\\\""19\\\\\\\""]\\\"",[\\\""null\\\""]]\""]"",""[\""LANE_B_BOOK_ID_V1\"",\""[\\\""string\\\"",\\\""changdu-app\\\""]\"",\""[\\\""number\\\"",\\\""5608088\\\""]\"",\""[\\\""RAW_LANGUAGE_SCOPE_V1\\\"",\\\""[\\\\\\\""number\\\\\\\"",\\\\\\\""19\\\\\\\""]\\\"",[\\\""null\\\""]]\""]""]",APPROVED_MAP_CANDIDATE,CROSS_REVIEW_FINAL,TIER_1_STRONG,0.9,4/4 decision+target一致，代表书证与目标语义相符，无明显反证,NONE_IDENTIFIED,1,1,ct-v1-military,military,军旅,APPROVED_OFFLINE_CANDIDATE_ONLY
MAPPING_EDGE,796ddc29ddc65efd3d11bc6ea65365734e32cfd00dc9f774399bf12a3e55d244,db8b0adc20134d0cdcc00c260cf4e48ed829dcc67f8ecf13b5a71c509d6005ce,changdu-app,"[""RAW_LANGUAGE_SCOPE_V1"",""[\""number\"",\""19\""]"",[""null""]]",zh-Hans,历史军事,5Y6G5Y+y5Yab5LqL,a3152e1d1d1dfbff0f2ba22b2bed7af357ad569c9a881918001695587e76360d,13,13,13,"[""[\""LANE_B_BOOK_ID_V1\"",\""[\\\""string\\\"",\\\""changdu-app\\\""]\"",\""[\\\""number\\\"",\\\""5603866\\\""]\"",\""[\\\""RAW_LANGUAGE_SCOPE_V1\\\"",\\\""[\\\\\\\""number\\\\\\\"",\\\\\\\""19\\\\\\\""]\\\"",[\\\""null\\\""]]\""]"",""[\""LANE_B_BOOK_ID_V1\"",\""[\\\""string\\\"",\\\""changdu-app\\\""]\"",\""[\\\""number\\\"",\\\""5603868\\\""]\"",\""[\\\""RAW_LANGUAGE_SCOPE_V1\\\"",\\\""[\\\\\\\""number\\\\\\\"",\\\\\\\""19\\\\\\\""]\\\"",[\\\""null\\\""]]\""]"",""[\""LANE_B_BOOK_ID_V1\"",\""[\\\""string\\\"",\\\""changdu-app\\\""]\"",\""[\\\""number\\\"",\\\""5603787\\\""]\"",\""[\\\""RAW_LANGUAGE_SCOPE_V1\\\"",\\\""[\\\\\\\""number\\\\\\\"",\\\\\\\""19\\\\\\\""]\\\"",[\\\""null\\\""]]\""]"",""[\""LANE_B_BOOK_ID_V1\"",\""[\\\""string\\\"",\\\""changdu-app\\\""]\"",\""[\\\""number\\\"",\\\""5603899\\\""]\"",\""[\\\""RAW_LANGUAGE_SCOPE_V1\\\"",\\\""[\\\\\\\""number\\\\\\\"",\\\\\\\""19\\\\\\\""]\\\"",[\\\""null\\\""]]\""]"",""[\""LANE_B_BOOK_ID_V1\"",\""[\\\""string\\\"",\\\""changdu-app\\\""]\"",\""[\\\""number\\\"",\\\""5609246\\\""]\"",\""[\\\""RAW_LANGUAGE_SCOPE_V1\\\"",\\\""[\\\\\\\""number\\\\\\\"",\\\\\\\""19\\\\\\\""]\\\"",[\\\""null\\\""]]\""]""]",APPROVED_MAP_CANDIDATE,CROSS_REVIEW_FINAL,TIER_3_TARGET_CONFLICT,0.78,8/9书证为穿越历史争霸（大秦暴君/三国签到/水浒/大隋），仅1本抗日贴近military——并入historical-fiction与历史架空同概念；C的military会把三国签到误入现代军旅页,C: military 0.72；A: 1:N alt-history+military（military edge仅1/9书支持，未采纳）,1,1,ct-v1-historical-fiction,historical-fiction,历史题材,APPROVED_OFFLINE_CANDIDATE_ONLY
MAPPING_EDGE,ce9d3adc8e1f5c26f65c205138d96c27e96925ae79f2f42878511f8cef6971c6,de05a8d534a3eb40336665f5a97c37cfba9b0988de4a7d6d13cb9a2de1616b62,changdu-app,"[""RAW_LANGUAGE_SCOPE_V1"",""[\""number\"",\""19\""]"",[""null""]]",zh-Hans,历史架空,5Y6G5Y+y5p6256m6,2535ca2d30ef745a02b5af6e1e3a6c2e0920a213a0d7bbd62f3a22c4f70ff55e,18,18,18,"[""[\""LANE_B_BOOK_ID_V1\"",\""[\\\""string\\\"",\\\""changdu-app\\\""]\"",\""[\\\""number\\\"",\\\""998517188\\\""]\"",\""[\\\""RAW_LANGUAGE_SCOPE_V1\\\"",\\\""[\\\\\\\""number\\\\\\\"",\\\\\\\""19\\\\\\\""]\\\"",[\\\""null\\\""]]\""]"",""[\""LANE_B_BOOK_ID_V1\"",\""[\\\""string\\\"",\\\""changdu-app\\\""]\"",\""[\\\""number\\\"",\\\""5605984\\\""]\"",\""[\\\""RAW_LANGUAGE_SCOPE_V1\\\"",\\\""[\\\\\\\""number\\\\\\\"",\\\\\\\""19\\\\\\\""]\\\"",[\\\""null\\\""]]\""]"",""[\""LANE_B_BOOK_ID_V1\"",\""[\\\""string\\\"",\\\""changdu-app\\\""]\"",\""[\\\""number\\\"",\\\""5609211\\\""]\"",\""[\\\""RAW_LANGUAGE_SCOPE_V1\\\"",\\\""[\\\\\\\""number\\\\\\\"",\\\\\\\""19\\\\\\\""]\\\"",[\\\""null\\\""]]\""]"",""[\""LANE_B_BOOK_ID_V1\"",\""[\\\""string\\\"",\\\""changdu-app\\\""]\"",\""[\\\""number\\\"",\\\""5604673\\\""]\"",\""[\\\""RAW_LANGUAGE_SCOPE_V1\\\"",\\\""[\\\\\\\""number\\\\\\\"",\\\\\\\""19\\\\\\\""]\\\"",[\\\""null\\\""]]\""]"",""[\""LANE_B_BOOK_ID_V1\"",\""[\\\""string\\\"",\\\""changdu-app\\\""]\"",\""[\\\""number\\\"",\\\""5609202\\\""]\"",\""[\\\""RAW_LANGUAGE_SCOPE_V1\\\"",\\\""[\\\\\\\""number\\\\\\\"",\\\\\\\""19\\\\\\\""]\\\"",[\\\""null\\\""]]\""]""]",APPROVED_MAP_CANDIDATE,CROSS_REVIEW_FINAL,TIER_1_STRONG,0.85,4/4提出同一概念（alt-history/historical-fiction边界归一）；书证为三国/明末/大唐穿越争霸，历史古言无法承载、military为现代军旅,A/D建议名historical边界仅架空，B/C含真实历史战争——采较宽historical-fiction,1,1,ct-v1-historical-fiction,historical-fiction,历史题材,APPROVED_OFFLINE_CANDIDATE_ONLY
MAPPING_EDGE,5d69a1ced4427303c97259f0494d1ebd307674bfd1b2dc94644228585e9f09b7,3786e93b157627b03c874de10735e333a5fc5118d1dd1d96dac4061fdab5f45b,changdu-app,"[""RAW_LANGUAGE_SCOPE_V1"",""[\""number\"",\""19\""]"",[""null""]]",zh-Hans,古代言情,5Y+k5Luj6KiA5oOF,37c0e6b415e5a4aee67705cf03a5938cf30b5f97b61ccaaeeb3b6e4dd9f91cb7,164,164,164,"[""[\""LANE_B_BOOK_ID_V1\"",\""[\\\""string\\\"",\\\""changdu-app\\\""]\"",\""[\\\""number\\\"",\\\""932099764\\\""]\"",\""[\\\""RAW_LANGUAGE_SCOPE_V1\\\"",\\\""[\\\\\\\""number\\\\\\\"",\\\\\\\""19\\\\\\\""]\\\"",[\\\""null\\\""]]\""]"",""[\""LANE_B_BOOK_ID_V1\"",\""[\\\""string\\\"",\\\""changdu-app\\\""]\"",\""[\\\""number\\\"",\\\""810389026\\\""]\"",\""[\\\""RAW_LANGUAGE_SCOPE_V1\\\"",\\\""[\\\\\\\""number\\\\\\\"",\\\\\\\""19\\\\\\\""]\\\"",[\\\""null\\\""]]\""]"",""[\""LANE_B_BOOK_ID_V1\"",\""[\\\""string\\\"",\\\""changdu-app\\\""]\"",\""[\\\""number\\\"",\\\""546954849\\\""]\"",\""[\\\""RAW_LANGUAGE_SCOPE_V1\\\"",\\\""[\\\\\\\""number\\\\\\\"",\\\\\\\""19\\\\\\\""]\\\"",[\\\""null\\\""]]\""]"",""[\""LANE_B_BOOK_ID_V1\"",\""[\\\""string\\\"",\\\""changdu-app\\\""]\"",\""[\\\""number\\\"",\\\""403438161\\\""]\"",\""[\\\""RAW_LANGUAGE_SCOPE_V1\\\"",\\\""[\\\\\\\""number\\\\\\\"",\\\\\\\""19\\\\\\\""]\\\"",[\\\""null\\\""]]\""]"",""[\""LANE_B_BOOK_ID_V1\"",\""[\\\""string\\\"",\\\""changdu-app\\\""]\"",\""[\\\""number\\\"",\\\""5603822\\\""]\"",\""[\\\""RAW_LANGUAGE_SCOPE_V1\\\"",\\\""[\\\\\\\""number\\\\\\\"",\\\\\\\""19\\\\\\\""]\\\"",[\\\""null\\\""]]\""]"",""[\""LANE_B_BOOK_ID_V1\"",\""[\\\""string\\\"",\\\""changdu-app\\\""]\"",\""[\\\""number\\\"",\\\""5605353\\\""]\"",\""[\\\""RAW_LANGUAGE_SCOPE_V1\\\"",\\\""[\\\\\\\""number\\\\\\\"",\\\\\\\""19\\\\\\\""]\\\"",[\\\""null\\\""]]\""]"",""[\""LANE_B_BOOK_ID_V1\"",\""[\\\""string\\\"",\\\""changdu-app\\\""]\"",\""[\\\""number\\\"",\\\""5606734\\\""]\"",\""[\\\""RAW_LANGUAGE_SCOPE_V1\\\"",\\\""[\\\\\\\""number\\\\\\\"",\\\\\\\""19\\\\\\\""]\\\"",[\\\""null\\\""]]\""]"",""[\""LANE_B_BOOK_ID_V1\"",\""[\\\""string\\\"",\\\""changdu-app\\\""]\"",\""[\\\""number\\\"",\\\""5607478\\\""]\"",\""[\\\""RAW_LANGUAGE_SCOPE_V1\\\"",\\\""[\\\\\\\""number\\\\\\\"",\\\\\\\""19\\\\\\\""]\\\"",[\\\""null\\\""]]\""]"",""[\""LANE_B_BOOK_ID_V1\"",\""[\\\""string\\\"",\\\""changdu-app\\\""]\"",\""[\\\""number\\\"",\\\""5608095\\\""]\"",\""[\\\""RAW_LANGUAGE_SCOPE_V1\\\"",\\\""[\\\\\\\""number\\\\\\\"",\\\\\\\""19\\\\\\\""]\\\"",[\\\""null\\\""]]\""]"",""[\""LANE_B_BOOK_ID_V1\"",\""[\\\""string\\\"",\\\""changdu-app\\\""]\"",\""[\\\""number\\\"",\\\""5610331\\\""]\"",\""[\\\""RAW_LANGUAGE_SCOPE_V1\\\"",\\\""[\\\\\\\""number\\\\\\\"",\\\\\\\""19\\\\\\\""]\\\"",[\\\""null\\\""]]\""]"",""[\""LANE_B_BOOK_ID_V1\"",\""[\\\""string\\\"",\\\""changdu-app\\\""]\"",\""[\\\""number\\\"",\\\""5610460\\\""]\"",\""[\\\""RAW_LANGUAGE_SCOPE_V1\\\"",\\\""[\\\\\\\""number\\\\\\\"",\\\\\\\""19\\\\\\\""]\\\"",[\\\""null\\\""]]\""]"",""[\""LANE_B_BOOK_ID_V1\"",\""[\\\""string\\\"",\\\""changdu-app\\\""]\"",\""[\\\""number\\\"",\\\""5610461\\\""]\"",\""[\\\""RAW_LANGUAGE_SCOPE_V1\\\"",\\\""[\\\\\\\""number\\\\\\\"",\\\\\\\""19\\\\\\\""]\\\"",[\\\""null\\\""]]\""]""]",APPROVED_MAP_CANDIDATE,CROSS_REVIEW_FINAL,TIER_1_STRONG,0.95,4/4 decision+target一致，代表书证与目标语义相符，无明显反证,NONE_IDENTIFIED,1,1,ct-v1-historical-romance,historical-romance,古代言情,APPROVED_OFFLINE_CANDIDATE_ONLY
MAPPING_EDGE,f37d82f13d8a8dabb8a9bb40e1f76bb9ae078cd6e29d7793fb9a8561671a6ca9,411042cfac6a6568c454dbe83741edc0b2ef99227a575b4bb057fdfb6fb916d2,changdu-app,"[""RAW_LANGUAGE_SCOPE_V1"",""[\""number\"",\""19\""]"",[""null""]]",zh-Hans,女频,5aWz6aKR,d9867749ec31f19fe7bfa4a782791bb108a8c9bc80653d481d3f1110f260cebb,657,657,657,"[""[\""LANE_B_BOOK_ID_V1\"",\""[\\\""string\\\"",\\\""changdu-app\\\""]\"",\""[\\\""number\\\"",\\\""1129467913\\\""]\"",\""[\\\""RAW_LANGUAGE_SCOPE_V1\\\"",\\\""[\\\\\\\""number\\\\\\\"",\\\\\\\""19\\\\\\\""]\\\"",[\\\""null\\\""]]\""]"",""[\""LANE_B_BOOK_ID_V1\"",\""[\\\""string\\\"",\\\""changdu-app\\\""]\"",\""[\\\""number\\\"",\\\""1042341582\\\""]\"",\""[\\\""RAW_LANGUAGE_SCOPE_V1\\\"",\\\""[\\\\\\\""number\\\\\\\"",\\\\\\\""19\\\\\\\""]\\\"",[\\\""null\\\""]]\""]"",""[\""LANE_B_BOOK_ID_V1\"",\""[\\\""string\\\"",\\\""changdu-app\\\""]\"",\""[\\\""number\\\"",\\\""1042341585\\\""]\"",\""[\\\""RAW_LANGUAGE_SCOPE_V1\\\"",\\\""[\\\\\\\""number\\\\\\\"",\\\\\\\""19\\\\\\\""]\\\"",[\\\""null\\\""]]\""]"",""[\""LANE_B_BOOK_ID_V1\"",\""[\\\""string\\\"",\\\""changdu-app\\\""]\"",\""[\\\""number\\\"",\\\""1032766683\\\""]\"",\""[\\\""RAW_LANGUAGE_SCOPE_V1\\\"",\\\""[\\\\\\\""number\\\\\\\"",\\\\\\\""19\\\\\\\""]\\\"",[\\\""null\\\""]]\""]"",""[\""LANE_B_BOOK_ID_V1\"",\""[\\\""string\\\"",\\\""changdu-app\\\""]\"",\""[\\\""number\\\"",\\\""998418202\\\""]\"",\""[\\\""RAW_LANGUAGE_SCOPE_V1\\\"",\\\""[\\\\\\\""number\\\\\\\"",\\\\\\\""19\\\\\\\""]\\\"",[\\\""null\\\""]]\""]"",""[\""LANE_B_BOOK_ID_V1\"",\""[\\\""string\\\"",\\\""changdu-app\\\""]\"",\""[\\\""number\\\"",\\\""998418203\\\""]\"",\""[\\\""RAW_LANGUAGE_SCOPE_V1\\\"",\\\""[\\\\\\\""number\\\\\\\"",\\\\\\\""19\\\\\\\""]\\\"",[\\\""null\\\""]]\""]"",""[\""LANE_B_BOOK_ID_V1\"",\""[\\\""string\\\"",\\\""changdu-app\\\""]\"",\""[\\\""number\\\"",\\\""998418205\\\""]\"",\""[\\\""RAW_LANGUAGE_SCOPE_V1\\\"",\\\""[\\\\\\\""number\\\\\\\"",\\\\\\\""19\\\\\\\""]\\\"",[\\\""null\\\""]]\""]"",""[\""LANE_B_BOOK_ID_V1\"",\""[\\\""string\\\"",\\\""changdu-app\\\""]\"",\""[\\\""number\\\"",\\\""998418210\\\""]\"",\""[\\\""RAW_LANGUAGE_SCOPE_V1\\\"",\\\""[\\\\\\\""number\\\\\\\"",\\\\\\\""19\\\\\\\""]\\\"",[\\\""null\\\""]]\""]"",""[\""LANE_B_BOOK_ID_V1\"",\""[\\\""string\\\"",\\\""changdu-app\\\""]\"",\""[\\\""number\\\"",\\\""998418214\\\""]\"",\""[\\\""RAW_LANGUAGE_SCOPE_V1\\\"",\\\""[\\\\\\\""number\\\\\\\"",\\\\\\\""19\\\\\\\""]\\\"",[\\\""null\\\""]]\""]"",""[\""LANE_B_BOOK_ID_V1\"",\""[\\\""string\\\"",\\\""changdu-app\\\""]\"",\""[\\\""number\\\"",\\\""998418219\\\""]\"",\""[\\\""RAW_LANGUAGE_SCOPE_V1\\\"",\\\""[\\\\\\\""number\\\\\\\"",\\\\\\\""19\\\\\\\""]\\\"",[\\\""null\\\""]]\""]"",""[\""LANE_B_BOOK_ID_V1\"",\""[\\\""string\\\"",\\\""changdu-app\\\""]\"",\""[\\\""number\\\"",\\\""998418220\\\""]\"",\""[\\\""RAW_LANGUAGE_SCOPE_V1\\\"",\\\""[\\\\\\\""number\\\\\\\"",\\\\\\\""19\\\\\\\""]\\\"",[\\\""null\\\""]]\""]"",""[\""LANE_B_BOOK_ID_V1\"",\""[\\\""string\\\"",\\\""changdu-app\\\""]\"",\""[\\\""number\\\"",\\\""998418225\\\""]\"",\""[\\\""RAW_LANGUAGE_SCOPE_V1\\\"",\\\""[\\\\\\\""number\\\\\\\"",\\\\\\\""19\\\\\\\""]\\\"",[\\\""null\\\""]]\""]""]",APPROVED_MAP_CANDIDATE,CROSS_REVIEW_FINAL,TIER_2_GOOD,0.95,A/B/C一致映射；audience已是119正式facet（ct-v1-female-audience存在），书证全为女性向,D: IGNORE（视为运营二分旗——但artifact已建audience facet，忽略反而丢失已建模维度）,1,1,ct-v1-female-audience,female-audience,女性向,APPROVED_OFFLINE_CANDIDATE_ONLY
MAPPING_EDGE,2e6ddc33165c4da90b4a17e9d0edb8c0708ee22772a0d5e234a9e90f7ba0c118,41a79b8ffa24c57bd1e622652982af77be15602be547c195b931a52ef1988e93,changdu-app,"[""RAW_LANGUAGE_SCOPE_V1"",""[\""number\"",\""19\""]"",[""null""]]",zh-Hans,婚恋言情,5ama5oGL6KiA5oOF,a6491cc134ae15451358b7f802916de0cea42e89b0f8c965a30ee4c15ce818f2,5,5,5,"[""[\""LANE_B_BOOK_ID_V1\"",\""[\\\""string\\\"",\\\""changdu-app\\\""]\"",\""[\\\""number\\\"",\\\""805660349\\\""]\"",\""[\\\""RAW_LANGUAGE_SCOPE_V1\\\"",\\\""[\\\\\\\""number\\\\\\\"",\\\\\\\""19\\\\\\\""]\\\"",[\\\""null\\\""]]\""]"",""[\""LANE_B_BOOK_ID_V1\"",\""[\\\""string\\\"",\\\""changdu-app\\\""]\"",\""[\\\""number\\\"",\\\""809270812\\\""]\"",\""[\\\""RAW_LANGUAGE_SCOPE_V1\\\"",\\\""[\\\\\\\""number\\\\\\\"",\\\\\\\""19\\\\\\\""]\\\"",[\\\""null\\\""]]\""]"",""[\""LANE_B_BOOK_ID_V1\"",\""[\\\""string\\\"",\\\""changdu-app\\\""]\"",\""[\\\""number\\\"",\\\""423776067\\\""]\"",\""[\\\""RAW_LANGUAGE_SCOPE_V1\\\"",\\\""[\\\\\\\""number\\\\\\\"",\\\\\\\""19\\\\\\\""]\\\"",[\\\""null\\\""]]\""]"",""[\""LANE_B_BOOK_ID_V1\"",\""[\\\""string\\\"",\\\""changdu-app\\\""]\"",\""[\\\""number\\\"",\\\""144044356\\\""]\"",\""[\\\""RAW_LANGUAGE_SCOPE_V1\\\"",\\\""[\\\\\\\""number\\\\\\\"",\\\\\\\""19\\\\\\\""]\\\"",[\\\""null\\\""]]\""]"",""[\""LANE_B_BOOK_ID_V1\"",\""[\\\""string\\\"",\\\""changdu-app\\\""]\"",\""[\\\""number\\\"",\\\""5605993\\\""]\"",\""[\\\""RAW_LANGUAGE_SCOPE_V1\\\"",\\\""[\\\\\\\""number\\\\\\\"",\\\\\\\""19\\\\\\\""]\\\"",[\\\""null\\\""]]\""]""]",APPROVED_MAP_CANDIDATE,CROSS_REVIEW_FINAL,TIER_3_TARGET_CONFLICT,0.72,5本书证中4本以闪婚/逃婚/契约婚姻为主线，marriage(婚姻题材)较romance更贴近检索意图,B/C: romance（更宽上位，永不搜错但特异性低）,1,1,ct-v1-marriage,marriage,婚姻题材,APPROVED_OFFLINE_CANDIDATE_ONLY
MAPPING_EDGE,0b060dad832e4ee3d27a0d2d4572e86f19fb4d26cf81b0d3526d7c3c49b260d8,69fc55e8a27af58b30ca5f0ed634bc023f5f06fcc28835b1181d744f97160cf1,changdu-app,"[""RAW_LANGUAGE_SCOPE_V1"",""[\""number\"",\""19\""]"",[""null""]]",zh-Hans,总裁豪门,5oC76KOB6LGq6Zeo,569cdb3ff7efe644572b65f8d129b1e44c6eb7d9732db8bdb6b123c83bb94a05,5,5,5,"[""[\""LANE_B_BOOK_ID_V1\"",\""[\\\""string\\\"",\\\""changdu-app\\\""]\"",\""[\\\""number\\\"",\\\""806857333\\\""]\"",\""[\\\""RAW_LANGUAGE_SCOPE_V1\\\"",\\\""[\\\\\\\""number\\\\\\\"",\\\\\\\""19\\\\\\\""]\\\"",[\\\""null\\\""]]\""]"",""[\""LANE_B_BOOK_ID_V1\"",\""[\\\""string\\\"",\\\""changdu-app\\\""]\"",\""[\\\""number\\\"",\\\""559630582\\\""]\"",\""[\\\""RAW_LANGUAGE_SCOPE_V1\\\"",\\\""[\\\\\\\""number\\\\\\\"",\\\\\\\""19\\\\\\\""]\\\"",[\\\""null\\\""]]\""]"",""[\""LANE_B_BOOK_ID_V1\"",\""[\\\""string\\\"",\\\""changdu-app\\\""]\"",\""[\\\""number\\\"",\\\""565352055\\\""]\"",\""[\\\""RAW_LANGUAGE_SCOPE_V1\\\"",\\\""[\\\\\\\""number\\\\\\\"",\\\\\\\""19\\\\\\\""]\\\"",[\\\""null\\\""]]\""]"",""[\""LANE_B_BOOK_ID_V1\"",\""[\\\""string\\\"",\\\""changdu-app\\\""]\"",\""[\\\""number\\\"",\\\""423974200\\\""]\"",\""[\\\""RAW_LANGUAGE_SCOPE_V1\\\"",\\\""[\\\\\\\""number\\\\\\\"",\\\\\\\""19\\\\\\\""]\\\"",[\\\""null\\\""]]\""]"",""[\""LANE_B_BOOK_ID_V1\"",\""[\\\""string\\\"",\\\""changdu-app\\\""]\"",\""[\\\""number\\\"",\\\""5605378\\\""]\"",\""[\\\""RAW_LANGUAGE_SCOPE_V1\\\"",\\\""[\\\\\\\""number\\\\\\\"",\\\\\\\""19\\\\\\\""]\\\"",[\\\""null\\\""]]\""]""]",APPROVED_MAP_CANDIDATE,CROSS_REVIEW_FINAL,TIER_1_STRONG,0.93,4/4 decision+target一致，代表书证与目标语义相符，无明显反证,NONE_IDENTIFIED,1,1,ct-v1-wealthy-ceo,wealthy-ceo,豪门总裁,APPROVED_OFFLINE_CANDIDATE_ONLY
MAPPING_EDGE,21d8eac94eacc52afefa7163dde8aa18610aa9cd38f0365326c50ff24709d95a,4151b5020e184fa5087121c1b40c7384f6157b693cf79d076b83fec8a1cd4d4e,changdu-app,"[""RAW_LANGUAGE_SCOPE_V1"",""[\""number\"",\""19\""]"",[""null""]]",zh-Hans,悬疑探险,5oKs55aR5o6i6Zmp,b366ee1ce38aa454e2b232728633c797c5c98c9900ec0eb67235be909487ae20,8,8,8,"[""[\""LANE_B_BOOK_ID_V1\"",\""[\\\""string\\\"",\\\""changdu-app\\\""]\"",\""[\\\""number\\\"",\\\""5603779\\\""]\"",\""[\\\""RAW_LANGUAGE_SCOPE_V1\\\"",\\\""[\\\\\\\""number\\\\\\\"",\\\\\\\""19\\\\\\\""]\\\"",[\\\""null\\\""]]\""]"",""[\""LANE_B_BOOK_ID_V1\"",\""[\\\""string\\\"",\\\""changdu-app\\\""]\"",\""[\\\""number\\\"",\\\""5604010\\\""]\"",\""[\\\""RAW_LANGUAGE_SCOPE_V1\\\"",\\\""[\\\\\\\""number\\\\\\\"",\\\\\\\""19\\\\\\\""]\\\"",[\\\""null\\\""]]\""]"",""[\""LANE_B_BOOK_ID_V1\"",\""[\\\""string\\\"",\\\""changdu-app\\\""]\"",\""[\\\""number\\\"",\\\""5609764\\\""]\"",\""[\\\""RAW_LANGUAGE_SCOPE_V1\\\"",\\\""[\\\\\\\""number\\\\\\\"",\\\\\\\""19\\\\\\\""]\\\"",[\\\""null\\\""]]\""]"",""[\""LANE_B_BOOK_ID_V1\"",\""[\\\""string\\\"",\\\""changdu-app\\\""]\"",\""[\\\""number\\\"",\\\""5603893\\\""]\"",\""[\\\""RAW_LANGUAGE_SCOPE_V1\\\"",\\\""[\\\\\\\""number\\\\\\\"",\\\\\\\""19\\\\\\\""]\\\"",[\\\""null\\\""]]\""]"",""[\""LANE_B_BOOK_ID_V1\"",\""[\\\""string\\\"",\\\""changdu-app\\\""]\"",\""[\\\""number\\\"",\\\""5603789\\\""]\"",\""[\\\""RAW_LANGUAGE_SCOPE_V1\\\"",\\\""[\\\\\\\""number\\\\\\\"",\\\\\\\""19\\\\\\\""]\\\"",[\\\""null\\\""]]\""]""]",APPROVED_MAP_CANDIDATE,CROSS_REVIEW_FINAL,TIER_3_TARGET_CONFLICT,0.75,6-7/8书证为灵异怪谈/狐仙/瓶仙/盗墓——归入supernatural与悬疑灵异家族同概念,C: suspense（仅覆盖推理面）；D: HUMAN_REVIEW；A: +suspense edge,1,1,ct-v1-supernatural,supernatural,灵异,APPROVED_OFFLINE_CANDIDATE_ONLY
MAPPING_EDGE,d0be23ea7f84ec75d07aaab01fb54a79b9e6f7a095241317484ec87b350834bf,0a96f65b8db2207ddb14811ee898ab46f2c7dd928286df1178b588bf857fbae2,changdu-app,"[""RAW_LANGUAGE_SCOPE_V1"",""[\""number\"",\""19\""]"",[""null""]]",zh-Hans,悬疑灵异,5oKs55aR54G15byC,4a1bfb83dcaeca6ba3a4b5059c71eddbf800438e3771a8857bbdfb433634efb7,68,68,68,"[""[\""LANE_B_BOOK_ID_V1\"",\""[\\\""string\\\"",\\\""changdu-app\\\""]\"",\""[\\\""number\\\"",\\\""998418204\\\""]\"",\""[\\\""RAW_LANGUAGE_SCOPE_V1\\\"",\\\""[\\\\\\\""number\\\\\\\"",\\\\\\\""19\\\\\\\""]\\\"",[\\\""null\\\""]]\""]"",""[\""LANE_B_BOOK_ID_V1\"",\""[\\\""string\\\"",\\\""changdu-app\\\""]\"",\""[\\\""number\\\"",\\\""998418234\\\""]\"",\""[\\\""RAW_LANGUAGE_SCOPE_V1\\\"",\\\""[\\\\\\\""number\\\\\\\"",\\\\\\\""19\\\\\\\""]\\\"",[\\\""null\\\""]]\""]"",""[\""LANE_B_BOOK_ID_V1\"",\""[\\\""string\\\"",\\\""changdu-app\\\""]\"",\""[\\\""number\\\"",\\\""998517210\\\""]\"",\""[\\\""RAW_LANGUAGE_SCOPE_V1\\\"",\\\""[\\\\\\\""number\\\\\\\"",\\\\\\\""19\\\\\\\""]\\\"",[\\\""null\\\""]]\""]"",""[\""LANE_B_BOOK_ID_V1\"",\""[\\\""string\\\"",\\\""changdu-app\\\""]\"",\""[\\\""number\\\"",\\\""5604908\\\""]\"",\""[\\\""RAW_LANGUAGE_SCOPE_V1\\\"",\\\""[\\\\\\\""number\\\\\\\"",\\\\\\\""19\\\\\\\""]\\\"",[\\\""null\\\""]]\""]"",""[\""LANE_B_BOOK_ID_V1\"",\""[\\\""string\\\"",\\\""changdu-app\\\""]\"",\""[\\\""number\\\"",\\\""5604910\\\""]\"",\""[\\\""RAW_LANGUAGE_SCOPE_V1\\\"",\\\""[\\\\\\\""number\\\\\\\"",\\\\\\\""19\\\\\\\""]\\\"",[\\\""null\\\""]]\""]"",""[\""LANE_B_BOOK_ID_V1\"",\""[\\\""string\\\"",\\\""changdu-app\\\""]\"",\""[\\\""number\\\"",\\\""5604911\\\""]\"",\""[\\\""RAW_LANGUAGE_SCOPE_V1\\\"",\\\""[\\\\\\\""number\\\\\\\"",\\\\\\\""19\\\\\\\""]\\\"",[\\\""null\\\""]]\""]"",""[\""LANE_B_BOOK_ID_V1\"",\""[\\\""string\\\"",\\\""changdu-app\\\""]\"",\""[\\\""number\\\"",\\\""5604913\\\""]\"",\""[\\\""RAW_LANGUAGE_SCOPE_V1\\\"",\\\""[\\\\\\\""number\\\\\\\"",\\\\\\\""19\\\\\\\""]\\\"",[\\\""null\\\""]]\""]"",""[\""LANE_B_BOOK_ID_V1\"",\""[\\\""string\\\"",\\\""changdu-app\\\""]\"",\""[\\\""number\\\"",\\\""5606176\\\""]\"",\""[\\\""RAW_LANGUAGE_SCOPE_V1\\\"",\\\""[\\\\\\\""number\\\\\\\"",\\\\\\\""19\\\\\\\""]\\\"",[\\\""null\\\""]]\""]"",""[\""LANE_B_BOOK_ID_V1\"",\""[\\\""string\\\"",\\\""changdu-app\\\""]\"",\""[\\\""number\\\"",\\\""5610060\\\""]\"",\""[\\\""RAW_LANGUAGE_SCOPE_V1\\\"",\\\""[\\\\\\\""number\\\\\\\"",\\\\\\\""19\\\\\\\""]\\\"",[\\\""null\\\""]]\""]""]",APPROVED_MAP_CANDIDATE,CROSS_REVIEW_FINAL,TIER_2_GOOD,0.85,4/4提出同一灵异概念（supernatural/paranormal/supernatural-occult归一）；书证高度一致：鬼门/捉妖师/阴阳诡绣；suspense是推理紧张感、无法承载「现实世界有鬼」,A: 另加suspense edge（1:N）——多数方单一supernatural更干净，未采纳,1,1,ct-v1-supernatural,supernatural,灵异,APPROVED_OFFLINE_CANDIDATE_ONLY
MAPPING_EDGE,525eaf2195383da8697fa2545c01c2b4a0d3c12f07cdb1f76d57754dc569eb5b,dd7e3b87aedcde1e8dc983b9678b05c9b39d48979f03cb54ebe2fd8d148ffd1e,changdu-app,"[""RAW_LANGUAGE_SCOPE_V1"",""[\""number\"",\""19\""]"",[""null""]]",zh-Hans,武侠仙侠,5q2m5L6g5LuZ5L6g,0ccca9be5765c4b0e7d9881c97c378ab414f5c39dd7904f61ebc470524c643ad,1,1,1,"[""[\""LANE_B_BOOK_ID_V1\"",\""[\\\""string\\\"",\\\""changdu-app\\\""]\"",\""[\\\""number\\\"",\\\""5609245\\\""]\"",\""[\\\""RAW_LANGUAGE_SCOPE_V1\\\"",\\\""[\\\\\\\""number\\\\\\\"",\\\\\\\""19\\\\\\\""]\\\"",[\\\""null\\\""]]\""]""]",APPROVED_MAP_CANDIDATE,OWNER_FINAL,TIER_4_SPLIT,0.65,Owner Final: xianxia is a distinct CanonicalTag.,LOW_FREQUENCY_SCOPE_RETAINED_BY_EXPLICIT_OWNER_DECISION,1,1,ct-v1-xianxia,xianxia,仙侠修真,APPROVED_OFFLINE_CANDIDATE_ONLY
MAPPING_EDGE,0c35c3b534c4c42a4135575a335e52f41dcede52a80b90f1a712287f01d5fc14,e3aae3ab3e0fc3c049b843ed68f8ba960f9ff381017e4ec2dda5a263703d4458,changdu-app,"[""RAW_LANGUAGE_SCOPE_V1"",""[\""number\"",\""19\""]"",[""null""]]",zh-Hans,游戏竞技,5ri45oiP56ue5oqA,bc2c8a932f1b13ee2b78567d521a47efc775980dd4f71ca3377c4f1e4abe541c,14,14,14,"[""[\""LANE_B_BOOK_ID_V1\"",\""[\\\""string\\\"",\\\""changdu-app\\\""]\"",\""[\\\""number\\\"",\\\""5604906\\\""]\"",\""[\\\""RAW_LANGUAGE_SCOPE_V1\\\"",\\\""[\\\\\\\""number\\\\\\\"",\\\\\\\""19\\\\\\\""]\\\"",[\\\""null\\\""]]\""]"",""[\""LANE_B_BOOK_ID_V1\"",\""[\\\""string\\\"",\\\""changdu-app\\\""]\"",\""[\\\""number\\\"",\\\""5604029\\\""]\"",\""[\\\""RAW_LANGUAGE_SCOPE_V1\\\"",\\\""[\\\\\\\""number\\\\\\\"",\\\\\\\""19\\\\\\\""]\\\"",[\\\""null\\\""]]\""]"",""[\""LANE_B_BOOK_ID_V1\"",\""[\\\""string\\\"",\\\""changdu-app\\\""]\"",\""[\\\""number\\\"",\\\""5609215\\\""]\"",\""[\\\""RAW_LANGUAGE_SCOPE_V1\\\"",\\\""[\\\\\\\""number\\\\\\\"",\\\\\\\""19\\\\\\\""]\\\"",[\\\""null\\\""]]\""]"",""[\""LANE_B_BOOK_ID_V1\"",\""[\\\""string\\\"",\\\""changdu-app\\\""]\"",\""[\\\""number\\\"",\\\""5604771\\\""]\"",\""[\\\""RAW_LANGUAGE_SCOPE_V1\\\"",\\\""[\\\\\\\""number\\\\\\\"",\\\\\\\""19\\\\\\\""]\\\"",[\\\""null\\\""]]\""]"",""[\""LANE_B_BOOK_ID_V1\"",\""[\\\""string\\\"",\\\""changdu-app\\\""]\"",\""[\\\""number\\\"",\\\""5606267\\\""]\"",\""[\\\""RAW_LANGUAGE_SCOPE_V1\\\"",\\\""[\\\\\\\""number\\\\\\\"",\\\\\\\""19\\\\\\\""]\\\"",[\\\""null\\\""]]\""]""]",APPROVED_MAP_CANDIDATE,CROSS_REVIEW_FINAL,TIER_1_STRONG,0.83,4/4提出同一概念（slug词序不同已归一）；书证为电竞/网游/游戏变现，system-fantasy不等价,NONE_IDENTIFIED,1,1,ct-v1-gaming-esports,gaming-esports,游戏竞技,APPROVED_OFFLINE_CANDIDATE_ONLY
MAPPING_EDGE,3b3339b8e5330a7e0b31db93b38a0a80d6cc87e6c148963fe89f7472615f6845,e6b5db4ede669b5f87360848b3b2c379e0c1d231a6779771a5f7ed1861149f2a,changdu-app,"[""RAW_LANGUAGE_SCOPE_V1"",""[\""number\"",\""19\""]"",[""null""]]",zh-Hans,灵异悬疑,54G15byC5oKs55aR,176eb69663be2b98cfccd98a420c26067b80654d2477aab89c3068fa1e5e9b0d,6,6,6,"[""[\""LANE_B_BOOK_ID_V1\"",\""[\\\""string\\\"",\\\""changdu-app\\\""]\"",\""[\\\""number\\\"",\\\""5603780\\\""]\"",\""[\\\""RAW_LANGUAGE_SCOPE_V1\\\"",\\\""[\\\\\\\""number\\\\\\\"",\\\\\\\""19\\\\\\\""]\\\"",[\\\""null\\\""]]\""]"",""[\""LANE_B_BOOK_ID_V1\"",\""[\\\""string\\\"",\\\""changdu-app\\\""]\"",\""[\\\""number\\\"",\\\""5609759\\\""]\"",\""[\\\""RAW_LANGUAGE_SCOPE_V1\\\"",\\\""[\\\\\\\""number\\\\\\\"",\\\\\\\""19\\\\\\\""]\\\"",[\\\""null\\\""]]\""]"",""[\""LANE_B_BOOK_ID_V1\"",\""[\\\""string\\\"",\\\""changdu-app\\\""]\"",\""[\\\""number\\\"",\\\""5603898\\\""]\"",\""[\\\""RAW_LANGUAGE_SCOPE_V1\\\"",\\\""[\\\\\\\""number\\\\\\\"",\\\\\\\""19\\\\\\\""]\\\"",[\\\""null\\\""]]\""]"",""[\""LANE_B_BOOK_ID_V1\"",\""[\\\""string\\\"",\\\""changdu-app\\\""]\"",\""[\\\""number\\\"",\\\""5609772\\\""]\"",\""[\\\""RAW_LANGUAGE_SCOPE_V1\\\"",\\\""[\\\\\\\""number\\\\\\\"",\\\\\\\""19\\\\\\\""]\\\"",[\\\""null\\\""]]\""]"",""[\""LANE_B_BOOK_ID_V1\"",\""[\\\""string\\\"",\\\""changdu-app\\\""]\"",\""[\\\""number\\\"",\\\""5609758\\\""]\"",\""[\\\""RAW_LANGUAGE_SCOPE_V1\\\"",\\\""[\\\\\\\""number\\\\\\\"",\\\\\\\""19\\\\\\\""]\\\"",[\\\""null\\\""]]\""]""]",APPROVED_MAP_CANDIDATE,CROSS_REVIEW_FINAL,TIER_2_GOOD,0.85,4/4提出同一灵异概念（supernatural/paranormal/supernatural-occult归一）；书证高度一致：冥界恋人/冥婚/阴间看大门；suspense是推理紧张感、无法承载「现实世界有鬼」,A: 另加suspense edge（1:N）——多数方单一supernatural更干净，未采纳,1,1,ct-v1-supernatural,supernatural,灵异,APPROVED_OFFLINE_CANDIDATE_ONLY
MAPPING_EDGE,e246083244cda2aeea7eeb95f7b2a0842b69375182fef48de4d347757b4b2de1,4912640f796537e6338ae33b1b2da6d9035e7e1a753d90b970f70ce4fdfab09c,changdu-app,"[""RAW_LANGUAGE_SCOPE_V1"",""[\""number\"",\""19\""]"",[""null""]]",zh-Hans,灵异推理,54G15byC5o6o55CG,2fa491c4ba16ffca2a0247efddef3e185544d44b6a861ae12fa07e5f1bae02f8,17,17,17,"[""[\""LANE_B_BOOK_ID_V1\"",\""[\\\""string\\\"",\\\""changdu-app\\\""]\"",\""[\\\""number\\\"",\\\""5610062\\\""]\"",\""[\\\""RAW_LANGUAGE_SCOPE_V1\\\"",\\\""[\\\\\\\""number\\\\\\\"",\\\\\\\""19\\\\\\\""]\\\"",[\\\""null\\\""]]\""]"",""[\""LANE_B_BOOK_ID_V1\"",\""[\\\""string\\\"",\\\""changdu-app\\\""]\"",\""[\\\""number\\\"",\\\""5606515\\\""]\"",\""[\\\""RAW_LANGUAGE_SCOPE_V1\\\"",\\\""[\\\\\\\""number\\\\\\\"",\\\\\\\""19\\\\\\\""]\\\"",[\\\""null\\\""]]\""]"",""[\""LANE_B_BOOK_ID_V1\"",\""[\\\""string\\\"",\\\""changdu-app\\\""]\"",\""[\\\""number\\\"",\\\""5609942\\\""]\"",\""[\\\""RAW_LANGUAGE_SCOPE_V1\\\"",\\\""[\\\\\\\""number\\\\\\\"",\\\\\\\""19\\\\\\\""]\\\"",[\\\""null\\\""]]\""]"",""[\""LANE_B_BOOK_ID_V1\"",\""[\\\""string\\\"",\\\""changdu-app\\\""]\"",\""[\\\""number\\\"",\\\""5608096\\\""]\"",\""[\\\""RAW_LANGUAGE_SCOPE_V1\\\"",\\\""[\\\\\\\""number\\\\\\\"",\\\\\\\""19\\\\\\\""]\\\"",[\\\""null\\\""]]\""]"",""[\""LANE_B_BOOK_ID_V1\"",\""[\\\""string\\\"",\\\""changdu-app\\\""]\"",\""[\\\""number\\\"",\\\""5610162\\\""]\"",\""[\\\""RAW_LANGUAGE_SCOPE_V1\\\"",\\\""[\\\\\\\""number\\\\\\\"",\\\\\\\""19\\\\\\\""]\\\"",[\\\""null\\\""]]\""]""]",APPROVED_MAP_CANDIDATE,CROSS_REVIEW_FINAL,TIER_2_GOOD,0.85,4/4提出同一灵异概念（supernatural/paranormal/supernatural-occult归一）；书证高度一致：法医冥夫/自梳女/占卜；suspense是推理紧张感、无法承载「现实世界有鬼」,A: 另加suspense edge（1:N）——多数方单一supernatural更干净，未采纳,1,1,ct-v1-supernatural,supernatural,灵异,APPROVED_OFFLINE_CANDIDATE_ONLY
MAPPING_EDGE,01013e939dfe419d3ebb1a17683e71a1bd8182e5c5267fb8e88b5d0f63b40273,c24ef4fa436ec956798f5fad705539594a5c6412cc0d3805044f3b3c4198d997,changdu-app,"[""RAW_LANGUAGE_SCOPE_V1"",""[\""number\"",\""19\""]"",[""null""]]",zh-Hans,玄幻,546E5bm7,37187930736daea8e12ace127b5cf24a21e2e565dd2805242ef5b3f6b23d07c8,4,4,4,"[""[\""LANE_B_BOOK_ID_V1\"",\""[\\\""string\\\"",\\\""changdu-app\\\""]\"",\""[\\\""number\\\"",\\\""5610231\\\""]\"",\""[\\\""RAW_LANGUAGE_SCOPE_V1\\\"",\\\""[\\\\\\\""number\\\\\\\"",\\\\\\\""19\\\\\\\""]\\\"",[\\\""null\\\""]]\""]"",""[\""LANE_B_BOOK_ID_V1\"",\""[\\\""string\\\"",\\\""changdu-app\\\""]\"",\""[\\\""number\\\"",\\\""5608399\\\""]\"",\""[\\\""RAW_LANGUAGE_SCOPE_V1\\\"",\\\""[\\\\\\\""number\\\\\\\"",\\\\\\\""19\\\\\\\""]\\\"",[\\\""null\\\""]]\""]"",""[\""LANE_B_BOOK_ID_V1\"",\""[\\\""string\\\"",\\\""changdu-app\\\""]\"",\""[\\\""number\\\"",\\\""5553573\\\""]\"",\""[\\\""RAW_LANGUAGE_SCOPE_V1\\\"",\\\""[\\\\\\\""number\\\\\\\"",\\\\\\\""19\\\\\\\""]\\\"",[\\\""null\\\""]]\""]"",""[\""LANE_B_BOOK_ID_V1\"",\""[\\\""string\\\"",\\\""changdu-app\\\""]\"",\""[\\\""number\\\"",\\\""5553629\\\""]\"",\""[\\\""RAW_LANGUAGE_SCOPE_V1\\\"",\\\""[\\\\\\\""number\\\\\\\"",\\\\\\\""19\\\\\\\""]\\\"",[\\\""null\\\""]]\""]""]",APPROVED_MAP_CANDIDATE,CROSS_REVIEW_FINAL,TIER_2_GOOD,0.82,3/4一致；3/4书证为玄幻修炼（1本LoL电竞噪声）,D: HUMAN_REVIEW(0.60),1,1,ct-v1-eastern-fantasy,eastern-fantasy,东方奇幻,APPROVED_OFFLINE_CANDIDATE_ONLY
MAPPING_EDGE,4f2605567f6fdec49402a58340fd8d5ceda7c8f847f37bd9cd994c4fe994428b,b495bbea5049599c521361396e51411b4765afb63c98736ad4cd81c60e44d6db,changdu-app,"[""RAW_LANGUAGE_SCOPE_V1"",""[\""number\"",\""19\""]"",[""null""]]",zh-Hans,玄幻奇幻,546E5bm75aWH5bm7,d35d3e5e0e35f19be6cde94b4bdcefc584bcc81e9fd45d363822e4acc4aa95cd,315,315,315,"[""[\""LANE_B_BOOK_ID_V1\"",\""[\\\""string\\\"",\\\""changdu-app\\\""]\"",\""[\\\""number\\\"",\\\""998418201\\\""]\"",\""[\\\""RAW_LANGUAGE_SCOPE_V1\\\"",\\\""[\\\\\\\""number\\\\\\\"",\\\\\\\""19\\\\\\\""]\\\"",[\\\""null\\\""]]\""]"",""[\""LANE_B_BOOK_ID_V1\"",\""[\\\""string\\\"",\\\""changdu-app\\\""]\"",\""[\\\""number\\\"",\\\""5605569\\\""]\"",\""[\\\""RAW_LANGUAGE_SCOPE_V1\\\"",\\\""[\\\\\\\""number\\\\\\\"",\\\\\\\""19\\\\\\\""]\\\"",[\\\""null\\\""]]\""]"",""[\""LANE_B_BOOK_ID_V1\"",\""[\\\""string\\\"",\\\""changdu-app\\\""]\"",\""[\\\""number\\\"",\\\""5605570\\\""]\"",\""[\\\""RAW_LANGUAGE_SCOPE_V1\\\"",\\\""[\\\\\\\""number\\\\\\\"",\\\\\\\""19\\\\\\\""]\\\"",[\\\""null\\\""]]\""]"",""[\""LANE_B_BOOK_ID_V1\"",\""[\\\""string\\\"",\\\""changdu-app\\\""]\"",\""[\\\""number\\\"",\\\""5605571\\\""]\"",\""[\\\""RAW_LANGUAGE_SCOPE_V1\\\"",\\\""[\\\\\\\""number\\\\\\\"",\\\\\\\""19\\\\\\\""]\\\"",[\\\""null\\\""]]\""]"",""[\""LANE_B_BOOK_ID_V1\"",\""[\\\""string\\\"",\\\""changdu-app\\\""]\"",\""[\\\""number\\\"",\\\""5605572\\\""]\"",\""[\\\""RAW_LANGUAGE_SCOPE_V1\\\"",\\\""[\\\\\\\""number\\\\\\\"",\\\\\\\""19\\\\\\\""]\\\"",[\\\""null\\\""]]\""]"",""[\""LANE_B_BOOK_ID_V1\"",\""[\\\""string\\\"",\\\""changdu-app\\\""]\"",\""[\\\""number\\\"",\\\""5605573\\\""]\"",\""[\\\""RAW_LANGUAGE_SCOPE_V1\\\"",\\\""[\\\\\\\""number\\\\\\\"",\\\\\\\""19\\\\\\\""]\\\"",[\\\""null\\\""]]\""]"",""[\""LANE_B_BOOK_ID_V1\"",\""[\\\""string\\\"",\\\""changdu-app\\\""]\"",\""[\\\""number\\\"",\\\""5605574\\\""]\"",\""[\\\""RAW_LANGUAGE_SCOPE_V1\\\"",\\\""[\\\\\\\""number\\\\\\\"",\\\\\\\""19\\\\\\\""]\\\"",[\\\""null\\\""]]\""]"",""[\""LANE_B_BOOK_ID_V1\"",\""[\\\""string\\\"",\\\""changdu-app\\\""]\"",\""[\\\""number\\\"",\\\""5605575\\\""]\"",\""[\\\""RAW_LANGUAGE_SCOPE_V1\\\"",\\\""[\\\\\\\""number\\\\\\\"",\\\\\\\""19\\\\\\\""]\\\"",[\\\""null\\\""]]\""]"",""[\""LANE_B_BOOK_ID_V1\"",\""[\\\""string\\\"",\\\""changdu-app\\\""]\"",\""[\\\""number\\\"",\\\""5605576\\\""]\"",\""[\\\""RAW_LANGUAGE_SCOPE_V1\\\"",\\\""[\\\\\\\""number\\\\\\\"",\\\\\\\""19\\\\\\\""]\\\"",[\\\""null\\\""]]\""]"",""[\""LANE_B_BOOK_ID_V1\"",\""[\\\""string\\\"",\\\""changdu-app\\\""]\"",\""[\\\""number\\\"",\\\""5605577\\\""]\"",\""[\\\""RAW_LANGUAGE_SCOPE_V1\\\"",\\\""[\\\\\\\""number\\\\\\\"",\\\\\\\""19\\\\\\\""]\\\"",[\\\""null\\\""]]\""]"",""[\""LANE_B_BOOK_ID_V1\"",\""[\\\""string\\\"",\\\""changdu-app\\\""]\"",\""[\\\""number\\\"",\\\""5605851\\\""]\"",\""[\\\""RAW_LANGUAGE_SCOPE_V1\\\"",\\\""[\\\\\\\""number\\\\\\\"",\\\\\\\""19\\\\\\\""]\\\"",[\\\""null\\\""]]\""]"",""[\""LANE_B_BOOK_ID_V1\"",\""[\\\""string\\\"",\\\""changdu-app\\\""]\"",\""[\\\""number\\\"",\\\""5605853\\\""]\"",\""[\\\""RAW_LANGUAGE_SCOPE_V1\\\"",\\\""[\\\\\\\""number\\\\\\\"",\\\\\\\""19\\\\\\\""]\\\"",[\\\""null\\\""]]\""]""]",APPROVED_MAP_CANDIDATE,CROSS_REVIEW_FINAL,TIER_1_STRONG,0.9,4/4 decision+target一致，代表书证与目标语义相符，无明显反证,NONE_IDENTIFIED,1,1,ct-v1-eastern-fantasy,eastern-fantasy,东方奇幻,APPROVED_OFFLINE_CANDIDATE_ONLY
MAPPING_EDGE,fd4e7be8bc852ab1b12b959877449a5c121ab7919293eb661cee0c7427887e1f,f0452f5b5a841e3c4ce05905ce0d8c64b2affbc95cc9cae4962ca71fe832c20f,changdu-app,"[""RAW_LANGUAGE_SCOPE_V1"",""[\""number\"",\""19\""]"",[""null""]]",zh-Hans,现代言情,546w5Luj6KiA5oOF,31b9acfb9e290d38c33706d4761e98f83b19e1ddbb1bb4a3eebdc55264605d56,111,111,111,"[""[\""LANE_B_BOOK_ID_V1\"",\""[\\\""string\\\"",\\\""changdu-app\\\""]\"",\""[\\\""number\\\"",\\\""1129467913\\\""]\"",\""[\\\""RAW_LANGUAGE_SCOPE_V1\\\"",\\\""[\\\\\\\""number\\\\\\\"",\\\\\\\""19\\\\\\\""]\\\"",[\\\""null\\\""]]\""]"",""[\""LANE_B_BOOK_ID_V1\"",\""[\\\""string\\\"",\\\""changdu-app\\\""]\"",\""[\\\""number\\\"",\\\""1042341585\\\""]\"",\""[\\\""RAW_LANGUAGE_SCOPE_V1\\\"",\\\""[\\\\\\\""number\\\\\\\"",\\\\\\\""19\\\\\\\""]\\\"",[\\\""null\\\""]]\""]"",""[\""LANE_B_BOOK_ID_V1\"",\""[\\\""string\\\"",\\\""changdu-app\\\""]\"",\""[\\\""number\\\"",\\\""1032766683\\\""]\"",\""[\\\""RAW_LANGUAGE_SCOPE_V1\\\"",\\\""[\\\\\\\""number\\\\\\\"",\\\\\\\""19\\\\\\\""]\\\"",[\\\""null\\\""]]\""]"",""[\""LANE_B_BOOK_ID_V1\"",\""[\\\""string\\\"",\\\""changdu-app\\\""]\"",\""[\\\""number\\\"",\\\""998418202\\\""]\"",\""[\\\""RAW_LANGUAGE_SCOPE_V1\\\"",\\\""[\\\\\\\""number\\\\\\\"",\\\\\\\""19\\\\\\\""]\\\"",[\\\""null\\\""]]\""]"",""[\""LANE_B_BOOK_ID_V1\"",\""[\\\""string\\\"",\\\""changdu-app\\\""]\"",\""[\\\""number\\\"",\\\""980613193\\\""]\"",\""[\\\""RAW_LANGUAGE_SCOPE_V1\\\"",\\\""[\\\\\\\""number\\\\\\\"",\\\\\\\""19\\\\\\\""]\\\"",[\\\""null\\\""]]\""]"",""[\""LANE_B_BOOK_ID_V1\"",\""[\\\""string\\\"",\\\""changdu-app\\\""]\"",\""[\\\""number\\\"",\\\""931794627\\\""]\"",\""[\\\""RAW_LANGUAGE_SCOPE_V1\\\"",\\\""[\\\\\\\""number\\\\\\\"",\\\\\\\""19\\\\\\\""]\\\"",[\\\""null\\\""]]\""]"",""[\""LANE_B_BOOK_ID_V1\"",\""[\\\""string\\\"",\\\""changdu-app\\\""]\"",\""[\\\""number\\\"",\\\""936252808\\\""]\"",\""[\\\""RAW_LANGUAGE_SCOPE_V1\\\"",\\\""[\\\\\\\""number\\\\\\\"",\\\\\\\""19\\\\\\\""]\\\"",[\\\""null\\\""]]\""]"",""[\""LANE_B_BOOK_ID_V1\"",\""[\\\""string\\\"",\\\""changdu-app\\\""]\"",\""[\\\""number\\\"",\\\""808472846\\\""]\"",\""[\\\""RAW_LANGUAGE_SCOPE_V1\\\"",\\\""[\\\\\\\""number\\\\\\\"",\\\\\\\""19\\\\\\\""]\\\"",[\\\""null\\\""]]\""]"",""[\""LANE_B_BOOK_ID_V1\"",\""[\\\""string\\\"",\\\""changdu-app\\\""]\"",\""[\\\""number\\\"",\\\""808472847\\\""]\"",\""[\\\""RAW_LANGUAGE_SCOPE_V1\\\"",\\\""[\\\\\\\""number\\\\\\\"",\\\\\\\""19\\\\\\\""]\\\"",[\\\""null\\\""]]\""]"",""[\""LANE_B_BOOK_ID_V1\"",\""[\\\""string\\\"",\\\""changdu-app\\\""]\"",\""[\\\""number\\\"",\\\""796211243\\\""]\"",\""[\\\""RAW_LANGUAGE_SCOPE_V1\\\"",\\\""[\\\\\\\""number\\\\\\\"",\\\\\\\""19\\\\\\\""]\\\"",[\\\""null\\\""]]\""]"",""[\""LANE_B_BOOK_ID_V1\"",\""[\\\""string\\\"",\\\""changdu-app\\\""]\"",\""[\\\""number\\\"",\\\""714331185\\\""]\"",\""[\\\""RAW_LANGUAGE_SCOPE_V1\\\"",\\\""[\\\\\\\""number\\\\\\\"",\\\\\\\""19\\\\\\\""]\\\"",[\\\""null\\\""]]\""]""]",APPROVED_MAP_CANDIDATE,CROSS_REVIEW_FINAL,TIER_1_STRONG,0.94,4/4 decision+target一致，代表书证与目标语义相符，无明显反证,NONE_IDENTIFIED,1,1,ct-v1-modern-romance,modern-romance,现代言情,APPROVED_OFFLINE_CANDIDATE_ONLY
MAPPING_EDGE,3341ec4ff4f2986d45b0437cf6f0228a7af9a5fc6237b0f5c25234be08d90b11,ef34eae73b0d84664c844c0910031cd0733a20411eb648e7f84ceed2ad27863d,changdu-app,"[""RAW_LANGUAGE_SCOPE_V1"",""[\""number\"",\""19\""]"",[""null""]]",zh-Hans,现代都市,546w5Luj6YO95biC,00d99df3247bf1f00907f789f638189b5cbafd762496abd1843fe8870e3e2e63,5,5,5,"[""[\""LANE_B_BOOK_ID_V1\"",\""[\\\""string\\\"",\\\""changdu-app\\\""]\"",\""[\\\""number\\\"",\\\""5604582\\\""]\"",\""[\\\""RAW_LANGUAGE_SCOPE_V1\\\"",\\\""[\\\\\\\""number\\\\\\\"",\\\\\\\""19\\\\\\\""]\\\"",[\\\""null\\\""]]\""]"",""[\""LANE_B_BOOK_ID_V1\"",\""[\\\""string\\\"",\\\""changdu-app\\\""]\"",\""[\\\""number\\\"",\\\""5606001\\\""]\"",\""[\\\""RAW_LANGUAGE_SCOPE_V1\\\"",\\\""[\\\\\\\""number\\\\\\\"",\\\\\\\""19\\\\\\\""]\\\"",[\\\""null\\\""]]\""]"",""[\""LANE_B_BOOK_ID_V1\"",\""[\\\""string\\\"",\\\""changdu-app\\\""]\"",\""[\\\""number\\\"",\\\""5606037\\\""]\"",\""[\\\""RAW_LANGUAGE_SCOPE_V1\\\"",\\\""[\\\\\\\""number\\\\\\\"",\\\\\\\""19\\\\\\\""]\\\"",[\\\""null\\\""]]\""]"",""[\""LANE_B_BOOK_ID_V1\"",\""[\\\""string\\\"",\\\""changdu-app\\\""]\"",\""[\\\""number\\\"",\\\""5606187\\\""]\"",\""[\\\""RAW_LANGUAGE_SCOPE_V1\\\"",\\\""[\\\\\\\""number\\\\\\\"",\\\\\\\""19\\\\\\\""]\\\"",[\\\""null\\\""]]\""]"",""[\""LANE_B_BOOK_ID_V1\"",\""[\\\""string\\\"",\\\""changdu-app\\\""]\"",\""[\\\""number\\\"",\\\""5606188\\\""]\"",\""[\\\""RAW_LANGUAGE_SCOPE_V1\\\"",\\\""[\\\\\\\""number\\\\\\\"",\\\\\\\""19\\\\\\\""]\\\"",[\\\""null\\\""]]\""]""]",APPROVED_MAP_CANDIDATE,CROSS_REVIEW_FINAL,TIER_3_TARGET_CONFLICT,0.78,5/5男频且书证为狂医归来/医圣/抽奖系统等都市爽文，urban-hero为实际检索概念,B/C: urban-setting（背景标签，丢失男频爽文检索意图）,1,1,ct-v1-urban-hero,urban-hero,都市英雄,APPROVED_OFFLINE_CANDIDATE_ONLY
MAPPING_EDGE,d62697484a7e89c37526850144728091579774ea7bcd6da38c5c1ef712e0006c,1dd0b23501defa0e886e393b060f1188d9352d7b3866c0d30fcf35cd371476fd,changdu-app,"[""RAW_LANGUAGE_SCOPE_V1"",""[\""number\"",\""19\""]"",[""null""]]",zh-Hans,男频,55S36aKR,e74d73d99251bb2b99c02896258d9fbcd9817488f6538674fda26534b0b450ac,498,498,498,"[""[\""LANE_B_BOOK_ID_V1\"",\""[\\\""string\\\"",\\\""changdu-app\\\""]\"",\""[\\\""number\\\"",\\\""998418201\\\""]\"",\""[\\\""RAW_LANGUAGE_SCOPE_V1\\\"",\\\""[\\\\\\\""number\\\\\\\"",\\\\\\\""19\\\\\\\""]\\\"",[\\\""null\\\""]]\""]"",""[\""LANE_B_BOOK_ID_V1\"",\""[\\\""string\\\"",\\\""changdu-app\\\""]\"",\""[\\\""number\\\"",\\\""998418204\\\""]\"",\""[\\\""RAW_LANGUAGE_SCOPE_V1\\\"",\\\""[\\\\\\\""number\\\\\\\"",\\\\\\\""19\\\\\\\""]\\\"",[\\\""null\\\""]]\""]"",""[\""LANE_B_BOOK_ID_V1\"",\""[\\\""string\\\"",\\\""changdu-app\\\""]\"",\""[\\\""number\\\"",\\\""998418234\\\""]\"",\""[\\\""RAW_LANGUAGE_SCOPE_V1\\\"",\\\""[\\\\\\\""number\\\\\\\"",\\\\\\\""19\\\\\\\""]\\\"",[\\\""null\\\""]]\""]"",""[\""LANE_B_BOOK_ID_V1\"",\""[\\\""string\\\"",\\\""changdu-app\\\""]\"",\""[\\\""number\\\"",\\\""998517188\\\""]\"",\""[\\\""RAW_LANGUAGE_SCOPE_V1\\\"",\\\""[\\\\\\\""number\\\\\\\"",\\\\\\\""19\\\\\\\""]\\\"",[\\\""null\\\""]]\""]"",""[\""LANE_B_BOOK_ID_V1\"",\""[\\\""string\\\"",\\\""changdu-app\\\""]\"",\""[\\\""number\\\"",\\\""998517208\\\""]\"",\""[\\\""RAW_LANGUAGE_SCOPE_V1\\\"",\\\""[\\\\\\\""number\\\\\\\"",\\\\\\\""19\\\\\\\""]\\\"",[\\\""null\\\""]]\""]"",""[\""LANE_B_BOOK_ID_V1\"",\""[\\\""string\\\"",\\\""changdu-app\\\""]\"",\""[\\\""number\\\"",\\\""998517210\\\""]\"",\""[\\\""RAW_LANGUAGE_SCOPE_V1\\\"",\\\""[\\\\\\\""number\\\\\\\"",\\\\\\\""19\\\\\\\""]\\\"",[\\\""null\\\""]]\""]"",""[\""LANE_B_BOOK_ID_V1\"",\""[\\\""string\\\"",\\\""changdu-app\\\""]\"",\""[\\\""number\\\"",\\\""5603779\\\""]\"",\""[\\\""RAW_LANGUAGE_SCOPE_V1\\\"",\\\""[\\\\\\\""number\\\\\\\"",\\\\\\\""19\\\\\\\""]\\\"",[\\\""null\\\""]]\""]"",""[\""LANE_B_BOOK_ID_V1\"",\""[\\\""string\\\"",\\\""changdu-app\\\""]\"",\""[\\\""number\\\"",\\\""5603780\\\""]\"",\""[\\\""RAW_LANGUAGE_SCOPE_V1\\\"",\\\""[\\\\\\\""number\\\\\\\"",\\\\\\\""19\\\\\\\""]\\\"",[\\\""null\\\""]]\""]"",""[\""LANE_B_BOOK_ID_V1\"",\""[\\\""string\\\"",\\\""changdu-app\\\""]\"",\""[\\\""number\\\"",\\\""5604906\\\""]\"",\""[\\\""RAW_LANGUAGE_SCOPE_V1\\\"",\\\""[\\\\\\\""number\\\\\\\"",\\\\\\\""19\\\\\\\""]\\\"",[\\\""null\\\""]]\""]"",""[\""LANE_B_BOOK_ID_V1\"",\""[\\\""string\\\"",\\\""changdu-app\\\""]\"",\""[\\\""number\\\"",\\\""5604908\\\""]\"",\""[\\\""RAW_LANGUAGE_SCOPE_V1\\\"",\\\""[\\\\\\\""number\\\\\\\"",\\\\\\\""19\\\\\\\""]\\\"",[\\\""null\\\""]]\""]"",""[\""LANE_B_BOOK_ID_V1\"",\""[\\\""string\\\"",\\\""changdu-app\\\""]\"",\""[\\\""number\\\"",\\\""5604910\\\""]\"",\""[\\\""RAW_LANGUAGE_SCOPE_V1\\\"",\\\""[\\\\\\\""number\\\\\\\"",\\\\\\\""19\\\\\\\""]\\\"",[\\\""null\\\""]]\""]"",""[\""LANE_B_BOOK_ID_V1\"",\""[\\\""string\\\"",\\\""changdu-app\\\""]\"",\""[\\\""number\\\"",\\\""5604911\\\""]\"",\""[\\\""RAW_LANGUAGE_SCOPE_V1\\\"",\\\""[\\\\\\\""number\\\\\\\"",\\\\\\\""19\\\\\\\""]\\\"",[\\\""null\\\""]]\""]""]",APPROVED_MAP_CANDIDATE,CROSS_REVIEW_FINAL,TIER_2_GOOD,0.92,A/B/C提出同一概念；119只有female-audience无对称男性向入口，8217本可进女性向而1684本男频书无入口，结构性不对称,D: IGNORE（主张女频男频同进同退；若Owner不扩audience则两者一并IGNORE）,1,1,ct-v1-male-audience,male-audience,男性向,APPROVED_OFFLINE_CANDIDATE_ONLY
MAPPING_EDGE,895b9a5cd9fd7c407a6e90211ccac1bf35cd5cde650248d5394e7099b345fd8d,3bfefcca0173c8f1a11713cb459c9f14292824bf0ed0754c439860aaba099b1c,changdu-app,"[""RAW_LANGUAGE_SCOPE_V1"",""[\""number\"",\""19\""]"",[""null""]]",zh-Hans,科幻末世,56eR5bm75pyr5LiW,93a63d8bad7bed27a7049ffe1536209c342d4d30877565ec57a24c1350c08851,10,10,10,"[""[\""LANE_B_BOOK_ID_V1\"",\""[\\\""string\\\"",\\\""changdu-app\\\""]\"",\""[\\\""number\\\"",\\\""5610495\\\""]\"",\""[\\\""RAW_LANGUAGE_SCOPE_V1\\\"",\\\""[\\\\\\\""number\\\\\\\"",\\\\\\\""19\\\\\\\""]\\\"",[\\\""null\\\""]]\""]"",""[\""LANE_B_BOOK_ID_V1\"",\""[\\\""string\\\"",\\\""changdu-app\\\""]\"",\""[\\\""number\\\"",\\\""5604150\\\""]\"",\""[\\\""RAW_LANGUAGE_SCOPE_V1\\\"",\\\""[\\\\\\\""number\\\\\\\"",\\\\\\\""19\\\\\\\""]\\\"",[\\\""null\\\""]]\""]"",""[\""LANE_B_BOOK_ID_V1\"",\""[\\\""string\\\"",\\\""changdu-app\\\""]\"",\""[\\\""number\\\"",\\\""5603858\\\""]\"",\""[\\\""RAW_LANGUAGE_SCOPE_V1\\\"",\\\""[\\\\\\\""number\\\\\\\"",\\\\\\\""19\\\\\\\""]\\\"",[\\\""null\\\""]]\""]"",""[\""LANE_B_BOOK_ID_V1\"",\""[\\\""string\\\"",\\\""changdu-app\\\""]\"",\""[\\\""number\\\"",\\\""5605099\\\""]\"",\""[\\\""RAW_LANGUAGE_SCOPE_V1\\\"",\\\""[\\\\\\\""number\\\\\\\"",\\\\\\\""19\\\\\\\""]\\\"",[\\\""null\\\""]]\""]"",""[\""LANE_B_BOOK_ID_V1\"",\""[\\\""string\\\"",\\\""changdu-app\\\""]\"",\""[\\\""number\\\"",\\\""5604472\\\""]\"",\""[\\\""RAW_LANGUAGE_SCOPE_V1\\\"",\\\""[\\\\\\\""number\\\\\\\"",\\\\\\\""19\\\\\\\""]\\\"",[\\\""null\\\""]]\""]""]",APPROVED_MAP_CANDIDATE,CROSS_REVIEW_FINAL,TIER_2_GOOD,0.8,A/C/D给出完全相同的1:N edge set；书证绝大多数同时具备末世舞台+科幻推演（核战/全球灾变/系统），双标假阳性有限,B: HUMAN_REVIEW（反对供应商大桶无证据1:N——本桶书证支持双标，与穿越重生不同）,1,2,ct-v1-science-fiction,science-fiction,科幻,APPROVED_OFFLINE_CANDIDATE_ONLY
MAPPING_EDGE,895b9a5cd9fd7c407a6e90211ccac1bf35cd5cde650248d5394e7099b345fd8d,3bfefcca0173c8f1a11713cb459c9f14292824bf0ed0754c439860aaba099b1c,changdu-app,"[""RAW_LANGUAGE_SCOPE_V1"",""[\""number\"",\""19\""]"",[""null""]]",zh-Hans,科幻末世,56eR5bm75pyr5LiW,93a63d8bad7bed27a7049ffe1536209c342d4d30877565ec57a24c1350c08851,10,10,10,"[""[\""LANE_B_BOOK_ID_V1\"",\""[\\\""string\\\"",\\\""changdu-app\\\""]\"",\""[\\\""number\\\"",\\\""5610495\\\""]\"",\""[\\\""RAW_LANGUAGE_SCOPE_V1\\\"",\\\""[\\\\\\\""number\\\\\\\"",\\\\\\\""19\\\\\\\""]\\\"",[\\\""null\\\""]]\""]"",""[\""LANE_B_BOOK_ID_V1\"",\""[\\\""string\\\"",\\\""changdu-app\\\""]\"",\""[\\\""number\\\"",\\\""5604150\\\""]\"",\""[\\\""RAW_LANGUAGE_SCOPE_V1\\\"",\\\""[\\\\\\\""number\\\\\\\"",\\\\\\\""19\\\\\\\""]\\\"",[\\\""null\\\""]]\""]"",""[\""LANE_B_BOOK_ID_V1\"",\""[\\\""string\\\"",\\\""changdu-app\\\""]\"",\""[\\\""number\\\"",\\\""5603858\\\""]\"",\""[\\\""RAW_LANGUAGE_SCOPE_V1\\\"",\\\""[\\\\\\\""number\\\\\\\"",\\\\\\\""19\\\\\\\""]\\\"",[\\\""null\\\""]]\""]"",""[\""LANE_B_BOOK_ID_V1\"",\""[\\\""string\\\"",\\\""changdu-app\\\""]\"",\""[\\\""number\\\"",\\\""5605099\\\""]\"",\""[\\\""RAW_LANGUAGE_SCOPE_V1\\\"",\\\""[\\\\\\\""number\\\\\\\"",\\\\\\\""19\\\\\\\""]\\\"",[\\\""null\\\""]]\""]"",""[\""LANE_B_BOOK_ID_V1\"",\""[\\\""string\\\"",\\\""changdu-app\\\""]\"",\""[\\\""number\\\"",\\\""5604472\\\""]\"",\""[\\\""RAW_LANGUAGE_SCOPE_V1\\\"",\\\""[\\\\\\\""number\\\\\\\"",\\\\\\\""19\\\\\\\""]\\\"",[\\\""null\\\""]]\""]""]",APPROVED_MAP_CANDIDATE,CROSS_REVIEW_FINAL,TIER_2_GOOD,0.8,A/C/D给出完全相同的1:N edge set；书证绝大多数同时具备末世舞台+科幻推演（核战/全球灾变/系统），双标假阳性有限,B: HUMAN_REVIEW（反对供应商大桶无证据1:N——本桶书证支持双标，与穿越重生不同）,2,2,ct-v1-apocalypse,apocalypse,末世,APPROVED_OFFLINE_CANDIDATE_ONLY
MAPPING_EDGE,64f5056ee49f4e786324789f54adc9e5f2416e88c6df8cf721700e7950761707,7ea6ef097f53d0bb5d23e7dc2582069ea650b4ee71522efa8d0de1b37e39344a,changdu-app,"[""RAW_LANGUAGE_SCOPE_V1"",""[\""number\"",\""19\""]"",[""null""]]",zh-Hans,穿越幻想,56m/6LaK5bm75oOz,008fe7c4307cc7b7c01a79d1ef7584e23ed3adc8b78b48952e07ad356d6ab4eb,13,13,13,"[""[\""LANE_B_BOOK_ID_V1\"",\""[\\\""string\\\"",\\\""changdu-app\\\""]\"",\""[\\\""number\\\"",\\\""5606499\\\""]\"",\""[\\\""RAW_LANGUAGE_SCOPE_V1\\\"",\\\""[\\\\\\\""number\\\\\\\"",\\\\\\\""19\\\\\\\""]\\\"",[\\\""null\\\""]]\""]"",""[\""LANE_B_BOOK_ID_V1\"",\""[\\\""string\\\"",\\\""changdu-app\\\""]\"",\""[\\\""number\\\"",\\\""5609760\\\""]\"",\""[\\\""RAW_LANGUAGE_SCOPE_V1\\\"",\\\""[\\\\\\\""number\\\\\\\"",\\\\\\\""19\\\\\\\""]\\\"",[\\\""null\\\""]]\""]"",""[\""LANE_B_BOOK_ID_V1\"",\""[\\\""string\\\"",\\\""changdu-app\\\""]\"",\""[\\\""number\\\"",\\\""5609761\\\""]\"",\""[\\\""RAW_LANGUAGE_SCOPE_V1\\\"",\\\""[\\\\\\\""number\\\\\\\"",\\\\\\\""19\\\\\\\""]\\\"",[\\\""null\\\""]]\""]"",""[\""LANE_B_BOOK_ID_V1\"",\""[\\\""string\\\"",\\\""changdu-app\\\""]\"",\""[\\\""number\\\"",\\\""5609765\\\""]\"",\""[\\\""RAW_LANGUAGE_SCOPE_V1\\\"",\\\""[\\\\\\\""number\\\\\\\"",\\\\\\\""19\\\\\\\""]\\\"",[\\\""null\\\""]]\""]"",""[\""LANE_B_BOOK_ID_V1\"",\""[\\\""string\\\"",\\\""changdu-app\\\""]\"",\""[\\\""number\\\"",\\\""5609766\\\""]\"",\""[\\\""RAW_LANGUAGE_SCOPE_V1\\\"",\\\""[\\\\\\\""number\\\\\\\"",\\\\\\\""19\\\\\\\""]\\\"",[\\\""null\\\""]]\""]""]",APPROVED_MAP_CANDIDATE,CROSS_REVIEW_FINAL,TIER_3_TARGET_CONFLICT,0.8,10/10书证为穿越/重生古言，玄幻元素仅部分书（废材妃/鬼医）；1:N加fantasy/eastern-fantasy会把纯古言强制打上奇幻标签,A: +eastern-fantasy edge；C: +fantasy edge,1,1,ct-v1-time-travel,time-travel,穿越,APPROVED_OFFLINE_CANDIDATE_ONLY
MAPPING_EDGE,552533e7a1a008f21e050eeaf9e1d41df0c36ef4caa988ea69a1c25a1ab3c485,b75f4d78ffbf361d282f4e256b2620217829d1af440b661bb7f123fcc6cd1e40,changdu-app,"[""RAW_LANGUAGE_SCOPE_V1"",""[\""number\"",\""19\""]"",[""null""]]",zh-Hans,都市,6YO95biC,d7eef7209e798c5878be3dd34695368fe31f9cc0f644ad9bda4525150a0a449c,3,3,3,"[""[\""LANE_B_BOOK_ID_V1\"",\""[\\\""string\\\"",\\\""changdu-app\\\""]\"",\""[\\\""number\\\"",\\\""998517208\\\""]\"",\""[\\\""RAW_LANGUAGE_SCOPE_V1\\\"",\\\""[\\\\\\\""number\\\\\\\"",\\\\\\\""19\\\\\\\""]\\\"",[\\\""null\\\""]]\""]"",""[\""LANE_B_BOOK_ID_V1\"",\""[\\\""string\\\"",\\\""changdu-app\\\""]\"",\""[\\\""number\\\"",\\\""5605163\\\""]\"",\""[\\\""RAW_LANGUAGE_SCOPE_V1\\\"",\\\""[\\\\\\\""number\\\\\\\"",\\\\\\\""19\\\\\\\""]\\\"",[\\\""null\\\""]]\""]"",""[\""LANE_B_BOOK_ID_V1\"",\""[\\\""string\\\"",\\\""changdu-app\\\""]\"",\""[\\\""number\\\"",\\\""5553594\\\""]\"",\""[\\\""RAW_LANGUAGE_SCOPE_V1\\\"",\\\""[\\\\\\\""number\\\\\\\"",\\\\\\\""19\\\\\\\""]\\\"",[\\\""null\\\""]]\""]""]",APPROVED_MAP_CANDIDATE,CROSS_REVIEW_FINAL,TIER_3_TARGET_CONFLICT,0.72,3/3书证为兵王/玄门赘婿/傻婿男频爽文,B/C: urban-setting,1,1,ct-v1-urban-hero,urban-hero,都市英雄,APPROVED_OFFLINE_CANDIDATE_ONLY
MAPPING_EDGE,92cdb52f0b9115a648cfaba2eed0449db0b938b2fe7a810ac30ee1b5a1ed7773,a49e88b9e8c1aea68a29954c2b3b922a7d6462a4226aafe89e057fd1c374a06e,changdu-app,"[""RAW_LANGUAGE_SCOPE_V1"",""[\""number\"",\""19\""]"",[""null""]]",zh-Hans,青春校园,6Z2S5pil5qCh5Zut,95f847c9fd25952ddb57dc9a892aa6214fce52b2db6cd7132de6469c3c937a90,37,37,37,"[""[\""LANE_B_BOOK_ID_V1\"",\""[\\\""string\\\"",\\\""changdu-app\\\""]\"",\""[\\\""number\\\"",\\\""1042341582\\\""]\"",\""[\\\""RAW_LANGUAGE_SCOPE_V1\\\"",\\\""[\\\\\\\""number\\\\\\\"",\\\\\\\""19\\\\\\\""]\\\"",[\\\""null\\\""]]\""]"",""[\""LANE_B_BOOK_ID_V1\"",\""[\\\""string\\\"",\\\""changdu-app\\\""]\"",\""[\\\""number\\\"",\\\""248122964\\\""]\"",\""[\\\""RAW_LANGUAGE_SCOPE_V1\\\"",\\\""[\\\\\\\""number\\\\\\\"",\\\\\\\""19\\\\\\\""]\\\"",[\\\""null\\\""]]\""]"",""[\""LANE_B_BOOK_ID_V1\"",\""[\\\""string\\\"",\\\""changdu-app\\\""]\"",\""[\\\""number\\\"",\\\""5605361\\\""]\"",\""[\\\""RAW_LANGUAGE_SCOPE_V1\\\"",\\\""[\\\\\\\""number\\\\\\\"",\\\\\\\""19\\\\\\\""]\\\"",[\\\""null\\\""]]\""]"",""[\""LANE_B_BOOK_ID_V1\"",\""[\\\""string\\\"",\\\""changdu-app\\\""]\"",\""[\\\""number\\\"",\\\""5610332\\\""]\"",\""[\\\""RAW_LANGUAGE_SCOPE_V1\\\"",\\\""[\\\\\\\""number\\\\\\\"",\\\\\\\""19\\\\\\\""]\\\"",[\\\""null\\\""]]\""]"",""[\""LANE_B_BOOK_ID_V1\"",\""[\\\""string\\\"",\\\""changdu-app\\\""]\"",\""[\\\""number\\\"",\\\""5610336\\\""]\"",\""[\\\""RAW_LANGUAGE_SCOPE_V1\\\"",\\\""[\\\\\\\""number\\\\\\\"",\\\\\\\""19\\\\\\\""]\\\"",[\\\""null\\\""]]\""]"",""[\""LANE_B_BOOK_ID_V1\"",\""[\\\""string\\\"",\\\""changdu-app\\\""]\"",\""[\\\""number\\\"",\\\""5610338\\\""]\"",\""[\\\""RAW_LANGUAGE_SCOPE_V1\\\"",\\\""[\\\\\\\""number\\\\\\\"",\\\\\\\""19\\\\\\\""]\\\"",[\\\""null\\\""]]\""]"",""[\""LANE_B_BOOK_ID_V1\"",\""[\\\""string\\\"",\\\""changdu-app\\\""]\"",\""[\\\""number\\\"",\\\""5610462\\\""]\"",\""[\\\""RAW_LANGUAGE_SCOPE_V1\\\"",\\\""[\\\\\\\""number\\\\\\\"",\\\\\\\""19\\\\\\\""]\\\"",[\\\""null\\\""]]\""]""]",APPROVED_MAP_CANDIDATE,CROSS_REVIEW_FINAL,TIER_2_GOOD,0.84,四家同decision同target；但书证存在部分反证：混入豪门契约打脸文，校园页有噪声,NONE_IDENTIFIED,1,1,ct-v1-campus,campus,校园,APPROVED_OFFLINE_CANDIDATE_ONLY
MAPPING_EDGE,2179549e7b54e0ddc41f4bd9e78b888892df1b833bebc97c4f1f5996e2dfe3fe,f5c2f6d7ec8a82895df96dda8e62a561c8ca3efc84bc987826fd232b1726edc3,changdu-app,"[""RAW_LANGUAGE_SCOPE_V1"",""[\""number\"",\""19\""]"",[""null""]]",zh-Hans,魔幻情缘,6a2U5bm75oOF57yY,ac0761636f5855fabfdd6454de1b939b2ea126b5b6ee263c9aa401fa623820c5,5,5,5,"[""[\""LANE_B_BOOK_ID_V1\"",\""[\\\""string\\\"",\\\""changdu-app\\\""]\"",\""[\\\""number\\\"",\\\""5603784\\\""]\"",\""[\\\""RAW_LANGUAGE_SCOPE_V1\\\"",\\\""[\\\\\\\""number\\\\\\\"",\\\\\\\""19\\\\\\\""]\\\"",[\\\""null\\\""]]\""]"",""[\""LANE_B_BOOK_ID_V1\"",\""[\\\""string\\\"",\\\""changdu-app\\\""]\"",\""[\\\""number\\\"",\\\""5609169\\\""]\"",\""[\\\""RAW_LANGUAGE_SCOPE_V1\\\"",\\\""[\\\\\\\""number\\\\\\\"",\\\\\\\""19\\\\\\\""]\\\"",[\\\""null\\\""]]\""]"",""[\""LANE_B_BOOK_ID_V1\"",\""[\\\""string\\\"",\\\""changdu-app\\\""]\"",\""[\\\""number\\\"",\\\""5604743\\\""]\"",\""[\\\""RAW_LANGUAGE_SCOPE_V1\\\"",\\\""[\\\\\\\""number\\\\\\\"",\\\\\\\""19\\\\\\\""]\\\"",[\\\""null\\\""]]\""]"",""[\""LANE_B_BOOK_ID_V1\"",\""[\\\""string\\\"",\\\""changdu-app\\\""]\"",\""[\\\""number\\\"",\\\""5604601\\\""]\"",\""[\\\""RAW_LANGUAGE_SCOPE_V1\\\"",\\\""[\\\\\\\""number\\\\\\\"",\\\\\\\""19\\\\\\\""]\\\"",[\\\""null\\\""]]\""]"",""[\""LANE_B_BOOK_ID_V1\"",\""[\\\""string\\\"",\\\""changdu-app\\\""]\"",\""[\\\""number\\\"",\\\""5608348\\\""]\"",\""[\\\""RAW_LANGUAGE_SCOPE_V1\\\"",\\\""[\\\\\\\""number\\\\\\\"",\\\\\\\""19\\\\\\\""]\\\"",[\\\""null\\\""]]\""]""]",APPROVED_MAP_CANDIDATE,CROSS_REVIEW_FINAL,TIER_2_GOOD,0.68,3/4一致；书证为御妖/仙恋/快穿仙灵——女频奇幻恋爱可由fantasy承载,D: HUMAN_REVIEW(0.58),1,1,ct-v1-fantasy,fantasy,奇幻,APPROVED_OFFLINE_CANDIDATE_ONLY
MAPPING_EDGE,9a3ca9c657c6d2a40b78254a5fb140c9c2addd2786e5085aa5aca904a76f11d8,f3733ce70479900e477975ae29bb5fb1c1f6702306f178b072f203dead983a9c,changdu-app,"[""RAW_LANGUAGE_SCOPE_V1"",""[\""number\"",\""20\""]"",[""null""]]",zh-Hant,Adeventure,QWRldmVudHVyZQ==,60df5748b9b58028c32e4a9bb51fc6ab9bbc73c0500ba0fef84addb0f25e69ca,10,10,10,"[""[\""LANE_B_BOOK_ID_V1\"",\""[\\\""string\\\"",\\\""changdu-app\\\""]\"",\""[\\\""number\\\"",\\\""1075326192\\\""]\"",\""[\\\""RAW_LANGUAGE_SCOPE_V1\\\"",\\\""[\\\\\\\""number\\\\\\\"",\\\\\\\""20\\\\\\\""]\\\"",[\\\""null\\\""]]\""]"",""[\""LANE_B_BOOK_ID_V1\"",\""[\\\""string\\\"",\\\""changdu-app\\\""]\"",\""[\\\""number\\\"",\\\""1075326199\\\""]\"",\""[\\\""RAW_LANGUAGE_SCOPE_V1\\\"",\\\""[\\\\\\\""number\\\\\\\"",\\\\\\\""20\\\\\\\""]\\\"",[\\\""null\\\""]]\""]"",""[\""LANE_B_BOOK_ID_V1\"",\""[\\\""string\\\"",\\\""changdu-app\\\""]\"",\""[\\\""number\\\"",\\\""1075326193\\\""]\"",\""[\\\""RAW_LANGUAGE_SCOPE_V1\\\"",\\\""[\\\\\\\""number\\\\\\\"",\\\\\\\""20\\\\\\\""]\\\"",[\\\""null\\\""]]\""]"",""[\""LANE_B_BOOK_ID_V1\"",\""[\\\""string\\\"",\\\""changdu-app\\\""]\"",\""[\\\""number\\\"",\\\""1075326200\\\""]\"",\""[\\\""RAW_LANGUAGE_SCOPE_V1\\\"",\\\""[\\\\\\\""number\\\\\\\"",\\\\\\\""20\\\\\\\""]\\\"",[\\\""null\\\""]]\""]"",""[\""LANE_B_BOOK_ID_V1\"",\""[\\\""string\\\"",\\\""changdu-app\\\""]\"",\""[\\\""number\\\"",\\\""1075326158\\\""]\"",\""[\\\""RAW_LANGUAGE_SCOPE_V1\\\"",\\\""[\\\\\\\""number\\\\\\\"",\\\\\\\""20\\\\\\\""]\\\"",[\\\""null\\\""]]\""]""]",APPROVED_MAP_CANDIDATE,CROSS_REVIEW_FINAL,TIER_4_SPLIT,0.72,token为Adventure拼写错误但10/10男频且内容高度稳定（龍王出獄/絕世戰神/帝婿歸來/傻婿）——与其他Adventure键不同，本桶有真实语义；urban-hero为伞概念。生产identity保留原始拼写,A: return-of-the-war-god（偏窄，仅覆盖战神线）；B/C: HUMAN_REVIEW（B并指出书目模板化嫌疑——已记录）,1,1,ct-v1-urban-hero,urban-hero,都市英雄,APPROVED_OFFLINE_CANDIDATE_ONLY
MAPPING_EDGE,8133eae7f1ae61531568f99a67ad1e8a2c5bfac652fffbaa0eab9bb4194a2b73,6dbaa5bd3d0f00ce59798ceaaff062283a92b2cd3bbf4955b55f238f1a092b24,changdu-app,"[""RAW_LANGUAGE_SCOPE_V1"",""[\""number\"",\""20\""]"",[""null""]]",zh-Hant,Romance,Um9tYW5jZQ==,3bc3567a7fc6511a85072520dc1bdb95a732c4aee93a6533d53954f39124d7c9,2,2,2,"[""[\""LANE_B_BOOK_ID_V1\"",\""[\\\""string\\\"",\\\""changdu-app\\\""]\"",\""[\\\""number\\\"",\\\""1075325546\\\""]\"",\""[\\\""RAW_LANGUAGE_SCOPE_V1\\\"",\\\""[\\\\\\\""number\\\\\\\"",\\\\\\\""20\\\\\\\""]\\\"",[\\\""null\\\""]]\""]"",""[\""LANE_B_BOOK_ID_V1\"",\""[\\\""string\\\"",\\\""changdu-app\\\""]\"",\""[\\\""number\\\"",\\\""1075326142\\\""]\"",\""[\\\""RAW_LANGUAGE_SCOPE_V1\\\"",\\\""[\\\\\\\""number\\\\\\\"",\\\\\\\""20\\\\\\\""]\\\"",[\\\""null\\\""]]\""]""]",APPROVED_MAP_CANDIDATE,CROSS_REVIEW_FINAL,TIER_1_STRONG,0.89,4/4 decision+target一致，代表书证与目标语义相符，无明显反证,NONE_IDENTIFIED,1,1,ct-v1-romance,romance,言情,APPROVED_OFFLINE_CANDIDATE_ONLY
MAPPING_EDGE,da0295390d747fe4b37dea23f11de8179f357f40a3a078d4df141a3fc21fd5ec,235c733ea8ee92a93eead9b68c99e7324e27fcef0a23374a5114b91479ea51de,changdu-app,"[""RAW_LANGUAGE_SCOPE_V1"",""[\""number\"",\""20\""]"",[""null""]]",zh-Hant,仙俠情緣,5LuZ5L+g5oOF57ej,9816d50ef18337af4d3c83bec5aa55b874194ad0cf05f00d1563261b306b22d7,7,7,7,"[""[\""LANE_B_BOOK_ID_V1\"",\""[\\\""string\\\"",\\\""changdu-app\\\""]\"",\""[\\\""number\\\"",\\\""1075324090\\\""]\"",\""[\\\""RAW_LANGUAGE_SCOPE_V1\\\"",\\\""[\\\\\\\""number\\\\\\\"",\\\\\\\""20\\\\\\\""]\\\"",[\\\""null\\\""]]\""]"",""[\""LANE_B_BOOK_ID_V1\"",\""[\\\""string\\\"",\\\""changdu-app\\\""]\"",\""[\\\""number\\\"",\\\""1075326519\\\""]\"",\""[\\\""RAW_LANGUAGE_SCOPE_V1\\\"",\\\""[\\\\\\\""number\\\\\\\"",\\\\\\\""20\\\\\\\""]\\\"",[\\\""null\\\""]]\""]"",""[\""LANE_B_BOOK_ID_V1\"",\""[\\\""string\\\"",\\\""changdu-app\\\""]\"",\""[\\\""number\\\"",\\\""1075322784\\\""]\"",\""[\\\""RAW_LANGUAGE_SCOPE_V1\\\"",\\\""[\\\\\\\""number\\\\\\\"",\\\\\\\""20\\\\\\\""]\\\"",[\\\""null\\\""]]\""]"",""[\""LANE_B_BOOK_ID_V1\"",\""[\\\""string\\\"",\\\""changdu-app\\\""]\"",\""[\\\""number\\\"",\\\""1075326467\\\""]\"",\""[\\\""RAW_LANGUAGE_SCOPE_V1\\\"",\\\""[\\\\\\\""number\\\\\\\"",\\\\\\\""20\\\\\\\""]\\\"",[\\\""null\\\""]]\""]"",""[\""LANE_B_BOOK_ID_V1\"",\""[\\\""string\\\"",\\\""changdu-app\\\""]\"",\""[\\\""number\\\"",\\\""1075324441\\\""]\"",\""[\\\""RAW_LANGUAGE_SCOPE_V1\\\"",\\\""[\\\\\\\""number\\\\\\\"",\\\\\\\""20\\\\\\\""]\\\"",[\\\""null\\\""]]\""]""]",APPROVED_MAP_CANDIDATE,OWNER_FINAL,TIER_4_SPLIT,0.65,Owner Final: xianxia is a distinct CanonicalTag.,LOW_FREQUENCY_SCOPE_RETAINED_BY_EXPLICIT_OWNER_DECISION,1,1,ct-v1-xianxia,xianxia,仙侠修真,APPROVED_OFFLINE_CANDIDATE_ONLY
MAPPING_EDGE,e33461823768f08c7fc9231716089c5e4603274d636b206864bb1c55e6dd2102,dc85bef875dc880e360b42fc85b865c051718ed1a673c43307ae96e3a1dca485,changdu-app,"[""RAW_LANGUAGE_SCOPE_V1"",""[\""number\"",\""20\""]"",[""null""]]",zh-Hant,仙俠武俠,5LuZ5L+g5q2m5L+g,74df841e225296db793cf83d5fc4af8d21acf583c1cb494a6e16cb07c1ed6c43,16,16,16,"[""[\""LANE_B_BOOK_ID_V1\"",\""[\\\""string\\\"",\\\""changdu-app\\\""]\"",\""[\\\""number\\\"",\\\""1075322582\\\""]\"",\""[\\\""RAW_LANGUAGE_SCOPE_V1\\\"",\\\""[\\\\\\\""number\\\\\\\"",\\\\\\\""20\\\\\\\""]\\\"",[\\\""null\\\""]]\""]"",""[\""LANE_B_BOOK_ID_V1\"",\""[\\\""string\\\"",\\\""changdu-app\\\""]\"",\""[\\\""number\\\"",\\\""1075320783\\\""]\"",\""[\\\""RAW_LANGUAGE_SCOPE_V1\\\"",\\\""[\\\\\\\""number\\\\\\\"",\\\\\\\""20\\\\\\\""]\\\"",[\\\""null\\\""]]\""]"",""[\""LANE_B_BOOK_ID_V1\"",\""[\\\""string\\\"",\\\""changdu-app\\\""]\"",\""[\\\""number\\\"",\\\""1075322070\\\""]\"",\""[\\\""RAW_LANGUAGE_SCOPE_V1\\\"",\\\""[\\\\\\\""number\\\\\\\"",\\\\\\\""20\\\\\\\""]\\\"",[\\\""null\\\""]]\""]"",""[\""LANE_B_BOOK_ID_V1\"",\""[\\\""string\\\"",\\\""changdu-app\\\""]\"",\""[\\\""number\\\"",\\\""1075326511\\\""]\"",\""[\\\""RAW_LANGUAGE_SCOPE_V1\\\"",\\\""[\\\\\\\""number\\\\\\\"",\\\\\\\""20\\\\\\\""]\\\"",[\\\""null\\\""]]\""]"",""[\""LANE_B_BOOK_ID_V1\"",\""[\\\""string\\\"",\\\""changdu-app\\\""]\"",\""[\\\""number\\\"",\\\""1075326364\\\""]\"",\""[\\\""RAW_LANGUAGE_SCOPE_V1\\\"",\\\""[\\\\\\\""number\\\\\\\"",\\\\\\\""20\\\\\\\""]\\\"",[\\\""null\\\""]]\""]""]",APPROVED_MAP_CANDIDATE,OWNER_FINAL,TIER_4_SPLIT,0.65,Owner Final: xianxia is a distinct CanonicalTag.,LOW_FREQUENCY_SCOPE_RETAINED_BY_EXPLICIT_OWNER_DECISION,1,1,ct-v1-xianxia,xianxia,仙侠修真,APPROVED_OFFLINE_CANDIDATE_ONLY
MAPPING_EDGE,2849d244bbb9237fad179558823aaf80951893d0bede8f4bcf1fc631081097d6,2e20093ab20f13fb290380008113c9a02fac0ccc3050b23943d1ec8d6b5aa18b,changdu-app,"[""RAW_LANGUAGE_SCOPE_V1"",""[\""number\"",\""20\""]"",[""null""]]",zh-Hant,古代言情,5Y+k5Luj6KiA5oOF,37c0e6b415e5a4aee67705cf03a5938cf30b5f97b61ccaaeeb3b6e4dd9f91cb7,143,143,143,"[""[\""LANE_B_BOOK_ID_V1\"",\""[\\\""string\\\"",\\\""changdu-app\\\""]\"",\""[\\\""number\\\"",\\\""1075318251\\\""]\"",\""[\\\""RAW_LANGUAGE_SCOPE_V1\\\"",\\\""[\\\\\\\""number\\\\\\\"",\\\\\\\""20\\\\\\\""]\\\"",[\\\""null\\\""]]\""]"",""[\""LANE_B_BOOK_ID_V1\"",\""[\\\""string\\\"",\\\""changdu-app\\\""]\"",\""[\\\""number\\\"",\\\""1075322417\\\""]\"",\""[\\\""RAW_LANGUAGE_SCOPE_V1\\\"",\\\""[\\\\\\\""number\\\\\\\"",\\\\\\\""20\\\\\\\""]\\\"",[\\\""null\\\""]]\""]"",""[\""LANE_B_BOOK_ID_V1\"",\""[\\\""string\\\"",\\\""changdu-app\\\""]\"",\""[\\\""number\\\"",\\\""1075318136\\\""]\"",\""[\\\""RAW_LANGUAGE_SCOPE_V1\\\"",\\\""[\\\\\\\""number\\\\\\\"",\\\\\\\""20\\\\\\\""]\\\"",[\\\""null\\\""]]\""]"",""[\""LANE_B_BOOK_ID_V1\"",\""[\\\""string\\\"",\\\""changdu-app\\\""]\"",\""[\\\""number\\\"",\\\""1075318283\\\""]\"",\""[\\\""RAW_LANGUAGE_SCOPE_V1\\\"",\\\""[\\\\\\\""number\\\\\\\"",\\\\\\\""20\\\\\\\""]\\\"",[\\\""null\\\""]]\""]"",""[\""LANE_B_BOOK_ID_V1\"",\""[\\\""string\\\"",\\\""changdu-app\\\""]\"",\""[\\\""number\\\"",\\\""1075318943\\\""]\"",\""[\\\""RAW_LANGUAGE_SCOPE_V1\\\"",\\\""[\\\\\\\""number\\\\\\\"",\\\\\\\""20\\\\\\\""]\\\"",[\\\""null\\\""]]\""]"",""[\""LANE_B_BOOK_ID_V1\"",\""[\\\""string\\\"",\\\""changdu-app\\\""]\"",\""[\\\""number\\\"",\\\""1075320863\\\""]\"",\""[\\\""RAW_LANGUAGE_SCOPE_V1\\\"",\\\""[\\\\\\\""number\\\\\\\"",\\\\\\\""20\\\\\\\""]\\\"",[\\\""null\\\""]]\""]"",""[\""LANE_B_BOOK_ID_V1\"",\""[\\\""string\\\"",\\\""changdu-app\\\""]\"",\""[\\\""number\\\"",\\\""1075324008\\\""]\"",\""[\\\""RAW_LANGUAGE_SCOPE_V1\\\"",\\\""[\\\\\\\""number\\\\\\\"",\\\\\\\""20\\\\\\\""]\\\"",[\\\""null\\\""]]\""]"",""[\""LANE_B_BOOK_ID_V1\"",\""[\\\""string\\\"",\\\""changdu-app\\\""]\"",\""[\\\""number\\\"",\\\""1075326110\\\""]\"",\""[\\\""RAW_LANGUAGE_SCOPE_V1\\\"",\\\""[\\\\\\\""number\\\\\\\"",\\\\\\\""20\\\\\\\""]\\\"",[\\\""null\\\""]]\""]"",""[\""LANE_B_BOOK_ID_V1\"",\""[\\\""string\\\"",\\\""changdu-app\\\""]\"",\""[\\\""number\\\"",\\\""1075318092\\\""]\"",\""[\\\""RAW_LANGUAGE_SCOPE_V1\\\"",\\\""[\\\\\\\""number\\\\\\\"",\\\\\\\""20\\\\\\\""]\\\"",[\\\""null\\\""]]\""]"",""[\""LANE_B_BOOK_ID_V1\"",\""[\\\""string\\\"",\\\""changdu-app\\\""]\"",\""[\\\""number\\\"",\\\""1075322267\\\""]\"",\""[\\\""RAW_LANGUAGE_SCOPE_V1\\\"",\\\""[\\\\\\\""number\\\\\\\"",\\\\\\\""20\\\\\\\""]\\\"",[\\\""null\\\""]]\""]"",""[\""LANE_B_BOOK_ID_V1\"",\""[\\\""string\\\"",\\\""changdu-app\\\""]\"",\""[\\\""number\\\"",\\\""1075324878\\\""]\"",\""[\\\""RAW_LANGUAGE_SCOPE_V1\\\"",\\\""[\\\\\\\""number\\\\\\\"",\\\\\\\""20\\\\\\\""]\\\"",[\\\""null\\\""]]\""]"",""[\""LANE_B_BOOK_ID_V1\"",\""[\\\""string\\\"",\\\""changdu-app\\\""]\"",\""[\\\""number\\\"",\\\""1075318280\\\""]\"",\""[\\\""RAW_LANGUAGE_SCOPE_V1\\\"",\\\""[\\\\\\\""number\\\\\\\"",\\\\\\\""20\\\\\\\""]\\\"",[\\\""null\\\""]]\""]""]",APPROVED_MAP_CANDIDATE,CROSS_REVIEW_FINAL,TIER_1_STRONG,0.93,4/4 decision+target一致，代表书证与目标语义相符，无明显反证,NONE_IDENTIFIED,1,1,ct-v1-historical-romance,historical-romance,古代言情,APPROVED_OFFLINE_CANDIDATE_ONLY
MAPPING_EDGE,0cee435b1b571556f3b8afbec8f153679dfd1ab2157c9b6283460fd1e1727917,edf8e12dbc6a0688d78a5aa9e47b7285eee4e79f09b8e7f4b92bfb3a563a06f9,changdu-app,"[""RAW_LANGUAGE_SCOPE_V1"",""[\""number\"",\""20\""]"",[""null""]]",zh-Hant,女频,5aWz6aKR,d9867749ec31f19fe7bfa4a782791bb108a8c9bc80653d481d3f1110f260cebb,724,724,724,"[""[\""LANE_B_BOOK_ID_V1\"",\""[\\\""string\\\"",\\\""changdu-app\\\""]\"",\""[\\\""number\\\"",\\\""1129467914\\\""]\"",\""[\\\""RAW_LANGUAGE_SCOPE_V1\\\"",\\\""[\\\\\\\""number\\\\\\\"",\\\\\\\""20\\\\\\\""]\\\"",[\\\""null\\\""]]\""]"",""[\""LANE_B_BOOK_ID_V1\"",\""[\\\""string\\\"",\\\""changdu-app\\\""]\"",\""[\\\""number\\\"",\\\""1075328646\\\""]\"",\""[\\\""RAW_LANGUAGE_SCOPE_V1\\\"",\\\""[\\\\\\\""number\\\\\\\"",\\\\\\\""20\\\\\\\""]\\\"",[\\\""null\\\""]]\""]"",""[\""LANE_B_BOOK_ID_V1\"",\""[\\\""string\\\"",\\\""changdu-app\\\""]\"",\""[\\\""number\\\"",\\\""1075329120\\\""]\"",\""[\\\""RAW_LANGUAGE_SCOPE_V1\\\"",\\\""[\\\\\\\""number\\\\\\\"",\\\\\\\""20\\\\\\\""]\\\"",[\\\""null\\\""]]\""]"",""[\""LANE_B_BOOK_ID_V1\"",\""[\\\""string\\\"",\\\""changdu-app\\\""]\"",\""[\\\""number\\\"",\\\""1075329151\\\""]\"",\""[\\\""RAW_LANGUAGE_SCOPE_V1\\\"",\\\""[\\\\\\\""number\\\\\\\"",\\\\\\\""20\\\\\\\""]\\\"",[\\\""null\\\""]]\""]"",""[\""LANE_B_BOOK_ID_V1\"",\""[\\\""string\\\"",\\\""changdu-app\\\""]\"",\""[\\\""number\\\"",\\\""1075329170\\\""]\"",\""[\\\""RAW_LANGUAGE_SCOPE_V1\\\"",\\\""[\\\\\\\""number\\\\\\\"",\\\\\\\""20\\\\\\\""]\\\"",[\\\""null\\\""]]\""]"",""[\""LANE_B_BOOK_ID_V1\"",\""[\\\""string\\\"",\\\""changdu-app\\\""]\"",\""[\\\""number\\\"",\\\""1075329191\\\""]\"",\""[\\\""RAW_LANGUAGE_SCOPE_V1\\\"",\\\""[\\\\\\\""number\\\\\\\"",\\\\\\\""20\\\\\\\""]\\\"",[\\\""null\\\""]]\""]"",""[\""LANE_B_BOOK_ID_V1\"",\""[\\\""string\\\"",\\\""changdu-app\\\""]\"",\""[\\\""number\\\"",\\\""1075329400\\\""]\"",\""[\\\""RAW_LANGUAGE_SCOPE_V1\\\"",\\\""[\\\\\\\""number\\\\\\\"",\\\\\\\""20\\\\\\\""]\\\"",[\\\""null\\\""]]\""]"",""[\""LANE_B_BOOK_ID_V1\"",\""[\\\""string\\\"",\\\""changdu-app\\\""]\"",\""[\\\""number\\\"",\\\""1075329435\\\""]\"",\""[\\\""RAW_LANGUAGE_SCOPE_V1\\\"",\\\""[\\\\\\\""number\\\\\\\"",\\\\\\\""20\\\\\\\""]\\\"",[\\\""null\\\""]]\""]"",""[\""LANE_B_BOOK_ID_V1\"",\""[\\\""string\\\"",\\\""changdu-app\\\""]\"",\""[\\\""number\\\"",\\\""1075328117\\\""]\"",\""[\\\""RAW_LANGUAGE_SCOPE_V1\\\"",\\\""[\\\\\\\""number\\\\\\\"",\\\\\\\""20\\\\\\\""]\\\"",[\\\""null\\\""]]\""]"",""[\""LANE_B_BOOK_ID_V1\"",\""[\\\""string\\\"",\\\""changdu-app\\\""]\"",\""[\\\""number\\\"",\\\""1075328127\\\""]\"",\""[\\\""RAW_LANGUAGE_SCOPE_V1\\\"",\\\""[\\\\\\\""number\\\\\\\"",\\\\\\\""20\\\\\\\""]\\\"",[\\\""null\\\""]]\""]"",""[\""LANE_B_BOOK_ID_V1\"",\""[\\\""string\\\"",\\\""changdu-app\\\""]\"",\""[\\\""number\\\"",\\\""1075328158\\\""]\"",\""[\\\""RAW_LANGUAGE_SCOPE_V1\\\"",\\\""[\\\\\\\""number\\\\\\\"",\\\\\\\""20\\\\\\\""]\\\"",[\\\""null\\\""]]\""]"",""[\""LANE_B_BOOK_ID_V1\"",\""[\\\""string\\\"",\\\""changdu-app\\\""]\"",\""[\\\""number\\\"",\\\""1075328167\\\""]\"",\""[\\\""RAW_LANGUAGE_SCOPE_V1\\\"",\\\""[\\\\\\\""number\\\\\\\"",\\\\\\\""20\\\\\\\""]\\\"",[\\\""null\\\""]]\""]""]",APPROVED_MAP_CANDIDATE,CROSS_REVIEW_FINAL,TIER_2_GOOD,0.95,A/B/C一致映射；audience已是119正式facet（ct-v1-female-audience存在），书证全为女性向,D: IGNORE（视为运营二分旗——但artifact已建audience facet，忽略反而丢失已建模维度）,1,1,ct-v1-female-audience,female-audience,女性向,APPROVED_OFFLINE_CANDIDATE_ONLY
MAPPING_EDGE,402e27717bed7a30d414c070dab99e6b12477c64cc9077b9da716edc9c2bdab5,584393689bacd2a8784c82af9255921bc8878f41ebc1b5de1ec71016c7019ed9,changdu-app,"[""RAW_LANGUAGE_SCOPE_V1"",""[\""number\"",\""20\""]"",[""null""]]",zh-Hant,婚戀言情,5ama5oiA6KiA5oOF,53e92c06a8214259c404d955536cf74e90adebb12f5616ef1ef6c191d07c605f,5,5,5,"[""[\""LANE_B_BOOK_ID_V1\"",\""[\\\""string\\\"",\\\""changdu-app\\\""]\"",\""[\\\""number\\\"",\\\""1075328413\\\""]\"",\""[\\\""RAW_LANGUAGE_SCOPE_V1\\\"",\\\""[\\\\\\\""number\\\\\\\"",\\\\\\\""20\\\\\\\""]\\\"",[\\\""null\\\""]]\""]"",""[\""LANE_B_BOOK_ID_V1\"",\""[\\\""string\\\"",\\\""changdu-app\\\""]\"",\""[\\\""number\\\"",\\\""1075328453\\\""]\"",\""[\\\""RAW_LANGUAGE_SCOPE_V1\\\"",\\\""[\\\\\\\""number\\\\\\\"",\\\\\\\""20\\\\\\\""]\\\"",[\\\""null\\\""]]\""]"",""[\""LANE_B_BOOK_ID_V1\"",\""[\\\""string\\\"",\\\""changdu-app\\\""]\"",\""[\\\""number\\\"",\\\""1075320139\\\""]\"",\""[\\\""RAW_LANGUAGE_SCOPE_V1\\\"",\\\""[\\\\\\\""number\\\\\\\"",\\\\\\\""20\\\\\\\""]\\\"",[\\\""null\\\""]]\""]"",""[\""LANE_B_BOOK_ID_V1\"",\""[\\\""string\\\"",\\\""changdu-app\\\""]\"",\""[\\\""number\\\"",\\\""1075326557\\\""]\"",\""[\\\""RAW_LANGUAGE_SCOPE_V1\\\"",\\\""[\\\\\\\""number\\\\\\\"",\\\\\\\""20\\\\\\\""]\\\"",[\\\""null\\\""]]\""]"",""[\""LANE_B_BOOK_ID_V1\"",\""[\\\""string\\\"",\\\""changdu-app\\\""]\"",\""[\\\""number\\\"",\\\""1075326601\\\""]\"",\""[\\\""RAW_LANGUAGE_SCOPE_V1\\\"",\\\""[\\\\\\\""number\\\\\\\"",\\\\\\\""20\\\\\\\""]\\\"",[\\\""null\\\""]]\""]""]",APPROVED_MAP_CANDIDATE,CROSS_REVIEW_FINAL,TIER_3_TARGET_CONFLICT,0.72,繁体书证混杂（轮回情仇/影后甜宠/亲情），仅2/5婚姻主线，映射marriage会有明显错配；romance安全承载,A/D: marriage（简体侧成立但繁体书证不支持）,1,1,ct-v1-romance,romance,言情,APPROVED_OFFLINE_CANDIDATE_ONLY
MAPPING_EDGE,8ed372ee4fe5fca6e01f3bc4acd7d20735eac63b1bc079d2aa9d7a5ae336339f,20fce6d8037e64ef635bebc5e2cf9a3a01f1c48e5433e1b051ccb313f85be051,changdu-app,"[""RAW_LANGUAGE_SCOPE_V1"",""[\""number\"",\""20\""]"",[""null""]]",zh-Hant,幻想異能,5bm75oOz55Ww6IO9,2096df368befe1c309aef077cd8716c2e1e8e2c14ae068d54d6e893b3aed46cd,4,4,4,"[""[\""LANE_B_BOOK_ID_V1\"",\""[\\\""string\\\"",\\\""changdu-app\\\""]\"",\""[\\\""number\\\"",\\\""1075320093\\\""]\"",\""[\\\""RAW_LANGUAGE_SCOPE_V1\\\"",\\\""[\\\\\\\""number\\\\\\\"",\\\\\\\""20\\\\\\\""]\\\"",[\\\""null\\\""]]\""]"",""[\""LANE_B_BOOK_ID_V1\"",\""[\\\""string\\\"",\\\""changdu-app\\\""]\"",\""[\\\""number\\\"",\\\""1075322166\\\""]\"",\""[\\\""RAW_LANGUAGE_SCOPE_V1\\\"",\\\""[\\\\\\\""number\\\\\\\"",\\\\\\\""20\\\\\\\""]\\\"",[\\\""null\\\""]]\""]"",""[\""LANE_B_BOOK_ID_V1\"",\""[\\\""string\\\"",\\\""changdu-app\\\""]\"",\""[\\\""number\\\"",\\\""1075321016\\\""]\"",\""[\\\""RAW_LANGUAGE_SCOPE_V1\\\"",\\\""[\\\\\\\""number\\\\\\\"",\\\\\\\""20\\\\\\\""]\\\"",[\\\""null\\\""]]\""]"",""[\""LANE_B_BOOK_ID_V1\"",\""[\\\""string\\\"",\\\""changdu-app\\\""]\"",\""[\\\""number\\\"",\\\""1075321824\\\""]\"",\""[\\\""RAW_LANGUAGE_SCOPE_V1\\\"",\\\""[\\\\\\\""number\\\\\\\"",\\\\\\\""20\\\\\\\""]\\\"",[\\\""null\\\""]]\""]""]",APPROVED_MAP_CANDIDATE,CROSS_REVIEW_FINAL,TIER_4_SPLIT,0.62,四家四个方向（system-fantasy/time-travel/superpowers/NEW快穿）；书证4/4为快穿/穿书，绝非超能力——C的superpowers被书证否定；time-travel为最近的既有上位入口，快穿概念另行登记,A: system-fantasy；C: superpowers（字面）；D: NEW quick-transmigration（语义最准但证据量不足以新建）,1,1,ct-v1-time-travel,time-travel,穿越,APPROVED_OFFLINE_CANDIDATE_ONLY
MAPPING_EDGE,4ecdb791d7dfae7c3587ed5e95ed1d4ade522b2b50c18beabd303e591ef3b707,0bd71e2dc961474029a89e587d5c11192f08b4316d8496ea9b47b3728b3770b7,changdu-app,"[""RAW_LANGUAGE_SCOPE_V1"",""[\""number\"",\""20\""]"",[""null""]]",zh-Hant,懸疑靈異,5oe455aR6Z2I55Ww,815a2f32b33211919412a3f9de3cf12acc5c520b3e33cd221768703d28e6c25e,48,48,48,"[""[\""LANE_B_BOOK_ID_V1\"",\""[\\\""string\\\"",\\\""changdu-app\\\""]\"",\""[\\\""number\\\"",\\\""1075320638\\\""]\"",\""[\\\""RAW_LANGUAGE_SCOPE_V1\\\"",\\\""[\\\\\\\""number\\\\\\\"",\\\\\\\""20\\\\\\\""]\\\"",[\\\""null\\\""]]\""]"",""[\""LANE_B_BOOK_ID_V1\"",\""[\\\""string\\\"",\\\""changdu-app\\\""]\"",\""[\\\""number\\\"",\\\""1075318347\\\""]\"",\""[\\\""RAW_LANGUAGE_SCOPE_V1\\\"",\\\""[\\\\\\\""number\\\\\\\"",\\\\\\\""20\\\\\\\""]\\\"",[\\\""null\\\""]]\""]"",""[\""LANE_B_BOOK_ID_V1\"",\""[\\\""string\\\"",\\\""changdu-app\\\""]\"",\""[\\\""number\\\"",\\\""1075323489\\\""]\"",\""[\\\""RAW_LANGUAGE_SCOPE_V1\\\"",\\\""[\\\\\\\""number\\\\\\\"",\\\\\\\""20\\\\\\\""]\\\"",[\\\""null\\\""]]\""]"",""[\""LANE_B_BOOK_ID_V1\"",\""[\\\""string\\\"",\\\""changdu-app\\\""]\"",\""[\\\""number\\\"",\\\""1075323490\\\""]\"",\""[\\\""RAW_LANGUAGE_SCOPE_V1\\\"",\\\""[\\\\\\\""number\\\\\\\"",\\\\\\\""20\\\\\\\""]\\\"",[\\\""null\\\""]]\""]"",""[\""LANE_B_BOOK_ID_V1\"",\""[\\\""string\\\"",\\\""changdu-app\\\""]\"",\""[\\\""number\\\"",\\\""1075326319\\\""]\"",\""[\\\""RAW_LANGUAGE_SCOPE_V1\\\"",\\\""[\\\\\\\""number\\\\\\\"",\\\\\\\""20\\\\\\\""]\\\"",[\\\""null\\\""]]\""]"",""[\""LANE_B_BOOK_ID_V1\"",\""[\\\""string\\\"",\\\""changdu-app\\\""]\"",\""[\\\""number\\\"",\\\""1075318609\\\""]\"",\""[\\\""RAW_LANGUAGE_SCOPE_V1\\\"",\\\""[\\\\\\\""number\\\\\\\"",\\\\\\\""20\\\\\\\""]\\\"",[\\\""null\\\""]]\""]"",""[\""LANE_B_BOOK_ID_V1\"",\""[\\\""string\\\"",\\\""changdu-app\\\""]\"",\""[\\\""number\\\"",\\\""1075320392\\\""]\"",\""[\\\""RAW_LANGUAGE_SCOPE_V1\\\"",\\\""[\\\\\\\""number\\\\\\\"",\\\\\\\""20\\\\\\\""]\\\"",[\\\""null\\\""]]\""]""]",APPROVED_MAP_CANDIDATE,CROSS_REVIEW_FINAL,TIER_2_GOOD,0.85,4/4提出同一灵异概念（supernatural/paranormal/supernatural-occult归一）；书证高度一致：民間山野怪談/通靈冊/風水局；suspense是推理紧张感、无法承载「现实世界有鬼」,A: 另加suspense edge（1:N）——多数方单一supernatural更干净，未采纳,1,1,ct-v1-supernatural,supernatural,灵异,APPROVED_OFFLINE_CANDIDATE_ONLY
MAPPING_EDGE,f66cda08bec756121c49217e696b2d921cd10c04a354a5e550406323db2869c1,6ac64479a5498acdf88b5c7a1291a27cd4ffb25bfbee3ea0ecb660aef1ae08a7,changdu-app,"[""RAW_LANGUAGE_SCOPE_V1"",""[\""number\"",\""20\""]"",[""null""]]",zh-Hant,歷史架空,5q235Y+y5p6256m6,9ea8ae3e50e6c5f071205047294d0634d0bbaedffc19537ebe24feb19079428b,22,22,22,"[""[\""LANE_B_BOOK_ID_V1\"",\""[\\\""string\\\"",\\\""changdu-app\\\""]\"",\""[\\\""number\\\"",\\\""1075325105\\\""]\"",\""[\\\""RAW_LANGUAGE_SCOPE_V1\\\"",\\\""[\\\\\\\""number\\\\\\\"",\\\\\\\""20\\\\\\\""]\\\"",[\\\""null\\\""]]\""]"",""[\""LANE_B_BOOK_ID_V1\"",\""[\\\""string\\\"",\\\""changdu-app\\\""]\"",\""[\\\""number\\\"",\\\""1075325156\\\""]\"",\""[\\\""RAW_LANGUAGE_SCOPE_V1\\\"",\\\""[\\\\\\\""number\\\\\\\"",\\\\\\\""20\\\\\\\""]\\\"",[\\\""null\\\""]]\""]"",""[\""LANE_B_BOOK_ID_V1\"",\""[\\\""string\\\"",\\\""changdu-app\\\""]\"",\""[\\\""number\\\"",\\\""1075323990\\\""]\"",\""[\\\""RAW_LANGUAGE_SCOPE_V1\\\"",\\\""[\\\\\\\""number\\\\\\\"",\\\\\\\""20\\\\\\\""]\\\"",[\\\""null\\\""]]\""]"",""[\""LANE_B_BOOK_ID_V1\"",\""[\\\""string\\\"",\\\""changdu-app\\\""]\"",\""[\\\""number\\\"",\\\""1075324649\\\""]\"",\""[\\\""RAW_LANGUAGE_SCOPE_V1\\\"",\\\""[\\\\\\\""number\\\\\\\"",\\\\\\\""20\\\\\\\""]\\\"",[\\\""null\\\""]]\""]"",""[\""LANE_B_BOOK_ID_V1\"",\""[\\\""string\\\"",\\\""changdu-app\\\""]\"",\""[\\\""number\\\"",\\\""1075326420\\\""]\"",\""[\\\""RAW_LANGUAGE_SCOPE_V1\\\"",\\\""[\\\\\\\""number\\\\\\\"",\\\\\\\""20\\\\\\\""]\\\"",[\\\""null\\\""]]\""]""]",APPROVED_MAP_CANDIDATE,CROSS_REVIEW_FINAL,TIER_1_STRONG,0.85,4/4提出同一概念（alt-history/historical-fiction边界归一）；书证为三国/明末/大唐穿越争霸，历史古言无法承载、military为现代军旅,A/D建议名historical边界仅架空，B/C含真实历史战争——采较宽historical-fiction,1,1,ct-v1-historical-fiction,historical-fiction,历史题材,APPROVED_OFFLINE_CANDIDATE_ONLY
MAPPING_EDGE,8faade4403e9e57b63ece850e6b17e9ede735c1e034beef71102287a1b54716f,f2bc3b0300493984eed13262fcc467dbf64b2cf1c39d21e5ba353e17de68346a,changdu-app,"[""RAW_LANGUAGE_SCOPE_V1"",""[\""number\"",\""20\""]"",[""null""]]",zh-Hant,玄幻,546E5bm7,37187930736daea8e12ace127b5cf24a21e2e565dd2805242ef5b3f6b23d07c8,4,4,4,"[""[\""LANE_B_BOOK_ID_V1\"",\""[\\\""string\\\"",\\\""changdu-app\\\""]\"",\""[\\\""number\\\"",\\\""1075322583\\\""]\"",\""[\\\""RAW_LANGUAGE_SCOPE_V1\\\"",\\\""[\\\\\\\""number\\\\\\\"",\\\\\\\""20\\\\\\\""]\\\"",[\\\""null\\\""]]\""]"",""[\""LANE_B_BOOK_ID_V1\"",\""[\\\""string\\\"",\\\""changdu-app\\\""]\"",\""[\\\""number\\\"",\\\""1075318318\\\""]\"",\""[\\\""RAW_LANGUAGE_SCOPE_V1\\\"",\\\""[\\\\\\\""number\\\\\\\"",\\\\\\\""20\\\\\\\""]\\\"",[\\\""null\\\""]]\""]"",""[\""LANE_B_BOOK_ID_V1\"",\""[\\\""string\\\"",\\\""changdu-app\\\""]\"",\""[\\\""number\\\"",\\\""1075322870\\\""]\"",\""[\\\""RAW_LANGUAGE_SCOPE_V1\\\"",\\\""[\\\\\\\""number\\\\\\\"",\\\\\\\""20\\\\\\\""]\\\"",[\\\""null\\\""]]\""]"",""[\""LANE_B_BOOK_ID_V1\"",\""[\\\""string\\\"",\\\""changdu-app\\\""]\"",\""[\\\""number\\\"",\\\""1075321847\\\""]\"",\""[\\\""RAW_LANGUAGE_SCOPE_V1\\\"",\\\""[\\\\\\\""number\\\\\\\"",\\\\\\\""20\\\\\\\""]\\\"",[\\\""null\\\""]]\""]""]",APPROVED_MAP_CANDIDATE,CROSS_REVIEW_FINAL,TIER_2_GOOD,0.82,3/4一致；3/4书证为玄幻系统流（1本LoL电竞噪声）,D: HUMAN_REVIEW(0.60),1,1,ct-v1-eastern-fantasy,eastern-fantasy,东方奇幻,APPROVED_OFFLINE_CANDIDATE_ONLY
MAPPING_EDGE,9cdc018555e440ffacb79e0675f446ee38630128551df7225526019e78cf082c,0df01c6cc129e78cf3c8985804dd887fbde219604cfaaa2d0f71eff70c520e38,changdu-app,"[""RAW_LANGUAGE_SCOPE_V1"",""[\""number\"",\""20\""]"",[""null""]]",zh-Hant,玄幻奇幻,546E5bm75aWH5bm7,d35d3e5e0e35f19be6cde94b4bdcefc584bcc81e9fd45d363822e4acc4aa95cd,269,269,269,"[""[\""LANE_B_BOOK_ID_V1\"",\""[\\\""string\\\"",\\\""changdu-app\\\""]\"",\""[\\\""number\\\"",\\\""1075328771\\\""]\"",\""[\\\""RAW_LANGUAGE_SCOPE_V1\\\"",\\\""[\\\\\\\""number\\\\\\\"",\\\\\\\""20\\\\\\\""]\\\"",[\\\""null\\\""]]\""]"",""[\""LANE_B_BOOK_ID_V1\"",\""[\\\""string\\\"",\\\""changdu-app\\\""]\"",\""[\\\""number\\\"",\\\""1075320536\\\""]\"",\""[\\\""RAW_LANGUAGE_SCOPE_V1\\\"",\\\""[\\\\\\\""number\\\\\\\"",\\\\\\\""20\\\\\\\""]\\\"",[\\\""null\\\""]]\""]"",""[\""LANE_B_BOOK_ID_V1\"",\""[\\\""string\\\"",\\\""changdu-app\\\""]\"",\""[\\\""number\\\"",\\\""1075320636\\\""]\"",\""[\\\""RAW_LANGUAGE_SCOPE_V1\\\"",\\\""[\\\\\\\""number\\\\\\\"",\\\\\\\""20\\\\\\\""]\\\"",[\\\""null\\\""]]\""]"",""[\""LANE_B_BOOK_ID_V1\"",\""[\\\""string\\\"",\\\""changdu-app\\\""]\"",\""[\\\""number\\\"",\\\""1075321962\\\""]\"",\""[\\\""RAW_LANGUAGE_SCOPE_V1\\\"",\\\""[\\\\\\\""number\\\\\\\"",\\\\\\\""20\\\\\\\""]\\\"",[\\\""null\\\""]]\""]"",""[\""LANE_B_BOOK_ID_V1\"",\""[\\\""string\\\"",\\\""changdu-app\\\""]\"",\""[\\\""number\\\"",\\\""1075322578\\\""]\"",\""[\\\""RAW_LANGUAGE_SCOPE_V1\\\"",\\\""[\\\\\\\""number\\\\\\\"",\\\\\\\""20\\\\\\\""]\\\"",[\\\""null\\\""]]\""]"",""[\""LANE_B_BOOK_ID_V1\"",\""[\\\""string\\\"",\\\""changdu-app\\\""]\"",\""[\\\""number\\\"",\\\""1075322579\\\""]\"",\""[\\\""RAW_LANGUAGE_SCOPE_V1\\\"",\\\""[\\\\\\\""number\\\\\\\"",\\\\\\\""20\\\\\\\""]\\\"",[\\\""null\\\""]]\""]"",""[\""LANE_B_BOOK_ID_V1\"",\""[\\\""string\\\"",\\\""changdu-app\\\""]\"",\""[\\\""number\\\"",\\\""1075322585\\\""]\"",\""[\\\""RAW_LANGUAGE_SCOPE_V1\\\"",\\\""[\\\\\\\""number\\\\\\\"",\\\\\\\""20\\\\\\\""]\\\"",[\\\""null\\\""]]\""]"",""[\""LANE_B_BOOK_ID_V1\"",\""[\\\""string\\\"",\\\""changdu-app\\\""]\"",\""[\\\""number\\\"",\\\""1075322727\\\""]\"",\""[\\\""RAW_LANGUAGE_SCOPE_V1\\\"",\\\""[\\\\\\\""number\\\\\\\"",\\\\\\\""20\\\\\\\""]\\\"",[\\\""null\\\""]]\""]"",""[\""LANE_B_BOOK_ID_V1\"",\""[\\\""string\\\"",\\\""changdu-app\\\""]\"",\""[\\\""number\\\"",\\\""1075322728\\\""]\"",\""[\\\""RAW_LANGUAGE_SCOPE_V1\\\"",\\\""[\\\\\\\""number\\\\\\\"",\\\\\\\""20\\\\\\\""]\\\"",[\\\""null\\\""]]\""]"",""[\""LANE_B_BOOK_ID_V1\"",\""[\\\""string\\\"",\\\""changdu-app\\\""]\"",\""[\\\""number\\\"",\\\""1075322785\\\""]\"",\""[\\\""RAW_LANGUAGE_SCOPE_V1\\\"",\\\""[\\\\\\\""number\\\\\\\"",\\\\\\\""20\\\\\\\""]\\\"",[\\\""null\\\""]]\""]"",""[\""LANE_B_BOOK_ID_V1\"",\""[\\\""string\\\"",\\\""changdu-app\\\""]\"",\""[\\\""number\\\"",\\\""1075323294\\\""]\"",\""[\\\""RAW_LANGUAGE_SCOPE_V1\\\"",\\\""[\\\\\\\""number\\\\\\\"",\\\\\\\""20\\\\\\\""]\\\"",[\\\""null\\\""]]\""]"",""[\""LANE_B_BOOK_ID_V1\"",\""[\\\""string\\\"",\\\""changdu-app\\\""]\"",\""[\\\""number\\\"",\\\""1075324732\\\""]\"",\""[\\\""RAW_LANGUAGE_SCOPE_V1\\\"",\\\""[\\\\\\\""number\\\\\\\"",\\\\\\\""20\\\\\\\""]\\\"",[\\\""null\\\""]]\""]""]",APPROVED_MAP_CANDIDATE,CROSS_REVIEW_FINAL,TIER_1_STRONG,0.9,4/4 decision+target一致，代表书证与目标语义相符，无明显反证,NONE_IDENTIFIED,1,1,ct-v1-eastern-fantasy,eastern-fantasy,东方奇幻,APPROVED_OFFLINE_CANDIDATE_ONLY
MAPPING_EDGE,5a5d8d3f68eb89643621efcab22a14b9c8b880f5d1342406e091335ae76d4173,a75c9ff00ff856127c11dbe2e8ae363685d2767a5fa3e13cbadfadfecef1d3e4,changdu-app,"[""RAW_LANGUAGE_SCOPE_V1"",""[\""number\"",\""20\""]"",[""null""]]",zh-Hant,現代言情,54++5Luj6KiA5oOF,d47e94a5abf6211af6d912fa3e688862657c5e4b8943c485a1b9d0b69003feca,71,71,71,"[""[\""LANE_B_BOOK_ID_V1\"",\""[\\\""string\\\"",\\\""changdu-app\\\""]\"",\""[\\\""number\\\"",\\\""1129467914\\\""]\"",\""[\\\""RAW_LANGUAGE_SCOPE_V1\\\"",\\\""[\\\\\\\""number\\\\\\\"",\\\\\\\""20\\\\\\\""]\\\"",[\\\""null\\\""]]\""]"",""[\""LANE_B_BOOK_ID_V1\"",\""[\\\""string\\\"",\\\""changdu-app\\\""]\"",\""[\\\""number\\\"",\\\""1075323301\\\""]\"",\""[\\\""RAW_LANGUAGE_SCOPE_V1\\\"",\\\""[\\\\\\\""number\\\\\\\"",\\\\\\\""20\\\\\\\""]\\\"",[\\\""null\\\""]]\""]"",""[\""LANE_B_BOOK_ID_V1\"",\""[\\\""string\\\"",\\\""changdu-app\\\""]\"",\""[\\\""number\\\"",\\\""1075318132\\\""]\"",\""[\\\""RAW_LANGUAGE_SCOPE_V1\\\"",\\\""[\\\\\\\""number\\\\\\\"",\\\\\\\""20\\\\\\\""]\\\"",[\\\""null\\\""]]\""]"",""[\""LANE_B_BOOK_ID_V1\"",\""[\\\""string\\\"",\\\""changdu-app\\\""]\"",\""[\\\""number\\\"",\\\""1075320907\\\""]\"",\""[\\\""RAW_LANGUAGE_SCOPE_V1\\\"",\\\""[\\\\\\\""number\\\\\\\"",\\\\\\\""20\\\\\\\""]\\\"",[\\\""null\\\""]]\""]"",""[\""LANE_B_BOOK_ID_V1\"",\""[\\\""string\\\"",\\\""changdu-app\\\""]\"",\""[\\\""number\\\"",\\\""1075318141\\\""]\"",\""[\\\""RAW_LANGUAGE_SCOPE_V1\\\"",\\\""[\\\\\\\""number\\\\\\\"",\\\\\\\""20\\\\\\\""]\\\"",[\\\""null\\\""]]\""]"",""[\""LANE_B_BOOK_ID_V1\"",\""[\\\""string\\\"",\\\""changdu-app\\\""]\"",\""[\\\""number\\\"",\\\""1075323399\\\""]\"",\""[\\\""RAW_LANGUAGE_SCOPE_V1\\\"",\\\""[\\\\\\\""number\\\\\\\"",\\\\\\\""20\\\\\\\""]\\\"",[\\\""null\\\""]]\""]"",""[\""LANE_B_BOOK_ID_V1\"",\""[\\\""string\\\"",\\\""changdu-app\\\""]\"",\""[\\\""number\\\"",\\\""1075323400\\\""]\"",\""[\\\""RAW_LANGUAGE_SCOPE_V1\\\"",\\\""[\\\\\\\""number\\\\\\\"",\\\\\\\""20\\\\\\\""]\\\"",[\\\""null\\\""]]\""]"",""[\""LANE_B_BOOK_ID_V1\"",\""[\\\""string\\\"",\\\""changdu-app\\\""]\"",\""[\\\""number\\\"",\\\""1075326912\\\""]\"",\""[\\\""RAW_LANGUAGE_SCOPE_V1\\\"",\\\""[\\\\\\\""number\\\\\\\"",\\\\\\\""20\\\\\\\""]\\\"",[\\\""null\\\""]]\""]"",""[\""LANE_B_BOOK_ID_V1\"",\""[\\\""string\\\"",\\\""changdu-app\\\""]\"",\""[\\\""number\\\"",\\\""1075318087\\\""]\"",\""[\\\""RAW_LANGUAGE_SCOPE_V1\\\"",\\\""[\\\\\\\""number\\\\\\\"",\\\\\\\""20\\\\\\\""]\\\"",[\\\""null\\\""]]\""]""]",APPROVED_MAP_CANDIDATE,CROSS_REVIEW_FINAL,TIER_1_STRONG,0.94,4/4 decision+target一致，代表书证与目标语义相符，无明显反证,NONE_IDENTIFIED,1,1,ct-v1-modern-romance,modern-romance,现代言情,APPROVED_OFFLINE_CANDIDATE_ONLY
MAPPING_EDGE,ffbc2d70f9a30479214997a54b16358757197f4ff37f3b9fa55d3d18fea578b5,e74fff4462ae69c0c7ff8773d4088e5be9e610e9f3ea5e653511853151615c46,changdu-app,"[""RAW_LANGUAGE_SCOPE_V1"",""[\""number\"",\""20\""]"",[""null""]]",zh-Hant,現代都市,54++5Luj6YO95biC,59839c0ba853ebbc84c53f573c7623a5907003a2d15e7e984a468d41ef74d159,19,19,19,"[""[\""LANE_B_BOOK_ID_V1\"",\""[\\\""string\\\"",\\\""changdu-app\\\""]\"",\""[\\\""number\\\"",\\\""1075328106\\\""]\"",\""[\\\""RAW_LANGUAGE_SCOPE_V1\\\"",\\\""[\\\\\\\""number\\\\\\\"",\\\\\\\""20\\\\\\\""]\\\"",[\\\""null\\\""]]\""]"",""[\""LANE_B_BOOK_ID_V1\"",\""[\\\""string\\\"",\\\""changdu-app\\\""]\"",\""[\\\""number\\\"",\\\""1075328130\\\""]\"",\""[\\\""RAW_LANGUAGE_SCOPE_V1\\\"",\\\""[\\\\\\\""number\\\\\\\"",\\\\\\\""20\\\\\\\""]\\\"",[\\\""null\\\""]]\""]"",""[\""LANE_B_BOOK_ID_V1\"",\""[\\\""string\\\"",\\\""changdu-app\\\""]\"",\""[\\\""number\\\"",\\\""1075328444\\\""]\"",\""[\\\""RAW_LANGUAGE_SCOPE_V1\\\"",\\\""[\\\\\\\""number\\\\\\\"",\\\\\\\""20\\\\\\\""]\\\"",[\\\""null\\\""]]\""]"",""[\""LANE_B_BOOK_ID_V1\"",\""[\\\""string\\\"",\\\""changdu-app\\\""]\"",\""[\\\""number\\\"",\\\""1075328454\\\""]\"",\""[\\\""RAW_LANGUAGE_SCOPE_V1\\\"",\\\""[\\\\\\\""number\\\\\\\"",\\\\\\\""20\\\\\\\""]\\\"",[\\\""null\\\""]]\""]"",""[\""LANE_B_BOOK_ID_V1\"",\""[\\\""string\\\"",\\\""changdu-app\\\""]\"",\""[\\\""number\\\"",\\\""1075328493\\\""]\"",\""[\\\""RAW_LANGUAGE_SCOPE_V1\\\"",\\\""[\\\\\\\""number\\\\\\\"",\\\\\\\""20\\\\\\\""]\\\"",[\\\""null\\\""]]\""]""]",APPROVED_MAP_CANDIDATE,CROSS_REVIEW_FINAL,TIER_3_TARGET_CONFLICT,0.74,19/19男频但内容异质（古武归来/搞笑直播/乡土/富二代），urban-hero会错配多本；中性urban-setting更稳,A: urban-hero；D亦转urban-setting(0.78),1,1,ct-v1-urban-setting,urban-setting,都市背景,APPROVED_OFFLINE_CANDIDATE_ONLY
MAPPING_EDGE,452e8c2bded7bc22006d54d186b7ad538c0fbf0f4dd1c90822a6101fb26db45b,ec1318abbb2c9cdbd620d5ca22d26b4f5832d087a60cce59291c6795b99cd86e,changdu-app,"[""RAW_LANGUAGE_SCOPE_V1"",""[\""number\"",\""20\""]"",[""null""]]",zh-Hant,男频,55S36aKR,e74d73d99251bb2b99c02896258d9fbcd9817488f6538674fda26534b0b450ac,441,441,441,"[""[\""LANE_B_BOOK_ID_V1\"",\""[\\\""string\\\"",\\\""changdu-app\\\""]\"",\""[\\\""number\\\"",\\\""1075328338\\\""]\"",\""[\\\""RAW_LANGUAGE_SCOPE_V1\\\"",\\\""[\\\\\\\""number\\\\\\\"",\\\\\\\""20\\\\\\\""]\\\"",[\\\""null\\\""]]\""]"",""[\""LANE_B_BOOK_ID_V1\"",\""[\\\""string\\\"",\\\""changdu-app\\\""]\"",\""[\\\""number\\\"",\\\""1075329573\\\""]\"",\""[\\\""RAW_LANGUAGE_SCOPE_V1\\\"",\\\""[\\\\\\\""number\\\\\\\"",\\\\\\\""20\\\\\\\""]\\\"",[\\\""null\\\""]]\""]"",""[\""LANE_B_BOOK_ID_V1\"",\""[\\\""string\\\"",\\\""changdu-app\\\""]\"",\""[\\\""number\\\"",\\\""1075328106\\\""]\"",\""[\\\""RAW_LANGUAGE_SCOPE_V1\\\"",\\\""[\\\\\\\""number\\\\\\\"",\\\\\\\""20\\\\\\\""]\\\"",[\\\""null\\\""]]\""]"",""[\""LANE_B_BOOK_ID_V1\"",\""[\\\""string\\\"",\\\""changdu-app\\\""]\"",\""[\\\""number\\\"",\\\""1075328130\\\""]\"",\""[\\\""RAW_LANGUAGE_SCOPE_V1\\\"",\\\""[\\\\\\\""number\\\\\\\"",\\\\\\\""20\\\\\\\""]\\\"",[\\\""null\\\""]]\""]"",""[\""LANE_B_BOOK_ID_V1\"",\""[\\\""string\\\"",\\\""changdu-app\\\""]\"",\""[\\\""number\\\"",\\\""1075328444\\\""]\"",\""[\\\""RAW_LANGUAGE_SCOPE_V1\\\"",\\\""[\\\\\\\""number\\\\\\\"",\\\\\\\""20\\\\\\\""]\\\"",[\\\""null\\\""]]\""]"",""[\""LANE_B_BOOK_ID_V1\"",\""[\\\""string\\\"",\\\""changdu-app\\\""]\"",\""[\\\""number\\\"",\\\""1075328454\\\""]\"",\""[\\\""RAW_LANGUAGE_SCOPE_V1\\\"",\\\""[\\\\\\\""number\\\\\\\"",\\\\\\\""20\\\\\\\""]\\\"",[\\\""null\\\""]]\""]"",""[\""LANE_B_BOOK_ID_V1\"",\""[\\\""string\\\"",\\\""changdu-app\\\""]\"",\""[\\\""number\\\"",\\\""1075328493\\\""]\"",\""[\\\""RAW_LANGUAGE_SCOPE_V1\\\"",\\\""[\\\\\\\""number\\\\\\\"",\\\\\\\""20\\\\\\\""]\\\"",[\\\""null\\\""]]\""]"",""[\""LANE_B_BOOK_ID_V1\"",\""[\\\""string\\\"",\\\""changdu-app\\\""]\"",\""[\\\""number\\\"",\\\""1075329258\\\""]\"",\""[\\\""RAW_LANGUAGE_SCOPE_V1\\\"",\\\""[\\\\\\\""number\\\\\\\"",\\\\\\\""20\\\\\\\""]\\\"",[\\\""null\\\""]]\""]"",""[\""LANE_B_BOOK_ID_V1\"",\""[\\\""string\\\"",\\\""changdu-app\\\""]\"",\""[\\\""number\\\"",\\\""1075329417\\\""]\"",\""[\\\""RAW_LANGUAGE_SCOPE_V1\\\"",\\\""[\\\\\\\""number\\\\\\\"",\\\\\\\""20\\\\\\\""]\\\"",[\\\""null\\\""]]\""]"",""[\""LANE_B_BOOK_ID_V1\"",\""[\\\""string\\\"",\\\""changdu-app\\\""]\"",\""[\\\""number\\\"",\\\""1075329437\\\""]\"",\""[\\\""RAW_LANGUAGE_SCOPE_V1\\\"",\\\""[\\\\\\\""number\\\\\\\"",\\\\\\\""20\\\\\\\""]\\\"",[\\\""null\\\""]]\""]"",""[\""LANE_B_BOOK_ID_V1\"",\""[\\\""string\\\"",\\\""changdu-app\\\""]\"",\""[\\\""number\\\"",\\\""1075329446\\\""]\"",\""[\\\""RAW_LANGUAGE_SCOPE_V1\\\"",\\\""[\\\\\\\""number\\\\\\\"",\\\\\\\""20\\\\\\\""]\\\"",[\\\""null\\\""]]\""]"",""[\""LANE_B_BOOK_ID_V1\"",\""[\\\""string\\\"",\\\""changdu-app\\\""]\"",\""[\\\""number\\\"",\\\""1075329466\\\""]\"",\""[\\\""RAW_LANGUAGE_SCOPE_V1\\\"",\\\""[\\\\\\\""number\\\\\\\"",\\\\\\\""20\\\\\\\""]\\\"",[\\\""null\\\""]]\""]""]",APPROVED_MAP_CANDIDATE,CROSS_REVIEW_FINAL,TIER_2_GOOD,0.92,A/B/C提出同一概念；119只有female-audience无对称男性向入口，8217本可进女性向而1684本男频书无入口，结构性不对称,D: IGNORE（主张女频男频同进同退；若Owner不扩audience则两者一并IGNORE）,1,1,ct-v1-male-audience,male-audience,男性向,APPROVED_OFFLINE_CANDIDATE_ONLY
MAPPING_EDGE,c3c893fbe24d2f95b97740283406f74402c8df4c373d180e5cfbcbde0d08f84c,9376ebd8515e1da918c8dccd17f81c2d5bd2524f878bdf40336c47b43c878e94,changdu-app,"[""RAW_LANGUAGE_SCOPE_V1"",""[\""number\"",\""20\""]"",[""null""]]",zh-Hant,科幻末世,56eR5bm75pyr5LiW,93a63d8bad7bed27a7049ffe1536209c342d4d30877565ec57a24c1350c08851,22,22,22,"[""[\""LANE_B_BOOK_ID_V1\"",\""[\\\""string\\\"",\\\""changdu-app\\\""]\"",\""[\\\""number\\\"",\\\""1075328338\\\""]\"",\""[\\\""RAW_LANGUAGE_SCOPE_V1\\\"",\\\""[\\\\\\\""number\\\\\\\"",\\\\\\\""20\\\\\\\""]\\\"",[\\\""null\\\""]]\""]"",""[\""LANE_B_BOOK_ID_V1\"",\""[\\\""string\\\"",\\\""changdu-app\\\""]\"",\""[\\\""number\\\"",\\\""1075329573\\\""]\"",\""[\\\""RAW_LANGUAGE_SCOPE_V1\\\"",\\\""[\\\\\\\""number\\\\\\\"",\\\\\\\""20\\\\\\\""]\\\"",[\\\""null\\\""]]\""]"",""[\""LANE_B_BOOK_ID_V1\"",\""[\\\""string\\\"",\\\""changdu-app\\\""]\"",\""[\\\""number\\\"",\\\""1075329325\\\""]\"",\""[\\\""RAW_LANGUAGE_SCOPE_V1\\\"",\\\""[\\\\\\\""number\\\\\\\"",\\\\\\\""20\\\\\\\""]\\\"",[\\\""null\\\""]]\""]"",""[\""LANE_B_BOOK_ID_V1\"",\""[\\\""string\\\"",\\\""changdu-app\\\""]\"",\""[\\\""number\\\"",\\\""1075328743\\\""]\"",\""[\\\""RAW_LANGUAGE_SCOPE_V1\\\"",\\\""[\\\\\\\""number\\\\\\\"",\\\\\\\""20\\\\\\\""]\\\"",[\\\""null\\\""]]\""]"",""[\""LANE_B_BOOK_ID_V1\"",\""[\\\""string\\\"",\\\""changdu-app\\\""]\"",\""[\\\""number\\\"",\\\""1075322071\\\""]\"",\""[\\\""RAW_LANGUAGE_SCOPE_V1\\\"",\\\""[\\\\\\\""number\\\\\\\"",\\\\\\\""20\\\\\\\""]\\\"",[\\\""null\\\""]]\""]""]",APPROVED_MAP_CANDIDATE,CROSS_REVIEW_FINAL,TIER_2_GOOD,0.8,A/C/D给出完全相同的1:N edge set；书证绝大多数同时具备末世舞台+科幻推演（核战/全球灾变/系统），双标假阳性有限,B: HUMAN_REVIEW（反对供应商大桶无证据1:N——本桶书证支持双标，与穿越重生不同）,1,2,ct-v1-science-fiction,science-fiction,科幻,APPROVED_OFFLINE_CANDIDATE_ONLY
MAPPING_EDGE,c3c893fbe24d2f95b97740283406f74402c8df4c373d180e5cfbcbde0d08f84c,9376ebd8515e1da918c8dccd17f81c2d5bd2524f878bdf40336c47b43c878e94,changdu-app,"[""RAW_LANGUAGE_SCOPE_V1"",""[\""number\"",\""20\""]"",[""null""]]",zh-Hant,科幻末世,56eR5bm75pyr5LiW,93a63d8bad7bed27a7049ffe1536209c342d4d30877565ec57a24c1350c08851,22,22,22,"[""[\""LANE_B_BOOK_ID_V1\"",\""[\\\""string\\\"",\\\""changdu-app\\\""]\"",\""[\\\""number\\\"",\\\""1075328338\\\""]\"",\""[\\\""RAW_LANGUAGE_SCOPE_V1\\\"",\\\""[\\\\\\\""number\\\\\\\"",\\\\\\\""20\\\\\\\""]\\\"",[\\\""null\\\""]]\""]"",""[\""LANE_B_BOOK_ID_V1\"",\""[\\\""string\\\"",\\\""changdu-app\\\""]\"",\""[\\\""number\\\"",\\\""1075329573\\\""]\"",\""[\\\""RAW_LANGUAGE_SCOPE_V1\\\"",\\\""[\\\\\\\""number\\\\\\\"",\\\\\\\""20\\\\\\\""]\\\"",[\\\""null\\\""]]\""]"",""[\""LANE_B_BOOK_ID_V1\"",\""[\\\""string\\\"",\\\""changdu-app\\\""]\"",\""[\\\""number\\\"",\\\""1075329325\\\""]\"",\""[\\\""RAW_LANGUAGE_SCOPE_V1\\\"",\\\""[\\\\\\\""number\\\\\\\"",\\\\\\\""20\\\\\\\""]\\\"",[\\\""null\\\""]]\""]"",""[\""LANE_B_BOOK_ID_V1\"",\""[\\\""string\\\"",\\\""changdu-app\\\""]\"",\""[\\\""number\\\"",\\\""1075328743\\\""]\"",\""[\\\""RAW_LANGUAGE_SCOPE_V1\\\"",\\\""[\\\\\\\""number\\\\\\\"",\\\\\\\""20\\\\\\\""]\\\"",[\\\""null\\\""]]\""]"",""[\""LANE_B_BOOK_ID_V1\"",\""[\\\""string\\\"",\\\""changdu-app\\\""]\"",\""[\\\""number\\\"",\\\""1075322071\\\""]\"",\""[\\\""RAW_LANGUAGE_SCOPE_V1\\\"",\\\""[\\\\\\\""number\\\\\\\"",\\\\\\\""20\\\\\\\""]\\\"",[\\\""null\\\""]]\""]""]",APPROVED_MAP_CANDIDATE,CROSS_REVIEW_FINAL,TIER_2_GOOD,0.8,A/C/D给出完全相同的1:N edge set；书证绝大多数同时具备末世舞台+科幻推演（核战/全球灾变/系统），双标假阳性有限,B: HUMAN_REVIEW（反对供应商大桶无证据1:N——本桶书证支持双标，与穿越重生不同）,2,2,ct-v1-apocalypse,apocalypse,末世,APPROVED_OFFLINE_CANDIDATE_ONLY
MAPPING_EDGE,1cbbcde7fa1545e4bf057a1608bca6ec6ae0e162265dbf6157f8a6157ac9e590,c14b1e87ce4c0b26acd8ad02f7abf598dfbdba699bb823cf7c85916508941c0b,changdu-app,"[""RAW_LANGUAGE_SCOPE_V1"",""[\""number\"",\""20\""]"",[""null""]]",zh-Hant,總裁豪門,57i96KOB6LGq6ZaA,e54118e4bf5b38b874a642745f20d907e6ca212433d6ad6e2c5ca111a7ae907d,5,5,5,"[""[\""LANE_B_BOOK_ID_V1\"",\""[\\\""string\\\"",\\\""changdu-app\\\""]\"",\""[\\\""number\\\"",\\\""1075328423\\\""]\"",\""[\\\""RAW_LANGUAGE_SCOPE_V1\\\"",\\\""[\\\\\\\""number\\\\\\\"",\\\\\\\""20\\\\\\\""]\\\"",[\\\""null\\\""]]\""]"",""[\""LANE_B_BOOK_ID_V1\"",\""[\\\""string\\\"",\\\""changdu-app\\\""]\"",\""[\\\""number\\\"",\\\""1075328433\\\""]\"",\""[\\\""RAW_LANGUAGE_SCOPE_V1\\\"",\\\""[\\\\\\\""number\\\\\\\"",\\\\\\\""20\\\\\\\""]\\\"",[\\\""null\\\""]]\""]"",""[\""LANE_B_BOOK_ID_V1\"",\""[\\\""string\\\"",\\\""changdu-app\\\""]\"",\""[\\\""number\\\"",\\\""1075328483\\\""]\"",\""[\\\""RAW_LANGUAGE_SCOPE_V1\\\"",\\\""[\\\\\\\""number\\\\\\\"",\\\\\\\""20\\\\\\\""]\\\"",[\\\""null\\\""]]\""]"",""[\""LANE_B_BOOK_ID_V1\"",\""[\\\""string\\\"",\\\""changdu-app\\\""]\"",\""[\\\""number\\\"",\\\""1075329638\\\""]\"",\""[\\\""RAW_LANGUAGE_SCOPE_V1\\\"",\\\""[\\\\\\\""number\\\\\\\"",\\\\\\\""20\\\\\\\""]\\\"",[\\\""null\\\""]]\""]"",""[\""LANE_B_BOOK_ID_V1\"",\""[\\\""string\\\"",\\\""changdu-app\\\""]\"",\""[\\\""number\\\"",\\\""1075322011\\\""]\"",\""[\\\""RAW_LANGUAGE_SCOPE_V1\\\"",\\\""[\\\\\\\""number\\\\\\\"",\\\\\\\""20\\\\\\\""]\\\"",[\\\""null\\\""]]\""]""]",APPROVED_MAP_CANDIDATE,CROSS_REVIEW_FINAL,TIER_1_STRONG,0.93,4/4 decision+target一致，代表书证与目标语义相符，无明显反证,NONE_IDENTIFIED,1,1,ct-v1-wealthy-ceo,wealthy-ceo,豪门总裁,APPROVED_OFFLINE_CANDIDATE_ONLY
MAPPING_EDGE,f09cbb0e14711b70f58049bd4d8af87a3f6a31ddce88c90f3319b66da85022a1,a2e33592fc838147ddbc94ba1858779b2b3a3dc51b3633e83bc318b519433f78,changdu-app,"[""RAW_LANGUAGE_SCOPE_V1"",""[\""number\"",\""20\""]"",[""null""]]",zh-Hant,耽美同人,6IC9576O5ZCM5Lq6,6c0f843a14cca8bd194e7345aef58bd1503273c9e278d76e304f6e426e6ef632,8,8,8,"[""[\""LANE_B_BOOK_ID_V1\"",\""[\\\""string\\\"",\\\""changdu-app\\\""]\"",\""[\\\""number\\\"",\\\""1075328725\\\""]\"",\""[\\\""RAW_LANGUAGE_SCOPE_V1\\\"",\\\""[\\\\\\\""number\\\\\\\"",\\\\\\\""20\\\\\\\""]\\\"",[\\\""null\\\""]]\""]"",""[\""LANE_B_BOOK_ID_V1\"",\""[\\\""string\\\"",\\\""changdu-app\\\""]\"",\""[\\\""number\\\"",\\\""1075328833\\\""]\"",\""[\\\""RAW_LANGUAGE_SCOPE_V1\\\"",\\\""[\\\\\\\""number\\\\\\\"",\\\\\\\""20\\\\\\\""]\\\"",[\\\""null\\\""]]\""]"",""[\""LANE_B_BOOK_ID_V1\"",\""[\\\""string\\\"",\\\""changdu-app\\\""]\"",\""[\\\""number\\\"",\\\""1075328116\\\""]\"",\""[\\\""RAW_LANGUAGE_SCOPE_V1\\\"",\\\""[\\\\\\\""number\\\\\\\"",\\\\\\\""20\\\\\\\""]\\\"",[\\\""null\\\""]]\""]"",""[\""LANE_B_BOOK_ID_V1\"",\""[\\\""string\\\"",\\\""changdu-app\\\""]\"",\""[\\\""number\\\"",\\\""1075328713\\\""]\"",\""[\\\""RAW_LANGUAGE_SCOPE_V1\\\"",\\\""[\\\\\\\""number\\\\\\\"",\\\\\\\""20\\\\\\\""]\\\"",[\\\""null\\\""]]\""]"",""[\""LANE_B_BOOK_ID_V1\"",\""[\\\""string\\\"",\\\""changdu-app\\\""]\"",\""[\\\""number\\\"",\\\""1075328723\\\""]\"",\""[\\\""RAW_LANGUAGE_SCOPE_V1\\\"",\\\""[\\\\\\\""number\\\\\\\"",\\\\\\\""20\\\\\\\""]\\\"",[\\\""null\\\""]]\""]""]",APPROVED_MAP_CANDIDATE,CROSS_REVIEW_FINAL,TIER_2_GOOD,0.7,A/C/D归入LGBT概念；书证含明确耽美（直男掰彎指南/染指河山）；「同人」成分处理为alias而非第二个tag,B: HUMAN_REVIEW(0.55)；关联fanfiction alias问题,1,1,ct-v1-lgbtq-romance,lgbtq-romance,LGBTQ+恋爱,APPROVED_OFFLINE_CANDIDATE_ONLY
MAPPING_EDGE,067d18fb5fbde47675a339a8f739cc6e3cdd392c019f6887426e36093384f2d5,7d8440bc1967afc4126c56326ee9e342c84bec0ca6e1dfd8673e48c6335159b3,changdu-app,"[""RAW_LANGUAGE_SCOPE_V1"",""[\""number\"",\""20\""]"",[""null""]]",zh-Hant,軍事戰爭,6LuN5LqL5oiw54it,01f79c2f6f3f4725202082e8df646b39effa58d31477d17fde044bafb29a9674,3,3,3,"[""[\""LANE_B_BOOK_ID_V1\"",\""[\\\""string\\\"",\\\""changdu-app\\\""]\"",\""[\\\""number\\\"",\\\""1075322185\\\""]\"",\""[\\\""RAW_LANGUAGE_SCOPE_V1\\\"",\\\""[\\\\\\\""number\\\\\\\"",\\\\\\\""20\\\\\\\""]\\\"",[\\\""null\\\""]]\""]"",""[\""LANE_B_BOOK_ID_V1\"",\""[\\\""string\\\"",\\\""changdu-app\\\""]\"",\""[\\\""number\\\"",\\\""1075322848\\\""]\"",\""[\\\""RAW_LANGUAGE_SCOPE_V1\\\"",\\\""[\\\\\\\""number\\\\\\\"",\\\\\\\""20\\\\\\\""]\\\"",[\\\""null\\\""]]\""]"",""[\""LANE_B_BOOK_ID_V1\"",\""[\\\""string\\\"",\\\""changdu-app\\\""]\"",\""[\\\""number\\\"",\\\""1075326395\\\""]\"",\""[\\\""RAW_LANGUAGE_SCOPE_V1\\\"",\\\""[\\\\\\\""number\\\\\\\"",\\\\\\\""20\\\\\\\""]\\\"",[\\\""null\\\""]]\""]""]",APPROVED_MAP_CANDIDATE,CROSS_REVIEW_FINAL,TIER_2_GOOD,0.62,3/4一致；3本中2本战争主线（抗日/明初战乱），1本卧底刑侦错配,D: HUMAN_REVIEW（抗日/卧底/大明混装）,1,1,ct-v1-military,military,军旅,APPROVED_OFFLINE_CANDIDATE_ONLY
MAPPING_EDGE,f19ac8e82923d507547fc8005678f54445b66b4037f9fc7d1bf20100ec85dc89,94411a819ef665abf8973eba6ec634f18feef1b4d1967e2e5998b8a856328002,changdu-app,"[""RAW_LANGUAGE_SCOPE_V1"",""[\""number\"",\""20\""]"",[""null""]]",zh-Hant,遊戲競技,6YGK5oiy56u25oqA,d00759a4fdff266ea129e26dbbada51dbbac9378da3fb8142cab92a248b7678b,9,9,9,"[""[\""LANE_B_BOOK_ID_V1\"",\""[\\\""string\\\"",\\\""changdu-app\\\""]\"",\""[\\\""number\\\"",\\\""1075320599\\\""]\"",\""[\\\""RAW_LANGUAGE_SCOPE_V1\\\"",\\\""[\\\\\\\""number\\\\\\\"",\\\\\\\""20\\\\\\\""]\\\"",[\\\""null\\\""]]\""]"",""[\""LANE_B_BOOK_ID_V1\"",\""[\\\""string\\\"",\\\""changdu-app\\\""]\"",\""[\\\""number\\\"",\\\""1075322030\\\""]\"",\""[\\\""RAW_LANGUAGE_SCOPE_V1\\\"",\\\""[\\\\\\\""number\\\\\\\"",\\\\\\\""20\\\\\\\""]\\\"",[\\\""null\\\""]]\""]"",""[\""LANE_B_BOOK_ID_V1\"",\""[\\\""string\\\"",\\\""changdu-app\\\""]\"",\""[\\\""number\\\"",\\\""1075322208\\\""]\"",\""[\\\""RAW_LANGUAGE_SCOPE_V1\\\"",\\\""[\\\\\\\""number\\\\\\\"",\\\\\\\""20\\\\\\\""]\\\"",[\\\""null\\\""]]\""]"",""[\""LANE_B_BOOK_ID_V1\"",\""[\\\""string\\\"",\\\""changdu-app\\\""]\"",\""[\\\""number\\\"",\\\""1075321749\\\""]\"",\""[\\\""RAW_LANGUAGE_SCOPE_V1\\\"",\\\""[\\\\\\\""number\\\\\\\"",\\\\\\\""20\\\\\\\""]\\\"",[\\\""null\\\""]]\""]"",""[\""LANE_B_BOOK_ID_V1\"",\""[\\\""string\\\"",\\\""changdu-app\\\""]\"",\""[\\\""number\\\"",\\\""1075325028\\\""]\"",\""[\\\""RAW_LANGUAGE_SCOPE_V1\\\"",\\\""[\\\\\\\""number\\\\\\\"",\\\\\\\""20\\\\\\\""]\\\"",[\\\""null\\\""]]\""]""]",APPROVED_MAP_CANDIDATE,CROSS_REVIEW_FINAL,TIER_1_STRONG,0.83,4/4提出同一概念（slug词序不同已归一）；书证为电竞/网游/游戏变现，system-fantasy不等价,NONE_IDENTIFIED,1,1,ct-v1-gaming-esports,gaming-esports,游戏竞技,APPROVED_OFFLINE_CANDIDATE_ONLY
MAPPING_EDGE,1e6e62e6b83d461d165c31bb52c58e6ea7684783cb3749cab3240e7a8e8d1237,fa946ea1c844a27c507d31dd8a174bc94f56566d49de29beebe68521f0b8e1f6,changdu-app,"[""RAW_LANGUAGE_SCOPE_V1"",""[\""number\"",\""20\""]"",[""null""]]",zh-Hant,都市,6YO95biC,d7eef7209e798c5878be3dd34695368fe31f9cc0f644ad9bda4525150a0a449c,6,6,6,"[""[\""LANE_B_BOOK_ID_V1\"",\""[\\\""string\\\"",\\\""changdu-app\\\""]\"",\""[\\\""number\\\"",\\\""1075322144\\\""]\"",\""[\\\""RAW_LANGUAGE_SCOPE_V1\\\"",\\\""[\\\\\\\""number\\\\\\\"",\\\\\\\""20\\\\\\\""]\\\"",[\\\""null\\\""]]\""]"",""[\""LANE_B_BOOK_ID_V1\"",\""[\\\""string\\\"",\\\""changdu-app\\\""]\"",\""[\\\""number\\\"",\\\""1075321439\\\""]\"",\""[\\\""RAW_LANGUAGE_SCOPE_V1\\\"",\\\""[\\\\\\\""number\\\\\\\"",\\\\\\\""20\\\\\\\""]\\\"",[\\\""null\\\""]]\""]"",""[\""LANE_B_BOOK_ID_V1\"",\""[\\\""string\\\"",\\\""changdu-app\\\""]\"",\""[\\\""number\\\"",\\\""1075320868\\\""]\"",\""[\\\""RAW_LANGUAGE_SCOPE_V1\\\"",\\\""[\\\\\\\""number\\\\\\\"",\\\\\\\""20\\\\\\\""]\\\"",[\\\""null\\\""]]\""]"",""[\""LANE_B_BOOK_ID_V1\"",\""[\\\""string\\\"",\\\""changdu-app\\\""]\"",\""[\\\""number\\\"",\\\""1075322110\\\""]\"",\""[\\\""RAW_LANGUAGE_SCOPE_V1\\\"",\\\""[\\\\\\\""number\\\\\\\"",\\\\\\\""20\\\\\\\""]\\\"",[\\\""null\\\""]]\""]"",""[\""LANE_B_BOOK_ID_V1\"",\""[\\\""string\\\"",\\\""changdu-app\\\""]\"",\""[\\\""number\\\"",\\\""1075318165\\\""]\"",\""[\\\""RAW_LANGUAGE_SCOPE_V1\\\"",\\\""[\\\\\\\""number\\\\\\\"",\\\\\\\""20\\\\\\\""]\\\"",[\\\""null\\\""]]\""]""]",APPROVED_MAP_CANDIDATE,CROSS_REVIEW_FINAL,TIER_3_TARGET_CONFLICT,0.72,5/6书证为狂仙奶爸/战神赘婿/重生俗人（1本冥商偏灵异）,B/C: urban-setting,1,1,ct-v1-urban-hero,urban-hero,都市英雄,APPROVED_OFFLINE_CANDIDATE_ONLY
MAPPING_EDGE,15431d11eea66e318eb8be96453a2ad1d96fceb53fa21d841d1c77d83961f209,72b123b8398554f90b5129875a47fdd695688ca008109346767eb7ea3d893453,changdu-app,"[""RAW_LANGUAGE_SCOPE_V1"",""[\""number\"",\""20\""]"",[""null""]]",zh-Hant,靈異推理,6Z2I55Ww5o6o55CG,b4c643a360b1b032e862512b7746ee803198ae72ba2797b31972f1fd029df852,9,9,9,"[""[\""LANE_B_BOOK_ID_V1\"",\""[\\\""string\\\"",\\\""changdu-app\\\""]\"",\""[\\\""number\\\"",\\\""1075322586\\\""]\"",\""[\\\""RAW_LANGUAGE_SCOPE_V1\\\"",\\\""[\\\\\\\""number\\\\\\\"",\\\\\\\""20\\\\\\\""]\\\"",[\\\""null\\\""]]\""]"",""[\""LANE_B_BOOK_ID_V1\"",\""[\\\""string\\\"",\\\""changdu-app\\\""]\"",\""[\\\""number\\\"",\\\""1075326400\\\""]\"",\""[\\\""RAW_LANGUAGE_SCOPE_V1\\\"",\\\""[\\\\\\\""number\\\\\\\"",\\\\\\\""20\\\\\\\""]\\\"",[\\\""null\\\""]]\""]"",""[\""LANE_B_BOOK_ID_V1\"",\""[\\\""string\\\"",\\\""changdu-app\\\""]\"",\""[\\\""number\\\"",\\\""1075322112\\\""]\"",\""[\\\""RAW_LANGUAGE_SCOPE_V1\\\"",\\\""[\\\\\\\""number\\\\\\\"",\\\\\\\""20\\\\\\\""]\\\"",[\\\""null\\\""]]\""]"",""[\""LANE_B_BOOK_ID_V1\"",\""[\\\""string\\\"",\\\""changdu-app\\\""]\"",\""[\\\""number\\\"",\\\""1075322616\\\""]\"",\""[\\\""RAW_LANGUAGE_SCOPE_V1\\\"",\\\""[\\\\\\\""number\\\\\\\"",\\\\\\\""20\\\\\\\""]\\\"",[\\\""null\\\""]]\""]"",""[\""LANE_B_BOOK_ID_V1\"",\""[\\\""string\\\"",\\\""changdu-app\\\""]\"",\""[\\\""number\\\"",\\\""1075323152\\\""]\"",\""[\\\""RAW_LANGUAGE_SCOPE_V1\\\"",\\\""[\\\\\\\""number\\\\\\\"",\\\\\\\""20\\\\\\\""]\\\"",[\\\""null\\\""]]\""]""]",APPROVED_MAP_CANDIDATE,CROSS_REVIEW_FINAL,TIER_3_TARGET_CONFLICT,0.75,约6/9书证为灵异（黑白無常/鬼丈夫/樓鬼），2本纯推理噪声——归入supernatural,B: HUMAN_REVIEW(0.62)；A: +suspense edge,1,1,ct-v1-supernatural,supernatural,灵异,APPROVED_OFFLINE_CANDIDATE_ONLY
MAPPING_EDGE,239af4107e04bc1f368683f82d7d4a1e78ff549af97cfc793b8f7783b6e77421,cd54b3c5851ef4289e6daaba15e63d314282539f350cae5ec53b4cd8d1a1d878,changdu-app,"[""RAW_LANGUAGE_SCOPE_V1"",""[\""number\"",\""20\""]"",[""null""]]",zh-Hant,青春校園,6Z2S5pil5qCh5ZyS,dba300521370d0a3fd17b89dd5ef677bf102271461a704076a0f7ad84dc79314,66,66,66,"[""[\""LANE_B_BOOK_ID_V1\"",\""[\\\""string\\\"",\\\""changdu-app\\\""]\"",\""[\\\""number\\\"",\\\""1075328646\\\""]\"",\""[\\\""RAW_LANGUAGE_SCOPE_V1\\\"",\\\""[\\\\\\\""number\\\\\\\"",\\\\\\\""20\\\\\\\""]\\\"",[\\\""null\\\""]]\""]"",""[\""LANE_B_BOOK_ID_V1\"",\""[\\\""string\\\"",\\\""changdu-app\\\""]\"",\""[\\\""number\\\"",\\\""1075329400\\\""]\"",\""[\\\""RAW_LANGUAGE_SCOPE_V1\\\"",\\\""[\\\\\\\""number\\\\\\\"",\\\\\\\""20\\\\\\\""]\\\"",[\\\""null\\\""]]\""]"",""[\""LANE_B_BOOK_ID_V1\"",\""[\\\""string\\\"",\\\""changdu-app\\\""]\"",\""[\\\""number\\\"",\\\""1075329435\\\""]\"",\""[\\\""RAW_LANGUAGE_SCOPE_V1\\\"",\\\""[\\\\\\\""number\\\\\\\"",\\\\\\\""20\\\\\\\""]\\\"",[\\\""null\\\""]]\""]"",""[\""LANE_B_BOOK_ID_V1\"",\""[\\\""string\\\"",\\\""changdu-app\\\""]\"",\""[\\\""number\\\"",\\\""1075328127\\\""]\"",\""[\\\""RAW_LANGUAGE_SCOPE_V1\\\"",\\\""[\\\\\\\""number\\\\\\\"",\\\\\\\""20\\\\\\\""]\\\"",[\\\""null\\\""]]\""]"",""[\""LANE_B_BOOK_ID_V1\"",\""[\\\""string\\\"",\\\""changdu-app\\\""]\"",\""[\\\""number\\\"",\\\""1075328158\\\""]\"",\""[\\\""RAW_LANGUAGE_SCOPE_V1\\\"",\\\""[\\\\\\\""number\\\\\\\"",\\\\\\\""20\\\\\\\""]\\\"",[\\\""null\\\""]]\""]"",""[\""LANE_B_BOOK_ID_V1\"",\""[\\\""string\\\"",\\\""changdu-app\\\""]\"",\""[\\\""number\\\"",\\\""1075328222\\\""]\"",\""[\\\""RAW_LANGUAGE_SCOPE_V1\\\"",\\\""[\\\\\\\""number\\\\\\\"",\\\\\\\""20\\\\\\\""]\\\"",[\\\""null\\\""]]\""]"",""[\""LANE_B_BOOK_ID_V1\"",\""[\\\""string\\\"",\\\""changdu-app\\\""]\"",\""[\\\""number\\\"",\\\""1075328812\\\""]\"",\""[\\\""RAW_LANGUAGE_SCOPE_V1\\\"",\\\""[\\\\\\\""number\\\\\\\"",\\\\\\\""20\\\\\\\""]\\\"",[\\\""null\\\""]]\""]"",""[\""LANE_B_BOOK_ID_V1\"",\""[\\\""string\\\"",\\\""changdu-app\\\""]\"",\""[\\\""number\\\"",\\\""1075328862\\\""]\"",\""[\\\""RAW_LANGUAGE_SCOPE_V1\\\"",\\\""[\\\\\\\""number\\\\\\\"",\\\\\\\""20\\\\\\\""]\\\"",[\\\""null\\\""]]\""]"",""[\""LANE_B_BOOK_ID_V1\"",\""[\\\""string\\\"",\\\""changdu-app\\\""]\"",\""[\\\""number\\\"",\\\""1075329299\\\""]\"",\""[\\\""RAW_LANGUAGE_SCOPE_V1\\\"",\\\""[\\\\\\\""number\\\\\\\"",\\\\\\\""20\\\\\\\""]\\\"",[\\\""null\\\""]]\""]""]",APPROVED_MAP_CANDIDATE,CROSS_REVIEW_FINAL,TIER_2_GOOD,0.84,四家同decision同target；但书证存在部分反证：同简体：校园主体成立但含非校园言情,NONE_IDENTIFIED,1,1,ct-v1-campus,campus,校园,APPROVED_OFFLINE_CANDIDATE_ONLY
MAPPING_EDGE,430a7921dd07537e834c138df5c034457fe831302f1d05ed2a2a048675323a12,3f201d7f1a6329487cac3420faa1855c90b4e71a4bd941b2faf353d374e5389b,changdu-app,"[""RAW_LANGUAGE_SCOPE_V1"",""[\""number\"",\""20\""]"",[""null""]]",zh-Hant,魔幻情緣,6a2U5bm75oOF57ej,12d850ccaf71e2c7cb47a48bf28e69c178bc58661d4a9db86b24a01ee9599b8d,14,14,14,"[""[\""LANE_B_BOOK_ID_V1\"",\""[\\\""string\\\"",\\\""changdu-app\\\""]\"",\""[\\\""number\\\"",\\\""1075328714\\\""]\"",\""[\\\""RAW_LANGUAGE_SCOPE_V1\\\"",\\\""[\\\\\\\""number\\\\\\\"",\\\\\\\""20\\\\\\\""]\\\"",[\\\""null\\\""]]\""]"",""[\""LANE_B_BOOK_ID_V1\"",\""[\\\""string\\\"",\\\""changdu-app\\\""]\"",\""[\\\""number\\\"",\\\""1075329087\\\""]\"",\""[\\\""RAW_LANGUAGE_SCOPE_V1\\\"",\\\""[\\\\\\\""number\\\\\\\"",\\\\\\\""20\\\\\\\""]\\\"",[\\\""null\\\""]]\""]"",""[\""LANE_B_BOOK_ID_V1\"",\""[\\\""string\\\"",\\\""changdu-app\\\""]\"",\""[\\\""number\\\"",\\\""1075329165\\\""]\"",\""[\\\""RAW_LANGUAGE_SCOPE_V1\\\"",\\\""[\\\\\\\""number\\\\\\\"",\\\\\\\""20\\\\\\\""]\\\"",[\\\""null\\\""]]\""]"",""[\""LANE_B_BOOK_ID_V1\"",\""[\\\""string\\\"",\\\""changdu-app\\\""]\"",\""[\\\""number\\\"",\\\""1075329375\\\""]\"",\""[\\\""RAW_LANGUAGE_SCOPE_V1\\\"",\\\""[\\\\\\\""number\\\\\\\"",\\\\\\\""20\\\\\\\""]\\\"",[\\\""null\\\""]]\""]"",""[\""LANE_B_BOOK_ID_V1\"",\""[\\\""string\\\"",\\\""changdu-app\\\""]\"",\""[\\\""number\\\"",\\\""1075327815\\\""]\"",\""[\\\""RAW_LANGUAGE_SCOPE_V1\\\"",\\\""[\\\\\\\""number\\\\\\\"",\\\\\\\""20\\\\\\\""]\\\"",[\\\""null\\\""]]\""]""]",APPROVED_MAP_CANDIDATE,CROSS_REVIEW_FINAL,TIER_2_GOOD,0.6,3/4一致；但繁体书证更杂（星际兽世/无限流/惊悚直播），fantasy承载偏宽——列入过映射观察,D: HUMAN_REVIEW(0.58),1,1,ct-v1-fantasy,fantasy,奇幻,APPROVED_OFFLINE_CANDIDATE_ONLY
COMPOUND_GROUP_SUMMARY,895b9a5cd9fd7c407a6e90211ccac1bf35cd5cde650248d5394e7099b345fd8d,3bfefcca0173c8f1a11713cb459c9f14292824bf0ed0754c439860aaba099b1c,changdu-app,"[""RAW_LANGUAGE_SCOPE_V1"",""[\""number\"",\""19\""]"",[""null""]]",zh-Hans,科幻末世,56eR5bm75pyr5LiW,93a63d8bad7bed27a7049ffe1536209c342d4d30877565ec57a24c1350c08851,10,10,10,"[""[\""LANE_B_BOOK_ID_V1\"",\""[\\\""string\\\"",\\\""changdu-app\\\""]\"",\""[\\\""number\\\"",\\\""5610495\\\""]\"",\""[\\\""RAW_LANGUAGE_SCOPE_V1\\\"",\\\""[\\\\\\\""number\\\\\\\"",\\\\\\\""19\\\\\\\""]\\\"",[\\\""null\\\""]]\""]"",""[\""LANE_B_BOOK_ID_V1\"",\""[\\\""string\\\"",\\\""changdu-app\\\""]\"",\""[\\\""number\\\"",\\\""5604150\\\""]\"",\""[\\\""RAW_LANGUAGE_SCOPE_V1\\\"",\\\""[\\\\\\\""number\\\\\\\"",\\\\\\\""19\\\\\\\""]\\\"",[\\\""null\\\""]]\""]"",""[\""LANE_B_BOOK_ID_V1\"",\""[\\\""string\\\"",\\\""changdu-app\\\""]\"",\""[\\\""number\\\"",\\\""5603858\\\""]\"",\""[\\\""RAW_LANGUAGE_SCOPE_V1\\\"",\\\""[\\\\\\\""number\\\\\\\"",\\\\\\\""19\\\\\\\""]\\\"",[\\\""null\\\""]]\""]"",""[\""LANE_B_BOOK_ID_V1\"",\""[\\\""string\\\"",\\\""changdu-app\\\""]\"",\""[\\\""number\\\"",\\\""5605099\\\""]\"",\""[\\\""RAW_LANGUAGE_SCOPE_V1\\\"",\\\""[\\\\\\\""number\\\\\\\"",\\\\\\\""19\\\\\\\""]\\\"",[\\\""null\\\""]]\""]"",""[\""LANE_B_BOOK_ID_V1\"",\""[\\\""string\\\"",\\\""changdu-app\\\""]\"",\""[\\\""number\\\"",\\\""5604472\\\""]\"",\""[\\\""RAW_LANGUAGE_SCOPE_V1\\\"",\\\""[\\\\\\\""number\\\\\\\"",\\\\\\\""19\\\\\\\""]\\\"",[\\\""null\\\""]]\""]""]",APPROVED_MAP_CANDIDATE,CROSS_REVIEW_FINAL,TIER_2_GOOD,0.8,A/C/D给出完全相同的1:N edge set；书证绝大多数同时具备末世舞台+科幻推演（核战/全球灾变/系统），双标假阳性有限,B: HUMAN_REVIEW（反对供应商大桶无证据1:N——本桶书证支持双标，与穿越重生不同）,,2,,,,OFFLINE_GROUP_SUMMARY_NOT_AN_EDGE
COMPOUND_GROUP_SUMMARY,c3c893fbe24d2f95b97740283406f74402c8df4c373d180e5cfbcbde0d08f84c,9376ebd8515e1da918c8dccd17f81c2d5bd2524f878bdf40336c47b43c878e94,changdu-app,"[""RAW_LANGUAGE_SCOPE_V1"",""[\""number\"",\""20\""]"",[""null""]]",zh-Hant,科幻末世,56eR5bm75pyr5LiW,93a63d8bad7bed27a7049ffe1536209c342d4d30877565ec57a24c1350c08851,22,22,22,"[""[\""LANE_B_BOOK_ID_V1\"",\""[\\\""string\\\"",\\\""changdu-app\\\""]\"",\""[\\\""number\\\"",\\\""1075328338\\\""]\"",\""[\\\""RAW_LANGUAGE_SCOPE_V1\\\"",\\\""[\\\\\\\""number\\\\\\\"",\\\\\\\""20\\\\\\\""]\\\"",[\\\""null\\\""]]\""]"",""[\""LANE_B_BOOK_ID_V1\"",\""[\\\""string\\\"",\\\""changdu-app\\\""]\"",\""[\\\""number\\\"",\\\""1075329573\\\""]\"",\""[\\\""RAW_LANGUAGE_SCOPE_V1\\\"",\\\""[\\\\\\\""number\\\\\\\"",\\\\\\\""20\\\\\\\""]\\\"",[\\\""null\\\""]]\""]"",""[\""LANE_B_BOOK_ID_V1\"",\""[\\\""string\\\"",\\\""changdu-app\\\""]\"",\""[\\\""number\\\"",\\\""1075329325\\\""]\"",\""[\\\""RAW_LANGUAGE_SCOPE_V1\\\"",\\\""[\\\\\\\""number\\\\\\\"",\\\\\\\""20\\\\\\\""]\\\"",[\\\""null\\\""]]\""]"",""[\""LANE_B_BOOK_ID_V1\"",\""[\\\""string\\\"",\\\""changdu-app\\\""]\"",\""[\\\""number\\\"",\\\""1075328743\\\""]\"",\""[\\\""RAW_LANGUAGE_SCOPE_V1\\\"",\\\""[\\\\\\\""number\\\\\\\"",\\\\\\\""20\\\\\\\""]\\\"",[\\\""null\\\""]]\""]"",""[\""LANE_B_BOOK_ID_V1\"",\""[\\\""string\\\"",\\\""changdu-app\\\""]\"",\""[\\\""number\\\"",\\\""1075322071\\\""]\"",\""[\\\""RAW_LANGUAGE_SCOPE_V1\\\"",\\\""[\\\\\\\""number\\\\\\\"",\\\\\\\""20\\\\\\\""]\\\"",[\\\""null\\\""]]\""]""]",APPROVED_MAP_CANDIDATE,CROSS_REVIEW_FINAL,TIER_2_GOOD,0.8,A/C/D给出完全相同的1:N edge set；书证绝大多数同时具备末世舞台+科幻推演（核战/全球灾变/系统），双标假阳性有限,B: HUMAN_REVIEW（反对供应商大桶无证据1:N——本桶书证支持双标，与穿越重生不同）,,2,,,,OFFLINE_GROUP_SUMMARY_NOT_AN_EDGE
