mapping_key,parent_mapping_key,raw_language_scope,scope_label,exact_raw_token,book_frequency,A_decision,A_target,A_confidence,B_decision,B_target,B_confidence,C_decision,C_target,C_confidence,D_decision,D_target,D_confidence,decision_vote_pattern,target_vote_pattern,consensus_tier,final_verdict,final_target,final_target_canonical_id,final_confidence,evidence_basis,minority_reason,owner_review_required
3ae9a97ddccca9a39cf7317ec08eabc743034af9b43cfc91f02677de2ae90f25,,"[""RAW_LANGUAGE_SCOPE_V1"",""[\""number\"",\""10\""]"",[""string"",""阿拉伯语""]]",AR,Adolescent,2,MAP_EXISTING,young-adult,0.7,MAP_EXISTING,young-adult,0.88,MAP_EXISTING,young-adult,0.85,MAP_EXISTING,young-adult,0.74,4MAP_EXISTING,young-adult×4,TIER_2_GOOD,ACCEPT_MAP,young-adult,ct-v1-young-adult,0.79,四家同decision同target；但书证存在部分反证：仅2本，偏青春但样本极小,,false
9493a43ef28b9c0e63b17aff62cd6e86fd5c2b01c8ce4a3326235d43a2a66427,,"[""RAW_LANGUAGE_SCOPE_V1"",""[\""number\"",\""10\""]"",[""string"",""阿拉伯语""]]",AR,Autres,1,IGNORE_NON_CONTENT,IGNORE_NON_CONTENT,0.9,IGNORE_NON_CONTENT,IGNORE_NON_CONTENT,0.98,IGNORE_NON_CONTENT,IGNORE_NON_CONTENT,0.9,IGNORE_NON_CONTENT,IGNORE_NON_CONTENT,0.94,4IGNORE_NON_CONTENT,IGNORE_NON_CONTENT×4,TIER_1_STRONG,ACCEPT_IGNORE,,,0.93,4/4一致：格式/兜底/目录型token，无独立内容检索语义（Others/短篇/图书家族）,,false
b8ccfb7b5c452205ca1f0c2b9444e2df59b8332776c430fece3bdabd215972cf,,"[""RAW_LANGUAGE_SCOPE_V1"",""[\""number\"",\""10\""]"",[""string"",""阿拉伯语""]]",AR,Histoire,3,MAP_EXISTING,historical-romance,0.75,MAP_EXISTING,historical-romance,0.9,HUMAN_REVIEW,HUMAN_REVIEW,0.5,HUMAN_REVIEW,HUMAN_REVIEW,0.46,2MAP_EXISTING+2HUMAN_REVIEW,historical-romance×2; HUMAN_REVIEW×2,TIER_4_SPLIT,ACCEPT_MAP,historical-romance,ct-v1-historical-romance,0.68,2/3书证为重生太子妃/21世纪法医穿越皇室——支持古言；阿语scope样本极小(46本)且包装混乱，低置信接受,C/D: HUMAN_REVIEW（scope证据薄）,false
1de6cfe112f10e6e448f194a3db9ac942f556621730ba1a2111e964a5dd53096,,"[""RAW_LANGUAGE_SCOPE_V1"",""[\""number\"",\""10\""]"",[""string"",""阿拉伯语""]]",AR,Horreur,1,NEW_CANONICAL,NEW:horror,0.75,NEW_CANONICAL,NEW:horror,0.95,NEW_CANONICAL,NEW:horror,0.88,HUMAN_REVIEW,HUMAN_REVIEW,0.47,3NEW_CANONICAL+1HUMAN_REVIEW,NEW:horror×3; HUMAN_REVIEW×1,TIER_2_GOOD,ACCEPT_NEW_CANONICAL,NEW:horror,,0.8,A/B/C提出同一horror概念；本scope书证干净：真鬼屋超自然书证；suspense无法承载恐惧体验检索,D: HUMAN_REVIEW（对全部Horror键一刀切0.47——对本scope过度保守）,false
b9262dee87525c3c454090110b3429e5e13e6746599d21015079173312391f0b,,"[""RAW_LANGUAGE_SCOPE_V1"",""[\""number\"",\""10\""]"",[""string"",""阿拉伯语""]]",AR,LGBT+,1,HUMAN_REVIEW,HUMAN_REVIEW,0.5,NEW_CANONICAL,NEW:lgbtq,0.8,NEW_CANONICAL,NEW:lgbt-plus,0.85,HUMAN_REVIEW,HUMAN_REVIEW,0.4,2HUMAN_REVIEW+2NEW_CANONICAL,HUMAN_REVIEW×2; NEW:lgbtq×1; NEW:lgbt-plus×1,TIER_5_SOURCE_DIRTY,DEFER_SOURCE_DIRTY,,,0.45,f=1，唯一书证（芝加哥娱乐公司CEO诱惑）无法确认同性主线；阿语scope整体包装混乱,B/C: NEW lgbt（字面）,false
7e618817e78962da9edb6baf8691390d3b3e2706d15eddc3d09d2539816c7296,,"[""RAW_LANGUAGE_SCOPE_V1"",""[\""number\"",\""10\""]"",[""string"",""阿拉伯语""]]",AR,Loup-garou,1,MAP_EXISTING,werewolf,0.9,MAP_EXISTING,werewolf,0.86,MAP_EXISTING,werewolf,0.9,MAP_EXISTING,werewolf,0.95,4MAP_EXISTING,werewolf×4,TIER_1_STRONG,ACCEPT_MAP,werewolf,ct-v1-werewolf,0.9,4/4 decision+target一致，代表书证与目标语义相符，无明显反证,,false
9e3e24ba4fec19dadbbdea9febf794490cfcbbf3b3d80363d3a26ff16521de62,,"[""RAW_LANGUAGE_SCOPE_V1"",""[\""number\"",\""10\""]"",[""string"",""阿拉伯语""]]",AR,Milliardaires,3,MAP_EXISTING,wealthy-ceo,0.9,MAP_EXISTING,wealthy-ceo,0.82,MAP_EXISTING,wealthy-ceo,0.9,MAP_EXISTING,wealthy-ceo,0.93,4MAP_EXISTING,wealthy-ceo×4,TIER_1_STRONG,ACCEPT_MAP,wealthy-ceo,ct-v1-wealthy-ceo,0.89,4/4 decision+target一致，代表书证与目标语义相符，无明显反证,,false
78f4a1c02b1b798180ad97f2db7e9fe234eadb604ca912f73e598ed8e664503f,,"[""RAW_LANGUAGE_SCOPE_V1"",""[\""number\"",\""10\""]"",[""string"",""阿拉伯语""]]",AR,Moderne,22,MAP_EXISTING,modern-romance,0.9,MAP_EXISTING,modern-romance,0.95,MAP_EXISTING,contemporary-setting,0.85,MAP_EXISTING,modern-romance,0.9,4MAP_EXISTING,modern-romance×3; contemporary-setting×1,TIER_3_TARGET_CONFLICT,ACCEPT_MAP,modern-romance,ct-v1-modern-romance,0.88,女频共现~100%，书证全为现代豪门婚恋/复仇言情；modern-romance为检索等价入口,C: contemporary-setting（setting facet字面映射，不错但检索价值低）,false
59b85bb4453c8d7376fd95163cbee8167ed7197deb41b88bb80ef96b4b34eefa,,"[""RAW_LANGUAGE_SCOPE_V1"",""[\""number\"",\""10\""]"",[""string"",""阿拉伯语""]]",AR,Nouvelles,1,IGNORE_NON_CONTENT,IGNORE_NON_CONTENT,0.85,IGNORE_NON_CONTENT,IGNORE_NON_CONTENT,0.98,IGNORE_NON_CONTENT,IGNORE_NON_CONTENT,0.9,IGNORE_NON_CONTENT,IGNORE_NON_CONTENT,0.92,4IGNORE_NON_CONTENT,IGNORE_NON_CONTENT×4,TIER_1_STRONG,ACCEPT_IGNORE,,,0.91,4/4一致：格式/兜底/目录型token，无独立内容检索语义（Others/短篇/图书家族）,,false
e3784ea74ed2174d2d3a4da726c0dd1ca5b4164798bc9964a131219f5d9c212c,,"[""RAW_LANGUAGE_SCOPE_V1"",""[\""number\"",\""10\""]"",[""string"",""阿拉伯语""]]",AR,Romance,8,MAP_EXISTING,romance,0.88,MAP_EXISTING,romance,0.95,MAP_EXISTING,romance,0.95,MAP_EXISTING,romance,0.9,4MAP_EXISTING,romance×4,TIER_1_STRONG,ACCEPT_MAP,romance,ct-v1-romance,0.92,4/4 decision+target一致，代表书证与目标语义相符，无明显反证,,false
c7db0384a0ae08abcc7e8c57a169136d3aa3d7b405f2bbd0b17102b6bf181e32,,"[""RAW_LANGUAGE_SCOPE_V1"",""[\""number\"",\""10\""]"",[""string"",""阿拉伯语""]]",AR,Science-fiction,1,HUMAN_REVIEW,HUMAN_REVIEW,0.45,HUMAN_REVIEW,HUMAN_REVIEW,0.2,HUMAN_REVIEW,HUMAN_REVIEW,0.55,HUMAN_REVIEW,HUMAN_REVIEW,0.45,4HUMAN_REVIEW,HUMAN_REVIEW×4,TIER_5_SOURCE_DIRTY,DEFER_SOURCE_DIRTY,,,0.42,4/4 HUMAN_REVIEW；交叉验证确认为来源侧脏数据：f=1，书证为亿万富翁一夜情,,false
c40a596f73ae3ecf4f42e5f635fdd31cda11e5e8832a6daf2ccbc6468e30b916,,"[""RAW_LANGUAGE_SCOPE_V1"",""[\""number\"",\""10\""]"",[""string"",""阿拉伯语""]]",AR,Xuanhuan,1,HUMAN_REVIEW,HUMAN_REVIEW,0.42,MAP_EXISTING,modern-romance,0.72,HUMAN_REVIEW,HUMAN_REVIEW,0.5,HUMAN_REVIEW,HUMAN_REVIEW,0.42,3HUMAN_REVIEW+1MAP_EXISTING,HUMAN_REVIEW×3; modern-romance×1,TIER_5_SOURCE_DIRTY,DEFER_SOURCE_DIRTY,,,0.45,罗马化「玄幻」在非中文scope系统性失真：本scope书证为CEO言情/芭蕾重生/县令穿越混装，与玄幻无关；同字符串结论不得跨scope复制,B: 按书证给modern-romance类目标；C: eastern-fantasy（字面）,false
5323c809e8288cc036c01e79b873bcb606dc04474f29cfea3da1f3f97a2ad0e6,,"[""RAW_LANGUAGE_SCOPE_V1"",""[\""number\"",\""10\""]"",[""string"",""阿拉伯语""]]",AR,古代言情,1,HUMAN_REVIEW,HUMAN_REVIEW,0.4,HUMAN_REVIEW,HUMAN_REVIEW,0.18,HUMAN_REVIEW,HUMAN_REVIEW,0.5,HUMAN_REVIEW,HUMAN_REVIEW,0.38,4HUMAN_REVIEW,HUMAN_REVIEW×4,TIER_5_SOURCE_DIRTY,DEFER_SOURCE_DIRTY,,,0.42,4/4 HUMAN_REVIEW；交叉验证确认为来源侧脏数据：f=1，唯一书证为黑手党救赎（中文标签泄漏进阿语scope）,,false
75a6d3266504f7fc84f02ff09cd3efb32d9d4812e8b9de89e6d8ed6d3c9e1444,,"[""RAW_LANGUAGE_SCOPE_V1"",""[\""number\"",\""10\""]"",[""string"",""阿拉伯语""]]",AR,女频,44,MAP_EXISTING,female-audience,0.93,MAP_EXISTING,female-audience,0.99,MAP_EXISTING,female-audience,0.95,IGNORE_NON_CONTENT,IGNORE_NON_CONTENT,0.96,3MAP_EXISTING+1IGNORE_NON_CONTENT,female-audience×3; IGNORE_NON_CONTENT×1,TIER_2_GOOD,ACCEPT_MAP,female-audience,ct-v1-female-audience,0.95,A/B/C一致映射；audience已是119正式facet（ct-v1-female-audience存在），书证全为女性向,D: IGNORE（视为运营二分旗——但artifact已建audience facet，忽略反而丢失已建模维度）,false
5f2fdb0935f23f22bcfa8c3234e814bbf9aa47710b7dd7d9ae05870f0e618eaa,,"[""RAW_LANGUAGE_SCOPE_V1"",""[\""number\"",\""10\""]"",[""string"",""阿拉伯语""]]",AR,男频,2,NEW_CANONICAL,NEW:male-audience,0.8,NEW_CANONICAL,NEW:male-audience,0.98,NEW_CANONICAL,NEW:male-audience,0.95,IGNORE_NON_CONTENT,IGNORE_NON_CONTENT,0.96,3NEW_CANONICAL+1IGNORE_NON_CONTENT,NEW:male-audience×3; IGNORE_NON_CONTENT×1,TIER_2_GOOD,ACCEPT_NEW_CANONICAL,NEW:male-audience,,0.92,A/B/C提出同一概念；119只有female-audience无对称男性向入口，8217本可进女性向而1684本男频书无入口，结构性不对称,D: IGNORE（主张女频男频同进同退；若Owner不扩audience则两者一并IGNORE）,false
3d76c987a6642c94058403a5cfe2d62119bfa445ab6b776bb600b4c68c764ab5,,"[""RAW_LANGUAGE_SCOPE_V1"",""[\""number\"",\""16\""]"",[""string"",""德语""]]",DE,Abenteuer,1,IGNORE_NON_CONTENT,IGNORE_NON_CONTENT,0.68,HUMAN_REVIEW,HUMAN_REVIEW,0.3,HUMAN_REVIEW,HUMAN_REVIEW,0.4,HUMAN_REVIEW,HUMAN_REVIEW,0.44,3HUMAN_REVIEW+1IGNORE_NON_CONTENT,HUMAN_REVIEW×3; IGNORE_NON_CONTENT×1,TIER_5_SOURCE_DIRTY,ACCEPT_IGNORE,,,0.68,Adventure家族=男频侧fallback桶（共现几乎100%男频），无任何稳定内容语义：唯一书证为狼人世界；与Others同性质，按非内容桶关闭。四家一致反对映射adventure,B/C/D: HUMAN_REVIEW；A: IGNORE——交叉验证后采A（共现+跨10个scope的系统性证据已足够）,false
f56bbcba38ccdddb1f2264cd6e5e9ce3eaf84e6fcf69d0dcd401df8c61000b68,,"[""RAW_LANGUAGE_SCOPE_V1"",""[\""number\"",\""16\""]"",[""string"",""德语""]]",DE,Fantasie,1,MAP_EXISTING,fantasy,0.7,HUMAN_REVIEW,HUMAN_REVIEW,0.28,MAP_EXISTING,fantasy,0.8,HUMAN_REVIEW,HUMAN_REVIEW,0.5,2MAP_EXISTING+2HUMAN_REVIEW,fantasy×2; HUMAN_REVIEW×2,TIER_5_SOURCE_DIRTY,DEFER_SOURCE_DIRTY,,,0.45,f=1，唯一书证无法确认奇幻机制,A/C: fantasy（字面）,false
2507c35e8d7b3a7b66c6f2410eca3d57fd4910c273130c5332f6807b163ed1d5,,"[""RAW_LANGUAGE_SCOPE_V1"",""[\""number\"",\""16\""]"",[""string"",""德语""]]",DE,Horror,1,NEW_CANONICAL,NEW:horror,0.8,NEW_CANONICAL,NEW:horror,0.96,NEW_CANONICAL,NEW:horror,0.88,HUMAN_REVIEW,HUMAN_REVIEW,0.47,3NEW_CANONICAL+1HUMAN_REVIEW,NEW:horror×3; HUMAN_REVIEW×1,TIER_2_GOOD,ACCEPT_NEW_CANONICAL,NEW:horror,,0.8,A/B/C提出同一horror概念；本scope书证干净：人相食末世恐怖；suspense无法承载恐惧体验检索,D: HUMAN_REVIEW（对全部Horror键一刀切0.47——对本scope过度保守）,false
089d068d26f8012f0aa6aeb28c93c57187491e0983c17b531d48b5f928c7795f,,"[""RAW_LANGUAGE_SCOPE_V1"",""[\""number\"",\""16\""]"",[""string"",""德语""]]",DE,Jugend,2,MAP_EXISTING,young-adult,0.85,MAP_EXISTING,young-adult,0.91,MAP_EXISTING,young-adult,0.85,MAP_EXISTING,young-adult,0.78,4MAP_EXISTING,young-adult×4,TIER_1_STRONG,ACCEPT_MAP,young-adult,ct-v1-young-adult,0.85,4/4 decision+target一致，代表书证与目标语义相符，无明显反证,,false
be5d1e08f2a00eede82b4d9c725fe34b273948e821c944229774a4c156d03410,,"[""RAW_LANGUAGE_SCOPE_V1"",""[\""number\"",\""16\""]"",[""string"",""德语""]]",DE,Mafia,6,MAP_EXISTING,mafia,0.93,MAP_EXISTING,mafia,0.92,MAP_EXISTING,mafia,0.9,MAP_EXISTING,mafia,0.84,4MAP_EXISTING,mafia×4,TIER_1_STRONG,ACCEPT_MAP,mafia,ct-v1-mafia,0.9,4/4 decision+target一致，代表书证与目标语义相符，无明显反证,,false
9e8be4e3bdb31e4b32d4ba523413066ead19263059ef4a537c739124c2c2436b,,"[""RAW_LANGUAGE_SCOPE_V1"",""[\""number\"",\""16\""]"",[""string"",""德语""]]",DE,Milliardäre,12,MAP_EXISTING,wealthy-ceo,0.93,MAP_EXISTING,wealthy-ceo,0.93,MAP_EXISTING,wealthy-ceo,0.9,MAP_EXISTING,wealthy-ceo,0.93,4MAP_EXISTING,wealthy-ceo×4,TIER_1_STRONG,ACCEPT_MAP,wealthy-ceo,ct-v1-wealthy-ceo,0.92,4/4 decision+target一致，代表书证与目标语义相符，无明显反证,,false
e93d6b2a00c66a9f4f193e1c98fec133caf2815ed8e6120911b3d2c5860b8507,,"[""RAW_LANGUAGE_SCOPE_V1"",""[\""number\"",\""16\""]"",[""string"",""德语""]]",DE,Modern,76,MAP_EXISTING,modern-romance,0.9,MAP_EXISTING,modern-romance,0.95,MAP_EXISTING,contemporary-setting,0.85,MAP_EXISTING,modern-romance,0.9,4MAP_EXISTING,modern-romance×3; contemporary-setting×1,TIER_3_TARGET_CONFLICT,ACCEPT_MAP,modern-romance,ct-v1-modern-romance,0.88,女频共现~100%，书证全为现代豪门婚恋/复仇言情；modern-romance为检索等价入口,C: contemporary-setting（setting facet字面映射，不错但检索价值低）,false
ee776106a3693c3767d7915911b35059c3d581cdca4d9f6d5e7d96a1f19f727c,,"[""RAW_LANGUAGE_SCOPE_V1"",""[\""number\"",\""16\""]"",[""string"",""德语""]]",DE,Romantik,46,MAP_EXISTING,romance,0.9,MAP_EXISTING,romance,0.95,MAP_EXISTING,romance,0.9,MAP_EXISTING,romance,0.95,4MAP_EXISTING,romance×4,TIER_1_STRONG,ACCEPT_MAP,romance,ct-v1-romance,0.93,4/4 decision+target一致，代表书证与目标语义相符，无明显反证,,false
532c3bc7c08d8e99b676b3a4a43f67f8b25d4bea96026b2735bdabcfdad79425,,"[""RAW_LANGUAGE_SCOPE_V1"",""[\""number\"",\""16\""]"",[""string"",""德语""]]",DE,Werwolf,26,MAP_EXISTING,werewolf,0.95,MAP_EXISTING,werewolf,0.96,MAP_EXISTING,werewolf,0.9,MAP_EXISTING,werewolf,0.95,4MAP_EXISTING,werewolf×4,TIER_1_STRONG,ACCEPT_MAP,werewolf,ct-v1-werewolf,0.94,4/4 decision+target一致，代表书证与目标语义相符，无明显反证,,false
bf222e9199ef8bf94538a2f1f840f8b40aee14c68cb82d50ba7fc9032867b829,,"[""RAW_LANGUAGE_SCOPE_V1"",""[\""number\"",\""16\""]"",[""string"",""德语""]]",DE,女频,167,MAP_EXISTING,female-audience,0.93,MAP_EXISTING,female-audience,0.99,MAP_EXISTING,female-audience,0.95,IGNORE_NON_CONTENT,IGNORE_NON_CONTENT,0.96,3MAP_EXISTING+1IGNORE_NON_CONTENT,female-audience×3; IGNORE_NON_CONTENT×1,TIER_2_GOOD,ACCEPT_MAP,female-audience,ct-v1-female-audience,0.95,A/B/C一致映射；audience已是119正式facet（ct-v1-female-audience存在），书证全为女性向,D: IGNORE（视为运营二分旗——但artifact已建audience facet，忽略反而丢失已建模维度）,false
408b07ece14759ed92e24289f7d711c0e6ce55d702a6fdd45b8bdd5ffa601152,,"[""RAW_LANGUAGE_SCOPE_V1"",""[\""number\"",\""16\""]"",[""string"",""德语""]]",DE,男频,4,NEW_CANONICAL,NEW:male-audience,0.8,NEW_CANONICAL,NEW:male-audience,0.98,NEW_CANONICAL,NEW:male-audience,0.95,IGNORE_NON_CONTENT,IGNORE_NON_CONTENT,0.96,3NEW_CANONICAL+1IGNORE_NON_CONTENT,NEW:male-audience×3; IGNORE_NON_CONTENT×1,TIER_2_GOOD,ACCEPT_NEW_CANONICAL,NEW:male-audience,,0.92,A/B/C提出同一概念；119只有female-audience无对称男性向入口，8217本可进女性向而1684本男频书无入口，结构性不对称,D: IGNORE（主张女频男频同进同退；若Owner不扩audience则两者一并IGNORE）,false
eed52de2e4d9d69c2385bb3dd3e6fd43c6795621fd5909d2fdc409f9d310b876,,"[""RAW_LANGUAGE_SCOPE_V1"",""[\""number\"",\""3\""]"",[""string"",""英语""]]",EN,Adventure,235,IGNORE_NON_CONTENT,IGNORE_NON_CONTENT,0.8,HUMAN_REVIEW,HUMAN_REVIEW,0.55,HUMAN_REVIEW,HUMAN_REVIEW,0.4,HUMAN_REVIEW,HUMAN_REVIEW,0.44,3HUMAN_REVIEW+1IGNORE_NON_CONTENT,HUMAN_REVIEW×3; IGNORE_NON_CONTENT×1,TIER_5_SOURCE_DIRTY,ACCEPT_IGNORE,,,0.8,Adventure家族=男频侧fallback桶（共现几乎100%男频），无任何稳定内容语义：200/235男频+35图书目录条目，内容从狼医生到情色合集完全异质；与Others同性质，按非内容桶关闭。四家一致反对映射adventure,B/C/D: HUMAN_REVIEW；A: IGNORE——交叉验证后采A（共现+跨10个scope的系统性证据已足够）,false
54e4e84588f7b54cb7cdb8f5295a0eadc431cf516dd3a7f964000b06407ace44,,"[""RAW_LANGUAGE_SCOPE_V1"",""[\""number\"",\""3\""]"",[""string"",""英语""]]",EN,Billionaires,5,MAP_EXISTING,wealthy-ceo,0.92,MAP_EXISTING,wealthy-ceo,0.9,MAP_EXISTING,wealthy-ceo,0.9,MAP_EXISTING,wealthy-ceo,0.93,4MAP_EXISTING,wealthy-ceo×4,TIER_1_STRONG,ACCEPT_MAP,wealthy-ceo,ct-v1-wealthy-ceo,0.91,4/4 decision+target一致，代表书证与目标语义相符，无明显反证,,false
3a5b512d911c1611561ad5d6c3a7b7c1aa07ceb0593a15da87b85465dcc9a745,,"[""RAW_LANGUAGE_SCOPE_V1"",""[\""number\"",\""3\""]"",[""string"",""英语""]]",EN,Fantasy,67,MAP_EXISTING,fantasy,0.85,MAP_EXISTING,fantasy,0.94,MAP_EXISTING,fantasy,0.8,MAP_EXISTING,fantasy,0.9,4MAP_EXISTING,fantasy×4,TIER_1_STRONG,ACCEPT_MAP,fantasy,ct-v1-fantasy,0.87,4/4 decision+target一致，代表书证与目标语义相符，无明显反证,,false
bf127c2ee96192453eabd2008f69c812b155b43e30d2b0b8af591c729653638e,,"[""RAW_LANGUAGE_SCOPE_V1"",""[\""number\"",\""3\""]"",[""string"",""英语""]]",EN,History,32,MAP_EXISTING,historical-romance,0.75,HUMAN_REVIEW,HUMAN_REVIEW,0.55,HUMAN_REVIEW,HUMAN_REVIEW,0.55,HUMAN_REVIEW,HUMAN_REVIEW,0.46,3HUMAN_REVIEW+1MAP_EXISTING,HUMAN_REVIEW×3; historical-romance×1,TIER_5_SOURCE_DIRTY,DEFER_SOURCE_DIRTY,,,0.5,约半数西式历史言情（公爵夫人/大萧条），混入兽人奇幻与公版非虚构；且中文用户点「古代言情」预期中式古装——直接挂入会拉宽语义,A: historical-romance 0.75（已自flag西式历史入古言页的风险）,false
38b98238e4744826a870a3de995ea0e183bdb9a2fac6249d669ee4de5ee51c16,,"[""RAW_LANGUAGE_SCOPE_V1"",""[\""number\"",\""3\""]"",[""string"",""英语""]]",EN,Horror,68,NEW_CANONICAL,NEW:horror,0.72,HUMAN_REVIEW,HUMAN_REVIEW,0.6,NEW_CANONICAL,NEW:horror,0.88,HUMAN_REVIEW,HUMAN_REVIEW,0.47,2NEW_CANONICAL+2HUMAN_REVIEW,NEW:horror×2; HUMAN_REVIEW×2,TIER_5_SOURCE_DIRTY,DEFER_SOURCE_DIRTY,,,0.55,68本中约半数真恐怖（house of horrors系列），半数复仇言情（50/68女频）；整桶挂入新horror标签会带约50%噪声——建议book级过滤后回收，暂DEFER,A/C: NEW horror（A自flag 50%噪声）；B/D: HUMAN_REVIEW,true
413bd6c6815f0fee13de19be25fbb83d4dea7eb4191acdc28ba080ca7ac8bc9c,,"[""RAW_LANGUAGE_SCOPE_V1"",""[\""number\"",\""3\""]"",[""string"",""英语""]]",EN,LGBT+,79,NEW_CANONICAL,NEW:lgbtq-romance,0.9,NEW_CANONICAL,NEW:lgbtq,0.93,NEW_CANONICAL,NEW:lgbt-plus,0.85,NEW_CANONICAL,NEW:lgbt,0.84,4NEW_CANONICAL,NEW:lgbtq-romance×1; NEW:lgbtq×1; NEW:lgbt-plus×1; NEW:lgbt×1,TIER_1_STRONG,ACCEPT_NEW_CANONICAL,NEW:lgbtq-romance,,0.88,4/4提出同一新概念（slug各异：lgbtq-romance/lgbtq/lgbt-plus/lgbt，语义归一后同一identity）；书证为BL/GL/Omegaverse同性恋爱主线,B对泰语นิยายวาย另提boys-love子概念→归一为alias,false
8934fdda356b60d45102e75ad3cda6a82e434b190367ef6f882af6534ded4acf,,"[""RAW_LANGUAGE_SCOPE_V1"",""[\""number\"",\""3\""]"",[""string"",""英语""]]",EN,Literature,5,DROP_LOW_VALUE,DROP_LOW_VALUE,0.85,DROP_LOW_VALUE,DROP_LOW_VALUE,0.94,IGNORE_NON_CONTENT,IGNORE_NON_CONTENT,0.9,IGNORE_NON_CONTENT,IGNORE_NON_CONTENT,0.95,2DROP_LOW_VALUE+2IGNORE_NON_CONTENT,DROP_LOW_VALUE×2; IGNORE_NON_CONTENT×2,TIER_2_GOOD,ACCEPT_IGNORE,,,0.9,4/4一致按非内容处置（2票DROP/2票IGNORE）：公版目录条目（版权续期表/新几内亚游记），与图书桶同质——统一IGNORE,A/B: DROP_LOW_VALUE（处置等价）,false
7367f4e5b5cdf37ce465cb7901537b27b0942cf048c89d2346e99662f26ff1d2,,"[""RAW_LANGUAGE_SCOPE_V1"",""[\""number\"",\""3\""]"",[""string"",""英语""]]",EN,Mafia,165,MAP_EXISTING,mafia,0.93,MAP_EXISTING,mafia,0.92,MAP_EXISTING,mafia,0.9,MAP_EXISTING,mafia,0.92,4MAP_EXISTING,mafia×4,TIER_1_STRONG,ACCEPT_MAP,mafia,ct-v1-mafia,0.92,4/4 decision+target一致，代表书证与目标语义相符，无明显反证,,false
6f1ec6853b7ddbd375e8a538c23052e83e6463dafea78eefcf5fafc4b6f4e236,,"[""RAW_LANGUAGE_SCOPE_V1"",""[\""number\"",\""3\""]"",[""string"",""英语""]]",EN,Modern,40,MAP_EXISTING,modern-romance,0.9,MAP_EXISTING,contemporary-setting,0.88,MAP_EXISTING,contemporary-setting,0.85,MAP_EXISTING,modern-romance,0.9,4MAP_EXISTING,modern-romance×2; contemporary-setting×2,TIER_3_TARGET_CONFLICT,ACCEPT_MAP,contemporary-setting,ct-v1-contemporary-setting,0.75,共现男频40/40（全家族唯一男频Modern桶），书证=弃夫逆袭/赘婿崛起/失落继承人等男频现代文；映射modern-romance会把男频文灌入现代言情页，当代背景(setting)为中性正确入口,A/D: modern-romance（未区分该scope的频道构成）,false
3b12900ba2b03436f2b3307b7670d244c1ac31358e5e3ad80d82c2579e9204b0,,"[""RAW_LANGUAGE_SCOPE_V1"",""[\""number\"",\""3\""]"",[""string"",""英语""]]",EN,Others,55,IGNORE_NON_CONTENT,IGNORE_NON_CONTENT,0.95,IGNORE_NON_CONTENT,IGNORE_NON_CONTENT,0.98,IGNORE_NON_CONTENT,IGNORE_NON_CONTENT,0.9,IGNORE_NON_CONTENT,IGNORE_NON_CONTENT,0.94,4IGNORE_NON_CONTENT,IGNORE_NON_CONTENT×4,TIER_1_STRONG,ACCEPT_IGNORE,,,0.94,4/4一致：格式/兜底/目录型token，无独立内容检索语义（Others/短篇/图书家族）,,false
80cbf217e3696ad36e3f3431de1e4d7b42dbb31da772aeb58c69a5bc1a0e113d,,"[""RAW_LANGUAGE_SCOPE_V1"",""[\""number\"",\""3\""]"",[""string"",""英语""]]",EN,Romance,5,MAP_EXISTING,romance,0.78,HUMAN_REVIEW,HUMAN_REVIEW,0.58,MAP_EXISTING,romance,0.95,MAP_EXISTING,romance,0.9,3MAP_EXISTING+1HUMAN_REVIEW,romance×3; HUMAN_REVIEW×1,TIER_2_GOOD,ACCEPT_MAP,romance,ct-v1-romance,0.78,3/4一致；3/5书证为言情，含2本异常（修仙翻译+公版《少年维特》）,B: HUMAN_REVIEW(0.58),false
4f3fbf6860b6d8a330c8a264c9ab2c797b87d541d12d9701b64babfa71f96e4a,,"[""RAW_LANGUAGE_SCOPE_V1"",""[\""number\"",\""3\""]"",[""string"",""英语""]]",EN,Sci-fi,63,MAP_EXISTING,science-fiction,0.82,MAP_EXISTING,science-fiction,0.91,MAP_EXISTING,science-fiction,0.88,HUMAN_REVIEW,HUMAN_REVIEW,0.45,3MAP_EXISTING+1HUMAN_REVIEW,science-fiction×3; HUMAN_REVIEW×1,TIER_2_GOOD,ACCEPT_MAP,science-fiction,ct-v1-science-fiction,0.8,3/4一致；书证为星际帝国/外星将军/末日设计师——科幻言情仍具实质科幻设定,D: HUMAN_REVIEW（按《Dump One Loser》书名判言情，但该书为星际设定）,false
e4b2a304349b946aca15bf1478131077fedbb319db7b2ecd8c4318b478892005,,"[""RAW_LANGUAGE_SCOPE_V1"",""[\""number\"",\""3\""]"",[""string"",""英语""]]",EN,Short stories,72,IGNORE_NON_CONTENT,IGNORE_NON_CONTENT,0.85,IGNORE_NON_CONTENT,IGNORE_NON_CONTENT,0.98,IGNORE_NON_CONTENT,IGNORE_NON_CONTENT,0.9,IGNORE_NON_CONTENT,IGNORE_NON_CONTENT,0.92,4IGNORE_NON_CONTENT,IGNORE_NON_CONTENT×4,TIER_1_STRONG,ACCEPT_IGNORE,,,0.91,4/4一致：格式/兜底/目录型token，无独立内容检索语义（Others/短篇/图书家族）,,false
333f04f7ee8402006e7975f063b5499ce889413ba921273fb6a6ad1797910cae,,"[""RAW_LANGUAGE_SCOPE_V1"",""[\""number\"",\""3\""]"",[""string"",""英语""]]",EN,Werewolf,5,MAP_EXISTING,werewolf,0.95,MAP_EXISTING,werewolf,0.96,MAP_EXISTING,werewolf,0.9,MAP_EXISTING,werewolf,0.95,4MAP_EXISTING,werewolf×4,TIER_1_STRONG,ACCEPT_MAP,werewolf,ct-v1-werewolf,0.94,4/4 decision+target一致，代表书证与目标语义相符，无明显反证,,false
768b4e2c3b72abbaf086d75e74ff360238b030b5d490aa8b6b8506e5b822d5fc,,"[""RAW_LANGUAGE_SCOPE_V1"",""[\""number\"",\""3\""]"",[""string"",""英语""]]",EN,Xuanhuan,15,HUMAN_REVIEW,HUMAN_REVIEW,0.42,MAP_EXISTING,eastern-fantasy,0.8,MAP_EXISTING,eastern-fantasy,0.7,HUMAN_REVIEW,HUMAN_REVIEW,0.42,2HUMAN_REVIEW+2MAP_EXISTING,HUMAN_REVIEW×2; eastern-fantasy×2,TIER_5_SOURCE_DIRTY,DEFER_SOURCE_DIRTY,,,0.5,半数为兽人/Omegaverse言情（My Sister Took My Orc），半数修仙系统翻译——挂eastern-fantasy会把兽人言情灌入东方玄幻页；兽人gap已另行登记,B/C: eastern-fantasy（B自flag为过映射）,false
a93f082077eef943512360d3b9865ab659fc99a91e808b01a1fe5634a6cc7106,,"[""RAW_LANGUAGE_SCOPE_V1"",""[\""number\"",\""3\""]"",[""string"",""英语""]]",EN,Young Adult,184,MAP_EXISTING,young-adult,0.82,MAP_EXISTING,young-adult,0.84,MAP_EXISTING,young-adult,0.85,MAP_EXISTING,young-adult,0.86,4MAP_EXISTING,young-adult×4,TIER_2_GOOD,ACCEPT_MAP,young-adult,ct-v1-young-adult,0.84,四家同decision同target；但书证存在部分反证：含继兄/霸凌/床伴等偏成人内容，青少年页有分级偏熟风险,,true
c1fa5e7c23a3fe0bbf6e1a408cc8f3427715211e961c4b93d34c92390b373466,,"[""RAW_LANGUAGE_SCOPE_V1"",""[\""number\"",\""3\""]"",[""string"",""英语""]]",EN,图书,97,IGNORE_NON_CONTENT,IGNORE_NON_CONTENT,0.9,IGNORE_NON_CONTENT,IGNORE_NON_CONTENT,0.98,IGNORE_NON_CONTENT,IGNORE_NON_CONTENT,0.9,IGNORE_NON_CONTENT,IGNORE_NON_CONTENT,0.95,4IGNORE_NON_CONTENT,IGNORE_NON_CONTENT×4,TIER_1_STRONG,ACCEPT_IGNORE,,,0.93,4/4一致：格式/兜底/目录型token，无独立内容检索语义（Others/短篇/图书家族）,,false
a3a72a9624616fa066d4e9cedd008c7e31d2aacea224fc6febef70fe11dc3a78,,"[""RAW_LANGUAGE_SCOPE_V1"",""[\""number\"",\""3\""]"",[""string"",""英语""]]",EN,女频,671,MAP_EXISTING,female-audience,0.93,MAP_EXISTING,female-audience,0.99,MAP_EXISTING,female-audience,0.95,IGNORE_NON_CONTENT,IGNORE_NON_CONTENT,0.96,3MAP_EXISTING+1IGNORE_NON_CONTENT,female-audience×3; IGNORE_NON_CONTENT×1,TIER_2_GOOD,ACCEPT_MAP,female-audience,ct-v1-female-audience,0.95,A/B/C一致映射；audience已是119正式facet（ct-v1-female-audience存在），书证全为女性向,D: IGNORE（视为运营二分旗——但artifact已建audience facet，忽略反而丢失已建模维度）,false
309a091dcdb1ca1675ba014c949447ddbc089fc3678b61bc1949a5984e028aa9,,"[""RAW_LANGUAGE_SCOPE_V1"",""[\""number\"",\""3\""]"",[""string"",""英语""]]",EN,男频,327,NEW_CANONICAL,NEW:male-audience,0.8,NEW_CANONICAL,NEW:male-audience,0.98,NEW_CANONICAL,NEW:male-audience,0.95,IGNORE_NON_CONTENT,IGNORE_NON_CONTENT,0.96,3NEW_CANONICAL+1IGNORE_NON_CONTENT,NEW:male-audience×3; IGNORE_NON_CONTENT×1,TIER_2_GOOD,ACCEPT_NEW_CANONICAL,NEW:male-audience,,0.92,A/B/C提出同一概念；119只有female-audience无对称男性向入口，8217本可进女性向而1684本男频书无入口，结构性不对称,D: IGNORE（主张女频男频同进同退；若Owner不扩audience则两者一并IGNORE）,false
143ef622ba40a9a0b4c77a8539d4107fed134b606c3e610d2fc93f2158390cb1,,"[""RAW_LANGUAGE_SCOPE_V1"",""[\""number\"",\""4\""]"",[""string"",""西语""]]",ES,Adulto Joven,52,HUMAN_REVIEW,HUMAN_REVIEW,0.5,MAP_EXISTING,young-adult,0.72,HUMAN_REVIEW,HUMAN_REVIEW,0.5,HUMAN_REVIEW,HUMAN_REVIEW,0.42,3HUMAN_REVIEW+1MAP_EXISTING,HUMAN_REVIEW×3; young-adult×1,TIER_5_SOURCE_DIRTY,DEFER_SOURCE_DIRTY,,,0.45,青少年标签下装载露骨情色（Toxic/El Arte del Sexo），52本，映射young-adult有分级安全风险；标签与内容系统性冲突,B: young-adult 0.72（分级风险，不采纳）,true
b735098486d0de7926048aa055fe25736ae2e063ab2c2b413ca5540b27ad0813,,"[""RAW_LANGUAGE_SCOPE_V1"",""[\""number\"",\""4\""]"",[""string"",""西语""]]",ES,Aventura,26,IGNORE_NON_CONTENT,IGNORE_NON_CONTENT,0.8,MAP_EXISTING,modern-romance,0.88,HUMAN_REVIEW,HUMAN_REVIEW,0.4,HUMAN_REVIEW,HUMAN_REVIEW,0.44,2HUMAN_REVIEW+1IGNORE_NON_CONTENT+1MAP_EXISTING,HUMAN_REVIEW×2; IGNORE_NON_CONTENT×1; modern-romance×1,TIER_5_SOURCE_DIRTY,ACCEPT_IGNORE,,,0.72,Adventure家族fallback桶：书证为18+情色合集/CEO言情/狼人混装，无稳定语义；按非内容桶关闭,B: modern-romance（会把情色合集灌入现代言情页，未采纳）；C/D: HUMAN_REVIEW,false
1a092a12e7d397ffdc1b7bd4bc71dade4255a6879b5a054a0712359a04d66089,,"[""RAW_LANGUAGE_SCOPE_V1"",""[\""number\"",\""4\""]"",[""string"",""西语""]]",ES,Ciencia Ficción,19,MAP_EXISTING,science-fiction,0.8,MAP_EXISTING,science-fiction,0.74,MAP_EXISTING,science-fiction,0.88,HUMAN_REVIEW,HUMAN_REVIEW,0.45,3MAP_EXISTING+1HUMAN_REVIEW,science-fiction×3; HUMAN_REVIEW×1,TIER_2_GOOD,ACCEPT_MAP,science-fiction,ct-v1-science-fiction,0.68,3/4一致；书证部分支持（2038年VR/入侵战争），但含天使奇幻与诗意言情噪声——列入过映射观察,D: HUMAN_REVIEW（无科幻机制样本）,false
645f75fad430e14763525442f9aee701d6160f68b9a04315e36a7c2179ff35d4,,"[""RAW_LANGUAGE_SCOPE_V1"",""[\""number\"",\""4\""]"",[""string"",""西语""]]",ES,Cuentos,19,IGNORE_NON_CONTENT,IGNORE_NON_CONTENT,0.85,IGNORE_NON_CONTENT,IGNORE_NON_CONTENT,0.98,IGNORE_NON_CONTENT,IGNORE_NON_CONTENT,0.9,IGNORE_NON_CONTENT,IGNORE_NON_CONTENT,0.92,4IGNORE_NON_CONTENT,IGNORE_NON_CONTENT×4,TIER_1_STRONG,ACCEPT_IGNORE,,,0.91,4/4一致：格式/兜底/目录型token，无独立内容检索语义（Others/短篇/图书家族）,,false
44d64a637bc5fa4962ba85614ae3c8b6beb4e6bcdedf0c1d60012c10840184c8,,"[""RAW_LANGUAGE_SCOPE_V1"",""[\""number\"",\""4\""]"",[""string"",""西语""]]",ES,Fantasía,74,MAP_EXISTING,fantasy,0.85,MAP_EXISTING,fantasy,0.88,MAP_EXISTING,fantasy,0.8,MAP_EXISTING,fantasy,0.82,4MAP_EXISTING,fantasy×4,TIER_1_STRONG,ACCEPT_MAP,fantasy,ct-v1-fantasy,0.84,4/4 decision+target一致，代表书证与目标语义相符，无明显反证,,false
017a5bf245d94b5124d70902e7c9331678a044d7a268925204678674dc6f6469,,"[""RAW_LANGUAGE_SCOPE_V1"",""[\""number\"",\""4\""]"",[""string"",""西语""]]",ES,Historia,7,HUMAN_REVIEW,HUMAN_REVIEW,0.5,HUMAN_REVIEW,HUMAN_REVIEW,0.38,HUMAN_REVIEW,HUMAN_REVIEW,0.5,HUMAN_REVIEW,HUMAN_REVIEW,0.46,4HUMAN_REVIEW,HUMAN_REVIEW×4,TIER_5_SOURCE_DIRTY,DEFER_SOURCE_DIRTY,,,0.42,4/4 HUMAN_REVIEW；交叉验证确认为来源侧脏数据：书证为家暴/家庭剧/虐恋，「历史」实为「故事」二义,,false
2bf7eed484238ab0aaad7d05bd98f1c1eee55bb45ae6a69353c10559862d86ec,,"[""RAW_LANGUAGE_SCOPE_V1"",""[\""number\"",\""4\""]"",[""string"",""西语""]]",ES,Hombre Lobo,87,MAP_EXISTING,werewolf,0.95,MAP_EXISTING,werewolf,0.96,MAP_EXISTING,werewolf,0.9,MAP_EXISTING,werewolf,0.95,4MAP_EXISTING,werewolf×4,TIER_1_STRONG,ACCEPT_MAP,werewolf,ct-v1-werewolf,0.94,4/4 decision+target一致，代表书证与目标语义相符，无明显反证,,false
8c7c963d396ce9fb12696f4974db1188903fe9b9c2a74fdad28b3721b0c385ec,,"[""RAW_LANGUAGE_SCOPE_V1"",""[\""number\"",\""4\""]"",[""string"",""西语""]]",ES,LGBT+,18,NEW_CANONICAL,NEW:lgbtq-romance,0.8,NEW_CANONICAL,NEW:lgbtq,0.86,NEW_CANONICAL,NEW:lgbt-plus,0.85,NEW_CANONICAL,NEW:lgbt,0.84,4NEW_CANONICAL,NEW:lgbtq-romance×1; NEW:lgbtq×1; NEW:lgbt-plus×1; NEW:lgbt×1,TIER_1_STRONG,ACCEPT_NEW_CANONICAL,NEW:lgbtq-romance,,0.84,4/4提出同一新概念（slug各异：lgbtq-romance/lgbtq/lgbt-plus/lgbt，语义归一后同一identity）；书证为BL/GL/Omegaverse同性恋爱主线,B对泰语นิยายวาย另提boys-love子概念→归一为alias,false
071da7a5e9a82355ac1527a1fe1c0ef8605007607b1f116849cd21f4618eac77,,"[""RAW_LANGUAGE_SCOPE_V1"",""[\""number\"",\""4\""]"",[""string"",""西语""]]",ES,Mafia,54,MAP_EXISTING,mafia,0.93,MAP_EXISTING,mafia,0.92,MAP_EXISTING,mafia,0.9,MAP_EXISTING,mafia,0.92,4MAP_EXISTING,mafia×4,TIER_1_STRONG,ACCEPT_MAP,mafia,ct-v1-mafia,0.92,4/4 decision+target一致，代表书证与目标语义相符，无明显反证,,false
7a6e9662c0bc7773a01c3bb896c07a169c08163745cca2191311aeb8fb0bf204,,"[""RAW_LANGUAGE_SCOPE_V1"",""[\""number\"",\""4\""]"",[""string"",""西语""]]",ES,Moderno,287,MAP_EXISTING,modern-romance,0.9,MAP_EXISTING,modern-romance,0.95,MAP_EXISTING,contemporary-setting,0.85,MAP_EXISTING,modern-romance,0.9,4MAP_EXISTING,modern-romance×3; contemporary-setting×1,TIER_3_TARGET_CONFLICT,ACCEPT_MAP,modern-romance,ct-v1-modern-romance,0.88,女频共现~100%，书证全为现代豪门婚恋/复仇言情；modern-romance为检索等价入口,C: contemporary-setting（setting facet字面映射，不错但检索价值低）,false
db041b858bd2a6e0c004197a5848fa480253de7632e7b7969890672dee69882f,,"[""RAW_LANGUAGE_SCOPE_V1"",""[\""number\"",\""4\""]"",[""string"",""西语""]]",ES,Otros,18,IGNORE_NON_CONTENT,IGNORE_NON_CONTENT,0.95,IGNORE_NON_CONTENT,IGNORE_NON_CONTENT,0.98,IGNORE_NON_CONTENT,IGNORE_NON_CONTENT,0.9,IGNORE_NON_CONTENT,IGNORE_NON_CONTENT,0.94,4IGNORE_NON_CONTENT,IGNORE_NON_CONTENT×4,TIER_1_STRONG,ACCEPT_IGNORE,,,0.94,4/4一致：格式/兜底/目录型token，无独立内容检索语义（Others/短篇/图书家族）,,false
ac74c0e20803177ff53e8b4ed012d5efbafa78afd118a8040d3802116bc5893f,,"[""RAW_LANGUAGE_SCOPE_V1"",""[\""number\"",\""4\""]"",[""string"",""西语""]]",ES,Romance,250,MAP_EXISTING,romance,0.9,MAP_EXISTING,romance,0.95,MAP_EXISTING,romance,0.95,MAP_EXISTING,romance,0.95,4MAP_EXISTING,romance×4,TIER_1_STRONG,ACCEPT_MAP,romance,ct-v1-romance,0.94,4/4 decision+target一致，代表书证与目标语义相符，无明显反证,,false
436f653510ca6ec91b231aeebba9e7a23706261078419d5b0593bc7cd5637bc3,,"[""RAW_LANGUAGE_SCOPE_V1"",""[\""number\"",\""4\""]"",[""string"",""西语""]]",ES,Suspense,40,MAP_EXISTING,suspense,0.88,MAP_EXISTING,suspense,0.91,MAP_EXISTING,suspense,0.9,HUMAN_REVIEW,HUMAN_REVIEW,0.5,3MAP_EXISTING+1HUMAN_REVIEW,suspense×3; HUMAN_REVIEW×1,TIER_2_GOOD,ACCEPT_MAP,suspense,ct-v1-suspense,0.8,3/4一致；书证为失忆谎言/儿子死因调查/车库秘密等家庭悬疑,D: HUMAN_REVIEW（暗黑言情论）,false
f7b83ff89ef5fb91125bdc4343cdff4ec4016a77f49510fcff27c2bc6209343c,,"[""RAW_LANGUAGE_SCOPE_V1"",""[\""number\"",\""4\""]"",[""string"",""西语""]]",ES,Urbano,135,MAP_EXISTING,modern-romance,0.9,MAP_EXISTING,urban-setting,0.92,MAP_EXISTING,urban-setting,0.9,MAP_EXISTING,modern-romance,0.86,4MAP_EXISTING,modern-romance×2; urban-setting×2,TIER_3_TARGET_CONFLICT,ACCEPT_MAP,modern-romance,ct-v1-modern-romance,0.84,女频135/135，书证与同scope的Moderno高度同质（总裁复仇言情）,B/C: urban-setting（字面都市背景）,false
5f42632b1500fef9c3fbed34fbaf621e3c863212c54986f7946a430e1c2dcb27,,"[""RAW_LANGUAGE_SCOPE_V1"",""[\""number\"",\""4\""]"",[""string"",""西语""]]",ES,Xuanhuan,4,HUMAN_REVIEW,HUMAN_REVIEW,0.42,HUMAN_REVIEW,HUMAN_REVIEW,0.55,MAP_EXISTING,eastern-fantasy,0.7,HUMAN_REVIEW,HUMAN_REVIEW,0.42,3HUMAN_REVIEW+1MAP_EXISTING,HUMAN_REVIEW×3; eastern-fantasy×1,TIER_5_SOURCE_DIRTY,DEFER_SOURCE_DIRTY,,,0.45,罗马化「玄幻」在非中文scope系统性失真：本scope书证为CEO言情/芭蕾重生/县令穿越混装，与玄幻无关；同字符串结论不得跨scope复制,B: 按书证给modern-romance类目标；C: eastern-fantasy（字面）,false
ba4411b19cc8f07128e4fd843d07869225b6a7b1ac238a064e8f97b3d302e966,,"[""RAW_LANGUAGE_SCOPE_V1"",""[\""number\"",\""4\""]"",[""string"",""西语""]]",ES,图书,1,IGNORE_NON_CONTENT,IGNORE_NON_CONTENT,0.9,IGNORE_NON_CONTENT,IGNORE_NON_CONTENT,0.98,IGNORE_NON_CONTENT,IGNORE_NON_CONTENT,0.9,IGNORE_NON_CONTENT,IGNORE_NON_CONTENT,0.95,4IGNORE_NON_CONTENT,IGNORE_NON_CONTENT×4,TIER_1_STRONG,ACCEPT_IGNORE,,,0.93,4/4一致：格式/兜底/目录型token，无独立内容检索语义（Others/短篇/图书家族）,,false
2d6e77f2913bea276813fc01ce9f82841b8254222c64bf6cbb1d385d226762e1,,"[""RAW_LANGUAGE_SCOPE_V1"",""[\""number\"",\""4\""]"",[""string"",""西语""]]",ES,女频,1039,MAP_EXISTING,female-audience,0.93,MAP_EXISTING,female-audience,0.99,MAP_EXISTING,female-audience,0.95,IGNORE_NON_CONTENT,IGNORE_NON_CONTENT,0.96,3MAP_EXISTING+1IGNORE_NON_CONTENT,female-audience×3; IGNORE_NON_CONTENT×1,TIER_2_GOOD,ACCEPT_MAP,female-audience,ct-v1-female-audience,0.95,A/B/C一致映射；audience已是119正式facet（ct-v1-female-audience存在），书证全为女性向,D: IGNORE（视为运营二分旗——但artifact已建audience facet，忽略反而丢失已建模维度）,false
4555d426ca18c8cbe88d8f290e0a2b244cfbd5f4487791cba162416ac36f021b,,"[""RAW_LANGUAGE_SCOPE_V1"",""[\""number\"",\""4\""]"",[""string"",""西语""]]",ES,男频,50,NEW_CANONICAL,NEW:male-audience,0.8,NEW_CANONICAL,NEW:male-audience,0.98,NEW_CANONICAL,NEW:male-audience,0.95,IGNORE_NON_CONTENT,IGNORE_NON_CONTENT,0.96,3NEW_CANONICAL+1IGNORE_NON_CONTENT,NEW:male-audience×3; IGNORE_NON_CONTENT×1,TIER_2_GOOD,ACCEPT_NEW_CANONICAL,NEW:male-audience,,0.92,A/B/C提出同一概念；119只有female-audience无对称男性向入口，8217本可进女性向而1684本男频书无入口，结构性不对称,D: IGNORE（主张女频男频同进同退；若Owner不扩audience则两者一并IGNORE）,false
c2b06f62ae95e2d4b4351964e59eff5bc08cbf4d3e59e153dd0ac14a95b95161,,"[""RAW_LANGUAGE_SCOPE_V1"",""[\""number\"",\""6\""]"",[""string"",""法语""]]",FR,Autres,16,IGNORE_NON_CONTENT,IGNORE_NON_CONTENT,0.95,IGNORE_NON_CONTENT,IGNORE_NON_CONTENT,0.98,IGNORE_NON_CONTENT,IGNORE_NON_CONTENT,0.9,IGNORE_NON_CONTENT,IGNORE_NON_CONTENT,0.94,4IGNORE_NON_CONTENT,IGNORE_NON_CONTENT×4,TIER_1_STRONG,ACCEPT_IGNORE,,,0.94,4/4一致：格式/兜底/目录型token，无独立内容检索语义（Others/短篇/图书家族）,,false
15406c6ebbc42b881ba3801e0730faf1f50349be5d18ef584b3de91aeb5138b6,,"[""RAW_LANGUAGE_SCOPE_V1"",""[\""number\"",\""6\""]"",[""string"",""法语""]]",FR,Aventure,55,IGNORE_NON_CONTENT,IGNORE_NON_CONTENT,0.8,HUMAN_REVIEW,HUMAN_REVIEW,0.6,HUMAN_REVIEW,HUMAN_REVIEW,0.4,HUMAN_REVIEW,HUMAN_REVIEW,0.44,3HUMAN_REVIEW+1IGNORE_NON_CONTENT,HUMAN_REVIEW×3; IGNORE_NON_CONTENT×1,TIER_5_SOURCE_DIRTY,ACCEPT_IGNORE,,,0.78,Adventure家族=男频侧fallback桶（共现几乎100%男频），无任何稳定内容语义：55/55男频，狼人/情色/复仇混装；与Others同性质，按非内容桶关闭。四家一致反对映射adventure,B/C/D: HUMAN_REVIEW；A: IGNORE——交叉验证后采A（共现+跨10个scope的系统性证据已足够）,false
2eb256d2e530f7f20d3f186a029f7b9e93d519a955f76ad0705a5908efb97d83,,"[""RAW_LANGUAGE_SCOPE_V1"",""[\""number\"",\""6\""]"",[""string"",""法语""]]",FR,Fantaisie,47,MAP_EXISTING,fantasy,0.74,HUMAN_REVIEW,HUMAN_REVIEW,0.55,MAP_EXISTING,fantasy,0.8,HUMAN_REVIEW,HUMAN_REVIEW,0.5,2MAP_EXISTING+2HUMAN_REVIEW,fantasy×2; HUMAN_REVIEW×2,TIER_5_SOURCE_DIRTY,DEFER_SOURCE_DIRTY,,,0.5,奇幻纯度约1/3（魔典/Omegaverse拍卖），且含露骨乱伦情色（LE GODE DE MA FILLE）——挂fantasy会带入严重噪声,A/C: fantasy（A自flag 3/5命中）,false
14991c059e9dc86bfa3201d1121c09a815355213639d2927eede11fa42fe49ed,,"[""RAW_LANGUAGE_SCOPE_V1"",""[\""number\"",\""6\""]"",[""string"",""法语""]]",FR,Histoire,49,HUMAN_REVIEW,HUMAN_REVIEW,0.5,HUMAN_REVIEW,HUMAN_REVIEW,0.35,MAP_EXISTING,historical-romance,0.7,HUMAN_REVIEW,HUMAN_REVIEW,0.46,3HUMAN_REVIEW+1MAP_EXISTING,HUMAN_REVIEW×3; historical-romance×1,TIER_5_SOURCE_DIRTY,DEFER_SOURCE_DIRTY,,,0.45,法语Histoire兼「历史/故事」二义，49本书证0历史设定（狼人/离婚/高定谋杀），实为通用故事桶,C: historical-romance（字面，被书证反证）,false
0f66949f1c491611d2da34cced0b4fcf940ec174a572240af4a16598916ee4ff,,"[""RAW_LANGUAGE_SCOPE_V1"",""[\""number\"",\""6\""]"",[""string"",""法语""]]",FR,Horreur,21,HUMAN_REVIEW,HUMAN_REVIEW,0.48,NEW_CANONICAL,NEW:horror,0.72,NEW_CANONICAL,NEW:horror,0.88,HUMAN_REVIEW,HUMAN_REVIEW,0.47,2HUMAN_REVIEW+2NEW_CANONICAL,HUMAN_REVIEW×2; NEW:horror×2,TIER_5_SOURCE_DIRTY,DEFER_SOURCE_DIRTY,,,0.47,书证为洪水背叛/子宫窃取/车库秘密等暗黑复仇言情，非恐怖类型（同token在阿语scope反而是真鬼屋——locale级投放差异）,B/C: NEW horror（字面）,false
c77e3141d7ccfa6928aac8f729b8efafa71fe4dbfc89c40a5d1decc2605d4ea4,,"[""RAW_LANGUAGE_SCOPE_V1"",""[\""number\"",\""6\""]"",[""string"",""法语""]]",FR,Jeunesse,20,MAP_EXISTING,young-adult,0.85,MAP_EXISTING,young-adult,0.94,MAP_EXISTING,young-adult,0.85,MAP_EXISTING,young-adult,0.86,4MAP_EXISTING,young-adult×4,TIER_1_STRONG,ACCEPT_MAP,young-adult,ct-v1-young-adult,0.88,4/4 decision+target一致，代表书证与目标语义相符，无明显反证,,false
44ff2d66c02f4390ba4482ce96886f3b8a40a3501838879b3c170c502e6132f9,,"[""RAW_LANGUAGE_SCOPE_V1"",""[\""number\"",\""6\""]"",[""string"",""法语""]]",FR,LGBT+,8,NEW_CANONICAL,NEW:lgbtq-romance,0.8,HUMAN_REVIEW,HUMAN_REVIEW,0.6,NEW_CANONICAL,NEW:lgbt-plus,0.85,NEW_CANONICAL,NEW:lgbt,0.84,3NEW_CANONICAL+1HUMAN_REVIEW,NEW:lgbtq-romance×1; HUMAN_REVIEW×1; NEW:lgbt-plus×1; NEW:lgbt×1,TIER_2_GOOD,ACCEPT_NEW_CANONICAL,NEW:lgbtq-romance,,0.68,A/C/D归入同一LGBT概念；书证约半数为MM主线（棒球投手/银眼Alpha），含1本乱伦情色噪声,B: HUMAN_REVIEW(0.60),false
57d6bcd2a78f99cda55a550266ffbca3261f9371223f6c89e8537f82090978fe,,"[""RAW_LANGUAGE_SCOPE_V1"",""[\""number\"",\""6\""]"",[""string"",""法语""]]",FR,Loup-garou,162,MAP_EXISTING,werewolf,0.95,MAP_EXISTING,werewolf,0.96,MAP_EXISTING,werewolf,0.9,MAP_EXISTING,werewolf,0.95,4MAP_EXISTING,werewolf×4,TIER_1_STRONG,ACCEPT_MAP,werewolf,ct-v1-werewolf,0.94,4/4 decision+target一致，代表书证与目标语义相符，无明显反证,,false
46669b660b36278d1932cbe60fe628eb7820829b16651a7d9efb5652f30a0146,,"[""RAW_LANGUAGE_SCOPE_V1"",""[\""number\"",\""6\""]"",[""string"",""法语""]]",FR,Mafia,44,MAP_EXISTING,mafia,0.93,MAP_EXISTING,mafia,0.88,MAP_EXISTING,mafia,0.9,MAP_EXISTING,mafia,0.92,4MAP_EXISTING,mafia×4,TIER_1_STRONG,ACCEPT_MAP,mafia,ct-v1-mafia,0.91,4/4 decision+target一致，代表书证与目标语义相符，无明显反证,,false
40d2f054d889b111eaa1e98bee288c54fc2d25bb0baa6642bcdf468fc4a70cf9,,"[""RAW_LANGUAGE_SCOPE_V1"",""[\""number\"",\""6\""]"",[""string"",""法语""]]",FR,Milliardaire,125,MAP_EXISTING,wealthy-ceo,0.93,MAP_EXISTING,wealthy-ceo,0.93,MAP_EXISTING,wealthy-ceo,0.9,MAP_EXISTING,wealthy-ceo,0.93,4MAP_EXISTING,wealthy-ceo×4,TIER_1_STRONG,ACCEPT_MAP,wealthy-ceo,ct-v1-wealthy-ceo,0.92,4/4 decision+target一致，代表书证与目标语义相符，无明显反证,,false
7db00f837c00ecc0eb2063d8dd2378f63363bc86520071353d24721715951197,,"[""RAW_LANGUAGE_SCOPE_V1"",""[\""number\"",\""6\""]"",[""string"",""法语""]]",FR,Moderne,341,MAP_EXISTING,modern-romance,0.9,MAP_EXISTING,modern-romance,0.95,MAP_EXISTING,contemporary-setting,0.85,MAP_EXISTING,modern-romance,0.9,4MAP_EXISTING,modern-romance×3; contemporary-setting×1,TIER_3_TARGET_CONFLICT,ACCEPT_MAP,modern-romance,ct-v1-modern-romance,0.88,女频共现~100%，书证全为现代豪门婚恋/复仇言情；modern-romance为检索等价入口,C: contemporary-setting（setting facet字面映射，不错但检索价值低）,false
a828d42c5e6c0d4c778b45e6fa794f5042eaad6f79969865f550e9dd2e879135,,"[""RAW_LANGUAGE_SCOPE_V1"",""[\""number\"",\""6\""]"",[""string"",""法语""]]",FR,Nouvelle,8,IGNORE_NON_CONTENT,IGNORE_NON_CONTENT,0.85,IGNORE_NON_CONTENT,IGNORE_NON_CONTENT,0.98,IGNORE_NON_CONTENT,IGNORE_NON_CONTENT,0.9,IGNORE_NON_CONTENT,IGNORE_NON_CONTENT,0.92,4IGNORE_NON_CONTENT,IGNORE_NON_CONTENT×4,TIER_1_STRONG,ACCEPT_IGNORE,,,0.91,4/4一致：格式/兜底/目录型token，无独立内容检索语义（Others/短篇/图书家族）,,false
d90023719c14b814b4b64501daf1af5d69131c00d9dfc1ec024de2af4db731ec,,"[""RAW_LANGUAGE_SCOPE_V1"",""[\""number\"",\""6\""]"",[""string"",""法语""]]",FR,Romance,167,MAP_EXISTING,romance,0.9,MAP_EXISTING,romance,0.95,MAP_EXISTING,romance,0.95,MAP_EXISTING,romance,0.95,4MAP_EXISTING,romance×4,TIER_1_STRONG,ACCEPT_MAP,romance,ct-v1-romance,0.94,4/4 decision+target一致，代表书证与目标语义相符，无明显反证,,false
2d730fa1cfb7b026a027912a79fc9eae2d18ad09100921aabe3304a3dd49d61e,,"[""RAW_LANGUAGE_SCOPE_V1"",""[\""number\"",\""6\""]"",[""string"",""法语""]]",FR,Sci-Fi,15,MAP_EXISTING,science-fiction,0.72,HUMAN_REVIEW,HUMAN_REVIEW,0.58,MAP_EXISTING,science-fiction,0.88,HUMAN_REVIEW,HUMAN_REVIEW,0.45,2MAP_EXISTING+2HUMAN_REVIEW,science-fiction×2; HUMAN_REVIEW×2,TIER_5_SOURCE_DIRTY,DEFER_SOURCE_DIRTY,,,0.5,仅约1/3科幻（末日未来/Exo10），混入包办婚姻言情与魔法奇幻,A/C: science-fiction（纯度不足）,false
031efdbb9f32122a5ef0bb5e87f307ef65a1f7ceb83b2b62834f4b6ee32f945b,,"[""RAW_LANGUAGE_SCOPE_V1"",""[\""number\"",\""6\""]"",[""string"",""法语""]]",FR,Xuanhuan,7,HUMAN_REVIEW,HUMAN_REVIEW,0.42,MAP_EXISTING,rebirth,0.96,MAP_EXISTING,eastern-fantasy,0.7,HUMAN_REVIEW,HUMAN_REVIEW,0.42,2HUMAN_REVIEW+2MAP_EXISTING,HUMAN_REVIEW×2; rebirth×1; eastern-fantasy×1,TIER_5_SOURCE_DIRTY,DEFER_SOURCE_DIRTY,,,0.5,7/7书证为二次机会/重生复仇言情，零玄幻——罗马化标签在法语scope完全失真,B: rebirth 0.96（书证支持最强的替代方案，若Owner接受反字面映射可采）；C: eastern-fantasy（字面）,false
f480faf3ac3527e08602448554664c3d7cbee54ce6e2cecd05a56b0a4a3f0639,,"[""RAW_LANGUAGE_SCOPE_V1"",""[\""number\"",\""6\""]"",[""string"",""法语""]]",FR,女频,986,MAP_EXISTING,female-audience,0.93,MAP_EXISTING,female-audience,0.99,MAP_EXISTING,female-audience,0.95,IGNORE_NON_CONTENT,IGNORE_NON_CONTENT,0.96,3MAP_EXISTING+1IGNORE_NON_CONTENT,female-audience×3; IGNORE_NON_CONTENT×1,TIER_2_GOOD,ACCEPT_MAP,female-audience,ct-v1-female-audience,0.95,A/B/C一致映射；audience已是119正式facet（ct-v1-female-audience存在），书证全为女性向,D: IGNORE（视为运营二分旗——但artifact已建audience facet，忽略反而丢失已建模维度）,false
5b2e4fe593afdc9ff8087237df8279cdc9dc4d45d8c46eb0b34526aa37e4d704,,"[""RAW_LANGUAGE_SCOPE_V1"",""[\""number\"",\""6\""]"",[""string"",""法语""]]",FR,男频,99,NEW_CANONICAL,NEW:male-audience,0.8,NEW_CANONICAL,NEW:male-audience,0.98,NEW_CANONICAL,NEW:male-audience,0.95,IGNORE_NON_CONTENT,IGNORE_NON_CONTENT,0.96,3NEW_CANONICAL+1IGNORE_NON_CONTENT,NEW:male-audience×3; IGNORE_NON_CONTENT×1,TIER_2_GOOD,ACCEPT_NEW_CANONICAL,NEW:male-audience,,0.92,A/B/C提出同一概念；119只有female-audience无对称男性向入口，8217本可进女性向而1684本男频书无入口，结构性不对称,D: IGNORE（主张女频男频同进同退；若Owner不扩audience则两者一并IGNORE）,false
445087aa23fc108b52ce82bce7cfe370f7c5f8b4763a06d18ba7ac425142f599,,"[""RAW_LANGUAGE_SCOPE_V1"",""[\""number\"",\""11\""]"",[""string"",""印尼""]]",ID,Adventure,57,IGNORE_NON_CONTENT,IGNORE_NON_CONTENT,0.8,HUMAN_REVIEW,HUMAN_REVIEW,0.35,HUMAN_REVIEW,HUMAN_REVIEW,0.4,HUMAN_REVIEW,HUMAN_REVIEW,0.44,3HUMAN_REVIEW+1IGNORE_NON_CONTENT,HUMAN_REVIEW×3; IGNORE_NON_CONTENT×1,TIER_5_SOURCE_DIRTY,ACCEPT_IGNORE,,,0.78,Adventure家族=男频侧fallback桶（共现几乎100%男频），无任何稳定内容语义：书证为校园丑闻/牛郎/情色；与Others同性质，按非内容桶关闭。四家一致反对映射adventure,B/C/D: HUMAN_REVIEW；A: IGNORE——交叉验证后采A（共现+跨10个scope的系统性证据已足够）,false
e9990f81e60d42f8cd301eea50b6759d608856ca54cf40906311e00ae9be86de,,"[""RAW_LANGUAGE_SCOPE_V1"",""[\""number\"",\""11\""]"",[""string"",""印尼""]]",ID,Anak muda,23,MAP_EXISTING,young-adult,0.72,MAP_EXISTING,young-adult,0.82,MAP_EXISTING,young-adult,0.85,MAP_EXISTING,young-adult,0.78,4MAP_EXISTING,young-adult×4,TIER_2_GOOD,ACCEPT_MAP,young-adult,ct-v1-young-adult,0.79,四家同decision同target；但书证存在部分反证：含Intimate Partner等偏成人样本,,false
0ed6632556b73d348951c13ccdf6a1df69c5d05698e3111f1bfcdcfa3663ec74,,"[""RAW_LANGUAGE_SCOPE_V1"",""[\""number\"",\""11\""]"",[""string"",""印尼""]]",ID,Cerita pendek,15,IGNORE_NON_CONTENT,IGNORE_NON_CONTENT,0.85,IGNORE_NON_CONTENT,IGNORE_NON_CONTENT,0.98,IGNORE_NON_CONTENT,IGNORE_NON_CONTENT,0.9,IGNORE_NON_CONTENT,IGNORE_NON_CONTENT,0.92,4IGNORE_NON_CONTENT,IGNORE_NON_CONTENT×4,TIER_1_STRONG,ACCEPT_IGNORE,,,0.91,4/4一致：格式/兜底/目录型token，无独立内容检索语义（Others/短篇/图书家族）,,false
7bbb8b8b7fc60791364a44ff894ee89dd143d994541b1aee6158c803512f5620,,"[""RAW_LANGUAGE_SCOPE_V1"",""[\""number\"",\""11\""]"",[""string"",""印尼""]]",ID,Fantasi,41,HUMAN_REVIEW,HUMAN_REVIEW,0.45,HUMAN_REVIEW,HUMAN_REVIEW,0.6,HUMAN_REVIEW,HUMAN_REVIEW,0.45,HUMAN_REVIEW,HUMAN_REVIEW,0.5,4HUMAN_REVIEW,HUMAN_REVIEW×4,TIER_5_SOURCE_DIRTY,DEFER_SOURCE_DIRTY,,,0.42,4/4 HUMAN_REVIEW；交叉验证确认为来源侧脏数据：41本中书证几乎全为出轨复仇言情，仅零星奇幻(Dewa Alkemis)；同概念词在西/俄/葡scope正常——本scope投放错位,,false
ee566514bef665cf9ecdc663daa3e0f6e5f6c6e2b9b32d2044cdf94993d28e97,,"[""RAW_LANGUAGE_SCOPE_V1"",""[\""number\"",\""11\""]"",[""string"",""印尼""]]",ID,Horor,19,HUMAN_REVIEW,HUMAN_REVIEW,0.45,NEW_CANONICAL,NEW:horror,0.8,NEW_CANONICAL,NEW:horror,0.88,HUMAN_REVIEW,HUMAN_REVIEW,0.47,2HUMAN_REVIEW+2NEW_CANONICAL,HUMAN_REVIEW×2; NEW:horror×2,TIER_5_SOURCE_DIRTY,DEFER_SOURCE_DIRTY,,,0.5,约半数为印尼民俗恐怖（Pesugihan借灵敛财/Genderuwo鬼胎/隐形丈夫）、半数复仇言情——存在真实恐怖子集但整桶不纯；若horror上线可book级过滤回收,B/C: NEW horror（整桶挂入会带~50%噪声）,false
8a66cea81b6734a4627dd03f8355b4da5032e6b41235ab1ee5da382a814ba9eb,,"[""RAW_LANGUAGE_SCOPE_V1"",""[\""number\"",\""11\""]"",[""string"",""印尼""]]",ID,LGBT+,4,NEW_CANONICAL,NEW:lgbtq-romance,0.78,HUMAN_REVIEW,HUMAN_REVIEW,0.55,NEW_CANONICAL,NEW:lgbt-plus,0.85,NEW_CANONICAL,NEW:lgbt,0.84,3NEW_CANONICAL+1HUMAN_REVIEW,NEW:lgbtq-romance×1; HUMAN_REVIEW×1; NEW:lgbt-plus×1; NEW:lgbt×1,TIER_2_GOOD,ACCEPT_NEW_CANONICAL,NEW:lgbtq-romance,,0.7,A/C/D归入同一LGBT概念；书证2-3/4为BL/GL（Jadi Belok/Kaluna与Citra）,B: HUMAN_REVIEW(0.55),false
7279a4dc275610cb56646dce47c635efb1641a93937111829f83c8fbef0159e6,,"[""RAW_LANGUAGE_SCOPE_V1"",""[\""number\"",\""11\""]"",[""string"",""印尼""]]",ID,Lainnya,29,IGNORE_NON_CONTENT,IGNORE_NON_CONTENT,0.95,IGNORE_NON_CONTENT,IGNORE_NON_CONTENT,0.98,IGNORE_NON_CONTENT,IGNORE_NON_CONTENT,0.9,IGNORE_NON_CONTENT,IGNORE_NON_CONTENT,0.94,4IGNORE_NON_CONTENT,IGNORE_NON_CONTENT×4,TIER_1_STRONG,ACCEPT_IGNORE,,,0.94,4/4一致：格式/兜底/目录型token，无独立内容检索语义（Others/短篇/图书家族）,,false
7bb0ba713a5f82348bcc7386eec554693c96ce1dd655a6dee811d5dcb1fe1bc8,,"[""RAW_LANGUAGE_SCOPE_V1"",""[\""number\"",\""11\""]"",[""string"",""印尼""]]",ID,Lebih,6,IGNORE_NON_CONTENT,IGNORE_NON_CONTENT,0.95,IGNORE_NON_CONTENT,IGNORE_NON_CONTENT,0.98,IGNORE_NON_CONTENT,IGNORE_NON_CONTENT,0.9,IGNORE_NON_CONTENT,IGNORE_NON_CONTENT,0.94,4IGNORE_NON_CONTENT,IGNORE_NON_CONTENT×4,TIER_1_STRONG,ACCEPT_IGNORE,,,0.94,4/4一致：格式/兜底/目录型token，无独立内容检索语义（Others/短篇/图书家族）,,false
15f6a3343bca640a9f4d5b4c02fc80fe0ded9f711b9be45fa0e2ed966d69c4d4,,"[""RAW_LANGUAGE_SCOPE_V1"",""[\""number\"",\""11\""]"",[""string"",""印尼""]]",ID,Likantrof,33,MAP_EXISTING,werewolf,0.95,MAP_EXISTING,werewolf,0.96,MAP_EXISTING,werewolf,0.9,MAP_EXISTING,werewolf,0.95,4MAP_EXISTING,werewolf×4,TIER_1_STRONG,ACCEPT_MAP,werewolf,ct-v1-werewolf,0.94,4/4 decision+target一致，代表书证与目标语义相符，无明显反证,,false
94f971abad0a192dc8567dc74733ba15e352e5a96fbb33f034b275cd9562ddd3,,"[""RAW_LANGUAGE_SCOPE_V1"",""[\""number\"",\""11\""]"",[""string"",""印尼""]]",ID,Mafia,10,MAP_EXISTING,mafia,0.92,MAP_EXISTING,mafia,0.92,MAP_EXISTING,mafia,0.9,MAP_EXISTING,mafia,0.84,4MAP_EXISTING,mafia×4,TIER_1_STRONG,ACCEPT_MAP,mafia,ct-v1-mafia,0.9,4/4 decision+target一致，代表书证与目标语义相符，无明显反证,,false
1af783bd5b293f38acfa6c8d55a1e93f864b3753f4aa92db4454c10192e9264d,,"[""RAW_LANGUAGE_SCOPE_V1"",""[\""number\"",\""11\""]"",[""string"",""印尼""]]",ID,Miliarder,60,MAP_EXISTING,wealthy-ceo,0.93,MAP_EXISTING,wealthy-ceo,0.93,MAP_EXISTING,wealthy-ceo,0.9,MAP_EXISTING,wealthy-ceo,0.93,4MAP_EXISTING,wealthy-ceo×4,TIER_1_STRONG,ACCEPT_MAP,wealthy-ceo,ct-v1-wealthy-ceo,0.92,4/4 decision+target一致，代表书证与目标语义相符，无明显反证,,false
c1d9f1c18f0eb4779ecff745d4be9684222be5f35080d5b4a93d0e66988881cd,,"[""RAW_LANGUAGE_SCOPE_V1"",""[\""number\"",\""11\""]"",[""string"",""印尼""]]",ID,Modern,118,MAP_EXISTING,modern-romance,0.9,MAP_EXISTING,modern-romance,0.95,MAP_EXISTING,contemporary-setting,0.85,MAP_EXISTING,modern-romance,0.9,4MAP_EXISTING,modern-romance×3; contemporary-setting×1,TIER_3_TARGET_CONFLICT,ACCEPT_MAP,modern-romance,ct-v1-modern-romance,0.88,女频共现~100%，书证全为现代豪门婚恋/复仇言情；modern-romance为检索等价入口,C: contemporary-setting（setting facet字面映射，不错但检索价值低）,false
bef56bdec0247775ccb6c370083c87b5e0942d563a9a226caadff2cb0e3dde32,,"[""RAW_LANGUAGE_SCOPE_V1"",""[\""number\"",\""11\""]"",[""string"",""印尼""]]",ID,Romantis,116,MAP_EXISTING,romance,0.85,MAP_EXISTING,romance,0.95,MAP_EXISTING,romance,0.9,MAP_EXISTING,romance,0.95,4MAP_EXISTING,romance×4,TIER_1_STRONG,ACCEPT_MAP,romance,ct-v1-romance,0.91,4/4 decision+target一致，代表书证与目标语义相符，无明显反证,,false
9f051634a75bd120280870865af75a23a882b0f2d54b6b30db442b847aae8fbe,,"[""RAW_LANGUAGE_SCOPE_V1"",""[\""number\"",\""11\""]"",[""string"",""印尼""]]",ID,Sejarah,3,HUMAN_REVIEW,HUMAN_REVIEW,0.58,HUMAN_REVIEW,HUMAN_REVIEW,0.55,HUMAN_REVIEW,HUMAN_REVIEW,0.5,HUMAN_REVIEW,HUMAN_REVIEW,0.46,4HUMAN_REVIEW,HUMAN_REVIEW×4,TIER_5_SOURCE_DIRTY,DEFER_SOURCE_DIRTY,,,0.42,4/4 HUMAN_REVIEW；交叉验证确认为来源侧脏数据：3本中仅1本历史向(Cachtice血腥伯爵夫人),,false
0f3585b59173018157b81a66e3320b6162df9d799e95408fa49132cad8f10c60,,"[""RAW_LANGUAGE_SCOPE_V1"",""[\""number\"",\""11\""]"",[""string"",""印尼""]]",ID,xuanhuan,17,HUMAN_REVIEW,HUMAN_REVIEW,0.42,MAP_EXISTING,modern-romance,0.9,MAP_EXISTING,eastern-fantasy,0.7,HUMAN_REVIEW,HUMAN_REVIEW,0.42,2HUMAN_REVIEW+2MAP_EXISTING,HUMAN_REVIEW×2; modern-romance×1; eastern-fantasy×1,TIER_5_SOURCE_DIRTY,DEFER_SOURCE_DIRTY,,,0.45,罗马化「玄幻」失真桶：书证为替嫁总裁/离婚复合/现代婚恋，与玄幻无关；同scope中文「玄幻奇幻」正常工作，证明此桶是另一套分类的错投,B: modern-romance（按书证）；C: eastern-fantasy（按字面）,false
fbd7f44ea7d4bc597ec650a198c384c1728f74f77f1e244d4f3fdc4426d8224c,,"[""RAW_LANGUAGE_SCOPE_V1"",""[\""number\"",\""11\""]"",[""string"",""印尼""]]",ID,女频,442,MAP_EXISTING,female-audience,0.93,MAP_EXISTING,female-audience,0.99,MAP_EXISTING,female-audience,0.95,IGNORE_NON_CONTENT,IGNORE_NON_CONTENT,0.96,3MAP_EXISTING+1IGNORE_NON_CONTENT,female-audience×3; IGNORE_NON_CONTENT×1,TIER_2_GOOD,ACCEPT_MAP,female-audience,ct-v1-female-audience,0.95,A/B/C一致映射；audience已是119正式facet（ct-v1-female-audience存在），书证全为女性向,D: IGNORE（视为运营二分旗——但artifact已建audience facet，忽略反而丢失已建模维度）,false
a8f982953b23af6f4b7403929da036d44ce2f6deb19d701b760932b678e35d49,,"[""RAW_LANGUAGE_SCOPE_V1"",""[\""number\"",\""11\""]"",[""string"",""印尼""]]",ID,男频,109,NEW_CANONICAL,NEW:male-audience,0.8,NEW_CANONICAL,NEW:male-audience,0.98,NEW_CANONICAL,NEW:male-audience,0.95,IGNORE_NON_CONTENT,IGNORE_NON_CONTENT,0.96,3NEW_CANONICAL+1IGNORE_NON_CONTENT,NEW:male-audience×3; IGNORE_NON_CONTENT×1,TIER_2_GOOD,ACCEPT_NEW_CANONICAL,NEW:male-audience,,0.92,A/B/C提出同一概念；119只有female-audience无对称男性向入口，8217本可进女性向而1684本男频书无入口，结构性不对称,D: IGNORE（主张女频男频同进同退；若Owner不扩audience则两者一并IGNORE）,false
4b11632b73854ae9eab77001abf058248c530e9f01c34b0b41bac1d63478e5d3,,"[""RAW_LANGUAGE_SCOPE_V1"",""[\""number\"",\""8\""]"",[""string"",""意大利语""]]",IT,Loup-garou,3,MAP_EXISTING,werewolf,0.93,MAP_EXISTING,werewolf,0.96,MAP_EXISTING,werewolf,0.9,MAP_EXISTING,werewolf,0.95,4MAP_EXISTING,werewolf×4,TIER_1_STRONG,ACCEPT_MAP,werewolf,ct-v1-werewolf,0.94,4/4 decision+target一致，代表书证与目标语义相符，无明显反证,,false
c6eeac48e3c93e77e79e332cd0eccba025bd1d754a7ebe390846d56904532c32,,"[""RAW_LANGUAGE_SCOPE_V1"",""[\""number\"",\""8\""]"",[""string"",""意大利语""]]",IT,Moderne,15,MAP_EXISTING,modern-romance,0.9,MAP_EXISTING,modern-romance,0.95,MAP_EXISTING,contemporary-setting,0.85,MAP_EXISTING,modern-romance,0.9,4MAP_EXISTING,modern-romance×3; contemporary-setting×1,TIER_3_TARGET_CONFLICT,ACCEPT_MAP,modern-romance,ct-v1-modern-romance,0.88,女频共现~100%，书证全为现代豪门婚恋/复仇言情；modern-romance为检索等价入口,C: contemporary-setting（setting facet字面映射，不错但检索价值低）,false
77a03018c9e9bbc8fdc79cf065ec150bf2492a9e904354a85d0d2c817efe8d48,,"[""RAW_LANGUAGE_SCOPE_V1"",""[\""number\"",\""8\""]"",[""string"",""意大利语""]]",IT,Romance,4,MAP_EXISTING,romance,0.88,MAP_EXISTING,romance,0.95,MAP_EXISTING,romance,0.95,MAP_EXISTING,romance,0.9,4MAP_EXISTING,romance×4,TIER_1_STRONG,ACCEPT_MAP,romance,ct-v1-romance,0.92,4/4 decision+target一致，代表书证与目标语义相符，无明显反证,,false
7ca5f3b73563bcf5060f3ab6a9f1894ad57340363594ede34f0adf00661c7c92,,"[""RAW_LANGUAGE_SCOPE_V1"",""[\""number\"",\""8\""]"",[""string"",""意大利语""]]",IT,古代言情,4,HUMAN_REVIEW,HUMAN_REVIEW,0.45,HUMAN_REVIEW,HUMAN_REVIEW,0.52,HUMAN_REVIEW,HUMAN_REVIEW,0.5,HUMAN_REVIEW,HUMAN_REVIEW,0.48,4HUMAN_REVIEW,HUMAN_REVIEW×4,TIER_5_SOURCE_DIRTY,DEFER_SOURCE_DIRTY,,,0.42,4/4 HUMAN_REVIEW；交叉验证确认为来源侧脏数据：4/4书证为现代豪门言情——跨scope语义分裂实证,,false
ad7649f106c50d750ce030d59f387e2e9fe3b22fb989bb9fee269fb3f1b88ae4,,"[""RAW_LANGUAGE_SCOPE_V1"",""[\""number\"",\""8\""]"",[""string"",""意大利语""]]",IT,女频,26,MAP_EXISTING,female-audience,0.93,MAP_EXISTING,female-audience,0.99,MAP_EXISTING,female-audience,0.95,IGNORE_NON_CONTENT,IGNORE_NON_CONTENT,0.96,3MAP_EXISTING+1IGNORE_NON_CONTENT,female-audience×3; IGNORE_NON_CONTENT×1,TIER_2_GOOD,ACCEPT_MAP,female-audience,ct-v1-female-audience,0.95,A/B/C一致映射；audience已是119正式facet（ct-v1-female-audience存在），书证全为女性向,D: IGNORE（视为运营二分旗——但artifact已建audience facet，忽略反而丢失已建模维度）,false
1d65b7c0972adbb75e5da116e85ee43c25f46ca568bc5e4445732b2d9b7107e3,,"[""RAW_LANGUAGE_SCOPE_V1"",""[\""number\"",\""9\""]"",[""string"",""日语""]]",JA,SF,8,MAP_EXISTING,science-fiction,0.82,MAP_EXISTING,science-fiction,0.9,MAP_EXISTING,science-fiction,0.88,MAP_EXISTING,science-fiction+apocalypse,0.86,4MAP_EXISTING,science-fiction×3; science-fiction+apocalypse×1,TIER_3_TARGET_CONFLICT,ACCEPT_MAP,science-fiction,ct-v1-science-fiction,0.85,书证为机器人/末世/死亡游戏等女频科幻向；仅2-3/8为末世，不满足整桶1:N条件,D: 1:N +apocalypse（会把非末世书强制打上末世标签）,false
1c69964e7131b426310e6fad942093c675edc4bb45360992b36c573450399218,,"[""RAW_LANGUAGE_SCOPE_V1"",""[\""number\"",\""9\""]"",[""string"",""日语""]]",JA,げんかん,14,MAP_EXISTING,eastern-fantasy,0.7,MAP_EXISTING,fantasy,0.79,HUMAN_REVIEW,HUMAN_REVIEW,0.3,HUMAN_REVIEW,HUMAN_REVIEW,0.58,2MAP_EXISTING+2HUMAN_REVIEW,HUMAN_REVIEW×2; eastern-fantasy×1; fantasy×1,TIER_5_SOURCE_DIRTY,DEFER_SOURCE_DIRTY,,,0.5,被破坏的token字符串（疑似「玄幻」机器转写），书证为Omegaverse/仙女/死に戻り/异世界混装且identity不稳定，渠道随时可能更换该字符串,A: eastern-fantasy 0.70（自flag identity不稳）；B: fantasy 0.79,false
cf951f2dd727b0e269c3f45ec75fc57905b9c67bb291a764a6a10c04fd79868e,,"[""RAW_LANGUAGE_SCOPE_V1"",""[\""number\"",\""9\""]"",[""string"",""日语""]]",JA,その他,5,IGNORE_NON_CONTENT,IGNORE_NON_CONTENT,0.95,IGNORE_NON_CONTENT,IGNORE_NON_CONTENT,0.98,IGNORE_NON_CONTENT,IGNORE_NON_CONTENT,0.9,IGNORE_NON_CONTENT,IGNORE_NON_CONTENT,0.94,4IGNORE_NON_CONTENT,IGNORE_NON_CONTENT×4,TIER_1_STRONG,ACCEPT_IGNORE,,,0.94,4/4一致：格式/兜底/目录型token，无独立内容检索语义（Others/短篇/图书家族）,,false
18fc6facfff9245034cd20bc860a5c63c13800e2e937f5651f558fb4f41054ff,,"[""RAW_LANGUAGE_SCOPE_V1"",""[\""number\"",\""9\""]"",[""string"",""日语""]]",JA,ホラー,6,NEW_CANONICAL,NEW:horror,0.78,NEW_CANONICAL,NEW:horror,0.86,NEW_CANONICAL,NEW:horror,0.88,HUMAN_REVIEW,HUMAN_REVIEW,0.47,3NEW_CANONICAL+1HUMAN_REVIEW,NEW:horror×3; HUMAN_REVIEW×1,TIER_2_GOOD,ACCEPT_NEW_CANONICAL,NEW:horror,,0.85,A/B/C提出同一horror概念；本scope书证干净：5/6为真恐怖（化け物/蚕女/绝望短篇集）；suspense无法承载恐惧体验检索,D: HUMAN_REVIEW（对全部Horror键一刀切0.47——对本scope过度保守）,false
977555948570600620c2e4f0c26564ce028405fb14e506de55f430f4c806866d,,"[""RAW_LANGUAGE_SCOPE_V1"",""[\""number\"",\""9\""]"",[""string"",""日语""]]",JA,マフィア,13,MAP_EXISTING,mafia,0.93,MAP_EXISTING,mafia,0.8,MAP_EXISTING,mafia,0.9,MAP_EXISTING,mafia,0.84,4MAP_EXISTING,mafia×4,TIER_2_GOOD,ACCEPT_MAP,mafia,ct-v1-mafia,0.85,四家同decision同target；但书证存在部分反证：约半数为复仇婚恋，非黑帮主线,,false
0018d92e2b84896bbd1d5701d21e1fd347302034d520f793f0b0b9a98c4facee,,"[""RAW_LANGUAGE_SCOPE_V1"",""[\""number\"",\""9\""]"",[""string"",""日语""]]",JA,人狼,24,MAP_EXISTING,werewolf,0.95,MAP_EXISTING,werewolf,0.96,MAP_EXISTING,werewolf,0.9,MAP_EXISTING,werewolf,0.95,4MAP_EXISTING,werewolf×4,TIER_1_STRONG,ACCEPT_MAP,werewolf,ct-v1-werewolf,0.94,4/4 decision+target一致，代表书证与目标语义相符，无明显反证,,false
b0aa2647916884c44951dd9e0b3c1854b1ba4a30455881e66df35f1e21ef1ec3,,"[""RAW_LANGUAGE_SCOPE_V1"",""[\""number\"",\""9\""]"",[""string"",""日语""]]",JA,冒険,7,MAP_EXISTING,adventure,0.75,MAP_EXISTING,adventure,0.84,MAP_EXISTING,adventure,0.7,HUMAN_REVIEW,HUMAN_REVIEW,0.44,3MAP_EXISTING+1HUMAN_REVIEW,adventure×3; HUMAN_REVIEW×1,TIER_2_GOOD,ACCEPT_MAP,adventure,ct-v1-adventure,0.72,3/4一致；Adventure家族中唯一真冒险scope（骑士之旅/元国王旅立ち/异世界无双）；含1本测试书籍污染,D: HUMAN_REVIEW（因测试书）,false
4e9b1e8b1f3e0cd003f1ecd82fef00f1af0d768f5a97c8f2cc585fc033caf4a8,,"[""RAW_LANGUAGE_SCOPE_V1"",""[\""number\"",\""9\""]"",[""string"",""日语""]]",JA,女频,403,MAP_EXISTING,female-audience,0.93,MAP_EXISTING,female-audience,0.99,MAP_EXISTING,female-audience,0.95,IGNORE_NON_CONTENT,IGNORE_NON_CONTENT,0.96,3MAP_EXISTING+1IGNORE_NON_CONTENT,female-audience×3; IGNORE_NON_CONTENT×1,TIER_2_GOOD,ACCEPT_MAP,female-audience,ct-v1-female-audience,0.95,A/B/C一致映射；audience已是119正式facet（ct-v1-female-audience存在），书证全为女性向,D: IGNORE（视为运营二分旗——但artifact已建audience facet，忽略反而丢失已建模维度）,false
48aed4f49cb686e22e6ccd78ac1be0dc182e30d8380a297aa298da8d1ab9ecc3,,"[""RAW_LANGUAGE_SCOPE_V1"",""[\""number\"",\""9\""]"",[""string"",""日语""]]",JA,官能,5,MAP_EXISTING,mature-content,0.78,MAP_EXISTING,mature-content,0.72,MAP_EXISTING,mature-content,0.75,MAP_EXISTING,mature-content,0.87,4MAP_EXISTING,mature-content×4,TIER_2_GOOD,ACCEPT_MAP,mature-content,ct-v1-mature-content,0.78,四家同decision同target；但书证存在部分反证：含R18书证但整体纯度中等；成人向按标签+部分书证成立,,false
6e2004eea625e38a8ec3c2316a1d229c74df27c4d836d0a117438bc05610dcd9,,"[""RAW_LANGUAGE_SCOPE_V1"",""[\""number\"",\""9\""]"",[""string"",""日语""]]",JA,御曹司,11,MAP_EXISTING,wealthy-ceo,0.93,MAP_EXISTING,heir,0.92,MAP_EXISTING,wealthy-ceo,0.9,MAP_EXISTING,wealthy-ceo,0.93,4MAP_EXISTING,wealthy-ceo×3; heir×1,TIER_3_TARGET_CONFLICT,ACCEPT_MAP,wealthy-ceo,ct-v1-wealthy-ceo,0.9,书证为冷徹社長/名家御曹司婚恋，与Billionaire家族同质；wealthy-ceo为标准入口,B: heir（字面继承人，语义偏窄）,false
a1eb11a9605bd7bef863534f4dc5c09360edc45cdad9ac1eba80c2544e82b9b6,,"[""RAW_LANGUAGE_SCOPE_V1"",""[\""number\"",\""9\""]"",[""string"",""日语""]]",JA,恋愛,161,MAP_EXISTING,romance,0.9,MAP_EXISTING,romance,0.95,MAP_EXISTING,romance,0.9,MAP_EXISTING,romance,0.95,4MAP_EXISTING,romance×4,TIER_1_STRONG,ACCEPT_MAP,romance,ct-v1-romance,0.93,4/4 decision+target一致，代表书证与目标语义相符，无明显反证,,false
b013dc187a8e074c0bc0da300a017065671d6d7879cf8b6340a1521649e8ac76,,"[""RAW_LANGUAGE_SCOPE_V1"",""[\""number\"",\""9\""]"",[""string"",""日语""]]",JA,歴史,10,MAP_EXISTING,historical-romance,0.88,MAP_EXISTING,historical-romance,0.9,MAP_EXISTING,historical-romance,0.82,MAP_EXISTING,historical-romance,0.91,4MAP_EXISTING,historical-romance×4,TIER_1_STRONG,ACCEPT_MAP,historical-romance,ct-v1-historical-romance,0.88,4/4 decision+target一致，代表书证与目标语义相符，无明显反证,,false
30c3caeef0152c97bf10927e2bb6b7b870392332a8fc77564c22b75478171432,,"[""RAW_LANGUAGE_SCOPE_V1"",""[\""number\"",\""9\""]"",[""string"",""日语""]]",JA,男频,27,NEW_CANONICAL,NEW:male-audience,0.8,NEW_CANONICAL,NEW:male-audience,0.98,NEW_CANONICAL,NEW:male-audience,0.95,IGNORE_NON_CONTENT,IGNORE_NON_CONTENT,0.96,3NEW_CANONICAL+1IGNORE_NON_CONTENT,NEW:male-audience×3; IGNORE_NON_CONTENT×1,TIER_2_GOOD,ACCEPT_NEW_CANONICAL,NEW:male-audience,,0.92,A/B/C提出同一概念；119只有female-audience无对称男性向入口，8217本可进女性向而1684本男频书无入口，结构性不对称,D: IGNORE（主张女频男频同进同退；若Owner不扩audience则两者一并IGNORE）,false
ccdefb925c74ef2206bd650af7134694d09c4166896cd4fea0734b2f26936b54,,"[""RAW_LANGUAGE_SCOPE_V1"",""[\""number\"",\""9\""]"",[""string"",""日语""]]",JA,異世界,2,MAP_EXISTING,time-travel,0.75,NEW_CANONICAL,NEW:isekai,0.94,MAP_EXISTING,fantasy,0.7,NEW_CANONICAL,NEW:isekai,0.88,2MAP_EXISTING+2NEW_CANONICAL,NEW:isekai×2; time-travel×1; fantasy×1,TIER_4_SPLIT,ACCEPT_MAP,fantasy,ct-v1-fantasy,0.62,f=2：異世界転生無双+妖刀冒险；isekai语义真实且独立，但2本书不足以新建CanonicalTag——并入fantasy不会让用户觉得搜错，isekai登记为未来alias/gap,B/D: NEW isekai（0.88-0.94）；A: time-travel（穿越页以中式古言为主，错配更明显）,false
30635c97e77708cac815dee8faaa708ebcccf844eaf7e1019a4d628a99b00cad,,"[""RAW_LANGUAGE_SCOPE_V1"",""[\""number\"",\""9\""]"",[""string"",""日语""]]",JA,短編,4,IGNORE_NON_CONTENT,IGNORE_NON_CONTENT,0.85,IGNORE_NON_CONTENT,IGNORE_NON_CONTENT,0.98,IGNORE_NON_CONTENT,IGNORE_NON_CONTENT,0.9,IGNORE_NON_CONTENT,IGNORE_NON_CONTENT,0.92,4IGNORE_NON_CONTENT,IGNORE_NON_CONTENT×4,TIER_1_STRONG,ACCEPT_IGNORE,,,0.91,4/4一致：格式/兜底/目录型token，无独立内容检索语义（Others/短篇/图书家族）,,false
542ee2fd8f73df7374258d7093078a57b6ceda882a2b78b9883d8a24bb1a51c8,,"[""RAW_LANGUAGE_SCOPE_V1"",""[\""number\"",\""9\""]"",[""string"",""日语""]]",JA,都市,160,MAP_EXISTING,modern-romance,0.85,MAP_EXISTING,urban-setting,0.92,MAP_EXISTING,urban-setting,0.9,MAP_EXISTING,modern-romance,0.88,4MAP_EXISTING,modern-romance×2; urban-setting×2,TIER_3_TARGET_CONFLICT,ACCEPT_MAP,modern-romance,ct-v1-modern-romance,0.85,书证全为女频现代婚恋（身代わり妻/婚約破棄），与简繁中文「都市」(男频爽文)语义分裂——同字符串跨scope必须独立判定,B/C: urban-setting（把跨语言同字符串当同一入口）,false
090bf072e577b7f12df9d8deaeb3444603d392b2ee87ed241ed800b528007290,,"[""RAW_LANGUAGE_SCOPE_V1"",""[\""number\"",\""14\""]"",[""string"",""韩语""]]",KO,LGBT+,1,HUMAN_REVIEW,HUMAN_REVIEW,0.45,HUMAN_REVIEW,HUMAN_REVIEW,0.2,NEW_CANONICAL,NEW:lgbt-plus,0.85,NEW_CANONICAL,NEW:lgbt,0.84,2HUMAN_REVIEW+2NEW_CANONICAL,HUMAN_REVIEW×2; NEW:lgbt-plus×1; NEW:lgbt×1,TIER_5_SOURCE_DIRTY,DEFER_SOURCE_DIRTY,,,0.42,f=1，唯一书证为贵族女子重生嫁道令君——异性恋古言，字面被书证直接反证,C/D: NEW lgbt（字面）,false
b28b733a806e4f59f7b2adda8240a5d8583bc27ec412600436f1b37af9c162f0,,"[""RAW_LANGUAGE_SCOPE_V1"",""[\""number\"",\""14\""]"",[""string"",""韩语""]]",KO,女频,269,MAP_EXISTING,female-audience,0.93,MAP_EXISTING,female-audience,0.99,MAP_EXISTING,female-audience,0.95,IGNORE_NON_CONTENT,IGNORE_NON_CONTENT,0.96,3MAP_EXISTING+1IGNORE_NON_CONTENT,female-audience×3; IGNORE_NON_CONTENT×1,TIER_2_GOOD,ACCEPT_MAP,female-audience,ct-v1-female-audience,0.95,A/B/C一致映射；audience已是119正式facet（ct-v1-female-audience存在），书证全为女性向,D: IGNORE（视为运营二分旗——但artifact已建audience facet，忽略反而丢失已建模维度）,false
470cf26f6f9ab4c7566cbf07ecdc556bff079b52c070d4a1917f97322551e83d,,"[""RAW_LANGUAGE_SCOPE_V1"",""[\""number\"",\""14\""]"",[""string"",""韩语""]]",KO,男频,2,NEW_CANONICAL,NEW:male-audience,0.8,NEW_CANONICAL,NEW:male-audience,0.98,NEW_CANONICAL,NEW:male-audience,0.95,IGNORE_NON_CONTENT,IGNORE_NON_CONTENT,0.96,3NEW_CANONICAL+1IGNORE_NON_CONTENT,NEW:male-audience×3; IGNORE_NON_CONTENT×1,TIER_2_GOOD,ACCEPT_NEW_CANONICAL,NEW:male-audience,,0.92,A/B/C提出同一概念；119只有female-audience无对称男性向入口，8217本可进女性向而1684本男频书无入口，结构性不对称,D: IGNORE（主张女频男频同进同退；若Owner不扩audience则两者一并IGNORE）,false
c637bdd573feedbffff714e3f42b6d3997363320b890cb2540fc664963aadfee,,"[""RAW_LANGUAGE_SCOPE_V1"",""[\""number\"",\""14\""]"",[""string"",""韩语""]]",KO,공포,2,NEW_CANONICAL,NEW:horror,0.78,NEW_CANONICAL,NEW:horror,0.82,NEW_CANONICAL,NEW:horror,0.88,HUMAN_REVIEW,HUMAN_REVIEW,0.47,3NEW_CANONICAL+1HUMAN_REVIEW,NEW:horror×3; HUMAN_REVIEW×1,TIER_2_GOOD,ACCEPT_NEW_CANONICAL,NEW:horror,,0.8,A/B/C提出同一horror概念；本scope书证干净：血茶+高温末世灭亲；suspense无法承载恐惧体验检索,D: HUMAN_REVIEW（对全部Horror键一刀切0.47——对本scope过度保守）,false
660642851592cc41d85e478165697a95beb3f064cf6b8fa046f35c2688240a61,,"[""RAW_LANGUAGE_SCOPE_V1"",""[\""number\"",\""14\""]"",[""string"",""韩语""]]",KO,늑대 인간,29,MAP_EXISTING,werewolf,0.95,MAP_EXISTING,werewolf,0.96,MAP_EXISTING,werewolf,0.9,MAP_EXISTING,werewolf,0.95,4MAP_EXISTING,werewolf×4,TIER_1_STRONG,ACCEPT_MAP,werewolf,ct-v1-werewolf,0.94,4/4 decision+target一致，代表书证与目标语义相符，无明显反证,,false
3f9cd2691065567f2ed4711b7d857e6cc6eb5146395d7e13c5ef7b78d168984e,,"[""RAW_LANGUAGE_SCOPE_V1"",""[\""number\"",\""14\""]"",[""string"",""韩语""]]",KO,단편 소설,1,IGNORE_NON_CONTENT,IGNORE_NON_CONTENT,0.85,IGNORE_NON_CONTENT,IGNORE_NON_CONTENT,0.98,IGNORE_NON_CONTENT,IGNORE_NON_CONTENT,0.9,IGNORE_NON_CONTENT,IGNORE_NON_CONTENT,0.92,4IGNORE_NON_CONTENT,IGNORE_NON_CONTENT×4,TIER_1_STRONG,ACCEPT_IGNORE,,,0.91,4/4一致：格式/兜底/目录型token，无独立内容检索语义（Others/短篇/图书家族）,,false
3ae1131de25fcaf4cb75c4e10cd17b9d56dca18a862511c0a12954cbc708027e,,"[""RAW_LANGUAGE_SCOPE_V1"",""[\""number\"",\""14\""]"",[""string"",""韩语""]]",KO,로맨스,84,MAP_EXISTING,romance,0.9,MAP_EXISTING,romance,0.95,MAP_EXISTING,romance,0.9,MAP_EXISTING,romance,0.95,4MAP_EXISTING,romance×4,TIER_1_STRONG,ACCEPT_MAP,romance,ct-v1-romance,0.93,4/4 decision+target一致，代表书证与目标语义相符，无明显反证,,false
f5e53dcdc7acb50d3f0ae53d7b04db8e4e84739ae289b57aadb5222565ec88e3,,"[""RAW_LANGUAGE_SCOPE_V1"",""[\""number\"",\""14\""]"",[""string"",""韩语""]]",KO,마피아,4,MAP_EXISTING,mafia,0.93,MAP_EXISTING,mafia,0.9,MAP_EXISTING,mafia,0.9,MAP_EXISTING,mafia,0.84,4MAP_EXISTING,mafia×4,TIER_1_STRONG,ACCEPT_MAP,mafia,ct-v1-mafia,0.89,4/4 decision+target一致，代表书证与目标语义相符，无明显反证,,false
d122273518e9b945682d096dd7b105c26d5898f6558baac107d828e68e7f36f2,,"[""RAW_LANGUAGE_SCOPE_V1"",""[\""number\"",\""14\""]"",[""string"",""韩语""]]",KO,모험,1,IGNORE_NON_CONTENT,IGNORE_NON_CONTENT,0.68,HUMAN_REVIEW,HUMAN_REVIEW,0.2,HUMAN_REVIEW,HUMAN_REVIEW,0.4,HUMAN_REVIEW,HUMAN_REVIEW,0.44,3HUMAN_REVIEW+1IGNORE_NON_CONTENT,HUMAN_REVIEW×3; IGNORE_NON_CONTENT×1,TIER_5_SOURCE_DIRTY,ACCEPT_IGNORE,,,0.68,Adventure家族=男频侧fallback桶（共现几乎100%男频），无任何稳定内容语义：唯一书证为戴王冠的王子（言情）；与Others同性质，按非内容桶关闭。四家一致反对映射adventure,B/C/D: HUMAN_REVIEW；A: IGNORE——交叉验证后采A（共现+跨10个scope的系统性证据已足够）,false
f393b18cfc35cef6fd690030fc43a5402f8732b537286a01fbad4a428b9aaaca,,"[""RAW_LANGUAGE_SCOPE_V1"",""[\""number\"",\""14\""]"",[""string"",""韩语""]]",KO,역사,7,MAP_EXISTING,historical-romance,0.8,HUMAN_REVIEW,HUMAN_REVIEW,0.52,MAP_EXISTING,historical-romance,0.82,MAP_EXISTING,historical-romance,0.86,3MAP_EXISTING+1HUMAN_REVIEW,historical-romance×3; HUMAN_REVIEW×1,TIER_2_GOOD,ACCEPT_MAP,historical-romance,ct-v1-historical-romance,0.75,3/4一致；约4/7书证为权谋古言/战神将军穿越婚恋（含现代噪声）,B: HUMAN_REVIEW（不跨scope继承）,false
3cf0e5200eb53d36a73b512e7db7d4b4d2dea3b5498552f05d59c843b553d87c,,"[""RAW_LANGUAGE_SCOPE_V1"",""[\""number\"",\""14\""]"",[""string"",""韩语""]]",KO,재벌,20,MAP_EXISTING,wealthy-ceo,0.93,MAP_EXISTING,wealthy-ceo,0.93,MAP_EXISTING,wealthy-ceo,0.9,MAP_EXISTING,wealthy-ceo,0.93,4MAP_EXISTING,wealthy-ceo×4,TIER_1_STRONG,ACCEPT_MAP,wealthy-ceo,ct-v1-wealthy-ceo,0.92,4/4 decision+target一致，代表书证与目标语义相符，无明显反证,,false
9cd8d332c26fd8e624155be0fff3416e75c9f27c1293bba3c03e8fac6820b760,,"[""RAW_LANGUAGE_SCOPE_V1"",""[\""number\"",\""14\""]"",[""string"",""韩语""]]",KO,판타지,10,HUMAN_REVIEW,HUMAN_REVIEW,0.58,MAP_EXISTING,fantasy,0.76,MAP_EXISTING,fantasy,0.8,HUMAN_REVIEW,HUMAN_REVIEW,0.5,2HUMAN_REVIEW+2MAP_EXISTING,HUMAN_REVIEW×2; fantasy×2,TIER_5_SOURCE_DIRTY,DEFER_SOURCE_DIRTY,,,0.5,约6/10为Omegaverse狼人言情（알파/오메가/메이트），混入重生复仇——挂fantasy会把Omegaverse灌入奇幻页；werewolf侧另有承载,B/C: fantasy（B自flag过映射）,false
a3a85f59616d99a784c9020889181534567116a87be15d624f11d6f9a78b25b3,,"[""RAW_LANGUAGE_SCOPE_V1"",""[\""number\"",\""14\""]"",[""string"",""韩语""]]",KO,현대,108,MAP_EXISTING,modern-romance,0.9,MAP_EXISTING,modern-romance,0.95,MAP_EXISTING,contemporary-setting,0.85,MAP_EXISTING,modern-romance,0.9,4MAP_EXISTING,modern-romance×3; contemporary-setting×1,TIER_3_TARGET_CONFLICT,ACCEPT_MAP,modern-romance,ct-v1-modern-romance,0.88,女频共现~100%，书证全为现代豪门婚恋/复仇言情；modern-romance为检索等价入口,C: contemporary-setting（setting facet字面映射，不错但检索价值低）,false
789bb3cd09f21e0b9b4958897da7f88557590adb73c4020d59720af5f50c98f9,,"[""RAW_LANGUAGE_SCOPE_V1"",""[\""number\"",\""14\""]"",[""string"",""韩语""]]",KO,환상,4,MAP_EXISTING,fantasy,0.7,HUMAN_REVIEW,HUMAN_REVIEW,0.4,MAP_EXISTING,fantasy,0.8,HUMAN_REVIEW,HUMAN_REVIEW,0.5,2MAP_EXISTING+2HUMAN_REVIEW,fantasy×2; HUMAN_REVIEW×2,TIER_5_SOURCE_DIRTY,DEFER_SOURCE_DIRTY,,,0.45,与판타지同scope的重复同义token，4本中仅2本奇幻向（穿书/兽人）,A/C: fantasy（字面）,false
77b947889d3bbf441dfb5a829e334cbd437a9a8f06f660f284ca05adcfe4d5e5,,"[""RAW_LANGUAGE_SCOPE_V1"",""[\""number\"",\""5\""]"",[""string"",""葡语""]]",PT,Aventura,36,IGNORE_NON_CONTENT,IGNORE_NON_CONTENT,0.8,MAP_EXISTING,modern-romance,0.88,HUMAN_REVIEW,HUMAN_REVIEW,0.4,HUMAN_REVIEW,HUMAN_REVIEW,0.44,2HUMAN_REVIEW+1IGNORE_NON_CONTENT+1MAP_EXISTING,HUMAN_REVIEW×2; IGNORE_NON_CONTENT×1; modern-romance×1,TIER_5_SOURCE_DIRTY,ACCEPT_IGNORE,,,0.72,Adventure家族fallback桶：书证为18+情色合集/CEO言情/狼人混装，无稳定语义；按非内容桶关闭,B: modern-romance（会把情色合集灌入现代言情页，未采纳）；C/D: HUMAN_REVIEW,false
b1865a3ea61258c57a5576a0413d1727a692253088f221d8f1aeb60f7ece17e3,,"[""RAW_LANGUAGE_SCOPE_V1"",""[\""number\"",\""5\""]"",[""string"",""葡语""]]",PT,Bilionários,107,MAP_EXISTING,wealthy-ceo,0.93,MAP_EXISTING,wealthy-ceo,0.93,MAP_EXISTING,wealthy-ceo,0.9,MAP_EXISTING,wealthy-ceo,0.93,4MAP_EXISTING,wealthy-ceo×4,TIER_1_STRONG,ACCEPT_MAP,wealthy-ceo,ct-v1-wealthy-ceo,0.92,4/4 decision+target一致，代表书证与目标语义相符，无明显反证,,false
afc88faa7f36064fa098b101bdc4b90c462e246e9eb151d369cd1b7f6b839e34,,"[""RAW_LANGUAGE_SCOPE_V1"",""[\""number\"",\""5\""]"",[""string"",""葡语""]]",PT,Contos,16,IGNORE_NON_CONTENT,IGNORE_NON_CONTENT,0.85,IGNORE_NON_CONTENT,IGNORE_NON_CONTENT,0.98,IGNORE_NON_CONTENT,IGNORE_NON_CONTENT,0.9,IGNORE_NON_CONTENT,IGNORE_NON_CONTENT,0.92,4IGNORE_NON_CONTENT,IGNORE_NON_CONTENT×4,TIER_1_STRONG,ACCEPT_IGNORE,,,0.91,4/4一致：格式/兜底/目录型token，无独立内容检索语义（Others/短篇/图书家族）,,false
c2032317c2b633e36f3f58c71086179431a7383414f6c0c6780aa3621969f04f,,"[""RAW_LANGUAGE_SCOPE_V1"",""[\""number\"",\""5\""]"",[""string"",""葡语""]]",PT,Fantasia,37,MAP_EXISTING,fantasy,0.85,HUMAN_REVIEW,HUMAN_REVIEW,0.58,MAP_EXISTING,fantasy,0.8,MAP_EXISTING,fantasy,0.8,3MAP_EXISTING+1HUMAN_REVIEW,fantasy×3; HUMAN_REVIEW×1,TIER_2_GOOD,ACCEPT_MAP,fantasy,ct-v1-fantasy,0.75,3/4一致；书证多数为异界生物/不朽者/魔典,B: HUMAN_REVIEW(0.58),false
aa2819f1cb9782618e389184912ab53cd6ede4cafb71f0923f58e6a919122d68,,"[""RAW_LANGUAGE_SCOPE_V1"",""[\""number\"",\""5\""]"",[""string"",""葡语""]]",PT,História,14,HUMAN_REVIEW,HUMAN_REVIEW,0.55,HUMAN_REVIEW,HUMAN_REVIEW,0.5,MAP_EXISTING,historical-romance,0.7,HUMAN_REVIEW,HUMAN_REVIEW,0.46,3HUMAN_REVIEW+1MAP_EXISTING,HUMAN_REVIEW×3; historical-romance×1,TIER_5_SOURCE_DIRTY,DEFER_SOURCE_DIRTY,,,0.48,仅2-3/9历史向（19世纪牛仔/女帝崛起），其余现代复仇/桑巴/诅咒,C: historical-romance（字面）,false
a998a803f7c6f1c3b1048b722e796337ce6c65502627bb938788e0c554369619,,"[""RAW_LANGUAGE_SCOPE_V1"",""[\""number\"",\""5\""]"",[""string"",""葡语""]]",PT,Horror,7,NEW_CANONICAL,NEW:horror,0.72,NEW_CANONICAL,NEW:horror,0.88,NEW_CANONICAL,NEW:horror,0.88,HUMAN_REVIEW,HUMAN_REVIEW,0.47,3NEW_CANONICAL+1HUMAN_REVIEW,NEW:horror×3; HUMAN_REVIEW×1,TIER_2_GOOD,ACCEPT_NEW_CANONICAL,NEW:horror,,0.68,A/B/C提出同一horror概念；书证约半数为恐怖短篇集（Contos de Terror/Mistérios Sombrios），半数复仇言情——挂入但列过映射观察,D: HUMAN_REVIEW,false
ffdb87a84de39954d3b80b056588861e7557972ace4ca8ca88e9eb8c6e782c4e,,"[""RAW_LANGUAGE_SCOPE_V1"",""[\""number\"",\""5\""]"",[""string"",""葡语""]]",PT,Jovem Adulto,46,HUMAN_REVIEW,HUMAN_REVIEW,0.45,HUMAN_REVIEW,HUMAN_REVIEW,0.54,HUMAN_REVIEW,HUMAN_REVIEW,0.5,HUMAN_REVIEW,HUMAN_REVIEW,0.42,4HUMAN_REVIEW,HUMAN_REVIEW×4,TIER_5_SOURCE_DIRTY,DEFER_SOURCE_DIRTY,,,0.42,4/4 HUMAN_REVIEW；交叉验证确认为来源侧脏数据：青少年标签下为Relatos Eróticos等露骨内容，46本，分级安全风险,,true
7d737b5cdd078afd7aa799ba80867b5636e382f673b84c534351f6906dddd42a,,"[""RAW_LANGUAGE_SCOPE_V1"",""[\""number\"",\""5\""]"",[""string"",""葡语""]]",PT,LGBT+,13,NEW_CANONICAL,NEW:lgbtq-romance,0.9,NEW_CANONICAL,NEW:lgbtq,0.82,NEW_CANONICAL,NEW:lgbt-plus,0.85,NEW_CANONICAL,NEW:lgbt,0.84,4NEW_CANONICAL,NEW:lgbtq-romance×1; NEW:lgbtq×1; NEW:lgbt-plus×1; NEW:lgbt×1,TIER_1_STRONG,ACCEPT_NEW_CANONICAL,NEW:lgbtq-romance,,0.85,4/4提出同一新概念（slug各异：lgbtq-romance/lgbtq/lgbt-plus/lgbt，语义归一后同一identity）；书证为BL/GL/Omegaverse同性恋爱主线,B对泰语นิยายวาย另提boys-love子概念→归一为alias,false
be691dc221166ffa119ea88a45735eca0fb2b7c94135bcf3a52e2e76c2380da0,,"[""RAW_LANGUAGE_SCOPE_V1"",""[\""number\"",\""5\""]"",[""string"",""葡语""]]",PT,Lobisomem,51,MAP_EXISTING,werewolf,0.95,MAP_EXISTING,werewolf,0.96,MAP_EXISTING,werewolf,0.9,MAP_EXISTING,werewolf,0.95,4MAP_EXISTING,werewolf×4,TIER_1_STRONG,ACCEPT_MAP,werewolf,ct-v1-werewolf,0.94,4/4 decision+target一致，代表书证与目标语义相符，无明显反证,,false
78a91436d286310a553adeeb08f12b999dfacb152eda9c9119a6869ad70fa7e3,,"[""RAW_LANGUAGE_SCOPE_V1"",""[\""number\"",\""5\""]"",[""string"",""葡语""]]",PT,Moderno,410,MAP_EXISTING,modern-romance,0.9,MAP_EXISTING,modern-romance,0.95,MAP_EXISTING,contemporary-setting,0.85,MAP_EXISTING,modern-romance,0.9,4MAP_EXISTING,modern-romance×3; contemporary-setting×1,TIER_3_TARGET_CONFLICT,ACCEPT_MAP,modern-romance,ct-v1-modern-romance,0.88,女频共现~100%，书证全为现代豪门婚恋/复仇言情；modern-romance为检索等价入口,C: contemporary-setting（setting facet字面映射，不错但检索价值低）,false
aa89b08f7e83ef14f6388ee3c71ba034ec851fff5898fb9e2ca117701a613735,,"[""RAW_LANGUAGE_SCOPE_V1"",""[\""number\"",\""5\""]"",[""string"",""葡语""]]",PT,Máfia,48,MAP_EXISTING,mafia,0.93,MAP_EXISTING,mafia,0.92,MAP_EXISTING,mafia,0.9,MAP_EXISTING,mafia,0.92,4MAP_EXISTING,mafia×4,TIER_1_STRONG,ACCEPT_MAP,mafia,ct-v1-mafia,0.92,4/4 decision+target一致，代表书证与目标语义相符，无明显反证,,false
440e2846237c62a076109b4fc7fe4f49cdf55f075e045b29892766766f3e9df5,,"[""RAW_LANGUAGE_SCOPE_V1"",""[\""number\"",\""5\""]"",[""string"",""葡语""]]",PT,Outras,16,IGNORE_NON_CONTENT,IGNORE_NON_CONTENT,0.95,IGNORE_NON_CONTENT,IGNORE_NON_CONTENT,0.98,IGNORE_NON_CONTENT,IGNORE_NON_CONTENT,0.9,IGNORE_NON_CONTENT,IGNORE_NON_CONTENT,0.94,4IGNORE_NON_CONTENT,IGNORE_NON_CONTENT×4,TIER_1_STRONG,ACCEPT_IGNORE,,,0.94,4/4一致：格式/兜底/目录型token，无独立内容检索语义（Others/短篇/图书家族）,,false
fa843cd90dcd6d71a1106537959c363aade125f6e0d7d55a415ed0867fd5ca72,,"[""RAW_LANGUAGE_SCOPE_V1"",""[\""number\"",\""5\""]"",[""string"",""葡语""]]",PT,Romance,273,MAP_EXISTING,romance,0.9,MAP_EXISTING,romance,0.95,MAP_EXISTING,romance,0.95,MAP_EXISTING,romance,0.95,4MAP_EXISTING,romance×4,TIER_1_STRONG,ACCEPT_MAP,romance,ct-v1-romance,0.94,4/4 decision+target一致，代表书证与目标语义相符，无明显反证,,false
9eb1ea1dbb5dff5bfcea24700bec12e390a1ec11e49cc1046b35f1d666eed181,,"[""RAW_LANGUAGE_SCOPE_V1"",""[\""number\"",\""5\""]"",[""string"",""葡语""]]",PT,Sci-fi,5,MAP_EXISTING,science-fiction,0.7,HUMAN_REVIEW,HUMAN_REVIEW,0.5,MAP_EXISTING,science-fiction,0.88,HUMAN_REVIEW,HUMAN_REVIEW,0.45,2MAP_EXISTING+2HUMAN_REVIEW,science-fiction×2; HUMAN_REVIEW×2,TIER_5_SOURCE_DIRTY,DEFER_SOURCE_DIRTY,,,0.5,5本中系统重生/女法师/天使恶魔混装，科幻机制不稳定,A/C: science-fiction,false
1a4f9633777d85fa5bbaa246da453f8b1779baf4361c362e3dad25cea5759943,,"[""RAW_LANGUAGE_SCOPE_V1"",""[\""number\"",\""5\""]"",[""string"",""葡语""]]",PT,Xuanhuan,6,HUMAN_REVIEW,HUMAN_REVIEW,0.42,MAP_EXISTING,modern-romance,0.78,MAP_EXISTING,eastern-fantasy,0.7,HUMAN_REVIEW,HUMAN_REVIEW,0.42,2HUMAN_REVIEW+2MAP_EXISTING,HUMAN_REVIEW×2; modern-romance×1; eastern-fantasy×1,TIER_5_SOURCE_DIRTY,DEFER_SOURCE_DIRTY,,,0.45,罗马化「玄幻」失真桶：书证为替嫁总裁/离婚复合/现代婚恋，与玄幻无关；同scope中文「玄幻奇幻」正常工作，证明此桶是另一套分类的错投,B: modern-romance（按书证）；C: eastern-fantasy（按字面）,false
82203655d52b242d75c59768d0c37539ac9456a1caef12f40c610dd75fa3b469,,"[""RAW_LANGUAGE_SCOPE_V1"",""[\""number\"",\""5\""]"",[""string"",""葡语""]]",PT,女频,1026,MAP_EXISTING,female-audience,0.93,MAP_EXISTING,female-audience,0.99,MAP_EXISTING,female-audience,0.95,IGNORE_NON_CONTENT,IGNORE_NON_CONTENT,0.96,3MAP_EXISTING+1IGNORE_NON_CONTENT,female-audience×3; IGNORE_NON_CONTENT×1,TIER_2_GOOD,ACCEPT_MAP,female-audience,ct-v1-female-audience,0.95,A/B/C一致映射；audience已是119正式facet（ct-v1-female-audience存在），书证全为女性向,D: IGNORE（视为运营二分旗——但artifact已建audience facet，忽略反而丢失已建模维度）,false
8459d6b0e8969d1e985c2e391af6d8faa70deafa81987b1a545454ba11a13be4,,"[""RAW_LANGUAGE_SCOPE_V1"",""[\""number\"",\""5\""]"",[""string"",""葡语""]]",PT,男频,59,NEW_CANONICAL,NEW:male-audience,0.8,NEW_CANONICAL,NEW:male-audience,0.98,NEW_CANONICAL,NEW:male-audience,0.95,IGNORE_NON_CONTENT,IGNORE_NON_CONTENT,0.96,3NEW_CANONICAL+1IGNORE_NON_CONTENT,NEW:male-audience×3; IGNORE_NON_CONTENT×1,TIER_2_GOOD,ACCEPT_NEW_CANONICAL,NEW:male-audience,,0.92,A/B/C提出同一概念；119只有female-audience无对称男性向入口，8217本可进女性向而1684本男频书无入口，结构性不对称,D: IGNORE（主张女频男频同进同退；若Owner不扩audience则两者一并IGNORE）,false
2f8e1fc4a08147ee074419fffaa7a359dc53fa55169435aff53fcb61710ab34c,,"[""RAW_LANGUAGE_SCOPE_V1"",""[\""number\"",\""7\""]"",[""string"",""俄语""]]",RU,Для взрослых,6,MAP_EXISTING,mature-content,0.72,MAP_EXISTING,young-adult,0.86,MAP_EXISTING,mature-content,0.7,MAP_EXISTING,mature-content,0.87,4MAP_EXISTING,mature-content×3; young-adult×1,TIER_6_OWNER,OWNER_REVIEW,,,0.5,标签字面=成人向(年龄门槛)且6/6女频；但6本书证均为高中/大学恋爱，未见露骨描写。mature-content(A/C/D按标签)与young-adult(B按书证)方向相反且涉及分级安全，证据无法唯一裁决,B: young-adult 0.86（按书证）,true
39fcac8e0df8a6573ceebe31c14bcd5600a6ac840e189eb39af708711eccc1dc,,"[""RAW_LANGUAGE_SCOPE_V1"",""[\""number\"",\""7\""]"",[""string"",""俄语""]]",RU,История,4,HUMAN_REVIEW,HUMAN_REVIEW,0.5,HUMAN_REVIEW,HUMAN_REVIEW,0.45,HUMAN_REVIEW,HUMAN_REVIEW,0.45,HUMAN_REVIEW,HUMAN_REVIEW,0.46,4HUMAN_REVIEW,HUMAN_REVIEW×4,TIER_5_SOURCE_DIRTY,DEFER_SOURCE_DIRTY,,,0.42,4/4 HUMAN_REVIEW；交叉验证确认为来源侧脏数据：书证为情色短篇/中世纪架空/海岛艳遇——「故事」桶,,false
f6203938c1edd022b0701e6abc9fc5085771ad181598234fbf3bfcf86c000b82,,"[""RAW_LANGUAGE_SCOPE_V1"",""[\""number\"",\""7\""]"",[""string"",""俄语""]]",RU,ЛГБТ+,14,NEW_CANONICAL,NEW:lgbtq-romance,0.7,NEW_CANONICAL,NEW:lgbtq,0.72,NEW_CANONICAL,NEW:lgbt-plus,0.85,NEW_CANONICAL,NEW:lgbt,0.84,4NEW_CANONICAL,NEW:lgbtq-romance×1; NEW:lgbtq×1; NEW:lgbt-plus×1; NEW:lgbt×1,TIER_1_STRONG,ACCEPT_NEW_CANONICAL,NEW:lgbtq-romance,,0.75,4/4提出同一新概念（slug各异：lgbtq-romance/lgbtq/lgbt-plus/lgbt，语义归一后同一identity）；书证为BL/GL/Omegaverse同性恋爱主线,B对泰语นิยายวาย另提boys-love子概念→归一为alias,false
a281a396f852214678fa79c17f819b7e735c1098457f2dccdcbc01e7393f41d5,,"[""RAW_LANGUAGE_SCOPE_V1"",""[\""number\"",\""7\""]"",[""string"",""俄语""]]",RU,Мафия,30,MAP_EXISTING,mafia,0.93,MAP_EXISTING,mafia,0.92,MAP_EXISTING,mafia,0.9,MAP_EXISTING,mafia,0.92,4MAP_EXISTING,mafia×4,TIER_1_STRONG,ACCEPT_MAP,mafia,ct-v1-mafia,0.92,4/4 decision+target一致，代表书证与目标语义相符，无明显反证,,false
888ecc7d84702f320109db449469d898ba76641866ec5eef40563f9d056b1f79,,"[""RAW_LANGUAGE_SCOPE_V1"",""[\""number\"",\""7\""]"",[""string"",""俄语""]]",RU,Миллиард,34,MAP_EXISTING,wealthy-ceo,0.93,MAP_EXISTING,wealthy-ceo,0.93,MAP_EXISTING,wealthy-ceo,0.9,MAP_EXISTING,wealthy-ceo,0.93,4MAP_EXISTING,wealthy-ceo×4,TIER_1_STRONG,ACCEPT_MAP,wealthy-ceo,ct-v1-wealthy-ceo,0.92,4/4 decision+target一致，代表书证与目标语义相符，无明显反证,,false
d556f190dc580b088a6860c0ee7a165914460f32c027784e07c5a26c8c125c95,,"[""RAW_LANGUAGE_SCOPE_V1"",""[\""number\"",\""7\""]"",[""string"",""俄语""]]",RU,Мистика,6,NEW_CANONICAL,NEW:supernatural-occult,0.7,HUMAN_REVIEW,HUMAN_REVIEW,0.49,NEW_CANONICAL,NEW:supernatural,0.7,HUMAN_REVIEW,HUMAN_REVIEW,0.6,2NEW_CANONICAL+2HUMAN_REVIEW,HUMAN_REVIEW×2; NEW:supernatural-occult×1; NEW:supernatural×1,TIER_5_SOURCE_DIRTY,DEFER_SOURCE_DIRTY,,,0.5,仅2/6灵异（凶宅/梦中肉身），其余复仇言情——不足以挂入supernatural,A/C: NEW supernatural（纯度不足）,false
946286a58a2a10f49950608fc63a351aaed1bc45f74085eb8cbb9c5cc0876710,,"[""RAW_LANGUAGE_SCOPE_V1"",""[\""number\"",\""7\""]"",[""string"",""俄语""]]",RU,Оборотни,54,MAP_EXISTING,werewolf,0.95,MAP_EXISTING,werewolf,0.96,MAP_EXISTING,werewolf,0.9,MAP_EXISTING,werewolf,0.95,4MAP_EXISTING,werewolf×4,TIER_1_STRONG,ACCEPT_MAP,werewolf,ct-v1-werewolf,0.94,4/4 decision+target一致，代表书证与目标语义相符，无明显反证,,false
883f36a38511a9bb773752492709def9b8cfa84d40a8b5ece3a44b4ee8d54c2f,,"[""RAW_LANGUAGE_SCOPE_V1"",""[\""number\"",\""7\""]"",[""string"",""俄语""]]",RU,Приключе,14,IGNORE_NON_CONTENT,IGNORE_NON_CONTENT,0.78,HUMAN_REVIEW,HUMAN_REVIEW,0.6,HUMAN_REVIEW,HUMAN_REVIEW,0.4,HUMAN_REVIEW,HUMAN_REVIEW,0.44,3HUMAN_REVIEW+1IGNORE_NON_CONTENT,HUMAN_REVIEW×3; IGNORE_NON_CONTENT×1,TIER_5_SOURCE_DIRTY,ACCEPT_IGNORE,,,0.75,Adventure家族=男频侧fallback桶（共现几乎100%男频），无任何稳定内容语义：14/14男频，珐琅工匠/绑架言情/苏丹；与Others同性质，按非内容桶关闭。四家一致反对映射adventure,B/C/D: HUMAN_REVIEW；A: IGNORE——交叉验证后采A（共现+跨10个scope的系统性证据已足够）,false
3ff3f3be6bd51d40da4637a41f4696b166124be2ec161d13a9c8aa75f9a3054f,,"[""RAW_LANGUAGE_SCOPE_V1"",""[\""number\"",\""7\""]"",[""string"",""俄语""]]",RU,Разное,2,IGNORE_NON_CONTENT,IGNORE_NON_CONTENT,0.95,IGNORE_NON_CONTENT,IGNORE_NON_CONTENT,0.98,IGNORE_NON_CONTENT,IGNORE_NON_CONTENT,0.9,IGNORE_NON_CONTENT,IGNORE_NON_CONTENT,0.94,4IGNORE_NON_CONTENT,IGNORE_NON_CONTENT×4,TIER_1_STRONG,ACCEPT_IGNORE,,,0.94,4/4一致：格式/兜底/目录型token，无独立内容检索语义（Others/短篇/图书家族）,,false
8ea70ad918796c35d03ba7336af6a2f7cf9684784cf0cb51fc46eb885e4e31d8,,"[""RAW_LANGUAGE_SCOPE_V1"",""[\""number\"",\""7\""]"",[""string"",""俄语""]]",RU,Рассказы,1,IGNORE_NON_CONTENT,IGNORE_NON_CONTENT,0.85,IGNORE_NON_CONTENT,IGNORE_NON_CONTENT,0.98,IGNORE_NON_CONTENT,IGNORE_NON_CONTENT,0.9,IGNORE_NON_CONTENT,IGNORE_NON_CONTENT,0.92,4IGNORE_NON_CONTENT,IGNORE_NON_CONTENT×4,TIER_1_STRONG,ACCEPT_IGNORE,,,0.91,4/4一致：格式/兜底/目录型token，无独立内容检索语义（Others/短篇/图书家族）,,false
fa6cd734403603fd4e9b6d07cdb3e5b01843e3699d75ad8001b771d26f32e762,,"[""RAW_LANGUAGE_SCOPE_V1"",""[\""number\"",\""7\""]"",[""string"",""俄语""]]",RU,Романы,174,MAP_EXISTING,romance,0.9,MAP_EXISTING,romance,0.95,MAP_EXISTING,romance,0.85,MAP_EXISTING,romance,0.95,4MAP_EXISTING,romance×4,TIER_1_STRONG,ACCEPT_MAP,romance,ct-v1-romance,0.91,4/4 decision+target一致，代表书证与目标语义相符，无明显反证,,false
ad90ddc4f0d8b3012bf3798477dcc3946499861db1ae1f062475883696afb8c7,,"[""RAW_LANGUAGE_SCOPE_V1"",""[\""number\"",\""7\""]"",[""string"",""俄语""]]",RU,Сай-фай,4,MAP_EXISTING,science-fiction,0.8,MAP_EXISTING,science-fiction,0.88,MAP_EXISTING,science-fiction,0.88,HUMAN_REVIEW,HUMAN_REVIEW,0.45,3MAP_EXISTING+1HUMAN_REVIEW,science-fiction×3; HUMAN_REVIEW×1,TIER_2_GOOD,ACCEPT_MAP,science-fiction,ct-v1-science-fiction,0.82,3/4一致；书证为机器人化/银河系/异星文明,D: HUMAN_REVIEW,false
9560715e693946cefda493cc90b5057066dc4df52ee8fe5838bdefbe7298212e,,"[""RAW_LANGUAGE_SCOPE_V1"",""[\""number\"",\""7\""]"",[""string"",""俄语""]]",RU,Соврем,152,MAP_EXISTING,modern-romance,0.9,MAP_EXISTING,modern-romance,0.95,MAP_EXISTING,contemporary-setting,0.85,MAP_EXISTING,modern-romance,0.9,4MAP_EXISTING,modern-romance×3; contemporary-setting×1,TIER_3_TARGET_CONFLICT,ACCEPT_MAP,modern-romance,ct-v1-modern-romance,0.88,女频共现~100%，书证全为现代豪门婚恋/复仇言情；modern-romance为检索等价入口,C: contemporary-setting（setting facet字面映射，不错但检索价值低）,false
54d69cac12854eb1e0b258e24b847c839c05724fff8b674fc4579d8824b9179f,,"[""RAW_LANGUAGE_SCOPE_V1"",""[\""number\"",\""7\""]"",[""string"",""俄语""]]",RU,Ужасы,1,NEW_CANONICAL,NEW:horror,0.8,NEW_CANONICAL,NEW:horror,0.93,NEW_CANONICAL,NEW:horror,0.88,HUMAN_REVIEW,HUMAN_REVIEW,0.47,3NEW_CANONICAL+1HUMAN_REVIEW,NEW:horror×3; HUMAN_REVIEW×1,TIER_2_GOOD,ACCEPT_NEW_CANONICAL,NEW:horror,,0.85,A/B/C提出同一horror概念；本scope书证干净：血茶怪谈；suspense无法承载恐惧体验检索,D: HUMAN_REVIEW（对全部Horror键一刀切0.47——对本scope过度保守）,false
d1e17d96266578d1f42a4e912496bda8dc659af877db5be15a1548f29f675da3,,"[""RAW_LANGUAGE_SCOPE_V1"",""[\""number\"",\""7\""]"",[""string"",""俄语""]]",RU,Фантастика,20,MAP_EXISTING,science-fiction,0.72,HUMAN_REVIEW,HUMAN_REVIEW,0.64,MAP_EXISTING,fantasy,0.72,HUMAN_REVIEW,HUMAN_REVIEW,0.45,2MAP_EXISTING+2HUMAN_REVIEW,HUMAN_REVIEW×2; science-fiction×1; fantasy×1,TIER_5_SOURCE_DIRTY,DEFER_SOURCE_DIRTY,,,0.5,书证在狼人言情/花花公子/魔典/AI科幻间三向散布，无唯一目标,A: science-fiction；C: fantasy——目标互斥且均不足半数,false
d97d6e4d28afd606292a644d8271c9a0ce08f24cf530e587b99df4b16ef5e373,,"[""RAW_LANGUAGE_SCOPE_V1"",""[\""number\"",\""7\""]"",[""string"",""俄语""]]",RU,Фэнтези,99,MAP_EXISTING,fantasy,0.87,MAP_EXISTING,fantasy,0.78,MAP_EXISTING,fantasy,0.8,MAP_EXISTING,fantasy,0.8,4MAP_EXISTING,fantasy×4,TIER_2_GOOD,ACCEPT_MAP,fantasy,ct-v1-fantasy,0.81,四家同decision同target；但书证存在部分反证：含狼人学院/Omegaverse，奇幻页会进一批狼人言情,,false
cdd6b811224babcbf25be94c5f698c27ed0dbb586b2cec4f023317ceef2c08a9,,"[""RAW_LANGUAGE_SCOPE_V1"",""[\""number\"",\""7\""]"",[""string"",""俄语""]]",RU,女频,584,MAP_EXISTING,female-audience,0.93,MAP_EXISTING,female-audience,0.99,MAP_EXISTING,female-audience,0.95,IGNORE_NON_CONTENT,IGNORE_NON_CONTENT,0.96,3MAP_EXISTING+1IGNORE_NON_CONTENT,female-audience×3; IGNORE_NON_CONTENT×1,TIER_2_GOOD,ACCEPT_MAP,female-audience,ct-v1-female-audience,0.95,A/B/C一致映射；audience已是119正式facet（ct-v1-female-audience存在），书证全为女性向,D: IGNORE（视为运营二分旗——但artifact已建audience facet，忽略反而丢失已建模维度）,false
0bef4c7bb715686e2f0b4447223ab2ab2d5862d247acb5adf4795e1d0f1e4dc2,,"[""RAW_LANGUAGE_SCOPE_V1"",""[\""number\"",\""7\""]"",[""string"",""俄语""]]",RU,男频,31,NEW_CANONICAL,NEW:male-audience,0.8,NEW_CANONICAL,NEW:male-audience,0.98,NEW_CANONICAL,NEW:male-audience,0.95,IGNORE_NON_CONTENT,IGNORE_NON_CONTENT,0.96,3NEW_CANONICAL+1IGNORE_NON_CONTENT,NEW:male-audience×3; IGNORE_NON_CONTENT×1,TIER_2_GOOD,ACCEPT_NEW_CANONICAL,NEW:male-audience,,0.92,A/B/C提出同一概念；119只有female-audience无对称男性向入口，8217本可进女性向而1684本男频书无入口，结构性不对称,D: IGNORE（主张女频男频同进同退；若Owner不扩audience则两者一并IGNORE）,false
a59caa917342b5016c4cdf8f2a97bfe9015385f71b8f53e0ed2d5c2b39106bc6,,"[""RAW_LANGUAGE_SCOPE_V1"",""[\""number\"",\""12\""]"",[""string"",""泰语""]]",TH,ตำนาน,2,HUMAN_REVIEW,HUMAN_REVIEW,0.55,HUMAN_REVIEW,HUMAN_REVIEW,0.57,HUMAN_REVIEW,HUMAN_REVIEW,0.6,HUMAN_REVIEW,HUMAN_REVIEW,0.55,4HUMAN_REVIEW,HUMAN_REVIEW×4,TIER_6_OWNER,OWNER_REVIEW,,,0.5,f=2：1本灵异(DAMNED LOVE鬼压床)+1本仙侠传说言情；「传说」语义真实但样本无法支持唯一入口，需扩样或Owner定夺,4/4 HUMAN_REVIEW一致,true
48236e67b9dc3daab8e8e8e4233d608ccb862bf63f16cf93fd36d19b96c8df33,,"[""RAW_LANGUAGE_SCOPE_V1"",""[\""number\"",\""12\""]"",[""string"",""泰语""]]",TH,นิยายวาย,18,NEW_CANONICAL,NEW:lgbtq-romance,0.92,NEW_CANONICAL,NEW:boys-love,0.96,NEW_CANONICAL,NEW:lgbt-plus,0.85,NEW_CANONICAL,NEW:lgbt,0.9,4NEW_CANONICAL,NEW:lgbtq-romance×1; NEW:boys-love×1; NEW:lgbt-plus×1; NEW:lgbt×1,TIER_1_STRONG,ACCEPT_NEW_CANONICAL,NEW:lgbtq-romance,,0.9,4/4提出同一新概念（slug各异：lgbtq-romance/lgbtq/lgbt-plus/lgbt，语义归一后同一identity）；书证为BL/GL/Omegaverse同性恋爱主线,B对泰语นิยายวาย另提boys-love子概念→归一为alias,false
f61c4dbaecf1dc3c75c0555cfcdd3b3cdf02d25f62159ee5e8b397f501321e0c,,"[""RAW_LANGUAGE_SCOPE_V1"",""[\""number\"",\""12\""]"",[""string"",""泰语""]]",TH,นิยายสั้น,2,IGNORE_NON_CONTENT,IGNORE_NON_CONTENT,0.85,IGNORE_NON_CONTENT,IGNORE_NON_CONTENT,0.98,IGNORE_NON_CONTENT,IGNORE_NON_CONTENT,0.9,IGNORE_NON_CONTENT,IGNORE_NON_CONTENT,0.92,4IGNORE_NON_CONTENT,IGNORE_NON_CONTENT×4,TIER_1_STRONG,ACCEPT_IGNORE,,,0.91,4/4一致：格式/兜底/目录型token，无独立内容检索语义（Others/短篇/图书家族）,,false
c69348fc685530584a19a84702a938e822372d849e448d185bacd1495b07985b,,"[""RAW_LANGUAGE_SCOPE_V1"",""[\""number\"",\""12\""]"",[""string"",""泰语""]]",TH,ประวัติศาสตร์,5,MAP_EXISTING,historical-romance,0.85,MAP_EXISTING,historical-romance,0.92,MAP_EXISTING,historical-romance,0.82,MAP_EXISTING,historical-romance,0.87,4MAP_EXISTING,historical-romance×4,TIER_1_STRONG,ACCEPT_MAP,historical-romance,ct-v1-historical-romance,0.86,4/4 decision+target一致，代表书证与目标语义相符，无明显反证,,false
59d2394241e1545ae68e383bce234ed1c5186fdda463d3b2d8dd2e480855d61f,,"[""RAW_LANGUAGE_SCOPE_V1"",""[\""number\"",\""12\""]"",[""string"",""泰语""]]",TH,ผจญภัย,2,IGNORE_NON_CONTENT,IGNORE_NON_CONTENT,0.75,MAP_EXISTING,mature-content,0.84,HUMAN_REVIEW,HUMAN_REVIEW,0.4,HUMAN_REVIEW,HUMAN_REVIEW,0.44,2HUMAN_REVIEW+1IGNORE_NON_CONTENT+1MAP_EXISTING,HUMAN_REVIEW×2; IGNORE_NON_CONTENT×1; mature-content×1,TIER_5_SOURCE_DIRTY,ACCEPT_IGNORE,,,0.7,Adventure家族fallback桶：2本均为情色（CAGE EROTIC）,B: mature-content（可作分级信号记录，不建mapping）；C/D: HUMAN_REVIEW,false
85b001cae4b4316d77cc84b75c69f4304cc6433c70c24012a0ead7bfdd66c62c,,"[""RAW_LANGUAGE_SCOPE_V1"",""[\""number\"",\""12\""]"",[""string"",""泰语""]]",TH,มนุษย์หมาป่า,11,MAP_EXISTING,werewolf,0.95,MAP_EXISTING,werewolf,0.96,MAP_EXISTING,werewolf,0.9,MAP_EXISTING,werewolf,0.95,4MAP_EXISTING,werewolf×4,TIER_1_STRONG,ACCEPT_MAP,werewolf,ct-v1-werewolf,0.94,4/4 decision+target一致，代表书证与目标语义相符，无明显反证,,false
4d8816b02aa94fcbff9817de726289ed961903adfa65cf88f2295a80229c1a92,,"[""RAW_LANGUAGE_SCOPE_V1"",""[\""number\"",\""12\""]"",[""string"",""泰语""]]",TH,มหาเศรษฐี,79,MAP_EXISTING,wealthy-ceo,0.93,MAP_EXISTING,wealthy-ceo,0.93,MAP_EXISTING,wealthy-ceo,0.9,MAP_EXISTING,wealthy-ceo,0.93,4MAP_EXISTING,wealthy-ceo×4,TIER_1_STRONG,ACCEPT_MAP,wealthy-ceo,ct-v1-wealthy-ceo,0.92,4/4 decision+target一致，代表书证与目标语义相符，无明显反证,,false
f00a50c580e631c57336a6c85cbb195337d7b8100f3b80d6dd9325b76cef628d,,"[""RAW_LANGUAGE_SCOPE_V1"",""[\""number\"",\""12\""]"",[""string"",""泰语""]]",TH,มาเฟีย,4,MAP_EXISTING,mafia,0.93,MAP_EXISTING,mafia,0.92,MAP_EXISTING,mafia,0.9,MAP_EXISTING,mafia,0.84,4MAP_EXISTING,mafia×4,TIER_1_STRONG,ACCEPT_MAP,mafia,ct-v1-mafia,0.9,4/4 decision+target一致，代表书证与目标语义相符，无明显反证,,false
331f4577ec472b0238d7977a0edba2e3602c77a8a33c39fb3f366d3b9b96cd87,,"[""RAW_LANGUAGE_SCOPE_V1"",""[\""number\"",\""12\""]"",[""string"",""泰语""]]",TH,วัยรุ่น,17,MAP_EXISTING,young-adult,0.75,MAP_EXISTING,young-adult,0.78,MAP_EXISTING,young-adult,0.85,MAP_EXISTING,young-adult,0.78,4MAP_EXISTING,young-adult×4,TIER_2_GOOD,ACCEPT_MAP,young-adult,ct-v1-young-adult,0.79,四家同decision同target；但书证存在部分反证：混入黑帮/惊悚，青少年语义不纯,,false
c17be67c9218955dabf00b556e5e501aee63f994e93aaebada579cff8a3213ab,,"[""RAW_LANGUAGE_SCOPE_V1"",""[\""number\"",\""12\""]"",[""string"",""泰语""]]",TH,สมัยใหม่,78,MAP_EXISTING,modern-romance,0.9,MAP_EXISTING,modern-romance,0.95,MAP_EXISTING,contemporary-setting,0.85,MAP_EXISTING,modern-romance,0.9,4MAP_EXISTING,modern-romance×3; contemporary-setting×1,TIER_3_TARGET_CONFLICT,ACCEPT_MAP,modern-romance,ct-v1-modern-romance,0.88,女频共现~100%，书证全为现代豪门婚恋/复仇言情；modern-romance为检索等价入口,C: contemporary-setting（setting facet字面映射，不错但检索价值低）,false
fe1ba2c07c043f951a32084e375fd021ea8b1c28b9e924031176d262f3086a0f,,"[""RAW_LANGUAGE_SCOPE_V1"",""[\""number\"",\""12\""]"",[""string"",""泰语""]]",TH,สยองขวัญ,8,HUMAN_REVIEW,HUMAN_REVIEW,0.45,HUMAN_REVIEW,HUMAN_REVIEW,0.35,NEW_CANONICAL,NEW:horror,0.88,HUMAN_REVIEW,HUMAN_REVIEW,0.47,3HUMAN_REVIEW+1NEW_CANONICAL,HUMAN_REVIEW×3; NEW:horror×1,TIER_5_SOURCE_DIRTY,DEFER_SOURCE_DIRTY,,,0.45,8本书证为绑架勒索/凤凰复仇言情，零恐怖,C: NEW horror（字面）,false
7f03485318ee01ab26657a096ef4db20c01e8881748bf35744f995935c711758,,"[""RAW_LANGUAGE_SCOPE_V1"",""[\""number\"",\""12\""]"",[""string"",""泰语""]]",TH,เมืองแฟนตาซี,18,MAP_EXISTING,eastern-fantasy,0.72,MAP_EXISTING,fantasy,0.74,MAP_EXISTING,fantasy,0.8,HUMAN_REVIEW,HUMAN_REVIEW,0.55,3MAP_EXISTING+1HUMAN_REVIEW,fantasy×2; eastern-fantasy×1; HUMAN_REVIEW×1,TIER_3_TARGET_CONFLICT,ACCEPT_MAP,fantasy,ct-v1-fantasy,0.7,3/4判MAP；书证为中式仙侠翻译+穿越种田混合，fantasy(2票)较eastern-fantasy(1票)更稳,A: eastern-fantasy；D: HUMAN_REVIEW,false
c6ef825489335318f7455a2ffdb3fad479dafda0e56a118fcf70149aaa2bf08a,,"[""RAW_LANGUAGE_SCOPE_V1"",""[\""number\"",\""12\""]"",[""string"",""泰语""]]",TH,โรแมนติก,301,MAP_EXISTING,romance,0.9,MAP_EXISTING,romance,0.95,MAP_EXISTING,romance,0.9,MAP_EXISTING,romance,0.95,4MAP_EXISTING,romance×4,TIER_1_STRONG,ACCEPT_MAP,romance,ct-v1-romance,0.93,4/4 decision+target一致，代表书证与目标语义相符，无明显反证,,false
fdb889c1569af522f491a0456d22bb6b349e65708d08374638607840d04b93b5,,"[""RAW_LANGUAGE_SCOPE_V1"",""[\""number\"",\""12\""]"",[""string"",""泰语""]]",TH,女频,524,MAP_EXISTING,female-audience,0.93,MAP_EXISTING,female-audience,0.99,MAP_EXISTING,female-audience,0.95,IGNORE_NON_CONTENT,IGNORE_NON_CONTENT,0.96,3MAP_EXISTING+1IGNORE_NON_CONTENT,female-audience×3; IGNORE_NON_CONTENT×1,TIER_2_GOOD,ACCEPT_MAP,female-audience,ct-v1-female-audience,0.95,A/B/C一致映射；audience已是119正式facet（ct-v1-female-audience存在），书证全为女性向,D: IGNORE（视为运营二分旗——但artifact已建audience facet，忽略反而丢失已建模维度）,false
5a755504c1febacb341e4123793087cc87c10163921ed63f62cdf8d355a8f448,,"[""RAW_LANGUAGE_SCOPE_V1"",""[\""number\"",\""12\""]"",[""string"",""泰语""]]",TH,男频,21,NEW_CANONICAL,NEW:male-audience,0.8,NEW_CANONICAL,NEW:male-audience,0.98,NEW_CANONICAL,NEW:male-audience,0.95,IGNORE_NON_CONTENT,IGNORE_NON_CONTENT,0.96,3NEW_CANONICAL+1IGNORE_NON_CONTENT,NEW:male-audience×3; IGNORE_NON_CONTENT×1,TIER_2_GOOD,ACCEPT_NEW_CANONICAL,NEW:male-audience,,0.92,A/B/C提出同一概念；119只有female-audience无对称男性向入口，8217本可进女性向而1684本男频书无入口，结构性不对称,D: IGNORE（主张女频男频同进同退；若Owner不扩audience则两者一并IGNORE）,false
a501cb3c147bfad716ca7aeb3b57c34f99e9a0e0eb5b9e2b204389e405b0c111,,"[""RAW_LANGUAGE_SCOPE_V1"",""[\""number\"",\""15\""]"",[""string"",""菲律宾语""]]",TL,Bahaghari,2,HUMAN_REVIEW,HUMAN_REVIEW,0.5,HUMAN_REVIEW,HUMAN_REVIEW,0.42,NEW_CANONICAL,NEW:lgbt-plus,0.85,HUMAN_REVIEW,HUMAN_REVIEW,0.55,3HUMAN_REVIEW+1NEW_CANONICAL,HUMAN_REVIEW×3; NEW:lgbt-plus×1,TIER_5_SOURCE_DIRTY,DEFER_SOURCE_DIRTY,,,0.5,菲语「彩虹」为LGBT隐语，但2/2书证为异性恋校园言情，字面被书证反证,C: NEW lgbt-plus（按字面）,false
e3b9ab494a1126ec8d4d4244ea7977d564dc79c7cda551891029bad0b7c20c2a,,"[""RAW_LANGUAGE_SCOPE_V1"",""[\""number\"",\""15\""]"",[""string"",""菲律宾语""]]",TL,Bilyonaryo,11,MAP_EXISTING,wealthy-ceo,0.93,HUMAN_REVIEW,HUMAN_REVIEW,0.56,MAP_EXISTING,wealthy-ceo,0.9,MAP_EXISTING,wealthy-ceo,0.93,3MAP_EXISTING+1HUMAN_REVIEW,wealthy-ceo×3; HUMAN_REVIEW×1,TIER_2_GOOD,ACCEPT_MAP,wealthy-ceo,ct-v1-wealthy-ceo,0.88,3/4一致且书证为CEO/亿万富翁婚恋,B: HUMAN_REVIEW(0.56),false
172a356f6e7e09982f014ff83d6ca7ce00bd32ac16e4e022f8920cad7e0207f1,,"[""RAW_LANGUAGE_SCOPE_V1"",""[\""number\"",\""15\""]"",[""string"",""菲律宾语""]]",TL,Kasaysayan,4,HUMAN_REVIEW,HUMAN_REVIEW,0.62,HUMAN_REVIEW,HUMAN_REVIEW,0.4,HUMAN_REVIEW,HUMAN_REVIEW,0.5,HUMAN_REVIEW,HUMAN_REVIEW,0.46,4HUMAN_REVIEW,HUMAN_REVIEW×4,TIER_5_SOURCE_DIRTY,DEFER_SOURCE_DIRTY,,,0.42,4/4 HUMAN_REVIEW；交叉验证确认为来源侧脏数据：4本混装（葡语简介混入），仅1-2本疑似历史,,false
df086ce075ac44b3d1c9afaaa9e6f3403789ebbe4463d8b35465073245e54e24,,"[""RAW_LANGUAGE_SCOPE_V1"",""[\""number\"",\""15\""]"",[""string"",""菲律宾语""]]",TL,Katakutan,3,NEW_CANONICAL,NEW:horror,0.7,HUMAN_REVIEW,HUMAN_REVIEW,0.58,NEW_CANONICAL,NEW:horror,0.88,HUMAN_REVIEW,HUMAN_REVIEW,0.47,2NEW_CANONICAL+2HUMAN_REVIEW,NEW:horror×2; HUMAN_REVIEW×2,TIER_5_SOURCE_DIRTY,DEFER_SOURCE_DIRTY,,,0.5,3本中仅1本确认恐怖（密室双尸），其余为怨恨/悬念,A/C: NEW horror（证据不足）,false
bb46045443810312e65abd03b30d4342deacdeeef4cd5eb68ec64d598c732180,,"[""RAW_LANGUAGE_SCOPE_V1"",""[\""number\"",\""15\""]"",[""string"",""菲律宾语""]]",TL,Mafia,1,MAP_EXISTING,mafia,0.7,HUMAN_REVIEW,HUMAN_REVIEW,0.46,MAP_EXISTING,mafia,0.9,MAP_EXISTING,mafia,0.84,3MAP_EXISTING+1HUMAN_REVIEW,mafia×3; HUMAN_REVIEW×1,TIER_2_GOOD,ACCEPT_MAP,mafia,ct-v1-mafia,0.62,3/4一致；f=1，唯一书证Sold For Revenge为复仇交易题材，黑帮语义弱支持,B: HUMAN_REVIEW(0.46),false
814a6a021cae6d8a6b43d866dfcbac0e7e1e7c24fe044ccf350080f2e5391bff,,"[""RAW_LANGUAGE_SCOPE_V1"",""[\""number\"",\""15\""]"",[""string"",""菲律宾语""]]",TL,Makabago,42,MAP_EXISTING,modern-romance,0.9,MAP_EXISTING,modern-romance,0.95,MAP_EXISTING,contemporary-setting,0.85,MAP_EXISTING,modern-romance,0.9,4MAP_EXISTING,modern-romance×3; contemporary-setting×1,TIER_3_TARGET_CONFLICT,ACCEPT_MAP,modern-romance,ct-v1-modern-romance,0.88,女频共现~100%，书证全为现代豪门婚恋/复仇言情；modern-romance为检索等价入口,C: contemporary-setting（setting facet字面映射，不错但检索价值低）,false
e700a1d6a665bb1ea143f7b999fa651672d79b405908b6c8ec0bf24434672464,,"[""RAW_LANGUAGE_SCOPE_V1"",""[\""number\"",\""15\""]"",[""string"",""菲律宾语""]]",TL,Pag-ibig,74,MAP_EXISTING,romance,0.9,MAP_EXISTING,romance,0.95,MAP_EXISTING,romance,0.9,MAP_EXISTING,romance,0.95,4MAP_EXISTING,romance×4,TIER_1_STRONG,ACCEPT_MAP,romance,ct-v1-romance,0.93,4/4 decision+target一致，代表书证与目标语义相符，无明显反证,,false
431e0dea46725f221474d5d70d15072fc03f8c86a88d65e3ec288ddd2ee1a37c,,"[""RAW_LANGUAGE_SCOPE_V1"",""[\""number\"",\""15\""]"",[""string"",""菲律宾语""]]",TL,Pakikipagsapalaran,4,IGNORE_NON_CONTENT,IGNORE_NON_CONTENT,0.75,HUMAN_REVIEW,HUMAN_REVIEW,0.55,HUMAN_REVIEW,HUMAN_REVIEW,0.4,HUMAN_REVIEW,HUMAN_REVIEW,0.44,3HUMAN_REVIEW+1IGNORE_NON_CONTENT,HUMAN_REVIEW×3; IGNORE_NON_CONTENT×1,TIER_5_SOURCE_DIRTY,ACCEPT_IGNORE,,,0.72,Adventure家族=男频侧fallback桶（共现几乎100%男频），无任何稳定内容语义：书证为言情/情欲；与Others同性质，按非内容桶关闭。四家一致反对映射adventure,B/C/D: HUMAN_REVIEW；A: IGNORE——交叉验证后采A（共现+跨10个scope的系统性证据已足够）,false
2c71e5466ee4b029d4478b5117dd037a4f9be825118f980214ab3eb9ebb4d436,,"[""RAW_LANGUAGE_SCOPE_V1"",""[\""number\"",\""15\""]"",[""string"",""菲律宾语""]]",TL,Pantasya,5,MAP_EXISTING,fantasy,0.8,MAP_EXISTING,fantasy,0.84,MAP_EXISTING,fantasy,0.8,HUMAN_REVIEW,HUMAN_REVIEW,0.5,3MAP_EXISTING+1HUMAN_REVIEW,fantasy×3; HUMAN_REVIEW×1,TIER_2_GOOD,ACCEPT_MAP,fantasy,ct-v1-fantasy,0.78,3/4一致；书证为异世界学院/混血种/特殊能力,D: HUMAN_REVIEW(0.50),false
44ee047e0986a3d1d0fd1abe604013f478e607b71cd389a0b4455a216eb0dae9,,"[""RAW_LANGUAGE_SCOPE_V1"",""[\""number\"",\""15\""]"",[""string"",""菲律宾语""]]",TL,Werewolf,2,MAP_EXISTING,werewolf,0.92,MAP_EXISTING,werewolf,0.88,MAP_EXISTING,werewolf,0.9,MAP_EXISTING,werewolf,0.95,4MAP_EXISTING,werewolf×4,TIER_1_STRONG,ACCEPT_MAP,werewolf,ct-v1-werewolf,0.91,4/4 decision+target一致，代表书证与目标语义相符，无明显反证,,false
d1eba41f794a810c660588cc49a599ddc21eec3fc83e24fb2644aa379025b00b,,"[""RAW_LANGUAGE_SCOPE_V1"",""[\""number\"",\""15\""]"",[""string"",""菲律宾语""]]",TL,Young Adult,4,MAP_EXISTING,young-adult,0.82,MAP_EXISTING,young-adult,0.84,MAP_EXISTING,young-adult,0.85,MAP_EXISTING,young-adult,0.86,4MAP_EXISTING,young-adult×4,TIER_1_STRONG,ACCEPT_MAP,young-adult,ct-v1-young-adult,0.84,4/4 decision+target一致，代表书证与目标语义相符，无明显反证,,false
c85ed18761c1479e9ce0ed4b792657f63ac2410b0375e2d3234b1064e99ba22a,,"[""RAW_LANGUAGE_SCOPE_V1"",""[\""number\"",\""15\""]"",[""string"",""菲律宾语""]]",TL,女频,145,MAP_EXISTING,female-audience,0.93,MAP_EXISTING,female-audience,0.99,MAP_EXISTING,female-audience,0.95,IGNORE_NON_CONTENT,IGNORE_NON_CONTENT,0.96,3MAP_EXISTING+1IGNORE_NON_CONTENT,female-audience×3; IGNORE_NON_CONTENT×1,TIER_2_GOOD,ACCEPT_MAP,female-audience,ct-v1-female-audience,0.95,A/B/C一致映射；audience已是119正式facet（ct-v1-female-audience存在），书证全为女性向,D: IGNORE（视为运营二分旗——但artifact已建audience facet，忽略反而丢失已建模维度）,false
4c0b5ae77bef1cf45bfba46f0e2aeb44bae5494e15ea6ed20a41b740a05b56c0,,"[""RAW_LANGUAGE_SCOPE_V1"",""[\""number\"",\""15\""]"",[""string"",""菲律宾语""]]",TL,男频,7,NEW_CANONICAL,NEW:male-audience,0.8,NEW_CANONICAL,NEW:male-audience,0.98,NEW_CANONICAL,NEW:male-audience,0.95,IGNORE_NON_CONTENT,IGNORE_NON_CONTENT,0.96,3NEW_CANONICAL+1IGNORE_NON_CONTENT,NEW:male-audience×3; IGNORE_NON_CONTENT×1,TIER_2_GOOD,ACCEPT_NEW_CANONICAL,NEW:male-audience,,0.92,A/B/C提出同一概念；119只有female-audience无对称男性向入口，8217本可进女性向而1684本男频书无入口，结构性不对称,D: IGNORE（主张女频男频同进同退；若Owner不扩audience则两者一并IGNORE）,false
0fd29ce7e4787ca4b3217b91b111c097a60fd7693d74c2c9898be59c9bf6a13e,,"[""RAW_LANGUAGE_SCOPE_V1"",""[\""number\"",\""22\""]"",[""string"",""土耳其语""]]",TR,Billionaires,6,MAP_EXISTING,wealthy-ceo,0.93,MAP_EXISTING,wealthy-ceo,0.89,MAP_EXISTING,wealthy-ceo,0.9,MAP_EXISTING,wealthy-ceo,0.93,4MAP_EXISTING,wealthy-ceo×4,TIER_1_STRONG,ACCEPT_MAP,wealthy-ceo,ct-v1-wealthy-ceo,0.91,4/4 decision+target一致，代表书证与目标语义相符，无明显反证,,false
21c723dd8e92cceb681a55d0d4bc8f3130f834b901184bbd17cf318b3f71be60,,"[""RAW_LANGUAGE_SCOPE_V1"",""[\""number\"",\""22\""]"",[""string"",""土耳其语""]]",TR,Fantasy,3,HUMAN_REVIEW,HUMAN_REVIEW,0.6,MAP_EXISTING,modern-romance,0.76,MAP_EXISTING,fantasy,0.8,HUMAN_REVIEW,HUMAN_REVIEW,0.5,2HUMAN_REVIEW+2MAP_EXISTING,HUMAN_REVIEW×2; modern-romance×1; fantasy×1,TIER_5_SOURCE_DIRTY,DEFER_SOURCE_DIRTY,,,0.5,3本书证为重生复仇/亡魂视角言情，非奇幻类型,B: modern-romance；C: fantasy——二者书证支持都不足,false
380f023c540ec6bbaeb2cf9b7ced024adba7fe1459fbdfc4dc72134f36a962cc,,"[""RAW_LANGUAGE_SCOPE_V1"",""[\""number\"",\""22\""]"",[""string"",""土耳其语""]]",TR,Horror,4,HUMAN_REVIEW,HUMAN_REVIEW,0.45,HUMAN_REVIEW,HUMAN_REVIEW,0.35,NEW_CANONICAL,NEW:horror,0.88,HUMAN_REVIEW,HUMAN_REVIEW,0.47,3HUMAN_REVIEW+1NEW_CANONICAL,HUMAN_REVIEW×3; NEW:horror×1,TIER_5_SOURCE_DIRTY,DEFER_SOURCE_DIRTY,,,0.45,4/4书证为肾脏复仇/丧子复仇等暗黑言情，零恐怖机制,C: NEW horror（字面，被书证反证）,false
2eca1cbcc3eb65b9513f1a73c54d40ea97c5d0f7687c2baaebd03deea9b17db0,,"[""RAW_LANGUAGE_SCOPE_V1"",""[\""number\"",\""22\""]"",[""string"",""土耳其语""]]",TR,Mafia,4,MAP_EXISTING,mafia,0.93,MAP_EXISTING,mafia,0.76,MAP_EXISTING,mafia,0.9,MAP_EXISTING,mafia,0.84,4MAP_EXISTING,mafia×4,TIER_2_GOOD,ACCEPT_MAP,mafia,ct-v1-mafia,0.85,四家同decision同target；但书证存在部分反证：4本中仅1-2本可确认黑帮主线，其余为复仇言情,,false
1514708b5b4d8ebda9dcb0e170bc2b3d5ad4667125e1c7455df875836640e7aa,,"[""RAW_LANGUAGE_SCOPE_V1"",""[\""number\"",\""22\""]"",[""string"",""土耳其语""]]",TR,Modern,109,MAP_EXISTING,modern-romance,0.9,MAP_EXISTING,modern-romance,0.95,MAP_EXISTING,contemporary-setting,0.85,MAP_EXISTING,modern-romance,0.9,4MAP_EXISTING,modern-romance×3; contemporary-setting×1,TIER_3_TARGET_CONFLICT,ACCEPT_MAP,modern-romance,ct-v1-modern-romance,0.88,女频共现~100%，书证全为现代豪门婚恋/复仇言情；modern-romance为检索等价入口,C: contemporary-setting（setting facet字面映射，不错但检索价值低）,false
faa64f091371c72dd139a74e13f52e45b4553e092152b3cb269238c8490eb603,,"[""RAW_LANGUAGE_SCOPE_V1"",""[\""number\"",\""22\""]"",[""string"",""土耳其语""]]",TR,Romance,70,MAP_EXISTING,romance,0.9,MAP_EXISTING,romance,0.95,MAP_EXISTING,romance,0.95,MAP_EXISTING,romance,0.95,4MAP_EXISTING,romance×4,TIER_1_STRONG,ACCEPT_MAP,romance,ct-v1-romance,0.94,4/4 decision+target一致，代表书证与目标语义相符，无明显反证,,false
01f469d933e43dfd0d0c103541cd32bd0ad589f43a8c3d30aa5da77efec6fb15,,"[""RAW_LANGUAGE_SCOPE_V1"",""[\""number\"",\""22\""]"",[""string"",""土耳其语""]]",TR,Sci-fi,1,HUMAN_REVIEW,HUMAN_REVIEW,0.55,HUMAN_REVIEW,HUMAN_REVIEW,0.25,MAP_EXISTING,science-fiction,0.88,HUMAN_REVIEW,HUMAN_REVIEW,0.45,3HUMAN_REVIEW+1MAP_EXISTING,HUMAN_REVIEW×3; science-fiction×1,TIER_5_SOURCE_DIRTY,DEFER_SOURCE_DIRTY,,,0.45,f=1，书证为庄园言情无科幻机制,C: science-fiction（字面）,false
0e02cb40103161ebedcadc7e094019abd2f2158c8f8dff92e62d48cad4256734,,"[""RAW_LANGUAGE_SCOPE_V1"",""[\""number\"",\""22\""]"",[""string"",""土耳其语""]]",TR,Short stories,2,IGNORE_NON_CONTENT,IGNORE_NON_CONTENT,0.85,IGNORE_NON_CONTENT,IGNORE_NON_CONTENT,0.98,IGNORE_NON_CONTENT,IGNORE_NON_CONTENT,0.9,IGNORE_NON_CONTENT,IGNORE_NON_CONTENT,0.92,4IGNORE_NON_CONTENT,IGNORE_NON_CONTENT×4,TIER_1_STRONG,ACCEPT_IGNORE,,,0.91,4/4一致：格式/兜底/目录型token，无独立内容检索语义（Others/短篇/图书家族）,,false
2b3cf8eb1f9ee9585e00dbbaa5c6e4bab55c68fd37617e22ea9cde59c7233a85,,"[""RAW_LANGUAGE_SCOPE_V1"",""[\""number\"",\""22\""]"",[""string"",""土耳其语""]]",TR,Werewolf,3,MAP_EXISTING,werewolf,0.93,MAP_EXISTING,werewolf,0.96,MAP_EXISTING,werewolf,0.9,MAP_EXISTING,werewolf,0.95,4MAP_EXISTING,werewolf×4,TIER_1_STRONG,ACCEPT_MAP,werewolf,ct-v1-werewolf,0.94,4/4 decision+target一致，代表书证与目标语义相符，无明显反证,,false
080fb1bc4f89288b8ac403bf866935510ed2ab7ff332cae29f81fee18b983c90,,"[""RAW_LANGUAGE_SCOPE_V1"",""[\""number\"",\""22\""]"",[""string"",""土耳其语""]]",TR,young adult,6,MAP_EXISTING,young-adult,0.8,MAP_EXISTING,young-adult,0.95,MAP_EXISTING,young-adult,0.85,MAP_EXISTING,young-adult,0.78,4MAP_EXISTING,young-adult×4,TIER_1_STRONG,ACCEPT_MAP,young-adult,ct-v1-young-adult,0.84,4/4 decision+target一致，代表书证与目标语义相符，无明显反证,,false
0be702a06e30a7b6a01ba8c0610909d802d6a197ad4192b02fd9173c478dc250,,"[""RAW_LANGUAGE_SCOPE_V1"",""[\""number\"",\""22\""]"",[""string"",""土耳其语""]]",TR,女频,206,MAP_EXISTING,female-audience,0.93,MAP_EXISTING,female-audience,0.99,MAP_EXISTING,female-audience,0.95,IGNORE_NON_CONTENT,IGNORE_NON_CONTENT,0.96,3MAP_EXISTING+1IGNORE_NON_CONTENT,female-audience×3; IGNORE_NON_CONTENT×1,TIER_2_GOOD,ACCEPT_MAP,female-audience,ct-v1-female-audience,0.95,A/B/C一致映射；audience已是119正式facet（ct-v1-female-audience存在），书证全为女性向,D: IGNORE（视为运营二分旗——但artifact已建audience facet，忽略反而丢失已建模维度）,false
ca86c3a8019ca7e2abaca58a73d9c3b49a0d37aedd5106b8107a28f9a79281ad,,"[""RAW_LANGUAGE_SCOPE_V1"",""[\""number\"",\""22\""]"",[""string"",""土耳其语""]]",TR,男频,2,NEW_CANONICAL,NEW:male-audience,0.8,NEW_CANONICAL,NEW:male-audience,0.98,NEW_CANONICAL,NEW:male-audience,0.95,IGNORE_NON_CONTENT,IGNORE_NON_CONTENT,0.96,3NEW_CANONICAL+1IGNORE_NON_CONTENT,NEW:male-audience×3; IGNORE_NON_CONTENT×1,TIER_2_GOOD,ACCEPT_NEW_CANONICAL,NEW:male-audience,,0.92,A/B/C提出同一概念；119只有female-audience无对称男性向入口，8217本可进女性向而1684本男频书无入口，结构性不对称,D: IGNORE（主张女频男频同进同退；若Owner不扩audience则两者一并IGNORE）,false
9127a0eca5f2577d4b7b2eb5c24065227d5f066b8f5127a929c8ff878c0d442e,,"[""RAW_LANGUAGE_SCOPE_V1"",""[\""number\"",\""13\""]"",[""string"",""越南语""]]",VI,Billionaires,5,MAP_EXISTING,wealthy-ceo,0.9,MAP_EXISTING,wealthy-ceo,0.86,MAP_EXISTING,wealthy-ceo,0.9,MAP_EXISTING,wealthy-ceo,0.93,4MAP_EXISTING,wealthy-ceo×4,TIER_1_STRONG,ACCEPT_MAP,wealthy-ceo,ct-v1-wealthy-ceo,0.9,4/4 decision+target一致，代表书证与目标语义相符，无明显反证,,false
768d63dc4bc2afc5472bf2a34619589948e7d8160336d3df208bfe46c0131f41,,"[""RAW_LANGUAGE_SCOPE_V1"",""[\""number\"",\""13\""]"",[""string"",""越南语""]]",VI,Fantasy,2,HUMAN_REVIEW,HUMAN_REVIEW,0.58,MAP_EXISTING,modern-romance,0.76,HUMAN_REVIEW,HUMAN_REVIEW,0.5,HUMAN_REVIEW,HUMAN_REVIEW,0.5,3HUMAN_REVIEW+1MAP_EXISTING,HUMAN_REVIEW×3; modern-romance×1,TIER_5_SOURCE_DIRTY,DEFER_SOURCE_DIRTY,,,0.5,f=2：换身复仇+黑帮女王，无奇幻机制亦不稳定,B: modern-romance 0.76,false
c793f18fe3b146853896b0974699699c5943f76c4798ced1b2999140c7106ef2,,"[""RAW_LANGUAGE_SCOPE_V1"",""[\""number\"",\""13\""]"",[""string"",""越南语""]]",VI,History,7,MAP_EXISTING,historical-romance,0.88,MAP_EXISTING,historical-romance,0.93,MAP_EXISTING,historical-romance,0.85,MAP_EXISTING,historical-romance,0.84,4MAP_EXISTING,historical-romance×4,TIER_1_STRONG,ACCEPT_MAP,historical-romance,ct-v1-historical-romance,0.88,4/4 decision+target一致，代表书证与目标语义相符，无明显反证,,false
4f238a79665df99643913452c6de71564f2a3ed29756e28f77af8ee6d66f5d65,,"[""RAW_LANGUAGE_SCOPE_V1"",""[\""number\"",\""13\""]"",[""string"",""越南语""]]",VI,Horror,3,HUMAN_REVIEW,HUMAN_REVIEW,0.48,NEW_CANONICAL,NEW:horror,0.74,NEW_CANONICAL,NEW:horror,0.88,HUMAN_REVIEW,HUMAN_REVIEW,0.47,2HUMAN_REVIEW+2NEW_CANONICAL,HUMAN_REVIEW×2; NEW:horror×2,TIER_5_SOURCE_DIRTY,DEFER_SOURCE_DIRTY,,,0.5,3本为亡魂复仇言情，恐惧体验非核心卖点,B/C: NEW horror,false
c764e618afb161cf902ab924f10f0e8829d9dd602152be34e32af3519f3ac4c3,,"[""RAW_LANGUAGE_SCOPE_V1"",""[\""number\"",\""13\""]"",[""string"",""越南语""]]",VI,Mafia,2,MAP_EXISTING,mafia,0.92,MAP_EXISTING,mafia,0.88,MAP_EXISTING,mafia,0.9,MAP_EXISTING,mafia,0.84,4MAP_EXISTING,mafia×4,TIER_1_STRONG,ACCEPT_MAP,mafia,ct-v1-mafia,0.89,4/4 decision+target一致，代表书证与目标语义相符，无明显反证,,false
7ffb8fbe97f7c9fdecf176c055c96722423869b38fff3e8fa474e7e38d529a1b,,"[""RAW_LANGUAGE_SCOPE_V1"",""[\""number\"",\""13\""]"",[""string"",""越南语""]]",VI,Modern,98,MAP_EXISTING,modern-romance,0.9,MAP_EXISTING,modern-romance,0.95,MAP_EXISTING,contemporary-setting,0.85,MAP_EXISTING,modern-romance,0.9,4MAP_EXISTING,modern-romance×3; contemporary-setting×1,TIER_3_TARGET_CONFLICT,ACCEPT_MAP,modern-romance,ct-v1-modern-romance,0.88,女频共现~100%，书证全为现代豪门婚恋/复仇言情；modern-romance为检索等价入口,C: contemporary-setting（setting facet字面映射，不错但检索价值低）,false
148cafe7750f5e7b4f9d3045781e570eb2ba5bbd9abfd69c450978722b945758,,"[""RAW_LANGUAGE_SCOPE_V1"",""[\""number\"",\""13\""]"",[""string"",""越南语""]]",VI,Romance,26,MAP_EXISTING,romance,0.9,MAP_EXISTING,romance,0.95,MAP_EXISTING,romance,0.95,MAP_EXISTING,romance,0.95,4MAP_EXISTING,romance×4,TIER_1_STRONG,ACCEPT_MAP,romance,ct-v1-romance,0.94,4/4 decision+target一致，代表书证与目标语义相符，无明显反证,,false
84209e6bbd49b1addccb89539647512e67ff1c61434ad9874130bf60fcfa5a62,,"[""RAW_LANGUAGE_SCOPE_V1"",""[\""number\"",\""13\""]"",[""string"",""越南语""]]",VI,Werewolf,3,MAP_EXISTING,werewolf,0.95,MAP_EXISTING,werewolf,0.92,MAP_EXISTING,werewolf,0.9,MAP_EXISTING,werewolf,0.95,4MAP_EXISTING,werewolf×4,TIER_1_STRONG,ACCEPT_MAP,werewolf,ct-v1-werewolf,0.93,4/4 decision+target一致，代表书证与目标语义相符，无明显反证,,false
ac1bad0482151fd2bdff8d267965037c3baf63c50be8c8b817daaee58f897ab4,,"[""RAW_LANGUAGE_SCOPE_V1"",""[\""number\"",\""13\""]"",[""string"",""越南语""]]",VI,Xuanhuan,4,HUMAN_REVIEW,HUMAN_REVIEW,0.42,HUMAN_REVIEW,HUMAN_REVIEW,0.58,MAP_EXISTING,eastern-fantasy,0.7,HUMAN_REVIEW,HUMAN_REVIEW,0.42,3HUMAN_REVIEW+1MAP_EXISTING,HUMAN_REVIEW×3; eastern-fantasy×1,TIER_5_SOURCE_DIRTY,DEFER_SOURCE_DIRTY,,,0.45,罗马化「玄幻」在非中文scope系统性失真：本scope书证为CEO言情/芭蕾重生/县令穿越混装，与玄幻无关；同字符串结论不得跨scope复制,B: 按书证给modern-romance类目标；C: eastern-fantasy（字面）,false
dd75fda1d9a363941d043124b92bf503fcda00d042801cb6883c589880f6f9b5,,"[""RAW_LANGUAGE_SCOPE_V1"",""[\""number\"",\""13\""]"",[""string"",""越南语""]]",VI,young adult,2,MAP_EXISTING,young-adult,0.8,MAP_EXISTING,young-adult,0.91,MAP_EXISTING,young-adult,0.85,MAP_EXISTING,young-adult,0.78,4MAP_EXISTING,young-adult×4,TIER_1_STRONG,ACCEPT_MAP,young-adult,ct-v1-young-adult,0.83,4/4 decision+target一致，代表书证与目标语义相符，无明显反证,,false
f2bf7dd6b21b797c27bc88186936bc39857dbe18138f8d4b2690f3e14f920d0b,,"[""RAW_LANGUAGE_SCOPE_V1"",""[\""number\"",\""13\""]"",[""string"",""越南语""]]",VI,古言,2,MAP_EXISTING,historical-romance,0.7,MAP_EXISTING,historical-romance,0.82,MAP_EXISTING,historical-romance,0.9,HUMAN_REVIEW,HUMAN_REVIEW,0.52,3MAP_EXISTING+1HUMAN_REVIEW,historical-romance×3; HUMAN_REVIEW×1,TIER_2_GOOD,ACCEPT_MAP,historical-romance,ct-v1-historical-romance,0.68,3/4一致；2本书证为宅斗/贵女复仇向,D: HUMAN_REVIEW(0.52),false
d1b0d447795d70fefb3dbc64d786a4665f26d926df4e78eac1069a13fbdf009d,,"[""RAW_LANGUAGE_SCOPE_V1"",""[\""number\"",\""13\""]"",[""string"",""越南语""]]",VI,女频,304,MAP_EXISTING,female-audience,0.93,MAP_EXISTING,female-audience,0.99,MAP_EXISTING,female-audience,0.95,IGNORE_NON_CONTENT,IGNORE_NON_CONTENT,0.96,3MAP_EXISTING+1IGNORE_NON_CONTENT,female-audience×3; IGNORE_NON_CONTENT×1,TIER_2_GOOD,ACCEPT_MAP,female-audience,ct-v1-female-audience,0.95,A/B/C一致映射；audience已是119正式facet（ct-v1-female-audience存在），书证全为女性向,D: IGNORE（视为运营二分旗——但artifact已建audience facet，忽略反而丢失已建模维度）,false
1bf4dcbe8edbe61dcfe34bb55801a717b3b4d12caf232c6a5d646c1559170768,,"[""RAW_LANGUAGE_SCOPE_V1"",""[\""number\"",\""13\""]"",[""string"",""越南语""]]",VI,现言,155,MAP_EXISTING,modern-romance,0.9,MAP_EXISTING,modern-romance,0.95,MAP_EXISTING,modern-romance,0.9,MAP_EXISTING,modern-romance,0.95,4MAP_EXISTING,modern-romance×4,TIER_1_STRONG,ACCEPT_MAP,modern-romance,ct-v1-modern-romance,0.93,4/4 decision+target一致，代表书证与目标语义相符，无明显反证,,false
59131cc15b4596a09b6ad93f928093e1eb099d6ff22bb1593cc6334684af8c37,,"[""RAW_LANGUAGE_SCOPE_V1"",""[\""number\"",\""13\""]"",[""string"",""越南语""]]",VI,男频,5,NEW_CANONICAL,NEW:male-audience,0.8,NEW_CANONICAL,NEW:male-audience,0.98,NEW_CANONICAL,NEW:male-audience,0.95,IGNORE_NON_CONTENT,IGNORE_NON_CONTENT,0.96,3NEW_CANONICAL+1IGNORE_NON_CONTENT,NEW:male-audience×3; IGNORE_NON_CONTENT×1,TIER_2_GOOD,ACCEPT_NEW_CANONICAL,NEW:male-audience,,0.92,A/B/C提出同一概念；119只有female-audience无对称男性向入口，8217本可进女性向而1684本男频书无入口，结构性不对称,D: IGNORE（主张女频男频同进同退；若Owner不扩audience则两者一并IGNORE）,false
dfcbd3ef30629614e28b30afb75198c83393e3ab7dd49caa18e65f3dfdf822f0,,"[""RAW_LANGUAGE_SCOPE_V1"",""[\""number\"",\""19\""]"",[""null""]]",zh-Hans,仙侠情缘,2,NEW_CANONICAL,NEW:xianxia,0.78,MAP_EXISTING,eastern-fantasy,0.97,MAP_EXISTING,eastern-fantasy,0.8,NEW_CANONICAL,NEW:xianxia-wuxia,0.86,2NEW_CANONICAL+2MAP_EXISTING,eastern-fantasy×2; NEW:xianxia×1; NEW:xianxia-wuxia×1,TIER_4_SPLIT,OWNER_REVIEW,(NEW:xianxia vs eastern-fantasy),,0.65,2:2硬分裂：A/D新建xianxia(-wuxia)，B/C映射eastern-fantasy；书证真实且稳定（仙泣/云中谁寄桃花来——仙恋）。渠道在同一scope将玄幻奇幻与仙侠武侠并列设桶，槽位互斥性支持二者不等价；但eastern-fantasy吞并亦不会让用户觉得搜错——taxonomy粒度属产品决策,B对武侠仙侠(f=1)另给kung-fu,true
4a83e8013f8d259212b301e311303823fcdf1e30df6e87f2f29135faa4ef360e,,"[""RAW_LANGUAGE_SCOPE_V1"",""[\""number\"",\""19\""]"",[""null""]]",zh-Hans,仙侠武侠,29,NEW_CANONICAL,NEW:xianxia,0.82,MAP_EXISTING,eastern-fantasy,0.97,MAP_EXISTING,eastern-fantasy,0.8,NEW_CANONICAL,NEW:xianxia-wuxia,0.92,2NEW_CANONICAL+2MAP_EXISTING,eastern-fantasy×2; NEW:xianxia×1; NEW:xianxia-wuxia×1,TIER_4_SPLIT,OWNER_REVIEW,(NEW:xianxia vs eastern-fantasy),,0.65,2:2硬分裂：A/D新建xianxia(-wuxia)，B/C映射eastern-fantasy；书证真实且稳定（仙侠六界/不灭剑尊/圣域荒原——纯修仙）。渠道在同一scope将玄幻奇幻与仙侠武侠并列设桶，槽位互斥性支持二者不等价；但eastern-fantasy吞并亦不会让用户觉得搜错——taxonomy粒度属产品决策,B对武侠仙侠(f=1)另给kung-fu,true
acdb9b9d90257cc7c79aa507df834974ff179f10709f7d58ee74ee85410a1cee,,"[""RAW_LANGUAGE_SCOPE_V1"",""[\""number\"",\""19\""]"",[""null""]]",zh-Hans,军事战争,2,MAP_EXISTING,military,0.85,MAP_EXISTING,military,0.99,MAP_EXISTING,military,0.85,MAP_EXISTING,military,0.9,4MAP_EXISTING,military×4,TIER_1_STRONG,ACCEPT_MAP,military,ct-v1-military,0.9,4/4 decision+target一致，代表书证与目标语义相符，无明显反证,,false
93e1849847061a81dd606dd870fd8b5df90dc60a93fb0bebc71bc8494b839982,,"[""RAW_LANGUAGE_SCOPE_V1"",""[\""number\"",\""19\""]"",[""null""]]",zh-Hans,动漫世界,1,HUMAN_REVIEW,HUMAN_REVIEW,0.5,HUMAN_REVIEW,HUMAN_REVIEW,0.31,DROP_LOW_VALUE,DROP_LOW_VALUE,0.6,HUMAN_REVIEW,HUMAN_REVIEW,0.55,3HUMAN_REVIEW+1DROP_LOW_VALUE,HUMAN_REVIEW×3; DROP_LOW_VALUE×1,TIER_5_SOURCE_DIRTY,ACCEPT_DROP,,,0.65,f=1且唯一书证《仙界聊天群》已被同scope玄幻奇幻桶收录，独立语义不明——按低价值关闭,A/B/D: HUMAN_REVIEW；C: DROP——采C（重复覆盖+单本）,false
5314c175ad25c7c0d666799497daca706e4bbf49668450dc09d8476dcff14853,,"[""RAW_LANGUAGE_SCOPE_V1"",""[\""number\"",\""19\""]"",[""null""]]",zh-Hans,动漫同人,3,NEW_CANONICAL,NEW:fanfiction-doujin,0.72,NEW_CANONICAL,NEW:fanfiction,0.96,NEW_CANONICAL,NEW:fan-fiction,0.7,NEW_CANONICAL,NEW:fanfiction,0.8,4NEW_CANONICAL,NEW:fanfiction×2; NEW:fanfiction-doujin×1; NEW:fan-fiction×1,TIER_3_TARGET_CONFLICT,OWNER_REVIEW,NEW:fanfiction(待定),,0.6,4/4提出同人概念且3/3书证（漫威/宝可梦/动漫穿越）支持；但硬书证仅3本，A自标needs_human_review；概念是否进v1需Owner定夺,A: fanfiction-doujin证据偏薄提醒,true
796ddc29ddc65efd3d11bc6ea65365734e32cfd00dc9f774399bf12a3e55d244,,"[""RAW_LANGUAGE_SCOPE_V1"",""[\""number\"",\""19\""]"",[""null""]]",zh-Hans,历史军事,13,MIXED:MAP_EXISTING+NEW_CANONICAL,NEW:alternate-history+military,0.75,NEW_CANONICAL,NEW:historical-fiction,0.93,MAP_EXISTING,military,0.72,NEW_CANONICAL,NEW:alt-history,0.84,2NEW_CANONICAL+1MIXED+1MAP_EXISTING,NEW:alternate-history+military×1; NEW:historical-fiction×1; military×1; NEW:alt-history×1,TIER_3_TARGET_CONFLICT,ACCEPT_NEW_CANONICAL,NEW:historical-fiction,,0.78,8/9书证为穿越历史争霸（大秦暴君/三国签到/水浒/大隋），仅1本抗日贴近military——并入historical-fiction与历史架空同概念；C的military会把三国签到误入现代军旅页,C: military 0.72；A: 1:N alt-history+military（military edge仅1/9书支持，未采纳）,false
ce9d3adc8e1f5c26f65c205138d96c27e96925ae79f2f42878511f8cef6971c6,,"[""RAW_LANGUAGE_SCOPE_V1"",""[\""number\"",\""19\""]"",[""null""]]",zh-Hans,历史架空,18,NEW_CANONICAL,NEW:alternate-history,0.82,NEW_CANONICAL,NEW:historical-fiction,0.93,NEW_CANONICAL,NEW:historical-fiction,0.7,NEW_CANONICAL,NEW:alt-history,0.9,4NEW_CANONICAL,NEW:historical-fiction×2; NEW:alternate-history×1; NEW:alt-history×1,TIER_1_STRONG,ACCEPT_NEW_CANONICAL,NEW:historical-fiction,,0.85,4/4提出同一概念（alt-history/historical-fiction边界归一）；书证为三国/明末/大唐穿越争霸，历史古言无法承载、military为现代军旅,A/D建议名historical边界仅架空，B/C含真实历史战争——采较宽historical-fiction,false
5d69a1ced4427303c97259f0494d1ebd307674bfd1b2dc94644228585e9f09b7,,"[""RAW_LANGUAGE_SCOPE_V1"",""[\""number\"",\""19\""]"",[""null""]]",zh-Hans,古代言情,164,MAP_EXISTING,historical-romance,0.95,MAP_EXISTING,historical-romance,0.96,MAP_EXISTING,historical-romance,0.95,MAP_EXISTING,historical-romance,0.96,4MAP_EXISTING,historical-romance×4,TIER_1_STRONG,ACCEPT_MAP,historical-romance,ct-v1-historical-romance,0.95,4/4 decision+target一致，代表书证与目标语义相符，无明显反证,,false
f37d82f13d8a8dabb8a9bb40e1f76bb9ae078cd6e29d7793fb9a8561671a6ca9,,"[""RAW_LANGUAGE_SCOPE_V1"",""[\""number\"",\""19\""]"",[""null""]]",zh-Hans,女频,657,MAP_EXISTING,female-audience,0.93,MAP_EXISTING,female-audience,0.99,MAP_EXISTING,female-audience,0.95,IGNORE_NON_CONTENT,IGNORE_NON_CONTENT,0.96,3MAP_EXISTING+1IGNORE_NON_CONTENT,female-audience×3; IGNORE_NON_CONTENT×1,TIER_2_GOOD,ACCEPT_MAP,female-audience,ct-v1-female-audience,0.95,A/B/C一致映射；audience已是119正式facet（ct-v1-female-audience存在），书证全为女性向,D: IGNORE（视为运营二分旗——但artifact已建audience facet，忽略反而丢失已建模维度）,false
2f5be447f5b8c8f3ca4cabce7a55c1b6d4d98eb7e55b36b822c84fe3ecb4c100,,"[""RAW_LANGUAGE_SCOPE_V1"",""[\""number\"",\""19\""]"",[""null""]]",zh-Hans,妙趣奇文,1,DROP_LOW_VALUE,DROP_LOW_VALUE,0.78,DROP_LOW_VALUE,DROP_LOW_VALUE,0.93,DROP_LOW_VALUE,DROP_LOW_VALUE,0.6,DROP_LOW_VALUE,DROP_LOW_VALUE,0.82,4DROP_LOW_VALUE,DROP_LOW_VALUE×4,TIER_1_STRONG,ACCEPT_DROP,,,0.78,4/4一致DROP：杂项营销桶（妙趣奇文），书证包罗万象无稳定语义,,false
2e6ddc33165c4da90b4a17e9d0edb8c0708ee22772a0d5e234a9e90f7ba0c118,,"[""RAW_LANGUAGE_SCOPE_V1"",""[\""number\"",\""19\""]"",[""null""]]",zh-Hans,婚恋言情,5,MAP_EXISTING,marriage,0.78,MAP_EXISTING,romance,0.89,MAP_EXISTING,romance,0.85,MAP_EXISTING,marriage,0.86,4MAP_EXISTING,marriage×2; romance×2,TIER_3_TARGET_CONFLICT,ACCEPT_MAP,marriage,ct-v1-marriage,0.72,5本书证中4本以闪婚/逃婚/契约婚姻为主线，marriage(婚姻题材)较romance更贴近检索意图,B/C: romance（更宽上位，永不搜错但特异性低）,false
832f80882a81f4242fb18a40359db0d1dce62ab7ec86912e6f7d8020e7523753,,"[""RAW_LANGUAGE_SCOPE_V1"",""[\""number\"",\""19\""]"",[""null""]]",zh-Hans,幻想异能,7,MAP_EXISTING,system-fantasy,0.74,HUMAN_REVIEW,HUMAN_REVIEW,0.59,MAP_EXISTING,superpowers,0.72,NEW_CANONICAL,NEW:quick-transmigration,0.84,2MAP_EXISTING+1HUMAN_REVIEW+1NEW_CANONICAL,system-fantasy×1; HUMAN_REVIEW×1; superpowers×1; NEW:quick-transmigration×1,TIER_5_SOURCE_DIRTY,DEFER_SOURCE_DIRTY,,,0.5,简体桶书证不收敛：Omegaverse标记/末世重生/快穿/恋爱游戏混装（与繁体4/4快穿不同）；四家四个方向且无一方≥半数书证,A: system-fantasy；B: HR；C: superpowers；D: NEW quick-transmigration,false
0b060dad832e4ee3d27a0d2d4572e86f19fb4d26cf81b0d3526d7c3c49b260d8,,"[""RAW_LANGUAGE_SCOPE_V1"",""[\""number\"",\""19\""]"",[""null""]]",zh-Hans,总裁豪门,5,MAP_EXISTING,wealthy-ceo,0.93,MAP_EXISTING,wealthy-ceo,0.94,MAP_EXISTING,wealthy-ceo,0.9,MAP_EXISTING,wealthy-ceo,0.93,4MAP_EXISTING,wealthy-ceo×4,TIER_1_STRONG,ACCEPT_MAP,wealthy-ceo,ct-v1-wealthy-ceo,0.93,4/4 decision+target一致，代表书证与目标语义相符，无明显反证,,false
02be6ec4e0b6bc53365972130c2cb299a4d5b8aeef36694d9ddf3169fd032378,,"[""RAW_LANGUAGE_SCOPE_V1"",""[\""number\"",\""19\""]"",[""null""]]",zh-Hans,悬疑,1,MAP_EXISTING,suspense,0.72,HUMAN_REVIEW,HUMAN_REVIEW,0.3,MAP_EXISTING,suspense,0.8,MAP_EXISTING,suspense,0.8,3MAP_EXISTING+1HUMAN_REVIEW,suspense×3; HUMAN_REVIEW×1,TIER_5_SOURCE_DIRTY,DEFER_SOURCE_DIRTY,,,0.5,f=1，唯一书证《女明星的冒牌相师》为都市相师爽文，与悬疑字面冲突；同scope悬疑灵异(68本)工作正常，此桶为误标,A/C/D: suspense（字面映射，被唯一书证反证）,false
21d8eac94eacc52afefa7163dde8aa18610aa9cd38f0365326c50ff24709d95a,,"[""RAW_LANGUAGE_SCOPE_V1"",""[\""number\"",\""19\""]"",[""null""]]",zh-Hans,悬疑探险,8,MIXED:MAP_EXISTING+NEW_CANONICAL,NEW:supernatural-occult+suspense,0.735,NEW_CANONICAL,NEW:paranormal,0.9,MAP_EXISTING,suspense,0.7,HUMAN_REVIEW,HUMAN_REVIEW,0.58,1MIXED+1NEW_CANONICAL+1MAP_EXISTING+1HUMAN_REVIEW,NEW:supernatural-occult+suspense×1; NEW:paranormal×1; suspense×1; HUMAN_REVIEW×1,TIER_3_TARGET_CONFLICT,ACCEPT_NEW_CANONICAL,NEW:supernatural,,0.75,6-7/8书证为灵异怪谈/狐仙/瓶仙/盗墓——归入supernatural与悬疑灵异家族同概念,C: suspense（仅覆盖推理面）；D: HUMAN_REVIEW；A: +suspense edge,false
d0be23ea7f84ec75d07aaab01fb54a79b9e6f7a095241317484ec87b350834bf,,"[""RAW_LANGUAGE_SCOPE_V1"",""[\""number\"",\""19\""]"",[""null""]]",zh-Hans,悬疑灵异,68,MIXED:MAP_EXISTING+NEW_CANONICAL,suspense+NEW:supernatural-occult,0.865,NEW_CANONICAL,NEW:paranormal,0.88,NEW_CANONICAL,NEW:supernatural,0.78,NEW_CANONICAL,NEW:supernatural,0.9,3NEW_CANONICAL+1MIXED,NEW:supernatural×2; suspense+NEW:supernatural-occult×1; NEW:paranormal×1,TIER_2_GOOD,ACCEPT_NEW_CANONICAL,NEW:supernatural,,0.85,4/4提出同一灵异概念（supernatural/paranormal/supernatural-occult归一）；书证高度一致：鬼门/捉妖师/阴阳诡绣；suspense是推理紧张感、无法承载「现实世界有鬼」,A: 另加suspense edge（1:N）——多数方单一supernatural更干净，未采纳,false
525eaf2195383da8697fa2545c01c2b4a0d3c12f07cdb1f76d57754dc569eb5b,,"[""RAW_LANGUAGE_SCOPE_V1"",""[\""number\"",\""19\""]"",[""null""]]",zh-Hans,武侠仙侠,1,NEW_CANONICAL,NEW:xianxia,0.72,MAP_EXISTING,kung-fu,0.8,MAP_EXISTING,eastern-fantasy,0.8,NEW_CANONICAL,NEW:xianxia-wuxia,0.92,2NEW_CANONICAL+2MAP_EXISTING,NEW:xianxia×1; kung-fu×1; eastern-fantasy×1; NEW:xianxia-wuxia×1,TIER_4_SPLIT,OWNER_REVIEW,(NEW:xianxia vs eastern-fantasy),,0.65,2:2硬分裂：A/D新建xianxia(-wuxia)，B/C映射eastern-fantasy；书证真实且稳定（大仙请着落——后现代金庸武侠(f=1)）。渠道在同一scope将玄幻奇幻与仙侠武侠并列设桶，槽位互斥性支持二者不等价；但eastern-fantasy吞并亦不会让用户觉得搜错——taxonomy粒度属产品决策,B对武侠仙侠(f=1)另给kung-fu,true
0c35c3b534c4c42a4135575a335e52f41dcede52a80b90f1a712287f01d5fc14,,"[""RAW_LANGUAGE_SCOPE_V1"",""[\""number\"",\""19\""]"",[""null""]]",zh-Hans,游戏竞技,14,NEW_CANONICAL,NEW:esports-gaming,0.85,NEW_CANONICAL,NEW:gaming-esports,0.88,NEW_CANONICAL,NEW:gaming,0.7,NEW_CANONICAL,NEW:game-esports,0.88,4NEW_CANONICAL,NEW:esports-gaming×1; NEW:gaming-esports×1; NEW:gaming×1; NEW:game-esports×1,TIER_1_STRONG,ACCEPT_NEW_CANONICAL,NEW:gaming-esports,,0.83,4/4提出同一概念（slug词序不同已归一）；书证为电竞/网游/游戏变现，system-fantasy不等价,,false
3b3339b8e5330a7e0b31db93b38a0a80d6cc87e6c148963fe89f7472615f6845,,"[""RAW_LANGUAGE_SCOPE_V1"",""[\""number\"",\""19\""]"",[""null""]]",zh-Hans,灵异悬疑,6,MIXED:MAP_EXISTING+NEW_CANONICAL,NEW:supernatural-occult+suspense,0.8,NEW_CANONICAL,NEW:paranormal,0.94,NEW_CANONICAL,NEW:supernatural,0.78,NEW_CANONICAL,NEW:supernatural,0.9,3NEW_CANONICAL+1MIXED,NEW:supernatural×2; NEW:supernatural-occult+suspense×1; NEW:paranormal×1,TIER_2_GOOD,ACCEPT_NEW_CANONICAL,NEW:supernatural,,0.85,4/4提出同一灵异概念（supernatural/paranormal/supernatural-occult归一）；书证高度一致：冥界恋人/冥婚/阴间看大门；suspense是推理紧张感、无法承载「现实世界有鬼」,A: 另加suspense edge（1:N）——多数方单一supernatural更干净，未采纳,false
e246083244cda2aeea7eeb95f7b2a0842b69375182fef48de4d347757b4b2de1,,"[""RAW_LANGUAGE_SCOPE_V1"",""[\""number\"",\""19\""]"",[""null""]]",zh-Hans,灵异推理,17,MIXED:MAP_EXISTING+NEW_CANONICAL,NEW:supernatural-occult+suspense,0.8,NEW_CANONICAL,NEW:paranormal,0.9,NEW_CANONICAL,NEW:supernatural,0.78,NEW_CANONICAL,NEW:supernatural,0.9,3NEW_CANONICAL+1MIXED,NEW:supernatural×2; NEW:supernatural-occult+suspense×1; NEW:paranormal×1,TIER_2_GOOD,ACCEPT_NEW_CANONICAL,NEW:supernatural,,0.85,4/4提出同一灵异概念（supernatural/paranormal/supernatural-occult归一）；书证高度一致：法医冥夫/自梳女/占卜；suspense是推理紧张感、无法承载「现实世界有鬼」,A: 另加suspense edge（1:N）——多数方单一supernatural更干净，未采纳,false
01013e939dfe419d3ebb1a17683e71a1bd8182e5c5267fb8e88b5d0f63b40273,,"[""RAW_LANGUAGE_SCOPE_V1"",""[\""number\"",\""19\""]"",[""null""]]",zh-Hans,玄幻,4,MAP_EXISTING,eastern-fantasy,0.88,MAP_EXISTING,eastern-fantasy,0.97,MAP_EXISTING,eastern-fantasy,0.9,HUMAN_REVIEW,HUMAN_REVIEW,0.6,3MAP_EXISTING+1HUMAN_REVIEW,eastern-fantasy×3; HUMAN_REVIEW×1,TIER_2_GOOD,ACCEPT_MAP,eastern-fantasy,ct-v1-eastern-fantasy,0.82,3/4一致；3/4书证为玄幻修炼（1本LoL电竞噪声）,D: HUMAN_REVIEW(0.60),false
4f2605567f6fdec49402a58340fd8d5ceda7c8f847f37bd9cd994c4fe994428b,,"[""RAW_LANGUAGE_SCOPE_V1"",""[\""number\"",\""19\""]"",[""null""]]",zh-Hans,玄幻奇幻,315,MAP_EXISTING,eastern-fantasy,0.9,MAP_EXISTING,eastern-fantasy,0.97,MAP_EXISTING,eastern-fantasy,0.85,MAP_EXISTING,eastern-fantasy,0.88,4MAP_EXISTING,eastern-fantasy×4,TIER_1_STRONG,ACCEPT_MAP,eastern-fantasy,ct-v1-eastern-fantasy,0.9,4/4 decision+target一致，代表书证与目标语义相符，无明显反证,,false
fd4e7be8bc852ab1b12b959877449a5c121ab7919293eb661cee0c7427887e1f,,"[""RAW_LANGUAGE_SCOPE_V1"",""[\""number\"",\""19\""]"",[""null""]]",zh-Hans,现代言情,111,MAP_EXISTING,modern-romance,0.9,MAP_EXISTING,modern-romance,0.95,MAP_EXISTING,modern-romance,0.95,MAP_EXISTING,modern-romance,0.95,4MAP_EXISTING,modern-romance×4,TIER_1_STRONG,ACCEPT_MAP,modern-romance,ct-v1-modern-romance,0.94,4/4 decision+target一致，代表书证与目标语义相符，无明显反证,,false
3341ec4ff4f2986d45b0437cf6f0228a7af9a5fc6237b0f5c25234be08d90b11,,"[""RAW_LANGUAGE_SCOPE_V1"",""[\""number\"",\""19\""]"",[""null""]]",zh-Hans,现代都市,5,MAP_EXISTING,urban-hero,0.85,MAP_EXISTING,urban-setting,0.92,MAP_EXISTING,urban-setting,0.9,MAP_EXISTING,urban-hero,0.84,4MAP_EXISTING,urban-hero×2; urban-setting×2,TIER_3_TARGET_CONFLICT,ACCEPT_MAP,urban-hero,ct-v1-urban-hero,0.78,5/5男频且书证为狂医归来/医圣/抽奖系统等都市爽文，urban-hero为实际检索概念,B/C: urban-setting（背景标签，丢失男频爽文检索意图）,false
d62697484a7e89c37526850144728091579774ea7bcd6da38c5c1ef712e0006c,,"[""RAW_LANGUAGE_SCOPE_V1"",""[\""number\"",\""19\""]"",[""null""]]",zh-Hans,男频,498,NEW_CANONICAL,NEW:male-audience,0.8,NEW_CANONICAL,NEW:male-audience,0.98,NEW_CANONICAL,NEW:male-audience,0.95,IGNORE_NON_CONTENT,IGNORE_NON_CONTENT,0.96,3NEW_CANONICAL+1IGNORE_NON_CONTENT,NEW:male-audience×3; IGNORE_NON_CONTENT×1,TIER_2_GOOD,ACCEPT_NEW_CANONICAL,NEW:male-audience,,0.92,A/B/C提出同一概念；119只有female-audience无对称男性向入口，8217本可进女性向而1684本男频书无入口，结构性不对称,D: IGNORE（主张女频男频同进同退；若Owner不扩audience则两者一并IGNORE）,false
895b9a5cd9fd7c407a6e90211ccac1bf35cd5cde650248d5394e7099b345fd8d,,"[""RAW_LANGUAGE_SCOPE_V1"",""[\""number\"",\""19\""]"",[""null""]]",zh-Hans,科幻末世,10,MAP_EXISTING,science-fiction+apocalypse,0.87,HUMAN_REVIEW,HUMAN_REVIEW,0.64,MAP_EXISTING,apocalypse+science-fiction,0.815,MAP_EXISTING,science-fiction+apocalypse,0.87,3MAP_EXISTING+1HUMAN_REVIEW,science-fiction+apocalypse×2; HUMAN_REVIEW×1; apocalypse+science-fiction×1,TIER_2_GOOD,ACCEPT_MAP,science-fiction+apocalypse,ct-v1-science-fiction+ct-v1-apocalypse,0.8,A/C/D给出完全相同的1:N edge set；书证绝大多数同时具备末世舞台+科幻推演（核战/全球灾变/系统），双标假阳性有限,B: HUMAN_REVIEW（反对供应商大桶无证据1:N——本桶书证支持双标，与穿越重生不同）,false
64f5056ee49f4e786324789f54adc9e5f2416e88c6df8cf721700e7950761707,,"[""RAW_LANGUAGE_SCOPE_V1"",""[\""number\"",\""19\""]"",[""null""]]",zh-Hans,穿越幻想,13,MAP_EXISTING,time-travel+eastern-fantasy,0.7749999999999999,MAP_EXISTING,time-travel,0.81,MAP_EXISTING,time-travel+fantasy,0.81,MAP_EXISTING,time-travel,0.86,4MAP_EXISTING,time-travel×2; time-travel+eastern-fantasy×1; time-travel+fantasy×1,TIER_3_TARGET_CONFLICT,ACCEPT_MAP,time-travel,ct-v1-time-travel,0.8,10/10书证为穿越/重生古言，玄幻元素仅部分书（废材妃/鬼医）；1:N加fantasy/eastern-fantasy会把纯古言强制打上奇幻标签,A: +eastern-fantasy edge；C: +fantasy edge,false
4d76a4a8fd31ebbfefb89ce557f60181dea6250b714e89d6a4e5b1eb28e95f50,,"[""RAW_LANGUAGE_SCOPE_V1"",""[\""number\"",\""19\""]"",[""null""]]",zh-Hans,穿越重生,287,MAP_EXISTING,time-travel+rebirth,0.9,HUMAN_REVIEW,HUMAN_REVIEW,0.6,MAP_EXISTING,time-travel+rebirth,0.9,MAP_EXISTING,time-travel+rebirth,0.83,3MAP_EXISTING+1HUMAN_REVIEW,time-travel+rebirth×3; HUMAN_REVIEW×1,TIER_3_TARGET_CONFLICT,OWNER_REVIEW,(1:N time-travel+rebirth 待Owner确认),,0.6,最高频内容桶(287+364=651本)。A/C/D一致1:N到time-travel+rebirth；但逐书书证显示单本几乎总是只属于穿越或重生之一（重生七零/八零小富婆为纯重生），整桶双标必然制造约半数假阳性标签。这是书级分类vs桶级双标的产品决策,B: HUMAN_REVIEW——「对整桶双标会制造假阳性」，与逐书证据一致,true
552533e7a1a008f21e050eeaf9e1d41df0c36ef4caa988ea69a1c25a1ab3c485,,"[""RAW_LANGUAGE_SCOPE_V1"",""[\""number\"",\""19\""]"",[""null""]]",zh-Hans,都市,3,MAP_EXISTING,urban-hero,0.8,MAP_EXISTING,urban-setting,0.92,MAP_EXISTING,urban-setting,0.9,MAP_EXISTING,urban-hero,0.82,4MAP_EXISTING,urban-hero×2; urban-setting×2,TIER_3_TARGET_CONFLICT,ACCEPT_MAP,urban-hero,ct-v1-urban-hero,0.72,3/3书证为兵王/玄门赘婿/傻婿男频爽文,B/C: urban-setting,false
92cdb52f0b9115a648cfaba2eed0449db0b938b2fe7a810ac30ee1b5a1ed7773,,"[""RAW_LANGUAGE_SCOPE_V1"",""[\""number\"",\""19\""]"",[""null""]]",zh-Hans,青春校园,37,MAP_EXISTING,campus,0.85,MAP_EXISTING,campus,0.86,MAP_EXISTING,campus,0.85,MAP_EXISTING,campus,0.8,4MAP_EXISTING,campus×4,TIER_2_GOOD,ACCEPT_MAP,campus,ct-v1-campus,0.84,四家同decision同target；但书证存在部分反证：混入豪门契约打脸文，校园页有噪声,,false
2179549e7b54e0ddc41f4bd9e78b888892df1b833bebc97c4f1f5996e2dfe3fe,,"[""RAW_LANGUAGE_SCOPE_V1"",""[\""number\"",\""19\""]"",[""null""]]",zh-Hans,魔幻情缘,5,MAP_EXISTING,fantasy,0.7,MAP_EXISTING,fantasy,0.92,MAP_EXISTING,fantasy,0.75,HUMAN_REVIEW,HUMAN_REVIEW,0.58,3MAP_EXISTING+1HUMAN_REVIEW,fantasy×3; HUMAN_REVIEW×1,TIER_2_GOOD,ACCEPT_MAP,fantasy,ct-v1-fantasy,0.68,3/4一致；书证为御妖/仙恋/快穿仙灵——女频奇幻恋爱可由fantasy承载,D: HUMAN_REVIEW(0.58),false
9a3ca9c657c6d2a40b78254a5fb140c9c2addd2786e5085aa5aca904a76f11d8,,"[""RAW_LANGUAGE_SCOPE_V1"",""[\""number\"",\""20\""]"",[""null""]]",zh-Hant,Adeventure,10,MAP_EXISTING,return-of-the-war-god,0.7,HUMAN_REVIEW,HUMAN_REVIEW,0.45,HUMAN_REVIEW,HUMAN_REVIEW,0.4,MAP_EXISTING,urban-hero,0.84,2MAP_EXISTING+2HUMAN_REVIEW,HUMAN_REVIEW×2; return-of-the-war-god×1; urban-hero×1,TIER_4_SPLIT,ACCEPT_MAP,urban-hero,ct-v1-urban-hero,0.72,token为Adventure拼写错误但10/10男频且内容高度稳定（龍王出獄/絕世戰神/帝婿歸來/傻婿）——与其他Adventure键不同，本桶有真实语义；urban-hero为伞概念。生产identity保留原始拼写,A: return-of-the-war-god（偏窄，仅覆盖战神线）；B/C: HUMAN_REVIEW（B并指出书目模板化嫌疑——已记录）,false
6edde8858efcd413f13ba3394947d927237068ea963295d984dfdec77fdc9ad0,,"[""RAW_LANGUAGE_SCOPE_V1"",""[\""number\"",\""20\""]"",[""null""]]",zh-Hant,Adolescent,3,HUMAN_REVIEW,HUMAN_REVIEW,0.4,MAP_EXISTING,modern-romance,0.86,MAP_EXISTING,young-adult,0.85,HUMAN_REVIEW,HUMAN_REVIEW,0.36,2HUMAN_REVIEW+2MAP_EXISTING,HUMAN_REVIEW×2; modern-romance×1; young-adult×1,TIER_5_SOURCE_DIRTY,DEFER_SOURCE_DIRTY,,,0.45,英文青少年标签落在繁体scope，3/3书证为替嫁/刑满归来成人豪门文；映射young-adult有分级错投风险，映射modern-romance则依赖仅3本的反字面证据,B: modern-romance 0.86（按书证）；C: young-adult 0.85（按字面，有分级风险）,false
8133eae7f1ae61531568f99a67ad1e8a2c5bfac652fffbaa0eab9bb4194a2b73,,"[""RAW_LANGUAGE_SCOPE_V1"",""[\""number\"",\""20\""]"",[""null""]]",zh-Hant,Romance,2,MAP_EXISTING,romance,0.75,MAP_EXISTING,romance,0.95,MAP_EXISTING,romance,0.95,MAP_EXISTING,romance,0.9,4MAP_EXISTING,romance×4,TIER_1_STRONG,ACCEPT_MAP,romance,ct-v1-romance,0.89,4/4 decision+target一致，代表书证与目标语义相符，无明显反证,,false
778478d418d0f04623fd97869b030790b9440dfb4e47dc72038e700f9b22de50,,"[""RAW_LANGUAGE_SCOPE_V1"",""[\""number\"",\""20\""]"",[""null""]]",zh-Hant,Xuanhuan,10,HUMAN_REVIEW,HUMAN_REVIEW,0.42,MAP_EXISTING,modern-romance,0.93,MAP_EXISTING,eastern-fantasy,0.7,HUMAN_REVIEW,HUMAN_REVIEW,0.42,2HUMAN_REVIEW+2MAP_EXISTING,HUMAN_REVIEW×2; modern-romance×1; eastern-fantasy×1,TIER_5_SOURCE_DIRTY,DEFER_SOURCE_DIRTY,,,0.45,罗马化「玄幻」失真桶：书证为替嫁总裁/离婚复合/现代婚恋，与玄幻无关；同scope中文「玄幻奇幻」正常工作，证明此桶是另一套分类的错投,B: modern-romance（按书证）；C: eastern-fantasy（按字面）,false
da0295390d747fe4b37dea23f11de8179f357f40a3a078d4df141a3fc21fd5ec,,"[""RAW_LANGUAGE_SCOPE_V1"",""[\""number\"",\""20\""]"",[""null""]]",zh-Hant,仙俠情緣,7,NEW_CANONICAL,NEW:xianxia,0.78,MAP_EXISTING,eastern-fantasy,0.97,MAP_EXISTING,eastern-fantasy,0.8,NEW_CANONICAL,NEW:xianxia-wuxia,0.86,2NEW_CANONICAL+2MAP_EXISTING,eastern-fantasy×2; NEW:xianxia×1; NEW:xianxia-wuxia×1,TIER_4_SPLIT,OWNER_REVIEW,(NEW:xianxia vs eastern-fantasy),,0.65,2:2硬分裂：A/D新建xianxia(-wuxia)，B/C映射eastern-fantasy；书证真实且稳定（龍妃/道尊/靈脩女君——仙恋）。渠道在同一scope将玄幻奇幻与仙侠武侠并列设桶，槽位互斥性支持二者不等价；但eastern-fantasy吞并亦不会让用户觉得搜错——taxonomy粒度属产品决策,B对武侠仙侠(f=1)另给kung-fu,true
e33461823768f08c7fc9231716089c5e4603274d636b206864bb1c55e6dd2102,,"[""RAW_LANGUAGE_SCOPE_V1"",""[\""number\"",\""20\""]"",[""null""]]",zh-Hant,仙俠武俠,16,NEW_CANONICAL,NEW:xianxia,0.82,MAP_EXISTING,eastern-fantasy,0.97,MAP_EXISTING,eastern-fantasy,0.8,NEW_CANONICAL,NEW:xianxia-wuxia,0.92,2NEW_CANONICAL+2MAP_EXISTING,eastern-fantasy×2; NEW:xianxia×1; NEW:xianxia-wuxia×1,TIER_4_SPLIT,OWNER_REVIEW,(NEW:xianxia vs eastern-fantasy),,0.65,2:2硬分裂：A/D新建xianxia(-wuxia)，B/C映射eastern-fantasy；书证真实且稳定（斬仙/封神魔劫/吞天神尊——修仙）。渠道在同一scope将玄幻奇幻与仙侠武侠并列设桶，槽位互斥性支持二者不等价；但eastern-fantasy吞并亦不会让用户觉得搜错——taxonomy粒度属产品决策,B对武侠仙侠(f=1)另给kung-fu,true
0207d6f9c3676a6f9864c67e3027f7d6062dd0395946cc2dda783718e560aecf,,"[""RAW_LANGUAGE_SCOPE_V1"",""[\""number\"",\""20\""]"",[""null""]]",zh-Hant,動漫世界,7,HUMAN_REVIEW,HUMAN_REVIEW,0.52,NEW_CANONICAL,NEW:fanfiction,0.72,DROP_LOW_VALUE,DROP_LOW_VALUE,0.6,HUMAN_REVIEW,HUMAN_REVIEW,0.55,2HUMAN_REVIEW+1NEW_CANONICAL+1DROP_LOW_VALUE,HUMAN_REVIEW×2; NEW:fanfiction×1; DROP_LOW_VALUE×1,TIER_4_SPLIT,OWNER_REVIEW,(NEW:fanfiction 待定),,0.55,7本中约4-5本为同人（西遊帳號/影視穿越/人在木葉/正陽門下），但混入现代言情与御兽；是否挂入fanfiction取决于该概念是否进v1（P1）,C: DROP；A/D: HUMAN_REVIEW,true
47a55b705a726f06c0c3e7f0bb04f5fc4f482c97f8738f522752a90a9a74cbf0,,"[""RAW_LANGUAGE_SCOPE_V1"",""[\""number\"",\""20\""]"",[""null""]]",zh-Hant,動漫同人,5,HUMAN_REVIEW,HUMAN_REVIEW,0.55,NEW_CANONICAL,NEW:gaming-esports,0.78,NEW_CANONICAL,NEW:fan-fiction,0.7,NEW_CANONICAL,NEW:fanfiction,0.8,3NEW_CANONICAL+1HUMAN_REVIEW,HUMAN_REVIEW×1; NEW:gaming-esports×1; NEW:fan-fiction×1; NEW:fanfiction×1,TIER_5_SOURCE_DIRTY,DEFER_SOURCE_DIRTY,,,0.5,标签字面=同人，但书证4/5为网游文（全職萌神/淺笑傾城/兼職NPC），仅1本火影同人——标签与书目冲突，不按字面挂fanfiction也不硬挂gaming,B: gaming-esports 0.78（按书证——若gaming-esports上线可复核回收）；C/D: fanfiction（按字面，被书证反证）,false
2849d244bbb9237fad179558823aaf80951893d0bede8f4bcf1fc631081097d6,,"[""RAW_LANGUAGE_SCOPE_V1"",""[\""number\"",\""20\""]"",[""null""]]",zh-Hant,古代言情,143,MAP_EXISTING,historical-romance,0.95,MAP_EXISTING,historical-romance,0.86,MAP_EXISTING,historical-romance,0.95,MAP_EXISTING,historical-romance,0.96,4MAP_EXISTING,historical-romance×4,TIER_1_STRONG,ACCEPT_MAP,historical-romance,ct-v1-historical-romance,0.93,4/4 decision+target一致，代表书证与目标语义相符，无明显反证,,false
0cee435b1b571556f3b8afbec8f153679dfd1ab2157c9b6283460fd1e1727917,,"[""RAW_LANGUAGE_SCOPE_V1"",""[\""number\"",\""20\""]"",[""null""]]",zh-Hant,女频,724,MAP_EXISTING,female-audience,0.93,MAP_EXISTING,female-audience,0.99,MAP_EXISTING,female-audience,0.95,IGNORE_NON_CONTENT,IGNORE_NON_CONTENT,0.96,3MAP_EXISTING+1IGNORE_NON_CONTENT,female-audience×3; IGNORE_NON_CONTENT×1,TIER_2_GOOD,ACCEPT_MAP,female-audience,ct-v1-female-audience,0.95,A/B/C一致映射；audience已是119正式facet（ct-v1-female-audience存在），书证全为女性向,D: IGNORE（视为运营二分旗——但artifact已建audience facet，忽略反而丢失已建模维度）,false
df2a2c6fb23e9afd6a57381bc879d88afa82d5301a66ee5acd38f46c8f8335af,,"[""RAW_LANGUAGE_SCOPE_V1"",""[\""number\"",\""20\""]"",[""null""]]",zh-Hant,妙趣奇文,3,DROP_LOW_VALUE,DROP_LOW_VALUE,0.78,DROP_LOW_VALUE,DROP_LOW_VALUE,0.93,DROP_LOW_VALUE,DROP_LOW_VALUE,0.6,DROP_LOW_VALUE,DROP_LOW_VALUE,0.82,4DROP_LOW_VALUE,DROP_LOW_VALUE×4,TIER_1_STRONG,ACCEPT_DROP,,,0.78,4/4一致DROP：杂项营销桶（妙趣奇文），书证包罗万象无稳定语义,,false
402e27717bed7a30d414c070dab99e6b12477c64cc9077b9da716edc9c2bdab5,,"[""RAW_LANGUAGE_SCOPE_V1"",""[\""number\"",\""20\""]"",[""null""]]",zh-Hant,婚戀言情,5,MAP_EXISTING,marriage,0.78,MAP_EXISTING,romance,0.89,MAP_EXISTING,romance,0.85,MAP_EXISTING,marriage,0.86,4MAP_EXISTING,marriage×2; romance×2,TIER_3_TARGET_CONFLICT,ACCEPT_MAP,romance,ct-v1-romance,0.72,繁体书证混杂（轮回情仇/影后甜宠/亲情），仅2/5婚姻主线，映射marriage会有明显错配；romance安全承载,A/D: marriage（简体侧成立但繁体书证不支持）,false
c4a1a0ae6dfefa430216be48437164eb94abd99ceeefa1b6be0b3b369af27435,,"[""RAW_LANGUAGE_SCOPE_V1"",""[\""number\"",\""20\""]"",[""null""]]",zh-Hant,宦海商戰,4,HUMAN_REVIEW,HUMAN_REVIEW,0.6,HUMAN_REVIEW,HUMAN_REVIEW,0.55,DROP_LOW_VALUE,DROP_LOW_VALUE,0.6,HUMAN_REVIEW,HUMAN_REVIEW,0.52,3HUMAN_REVIEW+1DROP_LOW_VALUE,HUMAN_REVIEW×3; DROP_LOW_VALUE×1,TIER_5_SOURCE_DIRTY,DEFER_SOURCE_DIRTY,,,0.5,标签=官场商战，书证3/4为重生年代文（1988/四合院），语义错位且低频,C: DROP_LOW_VALUE,false
8ed372ee4fe5fca6e01f3bc4acd7d20735eac63b1bc079d2aa9d7a5ae336339f,,"[""RAW_LANGUAGE_SCOPE_V1"",""[\""number\"",\""20\""]"",[""null""]]",zh-Hant,幻想異能,4,MAP_EXISTING,system-fantasy,0.74,MAP_EXISTING,time-travel,0.85,MAP_EXISTING,superpowers,0.72,NEW_CANONICAL,NEW:quick-transmigration,0.84,3MAP_EXISTING+1NEW_CANONICAL,system-fantasy×1; time-travel×1; superpowers×1; NEW:quick-transmigration×1,TIER_4_SPLIT,ACCEPT_MAP,time-travel,ct-v1-time-travel,0.62,四家四个方向（system-fantasy/time-travel/superpowers/NEW快穿）；书证4/4为快穿/穿书，绝非超能力——C的superpowers被书证否定；time-travel为最近的既有上位入口，快穿概念另行登记,A: system-fantasy；C: superpowers（字面）；D: NEW quick-transmigration（语义最准但证据量不足以新建）,false
4ecdb791d7dfae7c3587ed5e95ed1d4ade522b2b50c18beabd303e591ef3b707,,"[""RAW_LANGUAGE_SCOPE_V1"",""[\""number\"",\""20\""]"",[""null""]]",zh-Hant,懸疑靈異,48,MIXED:MAP_EXISTING+NEW_CANONICAL,suspense+NEW:supernatural-occult,0.865,NEW_CANONICAL,NEW:paranormal,0.88,NEW_CANONICAL,NEW:supernatural,0.78,NEW_CANONICAL,NEW:supernatural,0.9,3NEW_CANONICAL+1MIXED,NEW:supernatural×2; suspense+NEW:supernatural-occult×1; NEW:paranormal×1,TIER_2_GOOD,ACCEPT_NEW_CANONICAL,NEW:supernatural,,0.85,4/4提出同一灵异概念（supernatural/paranormal/supernatural-occult归一）；书证高度一致：民間山野怪談/通靈冊/風水局；suspense是推理紧张感、无法承载「现实世界有鬼」,A: 另加suspense edge（1:N）——多数方单一supernatural更干净，未采纳,false
502beb09a594716d93c675975ee32f340169061624c59a65dfc4b4983a2f8473,,"[""RAW_LANGUAGE_SCOPE_V1"",""[\""number\"",\""20\""]"",[""null""]]",zh-Hant,歷史傳記,1,HUMAN_REVIEW,HUMAN_REVIEW,0.4,HUMAN_REVIEW,HUMAN_REVIEW,0.15,DROP_LOW_VALUE,DROP_LOW_VALUE,0.5,HUMAN_REVIEW,HUMAN_REVIEW,0.3,3HUMAN_REVIEW+1DROP_LOW_VALUE,HUMAN_REVIEW×3; DROP_LOW_VALUE×1,TIER_5_SOURCE_DIRTY,ACCEPT_DROP,,,0.7,f=1明显误标：唯一书证《女兒來自銀河系》为当代都市喜剧，与历史传记零关系,C: DROP——采C；A/B/D: HUMAN_REVIEW,false
f66cda08bec756121c49217e696b2d921cd10c04a354a5e550406323db2869c1,,"[""RAW_LANGUAGE_SCOPE_V1"",""[\""number\"",\""20\""]"",[""null""]]",zh-Hant,歷史架空,22,NEW_CANONICAL,NEW:alternate-history,0.82,NEW_CANONICAL,NEW:historical-fiction,0.93,NEW_CANONICAL,NEW:historical-fiction,0.7,NEW_CANONICAL,NEW:alt-history,0.9,4NEW_CANONICAL,NEW:historical-fiction×2; NEW:alternate-history×1; NEW:alt-history×1,TIER_1_STRONG,ACCEPT_NEW_CANONICAL,NEW:historical-fiction,,0.85,4/4提出同一概念（alt-history/historical-fiction边界归一）；书证为三国/明末/大唐穿越争霸，历史古言无法承载、military为现代军旅,A/D建议名historical边界仅架空，B/C含真实历史战争——采较宽historical-fiction,false
4945303a38e6a69a1a4e39a9b532111acdba0480c49c72f97c6ceea8841eb5ee,,"[""RAW_LANGUAGE_SCOPE_V1"",""[\""number\"",\""20\""]"",[""null""]]",zh-Hant,狼人,6,HUMAN_REVIEW,HUMAN_REVIEW,0.45,HUMAN_REVIEW,HUMAN_REVIEW,0.22,HUMAN_REVIEW,HUMAN_REVIEW,0.5,HUMAN_REVIEW,HUMAN_REVIEW,0.34,4HUMAN_REVIEW,HUMAN_REVIEW×4,TIER_5_SOURCE_DIRTY,DEFER_SOURCE_DIRTY,,,0.42,4/4 HUMAN_REVIEW；交叉验证确认为来源侧脏数据：6本书证全为现代豪门婚恋（植物人老公/替嫁醜妻），零狼人设定；与海外Werewolf家族(命中率~100%)假朋友,,false
8faade4403e9e57b63ece850e6b17e9ede735c1e034beef71102287a1b54716f,,"[""RAW_LANGUAGE_SCOPE_V1"",""[\""number\"",\""20\""]"",[""null""]]",zh-Hant,玄幻,4,MAP_EXISTING,eastern-fantasy,0.88,MAP_EXISTING,eastern-fantasy,0.97,MAP_EXISTING,eastern-fantasy,0.9,HUMAN_REVIEW,HUMAN_REVIEW,0.6,3MAP_EXISTING+1HUMAN_REVIEW,eastern-fantasy×3; HUMAN_REVIEW×1,TIER_2_GOOD,ACCEPT_MAP,eastern-fantasy,ct-v1-eastern-fantasy,0.82,3/4一致；3/4书证为玄幻系统流（1本LoL电竞噪声）,D: HUMAN_REVIEW(0.60),false
9cdc018555e440ffacb79e0675f446ee38630128551df7225526019e78cf082c,,"[""RAW_LANGUAGE_SCOPE_V1"",""[\""number\"",\""20\""]"",[""null""]]",zh-Hant,玄幻奇幻,269,MAP_EXISTING,eastern-fantasy,0.9,MAP_EXISTING,eastern-fantasy,0.97,MAP_EXISTING,eastern-fantasy,0.85,MAP_EXISTING,eastern-fantasy,0.88,4MAP_EXISTING,eastern-fantasy×4,TIER_1_STRONG,ACCEPT_MAP,eastern-fantasy,ct-v1-eastern-fantasy,0.9,4/4 decision+target一致，代表书证与目标语义相符，无明显反证,,false
5a5d8d3f68eb89643621efcab22a14b9c8b880f5d1342406e091335ae76d4173,,"[""RAW_LANGUAGE_SCOPE_V1"",""[\""number\"",\""20\""]"",[""null""]]",zh-Hant,現代言情,71,MAP_EXISTING,modern-romance,0.9,MAP_EXISTING,modern-romance,0.95,MAP_EXISTING,modern-romance,0.95,MAP_EXISTING,modern-romance,0.95,4MAP_EXISTING,modern-romance×4,TIER_1_STRONG,ACCEPT_MAP,modern-romance,ct-v1-modern-romance,0.94,4/4 decision+target一致，代表书证与目标语义相符，无明显反证,,false
ffbc2d70f9a30479214997a54b16358757197f4ff37f3b9fa55d3d18fea578b5,,"[""RAW_LANGUAGE_SCOPE_V1"",""[\""number\"",\""20\""]"",[""null""]]",zh-Hant,現代都市,19,MAP_EXISTING,urban-hero,0.85,MAP_EXISTING,urban-setting,0.92,MAP_EXISTING,urban-setting,0.9,MAP_EXISTING,urban-setting,0.78,4MAP_EXISTING,urban-setting×3; urban-hero×1,TIER_3_TARGET_CONFLICT,ACCEPT_MAP,urban-setting,ct-v1-urban-setting,0.74,19/19男频但内容异质（古武归来/搞笑直播/乡土/富二代），urban-hero会错配多本；中性urban-setting更稳,A: urban-hero；D亦转urban-setting(0.78),false
452e8c2bded7bc22006d54d186b7ad538c0fbf0f4dd1c90822a6101fb26db45b,,"[""RAW_LANGUAGE_SCOPE_V1"",""[\""number\"",\""20\""]"",[""null""]]",zh-Hant,男频,441,NEW_CANONICAL,NEW:male-audience,0.8,NEW_CANONICAL,NEW:male-audience,0.98,NEW_CANONICAL,NEW:male-audience,0.95,IGNORE_NON_CONTENT,IGNORE_NON_CONTENT,0.96,3NEW_CANONICAL+1IGNORE_NON_CONTENT,NEW:male-audience×3; IGNORE_NON_CONTENT×1,TIER_2_GOOD,ACCEPT_NEW_CANONICAL,NEW:male-audience,,0.92,A/B/C提出同一概念；119只有female-audience无对称男性向入口，8217本可进女性向而1684本男频书无入口，结构性不对称,D: IGNORE（主张女频男频同进同退；若Owner不扩audience则两者一并IGNORE）,false
c3c893fbe24d2f95b97740283406f74402c8df4c373d180e5cfbcbde0d08f84c,,"[""RAW_LANGUAGE_SCOPE_V1"",""[\""number\"",\""20\""]"",[""null""]]",zh-Hant,科幻末世,22,MAP_EXISTING,science-fiction+apocalypse,0.87,HUMAN_REVIEW,HUMAN_REVIEW,0.64,MAP_EXISTING,apocalypse+science-fiction,0.815,MAP_EXISTING,science-fiction+apocalypse,0.87,3MAP_EXISTING+1HUMAN_REVIEW,science-fiction+apocalypse×2; HUMAN_REVIEW×1; apocalypse+science-fiction×1,TIER_2_GOOD,ACCEPT_MAP,science-fiction+apocalypse,ct-v1-science-fiction+ct-v1-apocalypse,0.8,A/C/D给出完全相同的1:N edge set；书证绝大多数同时具备末世舞台+科幻推演（核战/全球灾变/系统），双标假阳性有限,B: HUMAN_REVIEW（反对供应商大桶无证据1:N——本桶书证支持双标，与穿越重生不同）,false
542c289ccf90ebdef9ced95ecf5c5793328ddeb0f9ff3cbf29040f4bf322a316,,"[""RAW_LANGUAGE_SCOPE_V1"",""[\""number\"",\""20\""]"",[""null""]]",zh-Hant,穿越重生,364,MAP_EXISTING,time-travel+rebirth,0.9,HUMAN_REVIEW,HUMAN_REVIEW,0.6,MAP_EXISTING,time-travel+rebirth,0.9,MAP_EXISTING,time-travel+rebirth,0.83,3MAP_EXISTING+1HUMAN_REVIEW,time-travel+rebirth×3; HUMAN_REVIEW×1,TIER_3_TARGET_CONFLICT,OWNER_REVIEW,(1:N time-travel+rebirth 待Owner确认),,0.6,最高频内容桶(287+364=651本)。A/C/D一致1:N到time-travel+rebirth；但逐书书证显示单本几乎总是只属于穿越或重生之一（重生七零/八零小富婆为纯重生），整桶双标必然制造约半数假阳性标签。这是书级分类vs桶级双标的产品决策,B: HUMAN_REVIEW——「对整桶双标会制造假阳性」，与逐书证据一致,true
1cbbcde7fa1545e4bf057a1608bca6ec6ae0e162265dbf6157f8a6157ac9e590,,"[""RAW_LANGUAGE_SCOPE_V1"",""[\""number\"",\""20\""]"",[""null""]]",zh-Hant,總裁豪門,5,MAP_EXISTING,wealthy-ceo,0.93,MAP_EXISTING,wealthy-ceo,0.94,MAP_EXISTING,wealthy-ceo,0.9,MAP_EXISTING,wealthy-ceo,0.93,4MAP_EXISTING,wealthy-ceo×4,TIER_1_STRONG,ACCEPT_MAP,wealthy-ceo,ct-v1-wealthy-ceo,0.93,4/4 decision+target一致，代表书证与目标语义相符，无明显反证,,false
f09cbb0e14711b70f58049bd4d8af87a3f6a31ddce88c90f3319b66da85022a1,,"[""RAW_LANGUAGE_SCOPE_V1"",""[\""number\"",\""20\""]"",[""null""]]",zh-Hant,耽美同人,8,NEW_CANONICAL,NEW:lgbtq-romance,0.72,HUMAN_REVIEW,HUMAN_REVIEW,0.55,NEW_CANONICAL,NEW:lgbt-plus,0.75,NEW_CANONICAL,NEW:lgbt,0.78,3NEW_CANONICAL+1HUMAN_REVIEW,NEW:lgbtq-romance×1; HUMAN_REVIEW×1; NEW:lgbt-plus×1; NEW:lgbt×1,TIER_2_GOOD,ACCEPT_NEW_CANONICAL,NEW:lgbtq-romance,,0.7,A/C/D归入LGBT概念；书证含明确耽美（直男掰彎指南/染指河山）；「同人」成分处理为alias而非第二个tag,B: HUMAN_REVIEW(0.55)；关联fanfiction alias问题,false
067d18fb5fbde47675a339a8f739cc6e3cdd392c019f6887426e36093384f2d5,,"[""RAW_LANGUAGE_SCOPE_V1"",""[\""number\"",\""20\""]"",[""null""]]",zh-Hant,軍事戰爭,3,MAP_EXISTING,military,0.85,MAP_EXISTING,military,0.75,MAP_EXISTING,military,0.85,HUMAN_REVIEW,HUMAN_REVIEW,0.56,3MAP_EXISTING+1HUMAN_REVIEW,military×3; HUMAN_REVIEW×1,TIER_2_GOOD,ACCEPT_MAP,military,ct-v1-military,0.62,3/4一致；3本中2本战争主线（抗日/明初战乱），1本卧底刑侦错配,D: HUMAN_REVIEW（抗日/卧底/大明混装）,false
f19ac8e82923d507547fc8005678f54445b66b4037f9fc7d1bf20100ec85dc89,,"[""RAW_LANGUAGE_SCOPE_V1"",""[\""number\"",\""20\""]"",[""null""]]",zh-Hant,遊戲競技,9,NEW_CANONICAL,NEW:esports-gaming,0.85,NEW_CANONICAL,NEW:gaming-esports,0.94,NEW_CANONICAL,NEW:gaming,0.7,NEW_CANONICAL,NEW:game-esports,0.88,4NEW_CANONICAL,NEW:esports-gaming×1; NEW:gaming-esports×1; NEW:gaming×1; NEW:game-esports×1,TIER_1_STRONG,ACCEPT_NEW_CANONICAL,NEW:gaming-esports,,0.83,4/4提出同一概念（slug词序不同已归一）；书证为电竞/网游/游戏变现，system-fantasy不等价,,false
1e6e62e6b83d461d165c31bb52c58e6ea7684783cb3749cab3240e7a8e8d1237,,"[""RAW_LANGUAGE_SCOPE_V1"",""[\""number\"",\""20\""]"",[""null""]]",zh-Hant,都市,6,MAP_EXISTING,urban-hero,0.8,MAP_EXISTING,urban-setting,0.92,MAP_EXISTING,urban-setting,0.9,MAP_EXISTING,urban-hero,0.82,4MAP_EXISTING,urban-hero×2; urban-setting×2,TIER_3_TARGET_CONFLICT,ACCEPT_MAP,urban-hero,ct-v1-urban-hero,0.72,5/6书证为狂仙奶爸/战神赘婿/重生俗人（1本冥商偏灵异）,B/C: urban-setting,false
15431d11eea66e318eb8be96453a2ad1d96fceb53fa21d841d1c77d83961f209,,"[""RAW_LANGUAGE_SCOPE_V1"",""[\""number\"",\""20\""]"",[""null""]]",zh-Hant,靈異推理,9,MIXED:MAP_EXISTING+NEW_CANONICAL,NEW:supernatural-occult+suspense,0.8,HUMAN_REVIEW,HUMAN_REVIEW,0.62,NEW_CANONICAL,NEW:supernatural,0.78,NEW_CANONICAL,NEW:supernatural,0.9,2NEW_CANONICAL+1MIXED+1HUMAN_REVIEW,NEW:supernatural×2; NEW:supernatural-occult+suspense×1; HUMAN_REVIEW×1,TIER_3_TARGET_CONFLICT,ACCEPT_NEW_CANONICAL,NEW:supernatural,,0.75,约6/9书证为灵异（黑白無常/鬼丈夫/樓鬼），2本纯推理噪声——归入supernatural,B: HUMAN_REVIEW(0.62)；A: +suspense edge,false
239af4107e04bc1f368683f82d7d4a1e78ff549af97cfc793b8f7783b6e77421,,"[""RAW_LANGUAGE_SCOPE_V1"",""[\""number\"",\""20\""]"",[""null""]]",zh-Hant,青春校園,66,MAP_EXISTING,campus,0.85,MAP_EXISTING,campus,0.86,MAP_EXISTING,campus,0.85,MAP_EXISTING,campus,0.8,4MAP_EXISTING,campus×4,TIER_2_GOOD,ACCEPT_MAP,campus,ct-v1-campus,0.84,四家同decision同target；但书证存在部分反证：同简体：校园主体成立但含非校园言情,,false
430a7921dd07537e834c138df5c034457fe831302f1d05ed2a2a048675323a12,,"[""RAW_LANGUAGE_SCOPE_V1"",""[\""number\"",\""20\""]"",[""null""]]",zh-Hant,魔幻情緣,14,MAP_EXISTING,fantasy,0.7,MAP_EXISTING,fantasy,0.92,MAP_EXISTING,fantasy,0.75,HUMAN_REVIEW,HUMAN_REVIEW,0.58,3MAP_EXISTING+1HUMAN_REVIEW,fantasy×3; HUMAN_REVIEW×1,TIER_2_GOOD,ACCEPT_MAP,fantasy,ct-v1-fantasy,0.6,3/4一致；但繁体书证更杂（星际兽世/无限流/惊悚直播），fantasy承载偏宽——列入过映射观察,D: HUMAN_REVIEW(0.58),false
895b9a5cd9fd7c407a6e90211ccac1bf35cd5cde650248d5394e7099b345fd8d#edge-science-fiction,895b9a5cd9fd7c407a6e90211ccac1bf35cd5cde650248d5394e7099b345fd8d,"[""RAW_LANGUAGE_SCOPE_V1"",""[\""number\"",\""19\""]"",[""null""]]",zh-Hans,科幻末世,10,,,,,,,,,,,,,,,TIER_2_GOOD,ACCEPT_MAP,science-fiction,ct-v1-science-fiction,0.8,1:N edge 展开，parent 见 parent_mapping_key,,false
895b9a5cd9fd7c407a6e90211ccac1bf35cd5cde650248d5394e7099b345fd8d#edge-apocalypse,895b9a5cd9fd7c407a6e90211ccac1bf35cd5cde650248d5394e7099b345fd8d,"[""RAW_LANGUAGE_SCOPE_V1"",""[\""number\"",\""19\""]"",[""null""]]",zh-Hans,科幻末世,10,,,,,,,,,,,,,,,TIER_2_GOOD,ACCEPT_MAP,apocalypse,ct-v1-apocalypse,0.8,1:N edge 展开，parent 见 parent_mapping_key,,false
c3c893fbe24d2f95b97740283406f74402c8df4c373d180e5cfbcbde0d08f84c#edge-science-fiction,c3c893fbe24d2f95b97740283406f74402c8df4c373d180e5cfbcbde0d08f84c,"[""RAW_LANGUAGE_SCOPE_V1"",""[\""number\"",\""20\""]"",[""null""]]",zh-Hant,科幻末世,22,,,,,,,,,,,,,,,TIER_2_GOOD,ACCEPT_MAP,science-fiction,ct-v1-science-fiction,0.8,1:N edge 展开，parent 见 parent_mapping_key,,false
c3c893fbe24d2f95b97740283406f74402c8df4c373d180e5cfbcbde0d08f84c#edge-apocalypse,c3c893fbe24d2f95b97740283406f74402c8df4c373d180e5cfbcbde0d08f84c,"[""RAW_LANGUAGE_SCOPE_V1"",""[\""number\"",\""20\""]"",[""null""]]",zh-Hant,科幻末世,22,,,,,,,,,,,,,,,TIER_2_GOOD,ACCEPT_MAP,apocalypse,ct-v1-apocalypse,0.8,1:N edge 展开，parent 见 parent_mapping_key,,false
