source_scope,locale_key,token_key_a,exact_raw_token_a,raw_token_utf8_base64_a,raw_token_sha256_a,token_key_b,exact_raw_token_b,raw_token_utf8_base64_b,raw_token_sha256_b,n_a,n_b,n_ab,jaccard,p_b_given_a,p_a_given_b
changdu-app,"[""RAW_LANGUAGE_SCOPE_V1"",""[\""number\"",\""10\""]"",[""string"",""阿拉伯语""]]",1de6cfe112f10e6e448f194a3db9ac942f556621730ba1a2111e964a5dd53096,Horreur,SG9ycmV1cg==,f4e6ed48bcb9b71397210becffc699c7063a8101506e4e98c030c9b26e5618b9,75a6d3266504f7fc84f02ff09cd3efb32d9d4812e8b9de89e6d8ed6d3c9e1444,女频,5aWz6aKR,d9867749ec31f19fe7bfa4a782791bb108a8c9bc80653d481d3f1110f260cebb,1,44,1,0.022727272727,1,0.022727272727
changdu-app,"[""RAW_LANGUAGE_SCOPE_V1"",""[\""number\"",\""10\""]"",[""string"",""阿拉伯语""]]",3ae9a97ddccca9a39cf7317ec08eabc743034af9b43cfc91f02677de2ae90f25,Adolescent,QWRvbGVzY2VudA==,2a8179b03ce566644fd963579db04b98b93f5c8b9c509b51128f561cf38e7660,75a6d3266504f7fc84f02ff09cd3efb32d9d4812e8b9de89e6d8ed6d3c9e1444,女频,5aWz6aKR,d9867749ec31f19fe7bfa4a782791bb108a8c9bc80653d481d3f1110f260cebb,2,44,2,0.045454545455,1,0.045454545455
changdu-app,"[""RAW_LANGUAGE_SCOPE_V1"",""[\""number\"",\""10\""]"",[""string"",""阿拉伯语""]]",5323c809e8288cc036c01e79b873bcb606dc04474f29cfea3da1f3f97a2ad0e6,古代言情,5Y+k5Luj6KiA5oOF,37c0e6b415e5a4aee67705cf03a5938cf30b5f97b61ccaaeeb3b6e4dd9f91cb7,75a6d3266504f7fc84f02ff09cd3efb32d9d4812e8b9de89e6d8ed6d3c9e1444,女频,5aWz6aKR,d9867749ec31f19fe7bfa4a782791bb108a8c9bc80653d481d3f1110f260cebb,1,44,1,0.022727272727,1,0.022727272727
changdu-app,"[""RAW_LANGUAGE_SCOPE_V1"",""[\""number\"",\""10\""]"",[""string"",""阿拉伯语""]]",59b85bb4453c8d7376fd95163cbee8167ed7197deb41b88bb80ef96b4b34eefa,Nouvelles,Tm91dmVsbGVz,e2fa678e8c3ee06b6d2f7d93b41ba88f4bc47a5e478f045ea1eff213c57624c4,75a6d3266504f7fc84f02ff09cd3efb32d9d4812e8b9de89e6d8ed6d3c9e1444,女频,5aWz6aKR,d9867749ec31f19fe7bfa4a782791bb108a8c9bc80653d481d3f1110f260cebb,1,44,1,0.022727272727,1,0.022727272727
changdu-app,"[""RAW_LANGUAGE_SCOPE_V1"",""[\""number\"",\""10\""]"",[""string"",""阿拉伯语""]]",5f2fdb0935f23f22bcfa8c3234e814bbf9aa47710b7dd7d9ae05870f0e618eaa,男频,55S36aKR,e74d73d99251bb2b99c02896258d9fbcd9817488f6538674fda26534b0b450ac,78f4a1c02b1b798180ad97f2db7e9fe234eadb604ca912f73e598ed8e664503f,Moderne,TW9kZXJuZQ==,ea2049ce73dc464f4f449f4a570e8f16862bb2225bff80a1c07e2ccbabca49ac,2,22,2,0.090909090909,1,0.090909090909
changdu-app,"[""RAW_LANGUAGE_SCOPE_V1"",""[\""number\"",\""10\""]"",[""string"",""阿拉伯语""]]",75a6d3266504f7fc84f02ff09cd3efb32d9d4812e8b9de89e6d8ed6d3c9e1444,女频,5aWz6aKR,d9867749ec31f19fe7bfa4a782791bb108a8c9bc80653d481d3f1110f260cebb,78f4a1c02b1b798180ad97f2db7e9fe234eadb604ca912f73e598ed8e664503f,Moderne,TW9kZXJuZQ==,ea2049ce73dc464f4f449f4a570e8f16862bb2225bff80a1c07e2ccbabca49ac,44,22,20,0.434782608696,0.454545454545,0.909090909091
changdu-app,"[""RAW_LANGUAGE_SCOPE_V1"",""[\""number\"",\""10\""]"",[""string"",""阿拉伯语""]]",75a6d3266504f7fc84f02ff09cd3efb32d9d4812e8b9de89e6d8ed6d3c9e1444,女频,5aWz6aKR,d9867749ec31f19fe7bfa4a782791bb108a8c9bc80653d481d3f1110f260cebb,7e618817e78962da9edb6baf8691390d3b3e2706d15eddc3d09d2539816c7296,Loup-garou,TG91cC1nYXJvdQ==,fdadc1efde6f809533133a97b865fa2f94d246aa5133cd89850185e83b2cd995,44,1,1,0.022727272727,0.022727272727,1
changdu-app,"[""RAW_LANGUAGE_SCOPE_V1"",""[\""number\"",\""10\""]"",[""string"",""阿拉伯语""]]",75a6d3266504f7fc84f02ff09cd3efb32d9d4812e8b9de89e6d8ed6d3c9e1444,女频,5aWz6aKR,d9867749ec31f19fe7bfa4a782791bb108a8c9bc80653d481d3f1110f260cebb,9493a43ef28b9c0e63b17aff62cd6e86fd5c2b01c8ce4a3326235d43a2a66427,Autres,QXV0cmVz,eaa2318178c83b85c5aa677eb3ef6be74372b36353b33a3921ba83b2c4624cf1,44,1,1,0.022727272727,0.022727272727,1
changdu-app,"[""RAW_LANGUAGE_SCOPE_V1"",""[\""number\"",\""10\""]"",[""string"",""阿拉伯语""]]",75a6d3266504f7fc84f02ff09cd3efb32d9d4812e8b9de89e6d8ed6d3c9e1444,女频,5aWz6aKR,d9867749ec31f19fe7bfa4a782791bb108a8c9bc80653d481d3f1110f260cebb,9e3e24ba4fec19dadbbdea9febf794490cfcbbf3b3d80363d3a26ff16521de62,Milliardaires,TWlsbGlhcmRhaXJlcw==,7d1e56f3c6ff2e99828a110dd26bc68ec9e682b126308e67a1c843918feeef86,44,3,3,0.068181818182,0.068181818182,1
changdu-app,"[""RAW_LANGUAGE_SCOPE_V1"",""[\""number\"",\""10\""]"",[""string"",""阿拉伯语""]]",75a6d3266504f7fc84f02ff09cd3efb32d9d4812e8b9de89e6d8ed6d3c9e1444,女频,5aWz6aKR,d9867749ec31f19fe7bfa4a782791bb108a8c9bc80653d481d3f1110f260cebb,b8ccfb7b5c452205ca1f0c2b9444e2df59b8332776c430fece3bdabd215972cf,Histoire,SGlzdG9pcmU=,7c574fe25d60550a761cfd7c2e3a1c46b8656913a9f26bb72dac406bf8774229,44,3,3,0.068181818182,0.068181818182,1
changdu-app,"[""RAW_LANGUAGE_SCOPE_V1"",""[\""number\"",\""10\""]"",[""string"",""阿拉伯语""]]",75a6d3266504f7fc84f02ff09cd3efb32d9d4812e8b9de89e6d8ed6d3c9e1444,女频,5aWz6aKR,d9867749ec31f19fe7bfa4a782791bb108a8c9bc80653d481d3f1110f260cebb,b9262dee87525c3c454090110b3429e5e13e6746599d21015079173312391f0b,LGBT+,TEdCVCs=,e82b54800c798ebb021135f88e2cff0e6d3e47e91823700315eaa27295a3de47,44,1,1,0.022727272727,0.022727272727,1
changdu-app,"[""RAW_LANGUAGE_SCOPE_V1"",""[\""number\"",\""10\""]"",[""string"",""阿拉伯语""]]",75a6d3266504f7fc84f02ff09cd3efb32d9d4812e8b9de89e6d8ed6d3c9e1444,女频,5aWz6aKR,d9867749ec31f19fe7bfa4a782791bb108a8c9bc80653d481d3f1110f260cebb,c40a596f73ae3ecf4f42e5f635fdd31cda11e5e8832a6daf2ccbc6468e30b916,Xuanhuan,WHVhbmh1YW4=,2df2c7c65851681ab61711f88eced8e0be05c839de0e597560480aac9257278a,44,1,1,0.022727272727,0.022727272727,1
changdu-app,"[""RAW_LANGUAGE_SCOPE_V1"",""[\""number\"",\""10\""]"",[""string"",""阿拉伯语""]]",75a6d3266504f7fc84f02ff09cd3efb32d9d4812e8b9de89e6d8ed6d3c9e1444,女频,5aWz6aKR,d9867749ec31f19fe7bfa4a782791bb108a8c9bc80653d481d3f1110f260cebb,c7db0384a0ae08abcc7e8c57a169136d3aa3d7b405f2bbd0b17102b6bf181e32,Science-fiction,U2NpZW5jZS1maWN0aW9u,f582c967b32dc65646db699b7fdb8ad3a6a137ae2517bbcd150c61eaf56e0506,44,1,1,0.022727272727,0.022727272727,1
changdu-app,"[""RAW_LANGUAGE_SCOPE_V1"",""[\""number\"",\""10\""]"",[""string"",""阿拉伯语""]]",75a6d3266504f7fc84f02ff09cd3efb32d9d4812e8b9de89e6d8ed6d3c9e1444,女频,5aWz6aKR,d9867749ec31f19fe7bfa4a782791bb108a8c9bc80653d481d3f1110f260cebb,e3784ea74ed2174d2d3a4da726c0dd1ca5b4164798bc9964a131219f5d9c212c,Romance,Um9tYW5jZQ==,3bc3567a7fc6511a85072520dc1bdb95a732c4aee93a6533d53954f39124d7c9,44,8,8,0.181818181818,0.181818181818,1
changdu-app,"[""RAW_LANGUAGE_SCOPE_V1"",""[\""number\"",\""11\""]"",[""string"",""印尼""]]",0ed6632556b73d348951c13ccdf6a1df69c5d05698e3111f1bfcdcfa3663ec74,Cerita pendek,Q2VyaXRhIHBlbmRlaw==,18efbfac03193c2076285c288e96da1c288be41150909a6efaaf178711705c0f,fbd7f44ea7d4bc597ec650a198c384c1728f74f77f1e244d4f3fdc4426d8224c,女频,5aWz6aKR,d9867749ec31f19fe7bfa4a782791bb108a8c9bc80653d481d3f1110f260cebb,15,442,15,0.033936651584,1,0.033936651584
changdu-app,"[""RAW_LANGUAGE_SCOPE_V1"",""[\""number\"",\""11\""]"",[""string"",""印尼""]]",0f3585b59173018157b81a66e3320b6162df9d799e95408fa49132cad8f10c60,xuanhuan,eHVhbmh1YW4=,c8d3285f701a02fc912481fa545c59c21a73174c3e436e00bcb3742813033c31,fbd7f44ea7d4bc597ec650a198c384c1728f74f77f1e244d4f3fdc4426d8224c,女频,5aWz6aKR,d9867749ec31f19fe7bfa4a782791bb108a8c9bc80653d481d3f1110f260cebb,17,442,17,0.038461538462,1,0.038461538462
changdu-app,"[""RAW_LANGUAGE_SCOPE_V1"",""[\""number\"",\""11\""]"",[""string"",""印尼""]]",15f6a3343bca640a9f4d5b4c02fc80fe0ded9f711b9be45fa0e2ed966d69c4d4,Likantrof,TGlrYW50cm9m,53ea986d019c8d5bf06db7e941fffa20003de7c16176816b9c88345eb325d1b5,fbd7f44ea7d4bc597ec650a198c384c1728f74f77f1e244d4f3fdc4426d8224c,女频,5aWz6aKR,d9867749ec31f19fe7bfa4a782791bb108a8c9bc80653d481d3f1110f260cebb,33,442,33,0.074660633484,1,0.074660633484
changdu-app,"[""RAW_LANGUAGE_SCOPE_V1"",""[\""number\"",\""11\""]"",[""string"",""印尼""]]",1af783bd5b293f38acfa6c8d55a1e93f864b3753f4aa92db4454c10192e9264d,Miliarder,TWlsaWFyZGVy,1071a61b3906eda34ba4d75eef78136cf9fb4c622f9d7dd33fdfedc50c60491d,fbd7f44ea7d4bc597ec650a198c384c1728f74f77f1e244d4f3fdc4426d8224c,女频,5aWz6aKR,d9867749ec31f19fe7bfa4a782791bb108a8c9bc80653d481d3f1110f260cebb,60,442,60,0.135746606335,1,0.135746606335
changdu-app,"[""RAW_LANGUAGE_SCOPE_V1"",""[\""number\"",\""11\""]"",[""string"",""印尼""]]",445087aa23fc108b52ce82bce7cfe370f7c5f8b4763a06d18ba7ac425142f599,Adventure,QWR2ZW50dXJl,9a3c16424750cbde029c47e059f219dc64d8943ac4073a1cc5bc9accd979fc17,a8f982953b23af6f4b7403929da036d44ce2f6deb19d701b760932b678e35d49,男频,55S36aKR,e74d73d99251bb2b99c02896258d9fbcd9817488f6538674fda26534b0b450ac,57,109,57,0.522935779817,1,0.522935779817
changdu-app,"[""RAW_LANGUAGE_SCOPE_V1"",""[\""number\"",\""11\""]"",[""string"",""印尼""]]",7279a4dc275610cb56646dce47c635efb1641a93937111829f83c8fbef0159e6,Lainnya,TGFpbm55YQ==,09036af8b72c03e6bae8dbfa830724d2c16d07af68754060d3ac0c76b4710478,a8f982953b23af6f4b7403929da036d44ce2f6deb19d701b760932b678e35d49,男频,55S36aKR,e74d73d99251bb2b99c02896258d9fbcd9817488f6538674fda26534b0b450ac,29,109,7,0.053435114504,0.241379310345,0.064220183486
changdu-app,"[""RAW_LANGUAGE_SCOPE_V1"",""[\""number\"",\""11\""]"",[""string"",""印尼""]]",7279a4dc275610cb56646dce47c635efb1641a93937111829f83c8fbef0159e6,Lainnya,TGFpbm55YQ==,09036af8b72c03e6bae8dbfa830724d2c16d07af68754060d3ac0c76b4710478,fbd7f44ea7d4bc597ec650a198c384c1728f74f77f1e244d4f3fdc4426d8224c,女频,5aWz6aKR,d9867749ec31f19fe7bfa4a782791bb108a8c9bc80653d481d3f1110f260cebb,29,442,22,0.048997772829,0.758620689655,0.049773755656
changdu-app,"[""RAW_LANGUAGE_SCOPE_V1"",""[\""number\"",\""11\""]"",[""string"",""印尼""]]",7bb0ba713a5f82348bcc7386eec554693c96ce1dd655a6dee811d5dcb1fe1bc8,Lebih,TGViaWg=,d2858192ddd62b95edcfce5c3676e8239e9f336d7edca6f36738e6007a55be38,a8f982953b23af6f4b7403929da036d44ce2f6deb19d701b760932b678e35d49,男频,55S36aKR,e74d73d99251bb2b99c02896258d9fbcd9817488f6538674fda26534b0b450ac,6,109,6,0.05504587156,1,0.05504587156
changdu-app,"[""RAW_LANGUAGE_SCOPE_V1"",""[\""number\"",\""11\""]"",[""string"",""印尼""]]",7bbb8b8b7fc60791364a44ff894ee89dd143d994541b1aee6158c803512f5620,Fantasi,RmFudGFzaQ==,af21c404fea75e4b30bb434c15d64d87cf145e56491184a3f50dae19de8c83fe,a8f982953b23af6f4b7403929da036d44ce2f6deb19d701b760932b678e35d49,男频,55S36aKR,e74d73d99251bb2b99c02896258d9fbcd9817488f6538674fda26534b0b450ac,41,109,11,0.079136690647,0.268292682927,0.100917431193
changdu-app,"[""RAW_LANGUAGE_SCOPE_V1"",""[\""number\"",\""11\""]"",[""string"",""印尼""]]",7bbb8b8b7fc60791364a44ff894ee89dd143d994541b1aee6158c803512f5620,Fantasi,RmFudGFzaQ==,af21c404fea75e4b30bb434c15d64d87cf145e56491184a3f50dae19de8c83fe,fbd7f44ea7d4bc597ec650a198c384c1728f74f77f1e244d4f3fdc4426d8224c,女频,5aWz6aKR,d9867749ec31f19fe7bfa4a782791bb108a8c9bc80653d481d3f1110f260cebb,41,442,30,0.066225165563,0.731707317073,0.067873303167
changdu-app,"[""RAW_LANGUAGE_SCOPE_V1"",""[\""number\"",\""11\""]"",[""string"",""印尼""]]",8a66cea81b6734a4627dd03f8355b4da5032e6b41235ab1ee5da382a814ba9eb,LGBT+,TEdCVCs=,e82b54800c798ebb021135f88e2cff0e6d3e47e91823700315eaa27295a3de47,fbd7f44ea7d4bc597ec650a198c384c1728f74f77f1e244d4f3fdc4426d8224c,女频,5aWz6aKR,d9867749ec31f19fe7bfa4a782791bb108a8c9bc80653d481d3f1110f260cebb,4,442,4,0.009049773756,1,0.009049773756
changdu-app,"[""RAW_LANGUAGE_SCOPE_V1"",""[\""number\"",\""11\""]"",[""string"",""印尼""]]",94f971abad0a192dc8567dc74733ba15e352e5a96fbb33f034b275cd9562ddd3,Mafia,TWFmaWE=,35e95dfecfe2f6b88dd601cc1a2dcc2bea763f6d757419fe9a390a80ab025997,fbd7f44ea7d4bc597ec650a198c384c1728f74f77f1e244d4f3fdc4426d8224c,女频,5aWz6aKR,d9867749ec31f19fe7bfa4a782791bb108a8c9bc80653d481d3f1110f260cebb,10,442,10,0.022624434389,1,0.022624434389
changdu-app,"[""RAW_LANGUAGE_SCOPE_V1"",""[\""number\"",\""11\""]"",[""string"",""印尼""]]",9f051634a75bd120280870865af75a23a882b0f2d54b6b30db442b847aae8fbe,Sejarah,U2VqYXJhaA==,2eda975c27e379935d83f49b9b822a9d014be86f7690b07da8fe64327539b0fa,fbd7f44ea7d4bc597ec650a198c384c1728f74f77f1e244d4f3fdc4426d8224c,女频,5aWz6aKR,d9867749ec31f19fe7bfa4a782791bb108a8c9bc80653d481d3f1110f260cebb,3,442,3,0.006787330317,1,0.006787330317
changdu-app,"[""RAW_LANGUAGE_SCOPE_V1"",""[\""number\"",\""11\""]"",[""string"",""印尼""]]",a8f982953b23af6f4b7403929da036d44ce2f6deb19d701b760932b678e35d49,男频,55S36aKR,e74d73d99251bb2b99c02896258d9fbcd9817488f6538674fda26534b0b450ac,bef56bdec0247775ccb6c370083c87b5e0942d563a9a226caadff2cb0e3dde32,Romantis,Um9tYW50aXM=,7ecc51d5e58f5ff1ddbd62d4b775540dfb7225b009ab2fb2f8c9f78ee504064e,109,116,25,0.125,0.229357798165,0.215517241379
changdu-app,"[""RAW_LANGUAGE_SCOPE_V1"",""[\""number\"",\""11\""]"",[""string"",""印尼""]]",a8f982953b23af6f4b7403929da036d44ce2f6deb19d701b760932b678e35d49,男频,55S36aKR,e74d73d99251bb2b99c02896258d9fbcd9817488f6538674fda26534b0b450ac,ee566514bef665cf9ecdc663daa3e0f6e5f6c6e2b9b32d2044cdf94993d28e97,Horor,SG9yb3I=,cae5c2d98a042f07b361e9ff74e08c9a93941676bef846b93f479ce2933427c6,109,19,3,0.024,0.02752293578,0.157894736842
changdu-app,"[""RAW_LANGUAGE_SCOPE_V1"",""[\""number\"",\""11\""]"",[""string"",""印尼""]]",bef56bdec0247775ccb6c370083c87b5e0942d563a9a226caadff2cb0e3dde32,Romantis,Um9tYW50aXM=,7ecc51d5e58f5ff1ddbd62d4b775540dfb7225b009ab2fb2f8c9f78ee504064e,fbd7f44ea7d4bc597ec650a198c384c1728f74f77f1e244d4f3fdc4426d8224c,女频,5aWz6aKR,d9867749ec31f19fe7bfa4a782791bb108a8c9bc80653d481d3f1110f260cebb,116,442,91,0.194860813704,0.784482758621,0.205882352941
changdu-app,"[""RAW_LANGUAGE_SCOPE_V1"",""[\""number\"",\""11\""]"",[""string"",""印尼""]]",c1d9f1c18f0eb4779ecff745d4be9684222be5f35080d5b4a93d0e66988881cd,Modern,TW9kZXJu,eef6c7f6ddd4067eb8afcea1a2104116ed5c09287b11433ed96a2b3c47cbb55c,fbd7f44ea7d4bc597ec650a198c384c1728f74f77f1e244d4f3fdc4426d8224c,女频,5aWz6aKR,d9867749ec31f19fe7bfa4a782791bb108a8c9bc80653d481d3f1110f260cebb,118,442,118,0.266968325792,1,0.266968325792
changdu-app,"[""RAW_LANGUAGE_SCOPE_V1"",""[\""number\"",\""11\""]"",[""string"",""印尼""]]",e9990f81e60d42f8cd301eea50b6759d608856ca54cf40906311e00ae9be86de,Anak muda,QW5hayBtdWRh,ae219bd3511ca719ce228dd9aeb662759abd53a13e1c67defb3f41c47c42c2fe,fbd7f44ea7d4bc597ec650a198c384c1728f74f77f1e244d4f3fdc4426d8224c,女频,5aWz6aKR,d9867749ec31f19fe7bfa4a782791bb108a8c9bc80653d481d3f1110f260cebb,23,442,23,0.052036199095,1,0.052036199095
changdu-app,"[""RAW_LANGUAGE_SCOPE_V1"",""[\""number\"",\""11\""]"",[""string"",""印尼""]]",ee566514bef665cf9ecdc663daa3e0f6e5f6c6e2b9b32d2044cdf94993d28e97,Horor,SG9yb3I=,cae5c2d98a042f07b361e9ff74e08c9a93941676bef846b93f479ce2933427c6,fbd7f44ea7d4bc597ec650a198c384c1728f74f77f1e244d4f3fdc4426d8224c,女频,5aWz6aKR,d9867749ec31f19fe7bfa4a782791bb108a8c9bc80653d481d3f1110f260cebb,19,442,16,0.03595505618,0.842105263158,0.036199095023
changdu-app,"[""RAW_LANGUAGE_SCOPE_V1"",""[\""number\"",\""12\""]"",[""string"",""泰语""]]",331f4577ec472b0238d7977a0edba2e3602c77a8a33c39fb3f366d3b9b96cd87,วัยรุ่น,4Lin4Lix4Lii4Lij4Li44LmI4LiZ,cf6d410e9c2c1c003540aadf207c6e90b42c830ae5ed2d048ecd9eb7190ec8f3,fdb889c1569af522f491a0456d22bb6b349e65708d08374638607840d04b93b5,女频,5aWz6aKR,d9867749ec31f19fe7bfa4a782791bb108a8c9bc80653d481d3f1110f260cebb,17,524,17,0.032442748092,1,0.032442748092
changdu-app,"[""RAW_LANGUAGE_SCOPE_V1"",""[\""number\"",\""12\""]"",[""string"",""泰语""]]",48236e67b9dc3daab8e8e8e4233d608ccb862bf63f16cf93fd36d19b96c8df33,นิยายวาย,4LiZ4Li04Lii4Liy4Lii4Lin4Liy4Lii,3e7da137d4af29860b05f267d89d30b42486c873a6da997e2830813a869da492,fdb889c1569af522f491a0456d22bb6b349e65708d08374638607840d04b93b5,女频,5aWz6aKR,d9867749ec31f19fe7bfa4a782791bb108a8c9bc80653d481d3f1110f260cebb,18,524,18,0.034351145038,1,0.034351145038
changdu-app,"[""RAW_LANGUAGE_SCOPE_V1"",""[\""number\"",\""12\""]"",[""string"",""泰语""]]",4d8816b02aa94fcbff9817de726289ed961903adfa65cf88f2295a80229c1a92,มหาเศรษฐี,4Lih4Lir4Liy4LmA4Lio4Lij4Lip4LiQ4Li1,43b33872d3cd9c219a588a97b3998b2028b016984c97cfc5a762c61963a29ec1,fdb889c1569af522f491a0456d22bb6b349e65708d08374638607840d04b93b5,女频,5aWz6aKR,d9867749ec31f19fe7bfa4a782791bb108a8c9bc80653d481d3f1110f260cebb,79,524,79,0.150763358779,1,0.150763358779
changdu-app,"[""RAW_LANGUAGE_SCOPE_V1"",""[\""number\"",\""12\""]"",[""string"",""泰语""]]",59d2394241e1545ae68e383bce234ed1c5186fdda463d3b2d8dd2e480855d61f,ผจญภัย,4Lic4LiI4LiN4Lig4Lix4Lii,b890131ac9379ba229aa52a0047071cbce3b6c445340e87fdc9e4996c70ebce4,5a755504c1febacb341e4123793087cc87c10163921ed63f62cdf8d355a8f448,男频,55S36aKR,e74d73d99251bb2b99c02896258d9fbcd9817488f6538674fda26534b0b450ac,2,21,2,0.095238095238,1,0.095238095238
changdu-app,"[""RAW_LANGUAGE_SCOPE_V1"",""[\""number\"",\""12\""]"",[""string"",""泰语""]]",5a755504c1febacb341e4123793087cc87c10163921ed63f62cdf8d355a8f448,男频,55S36aKR,e74d73d99251bb2b99c02896258d9fbcd9817488f6538674fda26534b0b450ac,7f03485318ee01ab26657a096ef4db20c01e8881748bf35744f995935c711758,เมืองแฟนตาซี,4LmA4Lih4Li34Lit4LiH4LmB4Lif4LiZ4LiV4Liy4LiL4Li1,02680f9f37a8603a3af456df7b4a8e0d476b7f14a955e05e15b6acd9fa26319d,21,18,5,0.147058823529,0.238095238095,0.277777777778
changdu-app,"[""RAW_LANGUAGE_SCOPE_V1"",""[\""number\"",\""12\""]"",[""string"",""泰语""]]",5a755504c1febacb341e4123793087cc87c10163921ed63f62cdf8d355a8f448,男频,55S36aKR,e74d73d99251bb2b99c02896258d9fbcd9817488f6538674fda26534b0b450ac,a59caa917342b5016c4cdf8f2a97bfe9015385f71b8f53e0ed2d5c2b39106bc6,ตำนาน,4LiV4Liz4LiZ4Liy4LiZ,1371ecab364ef988ad96a9774435dad2a3dd093e80836dd0289cc0ba33abcd5d,21,2,1,0.045454545455,0.047619047619,0.5
changdu-app,"[""RAW_LANGUAGE_SCOPE_V1"",""[\""number\"",\""12\""]"",[""string"",""泰语""]]",5a755504c1febacb341e4123793087cc87c10163921ed63f62cdf8d355a8f448,男频,55S36aKR,e74d73d99251bb2b99c02896258d9fbcd9817488f6538674fda26534b0b450ac,c17be67c9218955dabf00b556e5e501aee63f994e93aaebada579cff8a3213ab,สมัยใหม่,4Liq4Lih4Lix4Lii4LmD4Lir4Lih4LmI,822bd4c2cba445f5aec893b0c86e61e2878673478c5d616c9938884e19014d88,21,78,4,0.042105263158,0.190476190476,0.051282051282
changdu-app,"[""RAW_LANGUAGE_SCOPE_V1"",""[\""number\"",\""12\""]"",[""string"",""泰语""]]",5a755504c1febacb341e4123793087cc87c10163921ed63f62cdf8d355a8f448,男频,55S36aKR,e74d73d99251bb2b99c02896258d9fbcd9817488f6538674fda26534b0b450ac,c6ef825489335318f7455a2ffdb3fad479dafda0e56a118fcf70149aaa2bf08a,โรแมนติก,4LmC4Lij4LmB4Lih4LiZ4LiV4Li04LiB,c884c7e01e48fd7b70f381ce2fc49a2967ec127de65187c81c094b4d3a599564,21,301,9,0.02875399361,0.428571428571,0.029900332226
changdu-app,"[""RAW_LANGUAGE_SCOPE_V1"",""[\""number\"",\""12\""]"",[""string"",""泰语""]]",7f03485318ee01ab26657a096ef4db20c01e8881748bf35744f995935c711758,เมืองแฟนตาซี,4LmA4Lih4Li34Lit4LiH4LmB4Lif4LiZ4LiV4Liy4LiL4Li1,02680f9f37a8603a3af456df7b4a8e0d476b7f14a955e05e15b6acd9fa26319d,fdb889c1569af522f491a0456d22bb6b349e65708d08374638607840d04b93b5,女频,5aWz6aKR,d9867749ec31f19fe7bfa4a782791bb108a8c9bc80653d481d3f1110f260cebb,18,524,13,0.024574669187,0.722222222222,0.024809160305
changdu-app,"[""RAW_LANGUAGE_SCOPE_V1"",""[\""number\"",\""12\""]"",[""string"",""泰语""]]",85b001cae4b4316d77cc84b75c69f4304cc6433c70c24012a0ead7bfdd66c62c,มนุษย์หมาป่า,4Lih4LiZ4Li44Lip4Lii4LmM4Lir4Lih4Liy4Lib4LmI4Liy,9f819fdda2f9ddce23482fe9f46cc060bddbf4357d448eb823659c64b51c21ae,fdb889c1569af522f491a0456d22bb6b349e65708d08374638607840d04b93b5,女频,5aWz6aKR,d9867749ec31f19fe7bfa4a782791bb108a8c9bc80653d481d3f1110f260cebb,11,524,11,0.020992366412,1,0.020992366412
changdu-app,"[""RAW_LANGUAGE_SCOPE_V1"",""[\""number\"",\""12\""]"",[""string"",""泰语""]]",a59caa917342b5016c4cdf8f2a97bfe9015385f71b8f53e0ed2d5c2b39106bc6,ตำนาน,4LiV4Liz4LiZ4Liy4LiZ,1371ecab364ef988ad96a9774435dad2a3dd093e80836dd0289cc0ba33abcd5d,fdb889c1569af522f491a0456d22bb6b349e65708d08374638607840d04b93b5,女频,5aWz6aKR,d9867749ec31f19fe7bfa4a782791bb108a8c9bc80653d481d3f1110f260cebb,2,524,1,0.001904761905,0.5,0.001908396947
changdu-app,"[""RAW_LANGUAGE_SCOPE_V1"",""[\""number\"",\""12\""]"",[""string"",""泰语""]]",c17be67c9218955dabf00b556e5e501aee63f994e93aaebada579cff8a3213ab,สมัยใหม่,4Liq4Lih4Lix4Lii4LmD4Lir4Lih4LmI,822bd4c2cba445f5aec893b0c86e61e2878673478c5d616c9938884e19014d88,fdb889c1569af522f491a0456d22bb6b349e65708d08374638607840d04b93b5,女频,5aWz6aKR,d9867749ec31f19fe7bfa4a782791bb108a8c9bc80653d481d3f1110f260cebb,78,524,74,0.140151515152,0.948717948718,0.141221374046
changdu-app,"[""RAW_LANGUAGE_SCOPE_V1"",""[\""number\"",\""12\""]"",[""string"",""泰语""]]",c69348fc685530584a19a84702a938e822372d849e448d185bacd1495b07985b,ประวัติศาสตร์,4Lib4Lij4Liw4Lin4Lix4LiV4Li04Lio4Liy4Liq4LiV4Lij4LmM,bdb07477469db132630cb8e2856f4fb40e8dfb1e09b7a26a431ff7f2a5e4993d,fdb889c1569af522f491a0456d22bb6b349e65708d08374638607840d04b93b5,女频,5aWz6aKR,d9867749ec31f19fe7bfa4a782791bb108a8c9bc80653d481d3f1110f260cebb,5,524,5,0.009541984733,1,0.009541984733
changdu-app,"[""RAW_LANGUAGE_SCOPE_V1"",""[\""number\"",\""12\""]"",[""string"",""泰语""]]",c6ef825489335318f7455a2ffdb3fad479dafda0e56a118fcf70149aaa2bf08a,โรแมนติก,4LmC4Lij4LmB4Lih4LiZ4LiV4Li04LiB,c884c7e01e48fd7b70f381ce2fc49a2967ec127de65187c81c094b4d3a599564,fdb889c1569af522f491a0456d22bb6b349e65708d08374638607840d04b93b5,女频,5aWz6aKR,d9867749ec31f19fe7bfa4a782791bb108a8c9bc80653d481d3f1110f260cebb,301,524,292,0.547842401501,0.970099667774,0.557251908397
changdu-app,"[""RAW_LANGUAGE_SCOPE_V1"",""[\""number\"",\""12\""]"",[""string"",""泰语""]]",f00a50c580e631c57336a6c85cbb195337d7b8100f3b80d6dd9325b76cef628d,มาเฟีย,4Lih4Liy4LmA4Lif4Li14Lii,0abca2880a5f7101a5fe06362d4488054e6686c46795bab587102d74fb42ec0e,fdb889c1569af522f491a0456d22bb6b349e65708d08374638607840d04b93b5,女频,5aWz6aKR,d9867749ec31f19fe7bfa4a782791bb108a8c9bc80653d481d3f1110f260cebb,4,524,4,0.007633587786,1,0.007633587786
changdu-app,"[""RAW_LANGUAGE_SCOPE_V1"",""[\""number\"",\""12\""]"",[""string"",""泰语""]]",f61c4dbaecf1dc3c75c0555cfcdd3b3cdf02d25f62159ee5e8b397f501321e0c,นิยายสั้น,4LiZ4Li04Lii4Liy4Lii4Liq4Lix4LmJ4LiZ,77126f6eca761b5c80b8873f179529fcd60d5161c89cafcd6388dbd24e54ec27,fdb889c1569af522f491a0456d22bb6b349e65708d08374638607840d04b93b5,女频,5aWz6aKR,d9867749ec31f19fe7bfa4a782791bb108a8c9bc80653d481d3f1110f260cebb,2,524,2,0.003816793893,1,0.003816793893
changdu-app,"[""RAW_LANGUAGE_SCOPE_V1"",""[\""number\"",\""12\""]"",[""string"",""泰语""]]",fdb889c1569af522f491a0456d22bb6b349e65708d08374638607840d04b93b5,女频,5aWz6aKR,d9867749ec31f19fe7bfa4a782791bb108a8c9bc80653d481d3f1110f260cebb,fe1ba2c07c043f951a32084e375fd021ea8b1c28b9e924031176d262f3086a0f,สยองขวัญ,4Liq4Lii4Lit4LiH4LiC4Lin4Lix4LiN,e3dfb99b86e9b49558e0121adf22b3993cbcd3edff68ef320a690456bc718f04,524,8,8,0.015267175573,0.015267175573,1
changdu-app,"[""RAW_LANGUAGE_SCOPE_V1"",""[\""number\"",\""13\""]"",[""string"",""越南语""]]",148cafe7750f5e7b4f9d3045781e570eb2ba5bbd9abfd69c450978722b945758,Romance,Um9tYW5jZQ==,3bc3567a7fc6511a85072520dc1bdb95a732c4aee93a6533d53954f39124d7c9,d1b0d447795d70fefb3dbc64d786a4665f26d926df4e78eac1069a13fbdf009d,女频,5aWz6aKR,d9867749ec31f19fe7bfa4a782791bb108a8c9bc80653d481d3f1110f260cebb,26,304,26,0.085526315789,1,0.085526315789
changdu-app,"[""RAW_LANGUAGE_SCOPE_V1"",""[\""number\"",\""13\""]"",[""string"",""越南语""]]",1bf4dcbe8edbe61dcfe34bb55801a717b3b4d12caf232c6a5d646c1559170768,现言,546w6KiA,a508137500b87ea2fb7f681c9eab08154a371d0fec3fd8f295055de4eee3ed61,d1b0d447795d70fefb3dbc64d786a4665f26d926df4e78eac1069a13fbdf009d,女频,5aWz6aKR,d9867749ec31f19fe7bfa4a782791bb108a8c9bc80653d481d3f1110f260cebb,155,304,155,0.509868421053,1,0.509868421053
changdu-app,"[""RAW_LANGUAGE_SCOPE_V1"",""[\""number\"",\""13\""]"",[""string"",""越南语""]]",4f238a79665df99643913452c6de71564f2a3ed29756e28f77af8ee6d66f5d65,Horror,SG9ycm9y,271a22f75d73e13fa558d991442ecde8d75a34a0b9f6216d44b116f8612c82dc,d1b0d447795d70fefb3dbc64d786a4665f26d926df4e78eac1069a13fbdf009d,女频,5aWz6aKR,d9867749ec31f19fe7bfa4a782791bb108a8c9bc80653d481d3f1110f260cebb,3,304,3,0.009868421053,1,0.009868421053
changdu-app,"[""RAW_LANGUAGE_SCOPE_V1"",""[\""number\"",\""13\""]"",[""string"",""越南语""]]",59131cc15b4596a09b6ad93f928093e1eb099d6ff22bb1593cc6334684af8c37,男频,55S36aKR,e74d73d99251bb2b99c02896258d9fbcd9817488f6538674fda26534b0b450ac,7ffb8fbe97f7c9fdecf176c055c96722423869b38fff3e8fa474e7e38d529a1b,Modern,TW9kZXJu,eef6c7f6ddd4067eb8afcea1a2104116ed5c09287b11433ed96a2b3c47cbb55c,5,98,4,0.040404040404,0.8,0.040816326531
changdu-app,"[""RAW_LANGUAGE_SCOPE_V1"",""[\""number\"",\""13\""]"",[""string"",""越南语""]]",59131cc15b4596a09b6ad93f928093e1eb099d6ff22bb1593cc6334684af8c37,男频,55S36aKR,e74d73d99251bb2b99c02896258d9fbcd9817488f6538674fda26534b0b450ac,ac1bad0482151fd2bdff8d267965037c3baf63c50be8c8b817daaee58f897ab4,Xuanhuan,WHVhbmh1YW4=,2df2c7c65851681ab61711f88eced8e0be05c839de0e597560480aac9257278a,5,4,1,0.125,0.2,0.25
changdu-app,"[""RAW_LANGUAGE_SCOPE_V1"",""[\""number\"",\""13\""]"",[""string"",""越南语""]]",768d63dc4bc2afc5472bf2a34619589948e7d8160336d3df208bfe46c0131f41,Fantasy,RmFudGFzeQ==,542855513e4f74d08a92352680c339d82e2ae347fb021a7128c7f4146c40d295,d1b0d447795d70fefb3dbc64d786a4665f26d926df4e78eac1069a13fbdf009d,女频,5aWz6aKR,d9867749ec31f19fe7bfa4a782791bb108a8c9bc80653d481d3f1110f260cebb,2,304,2,0.006578947368,1,0.006578947368
changdu-app,"[""RAW_LANGUAGE_SCOPE_V1"",""[\""number\"",\""13\""]"",[""string"",""越南语""]]",7ffb8fbe97f7c9fdecf176c055c96722423869b38fff3e8fa474e7e38d529a1b,Modern,TW9kZXJu,eef6c7f6ddd4067eb8afcea1a2104116ed5c09287b11433ed96a2b3c47cbb55c,d1b0d447795d70fefb3dbc64d786a4665f26d926df4e78eac1069a13fbdf009d,女频,5aWz6aKR,d9867749ec31f19fe7bfa4a782791bb108a8c9bc80653d481d3f1110f260cebb,98,304,94,0.305194805195,0.959183673469,0.309210526316
changdu-app,"[""RAW_LANGUAGE_SCOPE_V1"",""[\""number\"",\""13\""]"",[""string"",""越南语""]]",84209e6bbd49b1addccb89539647512e67ff1c61434ad9874130bf60fcfa5a62,Werewolf,V2VyZXdvbGY=,a2a5639765ce5eeb57d4f26e990f98d8bc802ce843882d5c6ee530abf45c39ef,d1b0d447795d70fefb3dbc64d786a4665f26d926df4e78eac1069a13fbdf009d,女频,5aWz6aKR,d9867749ec31f19fe7bfa4a782791bb108a8c9bc80653d481d3f1110f260cebb,3,304,3,0.009868421053,1,0.009868421053
changdu-app,"[""RAW_LANGUAGE_SCOPE_V1"",""[\""number\"",\""13\""]"",[""string"",""越南语""]]",9127a0eca5f2577d4b7b2eb5c24065227d5f066b8f5127a929c8ff878c0d442e,Billionaires,QmlsbGlvbmFpcmVz,ccf56236de194492990a0755a5139bc1cd991c8c3fea00ac5030cb93411268ff,d1b0d447795d70fefb3dbc64d786a4665f26d926df4e78eac1069a13fbdf009d,女频,5aWz6aKR,d9867749ec31f19fe7bfa4a782791bb108a8c9bc80653d481d3f1110f260cebb,5,304,5,0.016447368421,1,0.016447368421
changdu-app,"[""RAW_LANGUAGE_SCOPE_V1"",""[\""number\"",\""13\""]"",[""string"",""越南语""]]",ac1bad0482151fd2bdff8d267965037c3baf63c50be8c8b817daaee58f897ab4,Xuanhuan,WHVhbmh1YW4=,2df2c7c65851681ab61711f88eced8e0be05c839de0e597560480aac9257278a,d1b0d447795d70fefb3dbc64d786a4665f26d926df4e78eac1069a13fbdf009d,女频,5aWz6aKR,d9867749ec31f19fe7bfa4a782791bb108a8c9bc80653d481d3f1110f260cebb,4,304,3,0.009836065574,0.75,0.009868421053
changdu-app,"[""RAW_LANGUAGE_SCOPE_V1"",""[\""number\"",\""13\""]"",[""string"",""越南语""]]",c764e618afb161cf902ab924f10f0e8829d9dd602152be34e32af3519f3ac4c3,Mafia,TWFmaWE=,35e95dfecfe2f6b88dd601cc1a2dcc2bea763f6d757419fe9a390a80ab025997,d1b0d447795d70fefb3dbc64d786a4665f26d926df4e78eac1069a13fbdf009d,女频,5aWz6aKR,d9867749ec31f19fe7bfa4a782791bb108a8c9bc80653d481d3f1110f260cebb,2,304,2,0.006578947368,1,0.006578947368
changdu-app,"[""RAW_LANGUAGE_SCOPE_V1"",""[\""number\"",\""13\""]"",[""string"",""越南语""]]",c793f18fe3b146853896b0974699699c5943f76c4798ced1b2999140c7106ef2,History,SGlzdG9yeQ==,0e769600933790607b2a13b33ddfade0fa17810eb62c3b28ee23e59516516491,d1b0d447795d70fefb3dbc64d786a4665f26d926df4e78eac1069a13fbdf009d,女频,5aWz6aKR,d9867749ec31f19fe7bfa4a782791bb108a8c9bc80653d481d3f1110f260cebb,7,304,7,0.023026315789,1,0.023026315789
changdu-app,"[""RAW_LANGUAGE_SCOPE_V1"",""[\""number\"",\""13\""]"",[""string"",""越南语""]]",d1b0d447795d70fefb3dbc64d786a4665f26d926df4e78eac1069a13fbdf009d,女频,5aWz6aKR,d9867749ec31f19fe7bfa4a782791bb108a8c9bc80653d481d3f1110f260cebb,dd75fda1d9a363941d043124b92bf503fcda00d042801cb6883c589880f6f9b5,young adult,eW91bmcgYWR1bHQ=,121e88b50170f461a41818c6a55d51d6b0513fc925bea7625a6ce689951d3aea,304,2,2,0.006578947368,0.006578947368,1
changdu-app,"[""RAW_LANGUAGE_SCOPE_V1"",""[\""number\"",\""13\""]"",[""string"",""越南语""]]",d1b0d447795d70fefb3dbc64d786a4665f26d926df4e78eac1069a13fbdf009d,女频,5aWz6aKR,d9867749ec31f19fe7bfa4a782791bb108a8c9bc80653d481d3f1110f260cebb,f2bf7dd6b21b797c27bc88186936bc39857dbe18138f8d4b2690f3e14f920d0b,古言,5Y+k6KiA,eb5d6c5c4a8e0b993e8b02786a566e5141fd247df39d566b9632a832b2369fb8,304,2,2,0.006578947368,0.006578947368,1
changdu-app,"[""RAW_LANGUAGE_SCOPE_V1"",""[\""number\"",\""14\""]"",[""string"",""韩语""]]",090bf072e577b7f12df9d8deaeb3444603d392b2ee87ed241ed800b528007290,LGBT+,TEdCVCs=,e82b54800c798ebb021135f88e2cff0e6d3e47e91823700315eaa27295a3de47,b28b733a806e4f59f7b2adda8240a5d8583bc27ec412600436f1b37af9c162f0,女频,5aWz6aKR,d9867749ec31f19fe7bfa4a782791bb108a8c9bc80653d481d3f1110f260cebb,1,269,1,0.003717472119,1,0.003717472119
changdu-app,"[""RAW_LANGUAGE_SCOPE_V1"",""[\""number\"",\""14\""]"",[""string"",""韩语""]]",3ae1131de25fcaf4cb75c4e10cd17b9d56dca18a862511c0a12954cbc708027e,로맨스,66Gc66eo7Iqk,42863a5fac8bae1259be58314508de779d83c7d4cd942137f4f31dac1b2f69b2,b28b733a806e4f59f7b2adda8240a5d8583bc27ec412600436f1b37af9c162f0,女频,5aWz6aKR,d9867749ec31f19fe7bfa4a782791bb108a8c9bc80653d481d3f1110f260cebb,84,269,84,0.312267657993,1,0.312267657993
changdu-app,"[""RAW_LANGUAGE_SCOPE_V1"",""[\""number\"",\""14\""]"",[""string"",""韩语""]]",3cf0e5200eb53d36a73b512e7db7d4b4d2dea3b5498552f05d59c843b553d87c,재벌,7J6s67KM,43bafa88360722472faf8e137ffe1f212f859b9fb61eeb597ad78453a6199d34,b28b733a806e4f59f7b2adda8240a5d8583bc27ec412600436f1b37af9c162f0,女频,5aWz6aKR,d9867749ec31f19fe7bfa4a782791bb108a8c9bc80653d481d3f1110f260cebb,20,269,20,0.074349442379,1,0.074349442379
changdu-app,"[""RAW_LANGUAGE_SCOPE_V1"",""[\""number\"",\""14\""]"",[""string"",""韩语""]]",3f9cd2691065567f2ed4711b7d857e6cc6eb5146395d7e13c5ef7b78d168984e,단편 소설,64uo7Y64IOyGjOyEpA==,ae98ce83f166a5d349b75ebd7392d10d1dfe450c34177bd85f906f8f9428fc4a,b28b733a806e4f59f7b2adda8240a5d8583bc27ec412600436f1b37af9c162f0,女频,5aWz6aKR,d9867749ec31f19fe7bfa4a782791bb108a8c9bc80653d481d3f1110f260cebb,1,269,1,0.003717472119,1,0.003717472119
changdu-app,"[""RAW_LANGUAGE_SCOPE_V1"",""[\""number\"",\""14\""]"",[""string"",""韩语""]]",470cf26f6f9ab4c7566cbf07ecdc556bff079b52c070d4a1917f97322551e83d,男频,55S36aKR,e74d73d99251bb2b99c02896258d9fbcd9817488f6538674fda26534b0b450ac,a3a85f59616d99a784c9020889181534567116a87be15d624f11d6f9a78b25b3,현대,7ZiE64yA,e86946df1aed0f8fc3a4f8c652fa7c7b94e8fc3fc3ce8cc35c42bcf3e1b13dad,2,108,1,0.009174311927,0.5,0.009259259259
changdu-app,"[""RAW_LANGUAGE_SCOPE_V1"",""[\""number\"",\""14\""]"",[""string"",""韩语""]]",470cf26f6f9ab4c7566cbf07ecdc556bff079b52c070d4a1917f97322551e83d,男频,55S36aKR,e74d73d99251bb2b99c02896258d9fbcd9817488f6538674fda26534b0b450ac,d122273518e9b945682d096dd7b105c26d5898f6558baac107d828e68e7f36f2,모험,66qo7ZeY,0c049d153295cdda041fdf3d2b01c57b21b6f01f8adaf3019d18907c41e0ef49,2,1,1,0.5,0.5,1
changdu-app,"[""RAW_LANGUAGE_SCOPE_V1"",""[\""number\"",\""14\""]"",[""string"",""韩语""]]",660642851592cc41d85e478165697a95beb3f064cf6b8fa046f35c2688240a61,늑대 인간,64qR64yAIOyduOqwhA==,ddc0b5d892c628a593e591e6b007ac6ee06e1ed5c06d7b2840211a6799028af9,b28b733a806e4f59f7b2adda8240a5d8583bc27ec412600436f1b37af9c162f0,女频,5aWz6aKR,d9867749ec31f19fe7bfa4a782791bb108a8c9bc80653d481d3f1110f260cebb,29,269,29,0.10780669145,1,0.10780669145
changdu-app,"[""RAW_LANGUAGE_SCOPE_V1"",""[\""number\"",\""14\""]"",[""string"",""韩语""]]",789bb3cd09f21e0b9b4958897da7f88557590adb73c4020d59720af5f50c98f9,환상,7ZmY7IOB,b95273d9dfd66a9ec452c0c994e0cae5fb22d864a107426d0de1919d03fcec48,b28b733a806e4f59f7b2adda8240a5d8583bc27ec412600436f1b37af9c162f0,女频,5aWz6aKR,d9867749ec31f19fe7bfa4a782791bb108a8c9bc80653d481d3f1110f260cebb,4,269,4,0.014869888476,1,0.014869888476
changdu-app,"[""RAW_LANGUAGE_SCOPE_V1"",""[\""number\"",\""14\""]"",[""string"",""韩语""]]",9cd8d332c26fd8e624155be0fff3416e75c9f27c1293bba3c03e8fac6820b760,판타지,7YyQ7YOA7KeA,0bef9d1c5113f4a1fb821b210641ba9307043b81b8b505a1db9bae1886b6bac1,b28b733a806e4f59f7b2adda8240a5d8583bc27ec412600436f1b37af9c162f0,女频,5aWz6aKR,d9867749ec31f19fe7bfa4a782791bb108a8c9bc80653d481d3f1110f260cebb,10,269,10,0.03717472119,1,0.03717472119
changdu-app,"[""RAW_LANGUAGE_SCOPE_V1"",""[\""number\"",\""14\""]"",[""string"",""韩语""]]",a3a85f59616d99a784c9020889181534567116a87be15d624f11d6f9a78b25b3,현대,7ZiE64yA,e86946df1aed0f8fc3a4f8c652fa7c7b94e8fc3fc3ce8cc35c42bcf3e1b13dad,b28b733a806e4f59f7b2adda8240a5d8583bc27ec412600436f1b37af9c162f0,女频,5aWz6aKR,d9867749ec31f19fe7bfa4a782791bb108a8c9bc80653d481d3f1110f260cebb,108,269,107,0.396296296296,0.990740740741,0.397769516729
changdu-app,"[""RAW_LANGUAGE_SCOPE_V1"",""[\""number\"",\""14\""]"",[""string"",""韩语""]]",b28b733a806e4f59f7b2adda8240a5d8583bc27ec412600436f1b37af9c162f0,女频,5aWz6aKR,d9867749ec31f19fe7bfa4a782791bb108a8c9bc80653d481d3f1110f260cebb,c637bdd573feedbffff714e3f42b6d3997363320b890cb2540fc664963aadfee,공포,6rO17Y+s,6c82c24828d233714fc1594755987cd26d47abf36fcac589a69693e7cc70adfd,269,2,2,0.007434944238,0.007434944238,1
changdu-app,"[""RAW_LANGUAGE_SCOPE_V1"",""[\""number\"",\""14\""]"",[""string"",""韩语""]]",b28b733a806e4f59f7b2adda8240a5d8583bc27ec412600436f1b37af9c162f0,女频,5aWz6aKR,d9867749ec31f19fe7bfa4a782791bb108a8c9bc80653d481d3f1110f260cebb,f393b18cfc35cef6fd690030fc43a5402f8732b537286a01fbad4a428b9aaaca,역사,7Jet7IKs,4f5275b217d6318a84049173adfd7508bfd66de2748a80cb21812ea349d20adb,269,7,7,0.026022304833,0.026022304833,1
changdu-app,"[""RAW_LANGUAGE_SCOPE_V1"",""[\""number\"",\""14\""]"",[""string"",""韩语""]]",b28b733a806e4f59f7b2adda8240a5d8583bc27ec412600436f1b37af9c162f0,女频,5aWz6aKR,d9867749ec31f19fe7bfa4a782791bb108a8c9bc80653d481d3f1110f260cebb,f5e53dcdc7acb50d3f0ae53d7b04db8e4e84739ae289b57aadb5222565ec88e3,마피아,66eI7ZS87JWE,6ad8462e02e0bb08f0c2491d0846b456ffc7c270ffe3f6fa97d88962a8a31f08,269,4,4,0.014869888476,0.014869888476,1
changdu-app,"[""RAW_LANGUAGE_SCOPE_V1"",""[\""number\"",\""15\""]"",[""string"",""菲律宾语""]]",172a356f6e7e09982f014ff83d6ca7ce00bd32ac16e4e022f8920cad7e0207f1,Kasaysayan,S2FzYXlzYXlhbg==,4b89afa4ce21ad5a2121ce78ab6b28b6d283f4cce72eb01cf4f6da6829045206,c85ed18761c1479e9ce0ed4b792657f63ac2410b0375e2d3234b1064e99ba22a,女频,5aWz6aKR,d9867749ec31f19fe7bfa4a782791bb108a8c9bc80653d481d3f1110f260cebb,4,145,4,0.027586206897,1,0.027586206897
changdu-app,"[""RAW_LANGUAGE_SCOPE_V1"",""[\""number\"",\""15\""]"",[""string"",""菲律宾语""]]",2c71e5466ee4b029d4478b5117dd037a4f9be825118f980214ab3eb9ebb4d436,Pantasya,UGFudGFzeWE=,66b9bc0bab6ba793d4a2212299fc3404c24f4d5ce0e08c28cb39464b3623dbc9,4c0b5ae77bef1cf45bfba46f0e2aeb44bae5494e15ea6ed20a41b740a05b56c0,男频,55S36aKR,e74d73d99251bb2b99c02896258d9fbcd9817488f6538674fda26534b0b450ac,5,7,1,0.090909090909,0.2,0.142857142857
changdu-app,"[""RAW_LANGUAGE_SCOPE_V1"",""[\""number\"",\""15\""]"",[""string"",""菲律宾语""]]",2c71e5466ee4b029d4478b5117dd037a4f9be825118f980214ab3eb9ebb4d436,Pantasya,UGFudGFzeWE=,66b9bc0bab6ba793d4a2212299fc3404c24f4d5ce0e08c28cb39464b3623dbc9,c85ed18761c1479e9ce0ed4b792657f63ac2410b0375e2d3234b1064e99ba22a,女频,5aWz6aKR,d9867749ec31f19fe7bfa4a782791bb108a8c9bc80653d481d3f1110f260cebb,5,145,4,0.027397260274,0.8,0.027586206897
changdu-app,"[""RAW_LANGUAGE_SCOPE_V1"",""[\""number\"",\""15\""]"",[""string"",""菲律宾语""]]",431e0dea46725f221474d5d70d15072fc03f8c86a88d65e3ec288ddd2ee1a37c,Pakikipagsapalaran,UGFraWtpcGFnc2FwYWxhcmFu,eab23911d26b5daa779c2802c952a6a69a01338daf903fc67211df04206caff1,4c0b5ae77bef1cf45bfba46f0e2aeb44bae5494e15ea6ed20a41b740a05b56c0,男频,55S36aKR,e74d73d99251bb2b99c02896258d9fbcd9817488f6538674fda26534b0b450ac,4,7,4,0.571428571429,1,0.571428571429
changdu-app,"[""RAW_LANGUAGE_SCOPE_V1"",""[\""number\"",\""15\""]"",[""string"",""菲律宾语""]]",44ee047e0986a3d1d0fd1abe604013f478e607b71cd389a0b4455a216eb0dae9,Werewolf,V2VyZXdvbGY=,a2a5639765ce5eeb57d4f26e990f98d8bc802ce843882d5c6ee530abf45c39ef,c85ed18761c1479e9ce0ed4b792657f63ac2410b0375e2d3234b1064e99ba22a,女频,5aWz6aKR,d9867749ec31f19fe7bfa4a782791bb108a8c9bc80653d481d3f1110f260cebb,2,145,2,0.013793103448,1,0.013793103448
changdu-app,"[""RAW_LANGUAGE_SCOPE_V1"",""[\""number\"",\""15\""]"",[""string"",""菲律宾语""]]",4c0b5ae77bef1cf45bfba46f0e2aeb44bae5494e15ea6ed20a41b740a05b56c0,男频,55S36aKR,e74d73d99251bb2b99c02896258d9fbcd9817488f6538674fda26534b0b450ac,814a6a021cae6d8a6b43d866dfcbac0e7e1e7c24fe044ccf350080f2e5391bff,Makabago,TWFrYWJhZ28=,f199b82e4fbfcb6fe3a0729b709a8ff4758744e7bdc2d3925d04230c85239c96,7,42,1,0.020833333333,0.142857142857,0.02380952381
changdu-app,"[""RAW_LANGUAGE_SCOPE_V1"",""[\""number\"",\""15\""]"",[""string"",""菲律宾语""]]",4c0b5ae77bef1cf45bfba46f0e2aeb44bae5494e15ea6ed20a41b740a05b56c0,男频,55S36aKR,e74d73d99251bb2b99c02896258d9fbcd9817488f6538674fda26534b0b450ac,e700a1d6a665bb1ea143f7b999fa651672d79b405908b6c8ec0bf24434672464,Pag-ibig,UGFnLWliaWc=,9dfd3dd97c9265d963ec308100fa1665aa36f9ebb6ed40be9195e82ae65c12a0,7,74,1,0.0125,0.142857142857,0.013513513514
changdu-app,"[""RAW_LANGUAGE_SCOPE_V1"",""[\""number\"",\""15\""]"",[""string"",""菲律宾语""]]",814a6a021cae6d8a6b43d866dfcbac0e7e1e7c24fe044ccf350080f2e5391bff,Makabago,TWFrYWJhZ28=,f199b82e4fbfcb6fe3a0729b709a8ff4758744e7bdc2d3925d04230c85239c96,c85ed18761c1479e9ce0ed4b792657f63ac2410b0375e2d3234b1064e99ba22a,女频,5aWz6aKR,d9867749ec31f19fe7bfa4a782791bb108a8c9bc80653d481d3f1110f260cebb,42,145,41,0.280821917808,0.97619047619,0.28275862069
changdu-app,"[""RAW_LANGUAGE_SCOPE_V1"",""[\""number\"",\""15\""]"",[""string"",""菲律宾语""]]",a501cb3c147bfad716ca7aeb3b57c34f99e9a0e0eb5b9e2b204389e405b0c111,Bahaghari,QmFoYWdoYXJp,4ffd7987495586a99c2f8fa377656e470cc44b4a11dbcda72d82cf72041f08f0,c85ed18761c1479e9ce0ed4b792657f63ac2410b0375e2d3234b1064e99ba22a,女频,5aWz6aKR,d9867749ec31f19fe7bfa4a782791bb108a8c9bc80653d481d3f1110f260cebb,2,145,2,0.013793103448,1,0.013793103448
changdu-app,"[""RAW_LANGUAGE_SCOPE_V1"",""[\""number\"",\""15\""]"",[""string"",""菲律宾语""]]",bb46045443810312e65abd03b30d4342deacdeeef4cd5eb68ec64d598c732180,Mafia,TWFmaWE=,35e95dfecfe2f6b88dd601cc1a2dcc2bea763f6d757419fe9a390a80ab025997,c85ed18761c1479e9ce0ed4b792657f63ac2410b0375e2d3234b1064e99ba22a,女频,5aWz6aKR,d9867749ec31f19fe7bfa4a782791bb108a8c9bc80653d481d3f1110f260cebb,1,145,1,0.006896551724,1,0.006896551724
changdu-app,"[""RAW_LANGUAGE_SCOPE_V1"",""[\""number\"",\""15\""]"",[""string"",""菲律宾语""]]",c85ed18761c1479e9ce0ed4b792657f63ac2410b0375e2d3234b1064e99ba22a,女频,5aWz6aKR,d9867749ec31f19fe7bfa4a782791bb108a8c9bc80653d481d3f1110f260cebb,d1eba41f794a810c660588cc49a599ddc21eec3fc83e24fb2644aa379025b00b,Young Adult,WW91bmcgQWR1bHQ=,8adc01b58aab3725c9d51afdab68e091b6705d5026c2bbf36f784ceed214e092,145,4,4,0.027586206897,0.027586206897,1
changdu-app,"[""RAW_LANGUAGE_SCOPE_V1"",""[\""number\"",\""15\""]"",[""string"",""菲律宾语""]]",c85ed18761c1479e9ce0ed4b792657f63ac2410b0375e2d3234b1064e99ba22a,女频,5aWz6aKR,d9867749ec31f19fe7bfa4a782791bb108a8c9bc80653d481d3f1110f260cebb,df086ce075ac44b3d1c9afaaa9e6f3403789ebbe4463d8b35465073245e54e24,Katakutan,S2F0YWt1dGFu,4779f205330c073cb376a03e72947e984b79dcbbfed6352584ce7eb2589387d0,145,3,3,0.020689655172,0.020689655172,1
changdu-app,"[""RAW_LANGUAGE_SCOPE_V1"",""[\""number\"",\""15\""]"",[""string"",""菲律宾语""]]",c85ed18761c1479e9ce0ed4b792657f63ac2410b0375e2d3234b1064e99ba22a,女频,5aWz6aKR,d9867749ec31f19fe7bfa4a782791bb108a8c9bc80653d481d3f1110f260cebb,e3b9ab494a1126ec8d4d4244ea7977d564dc79c7cda551891029bad0b7c20c2a,Bilyonaryo,QmlseW9uYXJ5bw==,66c227b873dba6fb7541c2c4f5d48ffff80eec247962c2b7a7240691524cd1bd,145,11,11,0.075862068966,0.075862068966,1
changdu-app,"[""RAW_LANGUAGE_SCOPE_V1"",""[\""number\"",\""15\""]"",[""string"",""菲律宾语""]]",c85ed18761c1479e9ce0ed4b792657f63ac2410b0375e2d3234b1064e99ba22a,女频,5aWz6aKR,d9867749ec31f19fe7bfa4a782791bb108a8c9bc80653d481d3f1110f260cebb,e700a1d6a665bb1ea143f7b999fa651672d79b405908b6c8ec0bf24434672464,Pag-ibig,UGFnLWliaWc=,9dfd3dd97c9265d963ec308100fa1665aa36f9ebb6ed40be9195e82ae65c12a0,145,74,73,0.5,0.503448275862,0.986486486486
changdu-app,"[""RAW_LANGUAGE_SCOPE_V1"",""[\""number\"",\""16\""]"",[""string"",""德语""]]",089d068d26f8012f0aa6aeb28c93c57187491e0983c17b531d48b5f928c7795f,Jugend,SnVnZW5k,ec168c55ad764b60cb98f7a2ac5b6d8a34a01b53565e34177081a834ad2bec1d,bf222e9199ef8bf94538a2f1f840f8b40aee14c68cb82d50ba7fc9032867b829,女频,5aWz6aKR,d9867749ec31f19fe7bfa4a782791bb108a8c9bc80653d481d3f1110f260cebb,2,167,2,0.011976047904,1,0.011976047904
changdu-app,"[""RAW_LANGUAGE_SCOPE_V1"",""[\""number\"",\""16\""]"",[""string"",""德语""]]",2507c35e8d7b3a7b66c6f2410eca3d57fd4910c273130c5332f6807b163ed1d5,Horror,SG9ycm9y,271a22f75d73e13fa558d991442ecde8d75a34a0b9f6216d44b116f8612c82dc,bf222e9199ef8bf94538a2f1f840f8b40aee14c68cb82d50ba7fc9032867b829,女频,5aWz6aKR,d9867749ec31f19fe7bfa4a782791bb108a8c9bc80653d481d3f1110f260cebb,1,167,1,0.005988023952,1,0.005988023952
changdu-app,"[""RAW_LANGUAGE_SCOPE_V1"",""[\""number\"",\""16\""]"",[""string"",""德语""]]",3d76c987a6642c94058403a5cfe2d62119bfa445ab6b776bb600b4c68c764ab5,Abenteuer,QWJlbnRldWVy,0a0a57f3637eda640a92c94b41888d053e54299402235834b07d0bfae015fe25,408b07ece14759ed92e24289f7d711c0e6ce55d702a6fdd45b8bdd5ffa601152,男频,55S36aKR,e74d73d99251bb2b99c02896258d9fbcd9817488f6538674fda26534b0b450ac,1,4,1,0.25,1,0.25
changdu-app,"[""RAW_LANGUAGE_SCOPE_V1"",""[\""number\"",\""16\""]"",[""string"",""德语""]]",408b07ece14759ed92e24289f7d711c0e6ce55d702a6fdd45b8bdd5ffa601152,男频,55S36aKR,e74d73d99251bb2b99c02896258d9fbcd9817488f6538674fda26534b0b450ac,e93d6b2a00c66a9f4f193e1c98fec133caf2815ed8e6120911b3d2c5860b8507,Modern,TW9kZXJu,eef6c7f6ddd4067eb8afcea1a2104116ed5c09287b11433ed96a2b3c47cbb55c,4,76,3,0.038961038961,0.75,0.039473684211
changdu-app,"[""RAW_LANGUAGE_SCOPE_V1"",""[\""number\"",\""16\""]"",[""string"",""德语""]]",532c3bc7c08d8e99b676b3a4a43f67f8b25d4bea96026b2735bdabcfdad79425,Werwolf,V2Vyd29sZg==,2ee9c9165058d52e94d9a31004d36a3df488cb0bbf8451ed58bed9c6c354a873,bf222e9199ef8bf94538a2f1f840f8b40aee14c68cb82d50ba7fc9032867b829,女频,5aWz6aKR,d9867749ec31f19fe7bfa4a782791bb108a8c9bc80653d481d3f1110f260cebb,26,167,26,0.155688622754,1,0.155688622754
changdu-app,"[""RAW_LANGUAGE_SCOPE_V1"",""[\""number\"",\""16\""]"",[""string"",""德语""]]",9e8be4e3bdb31e4b32d4ba523413066ead19263059ef4a537c739124c2c2436b,Milliardäre,TWlsbGlhcmTDpHJl,8c57c36ada1a7407fb4ddf4eb60f442590b1c246a08d70ad4fb837fa7af4c345,bf222e9199ef8bf94538a2f1f840f8b40aee14c68cb82d50ba7fc9032867b829,女频,5aWz6aKR,d9867749ec31f19fe7bfa4a782791bb108a8c9bc80653d481d3f1110f260cebb,12,167,12,0.071856287425,1,0.071856287425
changdu-app,"[""RAW_LANGUAGE_SCOPE_V1"",""[\""number\"",\""16\""]"",[""string"",""德语""]]",be5d1e08f2a00eede82b4d9c725fe34b273948e821c944229774a4c156d03410,Mafia,TWFmaWE=,35e95dfecfe2f6b88dd601cc1a2dcc2bea763f6d757419fe9a390a80ab025997,bf222e9199ef8bf94538a2f1f840f8b40aee14c68cb82d50ba7fc9032867b829,女频,5aWz6aKR,d9867749ec31f19fe7bfa4a782791bb108a8c9bc80653d481d3f1110f260cebb,6,167,6,0.035928143713,1,0.035928143713
changdu-app,"[""RAW_LANGUAGE_SCOPE_V1"",""[\""number\"",\""16\""]"",[""string"",""德语""]]",bf222e9199ef8bf94538a2f1f840f8b40aee14c68cb82d50ba7fc9032867b829,女频,5aWz6aKR,d9867749ec31f19fe7bfa4a782791bb108a8c9bc80653d481d3f1110f260cebb,e93d6b2a00c66a9f4f193e1c98fec133caf2815ed8e6120911b3d2c5860b8507,Modern,TW9kZXJu,eef6c7f6ddd4067eb8afcea1a2104116ed5c09287b11433ed96a2b3c47cbb55c,167,76,73,0.429411764706,0.437125748503,0.960526315789
changdu-app,"[""RAW_LANGUAGE_SCOPE_V1"",""[\""number\"",\""16\""]"",[""string"",""德语""]]",bf222e9199ef8bf94538a2f1f840f8b40aee14c68cb82d50ba7fc9032867b829,女频,5aWz6aKR,d9867749ec31f19fe7bfa4a782791bb108a8c9bc80653d481d3f1110f260cebb,ee776106a3693c3767d7915911b35059c3d581cdca4d9f6d5e7d96a1f19f727c,Romantik,Um9tYW50aWs=,711e368691a24fdb3b43abdd4eb19c4a1ca16f0c1fb32bb4a146ed659a6a21c5,167,46,46,0.275449101796,0.275449101796,1
changdu-app,"[""RAW_LANGUAGE_SCOPE_V1"",""[\""number\"",\""16\""]"",[""string"",""德语""]]",bf222e9199ef8bf94538a2f1f840f8b40aee14c68cb82d50ba7fc9032867b829,女频,5aWz6aKR,d9867749ec31f19fe7bfa4a782791bb108a8c9bc80653d481d3f1110f260cebb,f56bbcba38ccdddb1f2264cd6e5e9ce3eaf84e6fcf69d0dcd401df8c61000b68,Fantasie,RmFudGFzaWU=,9b697472037e1d2e7fd49f814c6630ba873b083f9f8086e3b6d55b450888cb0f,167,1,1,0.005988023952,0.005988023952,1
changdu-app,"[""RAW_LANGUAGE_SCOPE_V1"",""[\""number\"",\""19\""]"",[""null""]]",01013e939dfe419d3ebb1a17683e71a1bd8182e5c5267fb8e88b5d0f63b40273,玄幻,546E5bm7,37187930736daea8e12ace127b5cf24a21e2e565dd2805242ef5b3f6b23d07c8,d62697484a7e89c37526850144728091579774ea7bcd6da38c5c1ef712e0006c,男频,55S36aKR,e74d73d99251bb2b99c02896258d9fbcd9817488f6538674fda26534b0b450ac,4,498,4,0.008032128514,1,0.008032128514
changdu-app,"[""RAW_LANGUAGE_SCOPE_V1"",""[\""number\"",\""19\""]"",[""null""]]",02be6ec4e0b6bc53365972130c2cb299a4d5b8aeef36694d9ddf3169fd032378,悬疑,5oKs55aR,caeec43f50a5e879ccb72bc6cd89841c75bae5d6b92710b3fbac1bf8d3ab1726,d62697484a7e89c37526850144728091579774ea7bcd6da38c5c1ef712e0006c,男频,55S36aKR,e74d73d99251bb2b99c02896258d9fbcd9817488f6538674fda26534b0b450ac,1,498,1,0.002008032129,1,0.002008032129
changdu-app,"[""RAW_LANGUAGE_SCOPE_V1"",""[\""number\"",\""19\""]"",[""null""]]",0b060dad832e4ee3d27a0d2d4572e86f19fb4d26cf81b0d3526d7c3c49b260d8,总裁豪门,5oC76KOB6LGq6Zeo,569cdb3ff7efe644572b65f8d129b1e44c6eb7d9732db8bdb6b123c83bb94a05,f37d82f13d8a8dabb8a9bb40e1f76bb9ae078cd6e29d7793fb9a8561671a6ca9,女频,5aWz6aKR,d9867749ec31f19fe7bfa4a782791bb108a8c9bc80653d481d3f1110f260cebb,5,657,5,0.007610350076,1,0.007610350076
changdu-app,"[""RAW_LANGUAGE_SCOPE_V1"",""[\""number\"",\""19\""]"",[""null""]]",0c35c3b534c4c42a4135575a335e52f41dcede52a80b90f1a712287f01d5fc14,游戏竞技,5ri45oiP56ue5oqA,bc2c8a932f1b13ee2b78567d521a47efc775980dd4f71ca3377c4f1e4abe541c,d62697484a7e89c37526850144728091579774ea7bcd6da38c5c1ef712e0006c,男频,55S36aKR,e74d73d99251bb2b99c02896258d9fbcd9817488f6538674fda26534b0b450ac,14,498,12,0.024,0.857142857143,0.024096385542
changdu-app,"[""RAW_LANGUAGE_SCOPE_V1"",""[\""number\"",\""19\""]"",[""null""]]",0c35c3b534c4c42a4135575a335e52f41dcede52a80b90f1a712287f01d5fc14,游戏竞技,5ri45oiP56ue5oqA,bc2c8a932f1b13ee2b78567d521a47efc775980dd4f71ca3377c4f1e4abe541c,f37d82f13d8a8dabb8a9bb40e1f76bb9ae078cd6e29d7793fb9a8561671a6ca9,女频,5aWz6aKR,d9867749ec31f19fe7bfa4a782791bb108a8c9bc80653d481d3f1110f260cebb,14,657,2,0.002989536622,0.142857142857,0.00304414003
changdu-app,"[""RAW_LANGUAGE_SCOPE_V1"",""[\""number\"",\""19\""]"",[""null""]]",2179549e7b54e0ddc41f4bd9e78b888892df1b833bebc97c4f1f5996e2dfe3fe,魔幻情缘,6a2U5bm75oOF57yY,ac0761636f5855fabfdd6454de1b939b2ea126b5b6ee263c9aa401fa623820c5,f37d82f13d8a8dabb8a9bb40e1f76bb9ae078cd6e29d7793fb9a8561671a6ca9,女频,5aWz6aKR,d9867749ec31f19fe7bfa4a782791bb108a8c9bc80653d481d3f1110f260cebb,5,657,5,0.007610350076,1,0.007610350076
changdu-app,"[""RAW_LANGUAGE_SCOPE_V1"",""[\""number\"",\""19\""]"",[""null""]]",21d8eac94eacc52afefa7163dde8aa18610aa9cd38f0365326c50ff24709d95a,悬疑探险,5oKs55aR5o6i6Zmp,b366ee1ce38aa454e2b232728633c797c5c98c9900ec0eb67235be909487ae20,d62697484a7e89c37526850144728091579774ea7bcd6da38c5c1ef712e0006c,男频,55S36aKR,e74d73d99251bb2b99c02896258d9fbcd9817488f6538674fda26534b0b450ac,8,498,8,0.016064257028,1,0.016064257028
changdu-app,"[""RAW_LANGUAGE_SCOPE_V1"",""[\""number\"",\""19\""]"",[""null""]]",2e6ddc33165c4da90b4a17e9d0edb8c0708ee22772a0d5e234a9e90f7ba0c118,婚恋言情,5ama5oGL6KiA5oOF,a6491cc134ae15451358b7f802916de0cea42e89b0f8c965a30ee4c15ce818f2,f37d82f13d8a8dabb8a9bb40e1f76bb9ae078cd6e29d7793fb9a8561671a6ca9,女频,5aWz6aKR,d9867749ec31f19fe7bfa4a782791bb108a8c9bc80653d481d3f1110f260cebb,5,657,5,0.007610350076,1,0.007610350076
changdu-app,"[""RAW_LANGUAGE_SCOPE_V1"",""[\""number\"",\""19\""]"",[""null""]]",2f5be447f5b8c8f3ca4cabce7a55c1b6d4d98eb7e55b36b822c84fe3ecb4c100,妙趣奇文,5aaZ6Laj5aWH5paH,e3b903bae2bf3c8472673f3698124d28d986d55083aa5c372339dfa21d653e81,d62697484a7e89c37526850144728091579774ea7bcd6da38c5c1ef712e0006c,男频,55S36aKR,e74d73d99251bb2b99c02896258d9fbcd9817488f6538674fda26534b0b450ac,1,498,1,0.002008032129,1,0.002008032129
changdu-app,"[""RAW_LANGUAGE_SCOPE_V1"",""[\""number\"",\""19\""]"",[""null""]]",3341ec4ff4f2986d45b0437cf6f0228a7af9a5fc6237b0f5c25234be08d90b11,现代都市,546w5Luj6YO95biC,00d99df3247bf1f00907f789f638189b5cbafd762496abd1843fe8870e3e2e63,d62697484a7e89c37526850144728091579774ea7bcd6da38c5c1ef712e0006c,男频,55S36aKR,e74d73d99251bb2b99c02896258d9fbcd9817488f6538674fda26534b0b450ac,5,498,5,0.010040160643,1,0.010040160643
changdu-app,"[""RAW_LANGUAGE_SCOPE_V1"",""[\""number\"",\""19\""]"",[""null""]]",3b3339b8e5330a7e0b31db93b38a0a80d6cc87e6c148963fe89f7472615f6845,灵异悬疑,54G15byC5oKs55aR,176eb69663be2b98cfccd98a420c26067b80654d2477aab89c3068fa1e5e9b0d,d62697484a7e89c37526850144728091579774ea7bcd6da38c5c1ef712e0006c,男频,55S36aKR,e74d73d99251bb2b99c02896258d9fbcd9817488f6538674fda26534b0b450ac,6,498,5,0.01002004008,0.833333333333,0.010040160643
changdu-app,"[""RAW_LANGUAGE_SCOPE_V1"",""[\""number\"",\""19\""]"",[""null""]]",3b3339b8e5330a7e0b31db93b38a0a80d6cc87e6c148963fe89f7472615f6845,灵异悬疑,54G15byC5oKs55aR,176eb69663be2b98cfccd98a420c26067b80654d2477aab89c3068fa1e5e9b0d,f37d82f13d8a8dabb8a9bb40e1f76bb9ae078cd6e29d7793fb9a8561671a6ca9,女频,5aWz6aKR,d9867749ec31f19fe7bfa4a782791bb108a8c9bc80653d481d3f1110f260cebb,6,657,1,0.001510574018,0.166666666667,0.001522070015
changdu-app,"[""RAW_LANGUAGE_SCOPE_V1"",""[\""number\"",\""19\""]"",[""null""]]",4a83e8013f8d259212b301e311303823fcdf1e30df6e87f2f29135faa4ef360e,仙侠武侠,5LuZ5L6g5q2m5L6g,0c93d304609b8b4c82d23557c0306eef355ac0f5719175a9a2badac0bbd4383f,d62697484a7e89c37526850144728091579774ea7bcd6da38c5c1ef712e0006c,男频,55S36aKR,e74d73d99251bb2b99c02896258d9fbcd9817488f6538674fda26534b0b450ac,29,498,29,0.058232931727,1,0.058232931727
changdu-app,"[""RAW_LANGUAGE_SCOPE_V1"",""[\""number\"",\""19\""]"",[""null""]]",4d76a4a8fd31ebbfefb89ce557f60181dea6250b714e89d6a4e5b1eb28e95f50,穿越重生,56m/6LaK6YeN55Sf,ec1e73ac220b1bb912e5405a295a5fd2607c6ae4f03a129ff2d074124eea5952,f37d82f13d8a8dabb8a9bb40e1f76bb9ae078cd6e29d7793fb9a8561671a6ca9,女频,5aWz6aKR,d9867749ec31f19fe7bfa4a782791bb108a8c9bc80653d481d3f1110f260cebb,287,657,287,0.436834094368,1,0.436834094368
changdu-app,"[""RAW_LANGUAGE_SCOPE_V1"",""[\""number\"",\""19\""]"",[""null""]]",4f2605567f6fdec49402a58340fd8d5ceda7c8f847f37bd9cd994c4fe994428b,玄幻奇幻,546E5bm75aWH5bm7,d35d3e5e0e35f19be6cde94b4bdcefc584bcc81e9fd45d363822e4acc4aa95cd,d62697484a7e89c37526850144728091579774ea7bcd6da38c5c1ef712e0006c,男频,55S36aKR,e74d73d99251bb2b99c02896258d9fbcd9817488f6538674fda26534b0b450ac,315,498,315,0.632530120482,1,0.632530120482
changdu-app,"[""RAW_LANGUAGE_SCOPE_V1"",""[\""number\"",\""19\""]"",[""null""]]",525eaf2195383da8697fa2545c01c2b4a0d3c12f07cdb1f76d57754dc569eb5b,武侠仙侠,5q2m5L6g5LuZ5L6g,0ccca9be5765c4b0e7d9881c97c378ab414f5c39dd7904f61ebc470524c643ad,d62697484a7e89c37526850144728091579774ea7bcd6da38c5c1ef712e0006c,男频,55S36aKR,e74d73d99251bb2b99c02896258d9fbcd9817488f6538674fda26534b0b450ac,1,498,1,0.002008032129,1,0.002008032129
changdu-app,"[""RAW_LANGUAGE_SCOPE_V1"",""[\""number\"",\""19\""]"",[""null""]]",5314c175ad25c7c0d666799497daca706e4bbf49668450dc09d8476dcff14853,动漫同人,5Yqo5ryr5ZCM5Lq6,6a6cc99e34feac48b368419dfb5a4c44d85121ee6a906a4c96c92704e0009b38,f37d82f13d8a8dabb8a9bb40e1f76bb9ae078cd6e29d7793fb9a8561671a6ca9,女频,5aWz6aKR,d9867749ec31f19fe7bfa4a782791bb108a8c9bc80653d481d3f1110f260cebb,3,657,3,0.004566210046,1,0.004566210046
changdu-app,"[""RAW_LANGUAGE_SCOPE_V1"",""[\""number\"",\""19\""]"",[""null""]]",552533e7a1a008f21e050eeaf9e1d41df0c36ef4caa988ea69a1c25a1ab3c485,都市,6YO95biC,d7eef7209e798c5878be3dd34695368fe31f9cc0f644ad9bda4525150a0a449c,d62697484a7e89c37526850144728091579774ea7bcd6da38c5c1ef712e0006c,男频,55S36aKR,e74d73d99251bb2b99c02896258d9fbcd9817488f6538674fda26534b0b450ac,3,498,2,0.004008016032,0.666666666667,0.004016064257
changdu-app,"[""RAW_LANGUAGE_SCOPE_V1"",""[\""number\"",\""19\""]"",[""null""]]",552533e7a1a008f21e050eeaf9e1d41df0c36ef4caa988ea69a1c25a1ab3c485,都市,6YO95biC,d7eef7209e798c5878be3dd34695368fe31f9cc0f644ad9bda4525150a0a449c,f37d82f13d8a8dabb8a9bb40e1f76bb9ae078cd6e29d7793fb9a8561671a6ca9,女频,5aWz6aKR,d9867749ec31f19fe7bfa4a782791bb108a8c9bc80653d481d3f1110f260cebb,3,657,1,0.001517450683,0.333333333333,0.001522070015
changdu-app,"[""RAW_LANGUAGE_SCOPE_V1"",""[\""number\"",\""19\""]"",[""null""]]",5d69a1ced4427303c97259f0494d1ebd307674bfd1b2dc94644228585e9f09b7,古代言情,5Y+k5Luj6KiA5oOF,37c0e6b415e5a4aee67705cf03a5938cf30b5f97b61ccaaeeb3b6e4dd9f91cb7,f37d82f13d8a8dabb8a9bb40e1f76bb9ae078cd6e29d7793fb9a8561671a6ca9,女频,5aWz6aKR,d9867749ec31f19fe7bfa4a782791bb108a8c9bc80653d481d3f1110f260cebb,164,657,164,0.249619482496,1,0.249619482496
changdu-app,"[""RAW_LANGUAGE_SCOPE_V1"",""[\""number\"",\""19\""]"",[""null""]]",64f5056ee49f4e786324789f54adc9e5f2416e88c6df8cf721700e7950761707,穿越幻想,56m/6LaK5bm75oOz,008fe7c4307cc7b7c01a79d1ef7584e23ed3adc8b78b48952e07ad356d6ab4eb,d62697484a7e89c37526850144728091579774ea7bcd6da38c5c1ef712e0006c,男频,55S36aKR,e74d73d99251bb2b99c02896258d9fbcd9817488f6538674fda26534b0b450ac,13,498,3,0.005905511811,0.230769230769,0.006024096386
changdu-app,"[""RAW_LANGUAGE_SCOPE_V1"",""[\""number\"",\""19\""]"",[""null""]]",64f5056ee49f4e786324789f54adc9e5f2416e88c6df8cf721700e7950761707,穿越幻想,56m/6LaK5bm75oOz,008fe7c4307cc7b7c01a79d1ef7584e23ed3adc8b78b48952e07ad356d6ab4eb,f37d82f13d8a8dabb8a9bb40e1f76bb9ae078cd6e29d7793fb9a8561671a6ca9,女频,5aWz6aKR,d9867749ec31f19fe7bfa4a782791bb108a8c9bc80653d481d3f1110f260cebb,13,657,10,0.015151515152,0.769230769231,0.015220700152
changdu-app,"[""RAW_LANGUAGE_SCOPE_V1"",""[\""number\"",\""19\""]"",[""null""]]",796ddc29ddc65efd3d11bc6ea65365734e32cfd00dc9f774399bf12a3e55d244,历史军事,5Y6G5Y+y5Yab5LqL,a3152e1d1d1dfbff0f2ba22b2bed7af357ad569c9a881918001695587e76360d,d62697484a7e89c37526850144728091579774ea7bcd6da38c5c1ef712e0006c,男频,55S36aKR,e74d73d99251bb2b99c02896258d9fbcd9817488f6538674fda26534b0b450ac,13,498,13,0.026104417671,1,0.026104417671
changdu-app,"[""RAW_LANGUAGE_SCOPE_V1"",""[\""number\"",\""19\""]"",[""null""]]",832f80882a81f4242fb18a40359db0d1dce62ab7ec86912e6f7d8020e7523753,幻想异能,5bm75oOz5byC6IO9,abc30d9be2f1f9acbb9569c4e2da1da8f93e2a0236e743653a649871e80b0c24,f37d82f13d8a8dabb8a9bb40e1f76bb9ae078cd6e29d7793fb9a8561671a6ca9,女频,5aWz6aKR,d9867749ec31f19fe7bfa4a782791bb108a8c9bc80653d481d3f1110f260cebb,7,657,7,0.010654490107,1,0.010654490107
changdu-app,"[""RAW_LANGUAGE_SCOPE_V1"",""[\""number\"",\""19\""]"",[""null""]]",895b9a5cd9fd7c407a6e90211ccac1bf35cd5cde650248d5394e7099b345fd8d,科幻末世,56eR5bm75pyr5LiW,93a63d8bad7bed27a7049ffe1536209c342d4d30877565ec57a24c1350c08851,d62697484a7e89c37526850144728091579774ea7bcd6da38c5c1ef712e0006c,男频,55S36aKR,e74d73d99251bb2b99c02896258d9fbcd9817488f6538674fda26534b0b450ac,10,498,10,0.020080321285,1,0.020080321285
changdu-app,"[""RAW_LANGUAGE_SCOPE_V1"",""[\""number\"",\""19\""]"",[""null""]]",92cdb52f0b9115a648cfaba2eed0449db0b938b2fe7a810ac30ee1b5a1ed7773,青春校园,6Z2S5pil5qCh5Zut,95f847c9fd25952ddb57dc9a892aa6214fce52b2db6cd7132de6469c3c937a90,f37d82f13d8a8dabb8a9bb40e1f76bb9ae078cd6e29d7793fb9a8561671a6ca9,女频,5aWz6aKR,d9867749ec31f19fe7bfa4a782791bb108a8c9bc80653d481d3f1110f260cebb,37,657,37,0.056316590563,1,0.056316590563
changdu-app,"[""RAW_LANGUAGE_SCOPE_V1"",""[\""number\"",\""19\""]"",[""null""]]",93e1849847061a81dd606dd870fd8b5df90dc60a93fb0bebc71bc8494b839982,动漫世界,5Yqo5ryr5LiW55WM,5a7237a130e1cd08723f1c45ba18d82b53c19fde8ee5819f4ea21cd86e229d41,d62697484a7e89c37526850144728091579774ea7bcd6da38c5c1ef712e0006c,男频,55S36aKR,e74d73d99251bb2b99c02896258d9fbcd9817488f6538674fda26534b0b450ac,1,498,1,0.002008032129,1,0.002008032129
changdu-app,"[""RAW_LANGUAGE_SCOPE_V1"",""[\""number\"",\""19\""]"",[""null""]]",acdb9b9d90257cc7c79aa507df834974ff179f10709f7d58ee74ee85410a1cee,军事战争,5Yab5LqL5oiY5LqJ,617a1ffc9e48cdc53d98608d576dce84697af9ef2de54bbb5a8d47c6654d0c68,d62697484a7e89c37526850144728091579774ea7bcd6da38c5c1ef712e0006c,男频,55S36aKR,e74d73d99251bb2b99c02896258d9fbcd9817488f6538674fda26534b0b450ac,2,498,2,0.004016064257,1,0.004016064257
changdu-app,"[""RAW_LANGUAGE_SCOPE_V1"",""[\""number\"",\""19\""]"",[""null""]]",ce9d3adc8e1f5c26f65c205138d96c27e96925ae79f2f42878511f8cef6971c6,历史架空,5Y6G5Y+y5p6256m6,2535ca2d30ef745a02b5af6e1e3a6c2e0920a213a0d7bbd62f3a22c4f70ff55e,d62697484a7e89c37526850144728091579774ea7bcd6da38c5c1ef712e0006c,男频,55S36aKR,e74d73d99251bb2b99c02896258d9fbcd9817488f6538674fda26534b0b450ac,18,498,18,0.036144578313,1,0.036144578313
changdu-app,"[""RAW_LANGUAGE_SCOPE_V1"",""[\""number\"",\""19\""]"",[""null""]]",d0be23ea7f84ec75d07aaab01fb54a79b9e6f7a095241317484ec87b350834bf,悬疑灵异,5oKs55aR54G15byC,4a1bfb83dcaeca6ba3a4b5059c71eddbf800438e3771a8857bbdfb433634efb7,d62697484a7e89c37526850144728091579774ea7bcd6da38c5c1ef712e0006c,男频,55S36aKR,e74d73d99251bb2b99c02896258d9fbcd9817488f6538674fda26534b0b450ac,68,498,68,0.136546184739,1,0.136546184739
changdu-app,"[""RAW_LANGUAGE_SCOPE_V1"",""[\""number\"",\""19\""]"",[""null""]]",dfcbd3ef30629614e28b30afb75198c83393e3ab7dd49caa18e65f3dfdf822f0,仙侠情缘,5LuZ5L6g5oOF57yY,3e9fb6b88cb02cace96025679b044b68452981a9f8c96cb6160820ceee83e515,f37d82f13d8a8dabb8a9bb40e1f76bb9ae078cd6e29d7793fb9a8561671a6ca9,女频,5aWz6aKR,d9867749ec31f19fe7bfa4a782791bb108a8c9bc80653d481d3f1110f260cebb,2,657,2,0.00304414003,1,0.00304414003
changdu-app,"[""RAW_LANGUAGE_SCOPE_V1"",""[\""number\"",\""19\""]"",[""null""]]",e246083244cda2aeea7eeb95f7b2a0842b69375182fef48de4d347757b4b2de1,灵异推理,54G15byC5o6o55CG,2fa491c4ba16ffca2a0247efddef3e185544d44b6a861ae12fa07e5f1bae02f8,f37d82f13d8a8dabb8a9bb40e1f76bb9ae078cd6e29d7793fb9a8561671a6ca9,女频,5aWz6aKR,d9867749ec31f19fe7bfa4a782791bb108a8c9bc80653d481d3f1110f260cebb,17,657,17,0.025875190259,1,0.025875190259
changdu-app,"[""RAW_LANGUAGE_SCOPE_V1"",""[\""number\"",\""19\""]"",[""null""]]",f37d82f13d8a8dabb8a9bb40e1f76bb9ae078cd6e29d7793fb9a8561671a6ca9,女频,5aWz6aKR,d9867749ec31f19fe7bfa4a782791bb108a8c9bc80653d481d3f1110f260cebb,fd4e7be8bc852ab1b12b959877449a5c121ab7919293eb661cee0c7427887e1f,现代言情,546w5Luj6KiA5oOF,31b9acfb9e290d38c33706d4761e98f83b19e1ddbb1bb4a3eebdc55264605d56,657,111,111,0.168949771689,0.168949771689,1
changdu-app,"[""RAW_LANGUAGE_SCOPE_V1"",""[\""number\"",\""20\""]"",[""null""]]",0207d6f9c3676a6f9864c67e3027f7d6062dd0395946cc2dda783718e560aecf,動漫世界,5YuV5ryr5LiW55WM,3e7e69d05fa4d77d34d5f80489a0cf394a37a0b0ff93d91a62bac611b7c16009,0cee435b1b571556f3b8afbec8f153679dfd1ab2157c9b6283460fd1e1727917,女频,5aWz6aKR,d9867749ec31f19fe7bfa4a782791bb108a8c9bc80653d481d3f1110f260cebb,7,724,1,0.001369863014,0.142857142857,0.00138121547
changdu-app,"[""RAW_LANGUAGE_SCOPE_V1"",""[\""number\"",\""20\""]"",[""null""]]",0207d6f9c3676a6f9864c67e3027f7d6062dd0395946cc2dda783718e560aecf,動漫世界,5YuV5ryr5LiW55WM,3e7e69d05fa4d77d34d5f80489a0cf394a37a0b0ff93d91a62bac611b7c16009,452e8c2bded7bc22006d54d186b7ad538c0fbf0f4dd1c90822a6101fb26db45b,男频,55S36aKR,e74d73d99251bb2b99c02896258d9fbcd9817488f6538674fda26534b0b450ac,7,441,6,0.013574660633,0.857142857143,0.013605442177
changdu-app,"[""RAW_LANGUAGE_SCOPE_V1"",""[\""number\"",\""20\""]"",[""null""]]",067d18fb5fbde47675a339a8f739cc6e3cdd392c019f6887426e36093384f2d5,軍事戰爭,6LuN5LqL5oiw54it,01f79c2f6f3f4725202082e8df646b39effa58d31477d17fde044bafb29a9674,452e8c2bded7bc22006d54d186b7ad538c0fbf0f4dd1c90822a6101fb26db45b,男频,55S36aKR,e74d73d99251bb2b99c02896258d9fbcd9817488f6538674fda26534b0b450ac,3,441,3,0.006802721088,1,0.006802721088
changdu-app,"[""RAW_LANGUAGE_SCOPE_V1"",""[\""number\"",\""20\""]"",[""null""]]",0cee435b1b571556f3b8afbec8f153679dfd1ab2157c9b6283460fd1e1727917,女频,5aWz6aKR,d9867749ec31f19fe7bfa4a782791bb108a8c9bc80653d481d3f1110f260cebb,15431d11eea66e318eb8be96453a2ad1d96fceb53fa21d841d1c77d83961f209,靈異推理,6Z2I55Ww5o6o55CG,b4c643a360b1b032e862512b7746ee803198ae72ba2797b31972f1fd029df852,724,9,9,0.012430939227,0.012430939227,1
changdu-app,"[""RAW_LANGUAGE_SCOPE_V1"",""[\""number\"",\""20\""]"",[""null""]]",0cee435b1b571556f3b8afbec8f153679dfd1ab2157c9b6283460fd1e1727917,女频,5aWz6aKR,d9867749ec31f19fe7bfa4a782791bb108a8c9bc80653d481d3f1110f260cebb,1cbbcde7fa1545e4bf057a1608bca6ec6ae0e162265dbf6157f8a6157ac9e590,總裁豪門,57i96KOB6LGq6ZaA,e54118e4bf5b38b874a642745f20d907e6ca212433d6ad6e2c5ca111a7ae907d,724,5,4,0.005517241379,0.005524861878,0.8
changdu-app,"[""RAW_LANGUAGE_SCOPE_V1"",""[\""number\"",\""20\""]"",[""null""]]",0cee435b1b571556f3b8afbec8f153679dfd1ab2157c9b6283460fd1e1727917,女频,5aWz6aKR,d9867749ec31f19fe7bfa4a782791bb108a8c9bc80653d481d3f1110f260cebb,1e6e62e6b83d461d165c31bb52c58e6ea7684783cb3749cab3240e7a8e8d1237,都市,6YO95biC,d7eef7209e798c5878be3dd34695368fe31f9cc0f644ad9bda4525150a0a449c,724,6,1,0.001371742112,0.00138121547,0.166666666667
changdu-app,"[""RAW_LANGUAGE_SCOPE_V1"",""[\""number\"",\""20\""]"",[""null""]]",0cee435b1b571556f3b8afbec8f153679dfd1ab2157c9b6283460fd1e1727917,女频,5aWz6aKR,d9867749ec31f19fe7bfa4a782791bb108a8c9bc80653d481d3f1110f260cebb,239af4107e04bc1f368683f82d7d4a1e78ff549af97cfc793b8f7783b6e77421,青春校園,6Z2S5pil5qCh5ZyS,dba300521370d0a3fd17b89dd5ef677bf102271461a704076a0f7ad84dc79314,724,66,63,0.086657496561,0.087016574586,0.954545454545
changdu-app,"[""RAW_LANGUAGE_SCOPE_V1"",""[\""number\"",\""20\""]"",[""null""]]",0cee435b1b571556f3b8afbec8f153679dfd1ab2157c9b6283460fd1e1727917,女频,5aWz6aKR,d9867749ec31f19fe7bfa4a782791bb108a8c9bc80653d481d3f1110f260cebb,2849d244bbb9237fad179558823aaf80951893d0bede8f4bcf1fc631081097d6,古代言情,5Y+k5Luj6KiA5oOF,37c0e6b415e5a4aee67705cf03a5938cf30b5f97b61ccaaeeb3b6e4dd9f91cb7,724,143,140,0.19257221458,0.193370165746,0.979020979021
changdu-app,"[""RAW_LANGUAGE_SCOPE_V1"",""[\""number\"",\""20\""]"",[""null""]]",0cee435b1b571556f3b8afbec8f153679dfd1ab2157c9b6283460fd1e1727917,女频,5aWz6aKR,d9867749ec31f19fe7bfa4a782791bb108a8c9bc80653d481d3f1110f260cebb,402e27717bed7a30d414c070dab99e6b12477c64cc9077b9da716edc9c2bdab5,婚戀言情,5ama5oiA6KiA5oOF,53e92c06a8214259c404d955536cf74e90adebb12f5616ef1ef6c191d07c605f,724,5,2,0.002751031637,0.002762430939,0.4
changdu-app,"[""RAW_LANGUAGE_SCOPE_V1"",""[\""number\"",\""20\""]"",[""null""]]",0cee435b1b571556f3b8afbec8f153679dfd1ab2157c9b6283460fd1e1727917,女频,5aWz6aKR,d9867749ec31f19fe7bfa4a782791bb108a8c9bc80653d481d3f1110f260cebb,430a7921dd07537e834c138df5c034457fe831302f1d05ed2a2a048675323a12,魔幻情緣,6a2U5bm75oOF57ej,12d850ccaf71e2c7cb47a48bf28e69c178bc58661d4a9db86b24a01ee9599b8d,724,14,14,0.019337016575,0.019337016575,1
changdu-app,"[""RAW_LANGUAGE_SCOPE_V1"",""[\""number\"",\""20\""]"",[""null""]]",0cee435b1b571556f3b8afbec8f153679dfd1ab2157c9b6283460fd1e1727917,女频,5aWz6aKR,d9867749ec31f19fe7bfa4a782791bb108a8c9bc80653d481d3f1110f260cebb,47a55b705a726f06c0c3e7f0bb04f5fc4f482c97f8738f522752a90a9a74cbf0,動漫同人,5YuV5ryr5ZCM5Lq6,ca813e47e11fc075c4262614261da65b905c8d62920a22db7fe7002880bcf1e2,724,5,4,0.005517241379,0.005524861878,0.8
changdu-app,"[""RAW_LANGUAGE_SCOPE_V1"",""[\""number\"",\""20\""]"",[""null""]]",0cee435b1b571556f3b8afbec8f153679dfd1ab2157c9b6283460fd1e1727917,女频,5aWz6aKR,d9867749ec31f19fe7bfa4a782791bb108a8c9bc80653d481d3f1110f260cebb,4945303a38e6a69a1a4e39a9b532111acdba0480c49c72f97c6ceea8841eb5ee,狼人,54u85Lq6,040cde93c841a4c4286745008b465121f1fe4085b1ccdec4380963dda5bad052,724,6,6,0.008287292818,0.008287292818,1
changdu-app,"[""RAW_LANGUAGE_SCOPE_V1"",""[\""number\"",\""20\""]"",[""null""]]",0cee435b1b571556f3b8afbec8f153679dfd1ab2157c9b6283460fd1e1727917,女频,5aWz6aKR,d9867749ec31f19fe7bfa4a782791bb108a8c9bc80653d481d3f1110f260cebb,502beb09a594716d93c675975ee32f340169061624c59a65dfc4b4983a2f8473,歷史傳記,5q235Y+y5YKz6KiY,c2c1522e70985b539cf1df6efd280b681dc022cecaf124f02227983db01ca279,724,1,1,0.00138121547,0.00138121547,1
changdu-app,"[""RAW_LANGUAGE_SCOPE_V1"",""[\""number\"",\""20\""]"",[""null""]]",0cee435b1b571556f3b8afbec8f153679dfd1ab2157c9b6283460fd1e1727917,女频,5aWz6aKR,d9867749ec31f19fe7bfa4a782791bb108a8c9bc80653d481d3f1110f260cebb,542c289ccf90ebdef9ced95ecf5c5793328ddeb0f9ff3cbf29040f4bf322a316,穿越重生,56m/6LaK6YeN55Sf,ec1e73ac220b1bb912e5405a295a5fd2607c6ae4f03a129ff2d074124eea5952,724,364,358,0.490410958904,0.494475138122,0.983516483516
changdu-app,"[""RAW_LANGUAGE_SCOPE_V1"",""[\""number\"",\""20\""]"",[""null""]]",0cee435b1b571556f3b8afbec8f153679dfd1ab2157c9b6283460fd1e1727917,女频,5aWz6aKR,d9867749ec31f19fe7bfa4a782791bb108a8c9bc80653d481d3f1110f260cebb,5a5d8d3f68eb89643621efcab22a14b9c8b880f5d1342406e091335ae76d4173,現代言情,54++5Luj6KiA5oOF,d47e94a5abf6211af6d912fa3e688862657c5e4b8943c485a1b9d0b69003feca,724,71,70,0.096551724138,0.096685082873,0.985915492958
changdu-app,"[""RAW_LANGUAGE_SCOPE_V1"",""[\""number\"",\""20\""]"",[""null""]]",0cee435b1b571556f3b8afbec8f153679dfd1ab2157c9b6283460fd1e1727917,女频,5aWz6aKR,d9867749ec31f19fe7bfa4a782791bb108a8c9bc80653d481d3f1110f260cebb,6edde8858efcd413f13ba3394947d927237068ea963295d984dfdec77fdc9ad0,Adolescent,QWRvbGVzY2VudA==,2a8179b03ce566644fd963579db04b98b93f5c8b9c509b51128f561cf38e7660,724,3,3,0.004143646409,0.004143646409,1
changdu-app,"[""RAW_LANGUAGE_SCOPE_V1"",""[\""number\"",\""20\""]"",[""null""]]",0cee435b1b571556f3b8afbec8f153679dfd1ab2157c9b6283460fd1e1727917,女频,5aWz6aKR,d9867749ec31f19fe7bfa4a782791bb108a8c9bc80653d481d3f1110f260cebb,778478d418d0f04623fd97869b030790b9440dfb4e47dc72038e700f9b22de50,Xuanhuan,WHVhbmh1YW4=,2df2c7c65851681ab61711f88eced8e0be05c839de0e597560480aac9257278a,724,10,8,0.011019283747,0.011049723757,0.8
changdu-app,"[""RAW_LANGUAGE_SCOPE_V1"",""[\""number\"",\""20\""]"",[""null""]]",0cee435b1b571556f3b8afbec8f153679dfd1ab2157c9b6283460fd1e1727917,女频,5aWz6aKR,d9867749ec31f19fe7bfa4a782791bb108a8c9bc80653d481d3f1110f260cebb,8133eae7f1ae61531568f99a67ad1e8a2c5bfac652fffbaa0eab9bb4194a2b73,Romance,Um9tYW5jZQ==,3bc3567a7fc6511a85072520dc1bdb95a732c4aee93a6533d53954f39124d7c9,724,2,2,0.002762430939,0.002762430939,1
changdu-app,"[""RAW_LANGUAGE_SCOPE_V1"",""[\""number\"",\""20\""]"",[""null""]]",0cee435b1b571556f3b8afbec8f153679dfd1ab2157c9b6283460fd1e1727917,女频,5aWz6aKR,d9867749ec31f19fe7bfa4a782791bb108a8c9bc80653d481d3f1110f260cebb,8ed372ee4fe5fca6e01f3bc4acd7d20735eac63b1bc079d2aa9d7a5ae336339f,幻想異能,5bm75oOz55Ww6IO9,2096df368befe1c309aef077cd8716c2e1e8e2c14ae068d54d6e893b3aed46cd,724,4,4,0.005524861878,0.005524861878,1
changdu-app,"[""RAW_LANGUAGE_SCOPE_V1"",""[\""number\"",\""20\""]"",[""null""]]",0cee435b1b571556f3b8afbec8f153679dfd1ab2157c9b6283460fd1e1727917,女频,5aWz6aKR,d9867749ec31f19fe7bfa4a782791bb108a8c9bc80653d481d3f1110f260cebb,9cdc018555e440ffacb79e0675f446ee38630128551df7225526019e78cf082c,玄幻奇幻,546E5bm75aWH5bm7,d35d3e5e0e35f19be6cde94b4bdcefc584bcc81e9fd45d363822e4acc4aa95cd,724,269,19,0.019507186858,0.026243093923,0.07063197026
changdu-app,"[""RAW_LANGUAGE_SCOPE_V1"",""[\""number\"",\""20\""]"",[""null""]]",0cee435b1b571556f3b8afbec8f153679dfd1ab2157c9b6283460fd1e1727917,女频,5aWz6aKR,d9867749ec31f19fe7bfa4a782791bb108a8c9bc80653d481d3f1110f260cebb,c3c893fbe24d2f95b97740283406f74402c8df4c373d180e5cfbcbde0d08f84c,科幻末世,56eR5bm75pyr5LiW,93a63d8bad7bed27a7049ffe1536209c342d4d30877565ec57a24c1350c08851,724,22,1,0.001342281879,0.00138121547,0.045454545455
changdu-app,"[""RAW_LANGUAGE_SCOPE_V1"",""[\""number\"",\""20\""]"",[""null""]]",0cee435b1b571556f3b8afbec8f153679dfd1ab2157c9b6283460fd1e1727917,女频,5aWz6aKR,d9867749ec31f19fe7bfa4a782791bb108a8c9bc80653d481d3f1110f260cebb,da0295390d747fe4b37dea23f11de8179f357f40a3a078d4df141a3fc21fd5ec,仙俠情緣,5LuZ5L+g5oOF57ej,9816d50ef18337af4d3c83bec5aa55b874194ad0cf05f00d1563261b306b22d7,724,7,3,0.004120879121,0.004143646409,0.428571428571
changdu-app,"[""RAW_LANGUAGE_SCOPE_V1"",""[\""number\"",\""20\""]"",[""null""]]",0cee435b1b571556f3b8afbec8f153679dfd1ab2157c9b6283460fd1e1727917,女频,5aWz6aKR,d9867749ec31f19fe7bfa4a782791bb108a8c9bc80653d481d3f1110f260cebb,df2a2c6fb23e9afd6a57381bc879d88afa82d5301a66ee5acd38f46c8f8335af,妙趣奇文,5aaZ6Laj5aWH5paH,e3b903bae2bf3c8472673f3698124d28d986d55083aa5c372339dfa21d653e81,724,3,1,0.001377410468,0.00138121547,0.333333333333
changdu-app,"[""RAW_LANGUAGE_SCOPE_V1"",""[\""number\"",\""20\""]"",[""null""]]",0cee435b1b571556f3b8afbec8f153679dfd1ab2157c9b6283460fd1e1727917,女频,5aWz6aKR,d9867749ec31f19fe7bfa4a782791bb108a8c9bc80653d481d3f1110f260cebb,e33461823768f08c7fc9231716089c5e4603274d636b206864bb1c55e6dd2102,仙俠武俠,5LuZ5L+g5q2m5L+g,74df841e225296db793cf83d5fc4af8d21acf583c1cb494a6e16cb07c1ed6c43,724,16,2,0.0027100271,0.002762430939,0.125
changdu-app,"[""RAW_LANGUAGE_SCOPE_V1"",""[\""number\"",\""20\""]"",[""null""]]",0cee435b1b571556f3b8afbec8f153679dfd1ab2157c9b6283460fd1e1727917,女频,5aWz6aKR,d9867749ec31f19fe7bfa4a782791bb108a8c9bc80653d481d3f1110f260cebb,f09cbb0e14711b70f58049bd4d8af87a3f6a31ddce88c90f3319b66da85022a1,耽美同人,6IC9576O5ZCM5Lq6,6c0f843a14cca8bd194e7345aef58bd1503273c9e278d76e304f6e426e6ef632,724,8,8,0.011049723757,0.011049723757,1
changdu-app,"[""RAW_LANGUAGE_SCOPE_V1"",""[\""number\"",\""20\""]"",[""null""]]",1cbbcde7fa1545e4bf057a1608bca6ec6ae0e162265dbf6157f8a6157ac9e590,總裁豪門,57i96KOB6LGq6ZaA,e54118e4bf5b38b874a642745f20d907e6ca212433d6ad6e2c5ca111a7ae907d,452e8c2bded7bc22006d54d186b7ad538c0fbf0f4dd1c90822a6101fb26db45b,男频,55S36aKR,e74d73d99251bb2b99c02896258d9fbcd9817488f6538674fda26534b0b450ac,5,441,1,0.002247191011,0.2,0.002267573696
changdu-app,"[""RAW_LANGUAGE_SCOPE_V1"",""[\""number\"",\""20\""]"",[""null""]]",1e6e62e6b83d461d165c31bb52c58e6ea7684783cb3749cab3240e7a8e8d1237,都市,6YO95biC,d7eef7209e798c5878be3dd34695368fe31f9cc0f644ad9bda4525150a0a449c,452e8c2bded7bc22006d54d186b7ad538c0fbf0f4dd1c90822a6101fb26db45b,男频,55S36aKR,e74d73d99251bb2b99c02896258d9fbcd9817488f6538674fda26534b0b450ac,6,441,5,0.011312217195,0.833333333333,0.011337868481
changdu-app,"[""RAW_LANGUAGE_SCOPE_V1"",""[\""number\"",\""20\""]"",[""null""]]",239af4107e04bc1f368683f82d7d4a1e78ff549af97cfc793b8f7783b6e77421,青春校園,6Z2S5pil5qCh5ZyS,dba300521370d0a3fd17b89dd5ef677bf102271461a704076a0f7ad84dc79314,452e8c2bded7bc22006d54d186b7ad538c0fbf0f4dd1c90822a6101fb26db45b,男频,55S36aKR,e74d73d99251bb2b99c02896258d9fbcd9817488f6538674fda26534b0b450ac,66,441,3,0.005952380952,0.045454545455,0.006802721088
changdu-app,"[""RAW_LANGUAGE_SCOPE_V1"",""[\""number\"",\""20\""]"",[""null""]]",2849d244bbb9237fad179558823aaf80951893d0bede8f4bcf1fc631081097d6,古代言情,5Y+k5Luj6KiA5oOF,37c0e6b415e5a4aee67705cf03a5938cf30b5f97b61ccaaeeb3b6e4dd9f91cb7,452e8c2bded7bc22006d54d186b7ad538c0fbf0f4dd1c90822a6101fb26db45b,男频,55S36aKR,e74d73d99251bb2b99c02896258d9fbcd9817488f6538674fda26534b0b450ac,143,441,3,0.005163511188,0.020979020979,0.006802721088
changdu-app,"[""RAW_LANGUAGE_SCOPE_V1"",""[\""number\"",\""20\""]"",[""null""]]",402e27717bed7a30d414c070dab99e6b12477c64cc9077b9da716edc9c2bdab5,婚戀言情,5ama5oiA6KiA5oOF,53e92c06a8214259c404d955536cf74e90adebb12f5616ef1ef6c191d07c605f,452e8c2bded7bc22006d54d186b7ad538c0fbf0f4dd1c90822a6101fb26db45b,男频,55S36aKR,e74d73d99251bb2b99c02896258d9fbcd9817488f6538674fda26534b0b450ac,5,441,3,0.006772009029,0.6,0.006802721088
changdu-app,"[""RAW_LANGUAGE_SCOPE_V1"",""[\""number\"",\""20\""]"",[""null""]]",452e8c2bded7bc22006d54d186b7ad538c0fbf0f4dd1c90822a6101fb26db45b,男频,55S36aKR,e74d73d99251bb2b99c02896258d9fbcd9817488f6538674fda26534b0b450ac,47a55b705a726f06c0c3e7f0bb04f5fc4f482c97f8738f522752a90a9a74cbf0,動漫同人,5YuV5ryr5ZCM5Lq6,ca813e47e11fc075c4262614261da65b905c8d62920a22db7fe7002880bcf1e2,441,5,1,0.002247191011,0.002267573696,0.2
changdu-app,"[""RAW_LANGUAGE_SCOPE_V1"",""[\""number\"",\""20\""]"",[""null""]]",452e8c2bded7bc22006d54d186b7ad538c0fbf0f4dd1c90822a6101fb26db45b,男频,55S36aKR,e74d73d99251bb2b99c02896258d9fbcd9817488f6538674fda26534b0b450ac,4ecdb791d7dfae7c3587ed5e95ed1d4ade522b2b50c18beabd303e591ef3b707,懸疑靈異,5oe455aR6Z2I55Ww,815a2f32b33211919412a3f9de3cf12acc5c520b3e33cd221768703d28e6c25e,441,48,48,0.108843537415,0.108843537415,1
changdu-app,"[""RAW_LANGUAGE_SCOPE_V1"",""[\""number\"",\""20\""]"",[""null""]]",452e8c2bded7bc22006d54d186b7ad538c0fbf0f4dd1c90822a6101fb26db45b,男频,55S36aKR,e74d73d99251bb2b99c02896258d9fbcd9817488f6538674fda26534b0b450ac,542c289ccf90ebdef9ced95ecf5c5793328ddeb0f9ff3cbf29040f4bf322a316,穿越重生,56m/6LaK6YeN55Sf,ec1e73ac220b1bb912e5405a295a5fd2607c6ae4f03a129ff2d074124eea5952,441,364,6,0.007509386733,0.013605442177,0.016483516484
changdu-app,"[""RAW_LANGUAGE_SCOPE_V1"",""[\""number\"",\""20\""]"",[""null""]]",452e8c2bded7bc22006d54d186b7ad538c0fbf0f4dd1c90822a6101fb26db45b,男频,55S36aKR,e74d73d99251bb2b99c02896258d9fbcd9817488f6538674fda26534b0b450ac,5a5d8d3f68eb89643621efcab22a14b9c8b880f5d1342406e091335ae76d4173,現代言情,54++5Luj6KiA5oOF,d47e94a5abf6211af6d912fa3e688862657c5e4b8943c485a1b9d0b69003feca,441,71,1,0.001956947162,0.002267573696,0.014084507042
changdu-app,"[""RAW_LANGUAGE_SCOPE_V1"",""[\""number\"",\""20\""]"",[""null""]]",452e8c2bded7bc22006d54d186b7ad538c0fbf0f4dd1c90822a6101fb26db45b,男频,55S36aKR,e74d73d99251bb2b99c02896258d9fbcd9817488f6538674fda26534b0b450ac,778478d418d0f04623fd97869b030790b9440dfb4e47dc72038e700f9b22de50,Xuanhuan,WHVhbmh1YW4=,2df2c7c65851681ab61711f88eced8e0be05c839de0e597560480aac9257278a,441,10,2,0.004454342984,0.004535147392,0.2
changdu-app,"[""RAW_LANGUAGE_SCOPE_V1"",""[\""number\"",\""20\""]"",[""null""]]",452e8c2bded7bc22006d54d186b7ad538c0fbf0f4dd1c90822a6101fb26db45b,男频,55S36aKR,e74d73d99251bb2b99c02896258d9fbcd9817488f6538674fda26534b0b450ac,8faade4403e9e57b63ece850e6b17e9ede735c1e034beef71102287a1b54716f,玄幻,546E5bm7,37187930736daea8e12ace127b5cf24a21e2e565dd2805242ef5b3f6b23d07c8,441,4,4,0.009070294785,0.009070294785,1
changdu-app,"[""RAW_LANGUAGE_SCOPE_V1"",""[\""number\"",\""20\""]"",[""null""]]",452e8c2bded7bc22006d54d186b7ad538c0fbf0f4dd1c90822a6101fb26db45b,男频,55S36aKR,e74d73d99251bb2b99c02896258d9fbcd9817488f6538674fda26534b0b450ac,9a3ca9c657c6d2a40b78254a5fb140c9c2addd2786e5085aa5aca904a76f11d8,Adeventure,QWRldmVudHVyZQ==,60df5748b9b58028c32e4a9bb51fc6ab9bbc73c0500ba0fef84addb0f25e69ca,441,10,10,0.022675736961,0.022675736961,1
changdu-app,"[""RAW_LANGUAGE_SCOPE_V1"",""[\""number\"",\""20\""]"",[""null""]]",452e8c2bded7bc22006d54d186b7ad538c0fbf0f4dd1c90822a6101fb26db45b,男频,55S36aKR,e74d73d99251bb2b99c02896258d9fbcd9817488f6538674fda26534b0b450ac,9cdc018555e440ffacb79e0675f446ee38630128551df7225526019e78cf082c,玄幻奇幻,546E5bm75aWH5bm7,d35d3e5e0e35f19be6cde94b4bdcefc584bcc81e9fd45d363822e4acc4aa95cd,441,269,250,0.54347826087,0.566893424036,0.92936802974
changdu-app,"[""RAW_LANGUAGE_SCOPE_V1"",""[\""number\"",\""20\""]"",[""null""]]",452e8c2bded7bc22006d54d186b7ad538c0fbf0f4dd1c90822a6101fb26db45b,男频,55S36aKR,e74d73d99251bb2b99c02896258d9fbcd9817488f6538674fda26534b0b450ac,c3c893fbe24d2f95b97740283406f74402c8df4c373d180e5cfbcbde0d08f84c,科幻末世,56eR5bm75pyr5LiW,93a63d8bad7bed27a7049ffe1536209c342d4d30877565ec57a24c1350c08851,441,22,21,0.047511312217,0.047619047619,0.954545454545
changdu-app,"[""RAW_LANGUAGE_SCOPE_V1"",""[\""number\"",\""20\""]"",[""null""]]",452e8c2bded7bc22006d54d186b7ad538c0fbf0f4dd1c90822a6101fb26db45b,男频,55S36aKR,e74d73d99251bb2b99c02896258d9fbcd9817488f6538674fda26534b0b450ac,c4a1a0ae6dfefa430216be48437164eb94abd99ceeefa1b6be0b3b369af27435,宦海商戰,5a6m5rW35ZWG5oiw,47a472d5e9a3f399ea39944595f03a94bfaa9ff401a0734edced315d4d183067,441,4,4,0.009070294785,0.009070294785,1
changdu-app,"[""RAW_LANGUAGE_SCOPE_V1"",""[\""number\"",\""20\""]"",[""null""]]",452e8c2bded7bc22006d54d186b7ad538c0fbf0f4dd1c90822a6101fb26db45b,男频,55S36aKR,e74d73d99251bb2b99c02896258d9fbcd9817488f6538674fda26534b0b450ac,da0295390d747fe4b37dea23f11de8179f357f40a3a078d4df141a3fc21fd5ec,仙俠情緣,5LuZ5L+g5oOF57ej,9816d50ef18337af4d3c83bec5aa55b874194ad0cf05f00d1563261b306b22d7,441,7,4,0.009009009009,0.009070294785,0.571428571429
changdu-app,"[""RAW_LANGUAGE_SCOPE_V1"",""[\""number\"",\""20\""]"",[""null""]]",452e8c2bded7bc22006d54d186b7ad538c0fbf0f4dd1c90822a6101fb26db45b,男频,55S36aKR,e74d73d99251bb2b99c02896258d9fbcd9817488f6538674fda26534b0b450ac,df2a2c6fb23e9afd6a57381bc879d88afa82d5301a66ee5acd38f46c8f8335af,妙趣奇文,5aaZ6Laj5aWH5paH,e3b903bae2bf3c8472673f3698124d28d986d55083aa5c372339dfa21d653e81,441,3,2,0.004524886878,0.004535147392,0.666666666667
changdu-app,"[""RAW_LANGUAGE_SCOPE_V1"",""[\""number\"",\""20\""]"",[""null""]]",452e8c2bded7bc22006d54d186b7ad538c0fbf0f4dd1c90822a6101fb26db45b,男频,55S36aKR,e74d73d99251bb2b99c02896258d9fbcd9817488f6538674fda26534b0b450ac,e33461823768f08c7fc9231716089c5e4603274d636b206864bb1c55e6dd2102,仙俠武俠,5LuZ5L+g5q2m5L+g,74df841e225296db793cf83d5fc4af8d21acf583c1cb494a6e16cb07c1ed6c43,441,16,14,0.031602708804,0.031746031746,0.875
changdu-app,"[""RAW_LANGUAGE_SCOPE_V1"",""[\""number\"",\""20\""]"",[""null""]]",452e8c2bded7bc22006d54d186b7ad538c0fbf0f4dd1c90822a6101fb26db45b,男频,55S36aKR,e74d73d99251bb2b99c02896258d9fbcd9817488f6538674fda26534b0b450ac,f19ac8e82923d507547fc8005678f54445b66b4037f9fc7d1bf20100ec85dc89,遊戲競技,6YGK5oiy56u25oqA,d00759a4fdff266ea129e26dbbada51dbbac9378da3fb8142cab92a248b7678b,441,9,9,0.020408163265,0.020408163265,1
changdu-app,"[""RAW_LANGUAGE_SCOPE_V1"",""[\""number\"",\""20\""]"",[""null""]]",452e8c2bded7bc22006d54d186b7ad538c0fbf0f4dd1c90822a6101fb26db45b,男频,55S36aKR,e74d73d99251bb2b99c02896258d9fbcd9817488f6538674fda26534b0b450ac,f66cda08bec756121c49217e696b2d921cd10c04a354a5e550406323db2869c1,歷史架空,5q235Y+y5p6256m6,9ea8ae3e50e6c5f071205047294d0634d0bbaedffc19537ebe24feb19079428b,441,22,22,0.049886621315,0.049886621315,1
changdu-app,"[""RAW_LANGUAGE_SCOPE_V1"",""[\""number\"",\""20\""]"",[""null""]]",452e8c2bded7bc22006d54d186b7ad538c0fbf0f4dd1c90822a6101fb26db45b,男频,55S36aKR,e74d73d99251bb2b99c02896258d9fbcd9817488f6538674fda26534b0b450ac,ffbc2d70f9a30479214997a54b16358757197f4ff37f3b9fa55d3d18fea578b5,現代都市,54++5Luj6YO95biC,59839c0ba853ebbc84c53f573c7623a5907003a2d15e7e984a468d41ef74d159,441,19,19,0.043083900227,0.043083900227,1
changdu-app,"[""RAW_LANGUAGE_SCOPE_V1"",""[\""number\"",\""22\""]"",[""string"",""土耳其语""]]",01f469d933e43dfd0d0c103541cd32bd0ad589f43a8c3d30aa5da77efec6fb15,Sci-fi,U2NpLWZp,2f94b971bff642a9cbb09297fceffef23565dc081c700eec15de6d1f8d6af5ab,0be702a06e30a7b6a01ba8c0610909d802d6a197ad4192b02fd9173c478dc250,女频,5aWz6aKR,d9867749ec31f19fe7bfa4a782791bb108a8c9bc80653d481d3f1110f260cebb,1,206,1,0.004854368932,1,0.004854368932
changdu-app,"[""RAW_LANGUAGE_SCOPE_V1"",""[\""number\"",\""22\""]"",[""string"",""土耳其语""]]",080fb1bc4f89288b8ac403bf866935510ed2ab7ff332cae29f81fee18b983c90,young adult,eW91bmcgYWR1bHQ=,121e88b50170f461a41818c6a55d51d6b0513fc925bea7625a6ce689951d3aea,0be702a06e30a7b6a01ba8c0610909d802d6a197ad4192b02fd9173c478dc250,女频,5aWz6aKR,d9867749ec31f19fe7bfa4a782791bb108a8c9bc80653d481d3f1110f260cebb,6,206,6,0.029126213592,1,0.029126213592
changdu-app,"[""RAW_LANGUAGE_SCOPE_V1"",""[\""number\"",\""22\""]"",[""string"",""土耳其语""]]",0be702a06e30a7b6a01ba8c0610909d802d6a197ad4192b02fd9173c478dc250,女频,5aWz6aKR,d9867749ec31f19fe7bfa4a782791bb108a8c9bc80653d481d3f1110f260cebb,0e02cb40103161ebedcadc7e094019abd2f2158c8f8dff92e62d48cad4256734,Short stories,U2hvcnQgc3Rvcmllcw==,306f0c3996737d1a3a97195a6269d06a1b5b0da75e7959f1ac1022782eaa1f38,206,2,2,0.009708737864,0.009708737864,1
changdu-app,"[""RAW_LANGUAGE_SCOPE_V1"",""[\""number\"",\""22\""]"",[""string"",""土耳其语""]]",0be702a06e30a7b6a01ba8c0610909d802d6a197ad4192b02fd9173c478dc250,女频,5aWz6aKR,d9867749ec31f19fe7bfa4a782791bb108a8c9bc80653d481d3f1110f260cebb,0fd29ce7e4787ca4b3217b91b111c097a60fd7693d74c2c9898be59c9bf6a13e,Billionaires,QmlsbGlvbmFpcmVz,ccf56236de194492990a0755a5139bc1cd991c8c3fea00ac5030cb93411268ff,206,6,6,0.029126213592,0.029126213592,1
changdu-app,"[""RAW_LANGUAGE_SCOPE_V1"",""[\""number\"",\""22\""]"",[""string"",""土耳其语""]]",0be702a06e30a7b6a01ba8c0610909d802d6a197ad4192b02fd9173c478dc250,女频,5aWz6aKR,d9867749ec31f19fe7bfa4a782791bb108a8c9bc80653d481d3f1110f260cebb,1514708b5b4d8ebda9dcb0e170bc2b3d5ad4667125e1c7455df875836640e7aa,Modern,TW9kZXJu,eef6c7f6ddd4067eb8afcea1a2104116ed5c09287b11433ed96a2b3c47cbb55c,206,109,107,0.514423076923,0.519417475728,0.981651376147
changdu-app,"[""RAW_LANGUAGE_SCOPE_V1"",""[\""number\"",\""22\""]"",[""string"",""土耳其语""]]",0be702a06e30a7b6a01ba8c0610909d802d6a197ad4192b02fd9173c478dc250,女频,5aWz6aKR,d9867749ec31f19fe7bfa4a782791bb108a8c9bc80653d481d3f1110f260cebb,21c723dd8e92cceb681a55d0d4bc8f3130f834b901184bbd17cf318b3f71be60,Fantasy,RmFudGFzeQ==,542855513e4f74d08a92352680c339d82e2ae347fb021a7128c7f4146c40d295,206,3,3,0.014563106796,0.014563106796,1
changdu-app,"[""RAW_LANGUAGE_SCOPE_V1"",""[\""number\"",\""22\""]"",[""string"",""土耳其语""]]",0be702a06e30a7b6a01ba8c0610909d802d6a197ad4192b02fd9173c478dc250,女频,5aWz6aKR,d9867749ec31f19fe7bfa4a782791bb108a8c9bc80653d481d3f1110f260cebb,2b3cf8eb1f9ee9585e00dbbaa5c6e4bab55c68fd37617e22ea9cde59c7233a85,Werewolf,V2VyZXdvbGY=,a2a5639765ce5eeb57d4f26e990f98d8bc802ce843882d5c6ee530abf45c39ef,206,3,3,0.014563106796,0.014563106796,1
changdu-app,"[""RAW_LANGUAGE_SCOPE_V1"",""[\""number\"",\""22\""]"",[""string"",""土耳其语""]]",0be702a06e30a7b6a01ba8c0610909d802d6a197ad4192b02fd9173c478dc250,女频,5aWz6aKR,d9867749ec31f19fe7bfa4a782791bb108a8c9bc80653d481d3f1110f260cebb,2eca1cbcc3eb65b9513f1a73c54d40ea97c5d0f7687c2baaebd03deea9b17db0,Mafia,TWFmaWE=,35e95dfecfe2f6b88dd601cc1a2dcc2bea763f6d757419fe9a390a80ab025997,206,4,4,0.019417475728,0.019417475728,1
changdu-app,"[""RAW_LANGUAGE_SCOPE_V1"",""[\""number\"",\""22\""]"",[""string"",""土耳其语""]]",0be702a06e30a7b6a01ba8c0610909d802d6a197ad4192b02fd9173c478dc250,女频,5aWz6aKR,d9867749ec31f19fe7bfa4a782791bb108a8c9bc80653d481d3f1110f260cebb,380f023c540ec6bbaeb2cf9b7ced024adba7fe1459fbdfc4dc72134f36a962cc,Horror,SG9ycm9y,271a22f75d73e13fa558d991442ecde8d75a34a0b9f6216d44b116f8612c82dc,206,4,4,0.019417475728,0.019417475728,1
changdu-app,"[""RAW_LANGUAGE_SCOPE_V1"",""[\""number\"",\""22\""]"",[""string"",""土耳其语""]]",0be702a06e30a7b6a01ba8c0610909d802d6a197ad4192b02fd9173c478dc250,女频,5aWz6aKR,d9867749ec31f19fe7bfa4a782791bb108a8c9bc80653d481d3f1110f260cebb,faa64f091371c72dd139a74e13f52e45b4553e092152b3cb269238c8490eb603,Romance,Um9tYW5jZQ==,3bc3567a7fc6511a85072520dc1bdb95a732c4aee93a6533d53954f39124d7c9,206,70,70,0.339805825243,0.339805825243,1
changdu-app,"[""RAW_LANGUAGE_SCOPE_V1"",""[\""number\"",\""22\""]"",[""string"",""土耳其语""]]",1514708b5b4d8ebda9dcb0e170bc2b3d5ad4667125e1c7455df875836640e7aa,Modern,TW9kZXJu,eef6c7f6ddd4067eb8afcea1a2104116ed5c09287b11433ed96a2b3c47cbb55c,ca86c3a8019ca7e2abaca58a73d9c3b49a0d37aedd5106b8107a28f9a79281ad,男频,55S36aKR,e74d73d99251bb2b99c02896258d9fbcd9817488f6538674fda26534b0b450ac,109,2,2,0.018348623853,0.018348623853,1
changdu-app,"[""RAW_LANGUAGE_SCOPE_V1"",""[\""number\"",\""3\""]"",[""string"",""英语""]]",309a091dcdb1ca1675ba014c949447ddbc089fc3678b61bc1949a5984e028aa9,男频,55S36aKR,e74d73d99251bb2b99c02896258d9fbcd9817488f6538674fda26534b0b450ac,38b98238e4744826a870a3de995ea0e183bdb9a2fac6249d669ee4de5ee51c16,Horror,SG9ycm9y,271a22f75d73e13fa558d991442ecde8d75a34a0b9f6216d44b116f8612c82dc,327,68,12,0.031331592689,0.036697247706,0.176470588235
changdu-app,"[""RAW_LANGUAGE_SCOPE_V1"",""[\""number\"",\""3\""]"",[""string"",""英语""]]",309a091dcdb1ca1675ba014c949447ddbc089fc3678b61bc1949a5984e028aa9,男频,55S36aKR,e74d73d99251bb2b99c02896258d9fbcd9817488f6538674fda26534b0b450ac,3a5b512d911c1611561ad5d6c3a7b7c1aa07ceb0593a15da87b85465dcc9a745,Fantasy,RmFudGFzeQ==,542855513e4f74d08a92352680c339d82e2ae347fb021a7128c7f4146c40d295,327,67,40,0.112994350282,0.122324159021,0.597014925373
changdu-app,"[""RAW_LANGUAGE_SCOPE_V1"",""[\""number\"",\""3\""]"",[""string"",""英语""]]",309a091dcdb1ca1675ba014c949447ddbc089fc3678b61bc1949a5984e028aa9,男频,55S36aKR,e74d73d99251bb2b99c02896258d9fbcd9817488f6538674fda26534b0b450ac,3b12900ba2b03436f2b3307b7670d244c1ac31358e5e3ad80d82c2579e9204b0,Others,T3RoZXJz,ebdad9ba4c5e3ce0078ad8e8fb31e4c76176834cd2370f05bd043e4baf8d6c5a,327,55,14,0.038043478261,0.042813455657,0.254545454545
changdu-app,"[""RAW_LANGUAGE_SCOPE_V1"",""[\""number\"",\""3\""]"",[""string"",""英语""]]",309a091dcdb1ca1675ba014c949447ddbc089fc3678b61bc1949a5984e028aa9,男频,55S36aKR,e74d73d99251bb2b99c02896258d9fbcd9817488f6538674fda26534b0b450ac,4f3fbf6860b6d8a330c8a264c9ab2c797b87d541d12d9701b64babfa71f96e4a,Sci-fi,U2NpLWZp,2f94b971bff642a9cbb09297fceffef23565dc081c700eec15de6d1f8d6af5ab,327,63,12,0.031746031746,0.036697247706,0.190476190476
changdu-app,"[""RAW_LANGUAGE_SCOPE_V1"",""[\""number\"",\""3\""]"",[""string"",""英语""]]",309a091dcdb1ca1675ba014c949447ddbc089fc3678b61bc1949a5984e028aa9,男频,55S36aKR,e74d73d99251bb2b99c02896258d9fbcd9817488f6538674fda26534b0b450ac,54e4e84588f7b54cb7cdb8f5295a0eadc431cf516dd3a7f964000b06407ace44,Billionaires,QmlsbGlvbmFpcmVz,ccf56236de194492990a0755a5139bc1cd991c8c3fea00ac5030cb93411268ff,327,5,1,0.003021148036,0.003058103976,0.2
changdu-app,"[""RAW_LANGUAGE_SCOPE_V1"",""[\""number\"",\""3\""]"",[""string"",""英语""]]",309a091dcdb1ca1675ba014c949447ddbc089fc3678b61bc1949a5984e028aa9,男频,55S36aKR,e74d73d99251bb2b99c02896258d9fbcd9817488f6538674fda26534b0b450ac,6f1ec6853b7ddbd375e8a538c23052e83e6463dafea78eefcf5fafc4b6f4e236,Modern,TW9kZXJu,eef6c7f6ddd4067eb8afcea1a2104116ed5c09287b11433ed96a2b3c47cbb55c,327,40,40,0.122324159021,0.122324159021,1
changdu-app,"[""RAW_LANGUAGE_SCOPE_V1"",""[\""number\"",\""3\""]"",[""string"",""英语""]]",309a091dcdb1ca1675ba014c949447ddbc089fc3678b61bc1949a5984e028aa9,男频,55S36aKR,e74d73d99251bb2b99c02896258d9fbcd9817488f6538674fda26534b0b450ac,768b4e2c3b72abbaf086d75e74ff360238b030b5d490aa8b6b8506e5b822d5fc,Xuanhuan,WHVhbmh1YW4=,2df2c7c65851681ab61711f88eced8e0be05c839de0e597560480aac9257278a,327,15,4,0.011834319527,0.012232415902,0.266666666667
changdu-app,"[""RAW_LANGUAGE_SCOPE_V1"",""[\""number\"",\""3\""]"",[""string"",""英语""]]",309a091dcdb1ca1675ba014c949447ddbc089fc3678b61bc1949a5984e028aa9,男频,55S36aKR,e74d73d99251bb2b99c02896258d9fbcd9817488f6538674fda26534b0b450ac,80cbf217e3696ad36e3f3431de1e4d7b42dbb31da772aeb58c69a5bc1a0e113d,Romance,Um9tYW5jZQ==,3bc3567a7fc6511a85072520dc1bdb95a732c4aee93a6533d53954f39124d7c9,327,5,4,0.012195121951,0.012232415902,0.8
changdu-app,"[""RAW_LANGUAGE_SCOPE_V1"",""[\""number\"",\""3\""]"",[""string"",""英语""]]",309a091dcdb1ca1675ba014c949447ddbc089fc3678b61bc1949a5984e028aa9,男频,55S36aKR,e74d73d99251bb2b99c02896258d9fbcd9817488f6538674fda26534b0b450ac,eed52de2e4d9d69c2385bb3dd3e6fd43c6795621fd5909d2fdc409f9d310b876,Adventure,QWR2ZW50dXJl,9a3c16424750cbde029c47e059f219dc64d8943ac4073a1cc5bc9accd979fc17,327,235,200,0.552486187845,0.611620795107,0.851063829787
changdu-app,"[""RAW_LANGUAGE_SCOPE_V1"",""[\""number\"",\""3\""]"",[""string"",""英语""]]",333f04f7ee8402006e7975f063b5499ce889413ba921273fb6a6ad1797910cae,Werewolf,V2VyZXdvbGY=,a2a5639765ce5eeb57d4f26e990f98d8bc802ce843882d5c6ee530abf45c39ef,a3a72a9624616fa066d4e9cedd008c7e31d2aacea224fc6febef70fe11dc3a78,女频,5aWz6aKR,d9867749ec31f19fe7bfa4a782791bb108a8c9bc80653d481d3f1110f260cebb,5,671,5,0.007451564829,1,0.007451564829
changdu-app,"[""RAW_LANGUAGE_SCOPE_V1"",""[\""number\"",\""3\""]"",[""string"",""英语""]]",38b98238e4744826a870a3de995ea0e183bdb9a2fac6249d669ee4de5ee51c16,Horror,SG9ycm9y,271a22f75d73e13fa558d991442ecde8d75a34a0b9f6216d44b116f8612c82dc,a3a72a9624616fa066d4e9cedd008c7e31d2aacea224fc6febef70fe11dc3a78,女频,5aWz6aKR,d9867749ec31f19fe7bfa4a782791bb108a8c9bc80653d481d3f1110f260cebb,68,671,50,0.072568940493,0.735294117647,0.074515648286
changdu-app,"[""RAW_LANGUAGE_SCOPE_V1"",""[\""number\"",\""3\""]"",[""string"",""英语""]]",38b98238e4744826a870a3de995ea0e183bdb9a2fac6249d669ee4de5ee51c16,Horror,SG9ycm9y,271a22f75d73e13fa558d991442ecde8d75a34a0b9f6216d44b116f8612c82dc,c1fa5e7c23a3fe0bbf6e1a408cc8f3427715211e961c4b93d34c92390b373466,图书,5Zu+5Lmm,b3835bfa460f7e819ecf7e1dea2681e4f9f8be36992f672fee2466914f656dae,68,97,6,0.037735849057,0.088235294118,0.061855670103
changdu-app,"[""RAW_LANGUAGE_SCOPE_V1"",""[\""number\"",\""3\""]"",[""string"",""英语""]]",3a5b512d911c1611561ad5d6c3a7b7c1aa07ceb0593a15da87b85465dcc9a745,Fantasy,RmFudGFzeQ==,542855513e4f74d08a92352680c339d82e2ae347fb021a7128c7f4146c40d295,c1fa5e7c23a3fe0bbf6e1a408cc8f3427715211e961c4b93d34c92390b373466,图书,5Zu+5Lmm,b3835bfa460f7e819ecf7e1dea2681e4f9f8be36992f672fee2466914f656dae,67,97,27,0.197080291971,0.402985074627,0.278350515464
changdu-app,"[""RAW_LANGUAGE_SCOPE_V1"",""[\""number\"",\""3\""]"",[""string"",""英语""]]",3b12900ba2b03436f2b3307b7670d244c1ac31358e5e3ad80d82c2579e9204b0,Others,T3RoZXJz,ebdad9ba4c5e3ce0078ad8e8fb31e4c76176834cd2370f05bd043e4baf8d6c5a,a3a72a9624616fa066d4e9cedd008c7e31d2aacea224fc6febef70fe11dc3a78,女频,5aWz6aKR,d9867749ec31f19fe7bfa4a782791bb108a8c9bc80653d481d3f1110f260cebb,55,671,33,0.047619047619,0.6,0.049180327869
changdu-app,"[""RAW_LANGUAGE_SCOPE_V1"",""[\""number\"",\""3\""]"",[""string"",""英语""]]",3b12900ba2b03436f2b3307b7670d244c1ac31358e5e3ad80d82c2579e9204b0,Others,T3RoZXJz,ebdad9ba4c5e3ce0078ad8e8fb31e4c76176834cd2370f05bd043e4baf8d6c5a,c1fa5e7c23a3fe0bbf6e1a408cc8f3427715211e961c4b93d34c92390b373466,图书,5Zu+5Lmm,b3835bfa460f7e819ecf7e1dea2681e4f9f8be36992f672fee2466914f656dae,55,97,8,0.055555555556,0.145454545455,0.082474226804
changdu-app,"[""RAW_LANGUAGE_SCOPE_V1"",""[\""number\"",\""3\""]"",[""string"",""英语""]]",413bd6c6815f0fee13de19be25fbb83d4dea7eb4191acdc28ba080ca7ac8bc9c,LGBT+,TEdCVCs=,e82b54800c798ebb021135f88e2cff0e6d3e47e91823700315eaa27295a3de47,a3a72a9624616fa066d4e9cedd008c7e31d2aacea224fc6febef70fe11dc3a78,女频,5aWz6aKR,d9867749ec31f19fe7bfa4a782791bb108a8c9bc80653d481d3f1110f260cebb,79,671,79,0.117734724292,1,0.117734724292
changdu-app,"[""RAW_LANGUAGE_SCOPE_V1"",""[\""number\"",\""3\""]"",[""string"",""英语""]]",4f3fbf6860b6d8a330c8a264c9ab2c797b87d541d12d9701b64babfa71f96e4a,Sci-fi,U2NpLWZp,2f94b971bff642a9cbb09297fceffef23565dc081c700eec15de6d1f8d6af5ab,a3a72a9624616fa066d4e9cedd008c7e31d2aacea224fc6febef70fe11dc3a78,女频,5aWz6aKR,d9867749ec31f19fe7bfa4a782791bb108a8c9bc80653d481d3f1110f260cebb,63,671,48,0.069970845481,0.761904761905,0.071535022355
changdu-app,"[""RAW_LANGUAGE_SCOPE_V1"",""[\""number\"",\""3\""]"",[""string"",""英语""]]",4f3fbf6860b6d8a330c8a264c9ab2c797b87d541d12d9701b64babfa71f96e4a,Sci-fi,U2NpLWZp,2f94b971bff642a9cbb09297fceffef23565dc081c700eec15de6d1f8d6af5ab,c1fa5e7c23a3fe0bbf6e1a408cc8f3427715211e961c4b93d34c92390b373466,图书,5Zu+5Lmm,b3835bfa460f7e819ecf7e1dea2681e4f9f8be36992f672fee2466914f656dae,63,97,3,0.019108280255,0.047619047619,0.030927835052
changdu-app,"[""RAW_LANGUAGE_SCOPE_V1"",""[\""number\"",\""3\""]"",[""string"",""英语""]]",54e4e84588f7b54cb7cdb8f5295a0eadc431cf516dd3a7f964000b06407ace44,Billionaires,QmlsbGlvbmFpcmVz,ccf56236de194492990a0755a5139bc1cd991c8c3fea00ac5030cb93411268ff,a3a72a9624616fa066d4e9cedd008c7e31d2aacea224fc6febef70fe11dc3a78,女频,5aWz6aKR,d9867749ec31f19fe7bfa4a782791bb108a8c9bc80653d481d3f1110f260cebb,5,671,4,0.005952380952,0.8,0.005961251863
changdu-app,"[""RAW_LANGUAGE_SCOPE_V1"",""[\""number\"",\""3\""]"",[""string"",""英语""]]",7367f4e5b5cdf37ce465cb7901537b27b0942cf048c89d2346e99662f26ff1d2,Mafia,TWFmaWE=,35e95dfecfe2f6b88dd601cc1a2dcc2bea763f6d757419fe9a390a80ab025997,a3a72a9624616fa066d4e9cedd008c7e31d2aacea224fc6febef70fe11dc3a78,女频,5aWz6aKR,d9867749ec31f19fe7bfa4a782791bb108a8c9bc80653d481d3f1110f260cebb,165,671,165,0.245901639344,1,0.245901639344
changdu-app,"[""RAW_LANGUAGE_SCOPE_V1"",""[\""number\"",\""3\""]"",[""string"",""英语""]]",768b4e2c3b72abbaf086d75e74ff360238b030b5d490aa8b6b8506e5b822d5fc,Xuanhuan,WHVhbmh1YW4=,2df2c7c65851681ab61711f88eced8e0be05c839de0e597560480aac9257278a,a3a72a9624616fa066d4e9cedd008c7e31d2aacea224fc6febef70fe11dc3a78,女频,5aWz6aKR,d9867749ec31f19fe7bfa4a782791bb108a8c9bc80653d481d3f1110f260cebb,15,671,11,0.016296296296,0.733333333333,0.016393442623
changdu-app,"[""RAW_LANGUAGE_SCOPE_V1"",""[\""number\"",\""3\""]"",[""string"",""英语""]]",80cbf217e3696ad36e3f3431de1e4d7b42dbb31da772aeb58c69a5bc1a0e113d,Romance,Um9tYW5jZQ==,3bc3567a7fc6511a85072520dc1bdb95a732c4aee93a6533d53954f39124d7c9,c1fa5e7c23a3fe0bbf6e1a408cc8f3427715211e961c4b93d34c92390b373466,图书,5Zu+5Lmm,b3835bfa460f7e819ecf7e1dea2681e4f9f8be36992f672fee2466914f656dae,5,97,1,0.009900990099,0.2,0.010309278351
changdu-app,"[""RAW_LANGUAGE_SCOPE_V1"",""[\""number\"",\""3\""]"",[""string"",""英语""]]",8934fdda356b60d45102e75ad3cda6a82e434b190367ef6f882af6534ded4acf,Literature,TGl0ZXJhdHVyZQ==,51e49f593b9bb496176fa5b522be1d322cf6cfcaa84daadead231280206d6074,c1fa5e7c23a3fe0bbf6e1a408cc8f3427715211e961c4b93d34c92390b373466,图书,5Zu+5Lmm,b3835bfa460f7e819ecf7e1dea2681e4f9f8be36992f672fee2466914f656dae,5,97,5,0.051546391753,1,0.051546391753
changdu-app,"[""RAW_LANGUAGE_SCOPE_V1"",""[\""number\"",\""3\""]"",[""string"",""英语""]]",a3a72a9624616fa066d4e9cedd008c7e31d2aacea224fc6febef70fe11dc3a78,女频,5aWz6aKR,d9867749ec31f19fe7bfa4a782791bb108a8c9bc80653d481d3f1110f260cebb,a93f082077eef943512360d3b9865ab659fc99a91e808b01a1fe5634a6cc7106,Young Adult,WW91bmcgQWR1bHQ=,8adc01b58aab3725c9d51afdab68e091b6705d5026c2bbf36f784ceed214e092,671,184,184,0.274217585693,0.274217585693,1
changdu-app,"[""RAW_LANGUAGE_SCOPE_V1"",""[\""number\"",\""3\""]"",[""string"",""英语""]]",a3a72a9624616fa066d4e9cedd008c7e31d2aacea224fc6febef70fe11dc3a78,女频,5aWz6aKR,d9867749ec31f19fe7bfa4a782791bb108a8c9bc80653d481d3f1110f260cebb,bf127c2ee96192453eabd2008f69c812b155b43e30d2b0b8af591c729653638e,History,SGlzdG9yeQ==,0e769600933790607b2a13b33ddfade0fa17810eb62c3b28ee23e59516516491,671,32,20,0.029282576867,0.029806259314,0.625
changdu-app,"[""RAW_LANGUAGE_SCOPE_V1"",""[\""number\"",\""3\""]"",[""string"",""英语""]]",a3a72a9624616fa066d4e9cedd008c7e31d2aacea224fc6febef70fe11dc3a78,女频,5aWz6aKR,d9867749ec31f19fe7bfa4a782791bb108a8c9bc80653d481d3f1110f260cebb,e4b2a304349b946aca15bf1478131077fedbb319db7b2ecd8c4318b478892005,Short stories,U2hvcnQgc3Rvcmllcw==,306f0c3996737d1a3a97195a6269d06a1b5b0da75e7959f1ac1022782eaa1f38,671,72,72,0.107302533532,0.107302533532,1
changdu-app,"[""RAW_LANGUAGE_SCOPE_V1"",""[\""number\"",\""3\""]"",[""string"",""英语""]]",bf127c2ee96192453eabd2008f69c812b155b43e30d2b0b8af591c729653638e,History,SGlzdG9yeQ==,0e769600933790607b2a13b33ddfade0fa17810eb62c3b28ee23e59516516491,c1fa5e7c23a3fe0bbf6e1a408cc8f3427715211e961c4b93d34c92390b373466,图书,5Zu+5Lmm,b3835bfa460f7e819ecf7e1dea2681e4f9f8be36992f672fee2466914f656dae,32,97,12,0.102564102564,0.375,0.123711340206
changdu-app,"[""RAW_LANGUAGE_SCOPE_V1"",""[\""number\"",\""3\""]"",[""string"",""英语""]]",c1fa5e7c23a3fe0bbf6e1a408cc8f3427715211e961c4b93d34c92390b373466,图书,5Zu+5Lmm,b3835bfa460f7e819ecf7e1dea2681e4f9f8be36992f672fee2466914f656dae,eed52de2e4d9d69c2385bb3dd3e6fd43c6795621fd5909d2fdc409f9d310b876,Adventure,QWR2ZW50dXJl,9a3c16424750cbde029c47e059f219dc64d8943ac4073a1cc5bc9accd979fc17,97,235,35,0.117845117845,0.360824742268,0.148936170213
changdu-app,"[""RAW_LANGUAGE_SCOPE_V1"",""[\""number\"",\""4\""]"",[""string"",""西语""]]",017a5bf245d94b5124d70902e7c9331678a044d7a268925204678674dc6f6469,Historia,SGlzdG9yaWE=,47980267f3cdbed093e7f3e659ca3ec37bf07c64009c690a69f2c76bd2af7432,2d6e77f2913bea276813fc01ce9f82841b8254222c64bf6cbb1d385d226762e1,女频,5aWz6aKR,d9867749ec31f19fe7bfa4a782791bb108a8c9bc80653d481d3f1110f260cebb,7,1039,6,0.005769230769,0.857142857143,0.005774783446
changdu-app,"[""RAW_LANGUAGE_SCOPE_V1"",""[\""number\"",\""4\""]"",[""string"",""西语""]]",017a5bf245d94b5124d70902e7c9331678a044d7a268925204678674dc6f6469,Historia,SGlzdG9yaWE=,47980267f3cdbed093e7f3e659ca3ec37bf07c64009c690a69f2c76bd2af7432,ba4411b19cc8f07128e4fd843d07869225b6a7b1ac238a064e8f97b3d302e966,图书,5Zu+5Lmm,b3835bfa460f7e819ecf7e1dea2681e4f9f8be36992f672fee2466914f656dae,7,1,1,0.142857142857,0.142857142857,1
changdu-app,"[""RAW_LANGUAGE_SCOPE_V1"",""[\""number\"",\""4\""]"",[""string"",""西语""]]",071da7a5e9a82355ac1527a1fe1c0ef8605007607b1f116849cd21f4618eac77,Mafia,TWFmaWE=,35e95dfecfe2f6b88dd601cc1a2dcc2bea763f6d757419fe9a390a80ab025997,2d6e77f2913bea276813fc01ce9f82841b8254222c64bf6cbb1d385d226762e1,女频,5aWz6aKR,d9867749ec31f19fe7bfa4a782791bb108a8c9bc80653d481d3f1110f260cebb,54,1039,54,0.051973051011,1,0.051973051011
changdu-app,"[""RAW_LANGUAGE_SCOPE_V1"",""[\""number\"",\""4\""]"",[""string"",""西语""]]",143ef622ba40a9a0b4c77a8539d4107fed134b606c3e610d2fc93f2158390cb1,Adulto Joven,QWR1bHRvIEpvdmVu,02dccd840235ea7352054b1ac4a6bc3c211bc0931adc12bb6f0a23bab6409a5a,2d6e77f2913bea276813fc01ce9f82841b8254222c64bf6cbb1d385d226762e1,女频,5aWz6aKR,d9867749ec31f19fe7bfa4a782791bb108a8c9bc80653d481d3f1110f260cebb,52,1039,52,0.050048123195,1,0.050048123195
changdu-app,"[""RAW_LANGUAGE_SCOPE_V1"",""[\""number\"",\""4\""]"",[""string"",""西语""]]",1a092a12e7d397ffdc1b7bd4bc71dade4255a6879b5a054a0712359a04d66089,Ciencia Ficción,Q2llbmNpYSBGaWNjacOzbg==,2bd99ae1b6c3d9dc31b92e255b6bdbc55aea1b151674963b9d9798f7127594c7,2d6e77f2913bea276813fc01ce9f82841b8254222c64bf6cbb1d385d226762e1,女频,5aWz6aKR,d9867749ec31f19fe7bfa4a782791bb108a8c9bc80653d481d3f1110f260cebb,19,1039,17,0.016330451489,0.894736842105,0.016361886429
changdu-app,"[""RAW_LANGUAGE_SCOPE_V1"",""[\""number\"",\""4\""]"",[""string"",""西语""]]",1a092a12e7d397ffdc1b7bd4bc71dade4255a6879b5a054a0712359a04d66089,Ciencia Ficción,Q2llbmNpYSBGaWNjacOzbg==,2bd99ae1b6c3d9dc31b92e255b6bdbc55aea1b151674963b9d9798f7127594c7,4555d426ca18c8cbe88d8f290e0a2b244cfbd5f4487791cba162416ac36f021b,男频,55S36aKR,e74d73d99251bb2b99c02896258d9fbcd9817488f6538674fda26534b0b450ac,19,50,2,0.029850746269,0.105263157895,0.04
changdu-app,"[""RAW_LANGUAGE_SCOPE_V1"",""[\""number\"",\""4\""]"",[""string"",""西语""]]",2bf7eed484238ab0aaad7d05bd98f1c1eee55bb45ae6a69353c10559862d86ec,Hombre Lobo,SG9tYnJlIExvYm8=,dd35da3ab677a2f165af4405fe8a3f55d05c87380b38b8fd5bcfdbdde1b3339b,2d6e77f2913bea276813fc01ce9f82841b8254222c64bf6cbb1d385d226762e1,女频,5aWz6aKR,d9867749ec31f19fe7bfa4a782791bb108a8c9bc80653d481d3f1110f260cebb,87,1039,87,0.083734359962,1,0.083734359962
changdu-app,"[""RAW_LANGUAGE_SCOPE_V1"",""[\""number\"",\""4\""]"",[""string"",""西语""]]",2d6e77f2913bea276813fc01ce9f82841b8254222c64bf6cbb1d385d226762e1,女频,5aWz6aKR,d9867749ec31f19fe7bfa4a782791bb108a8c9bc80653d481d3f1110f260cebb,436f653510ca6ec91b231aeebba9e7a23706261078419d5b0593bc7cd5637bc3,Suspense,U3VzcGVuc2U=,f79974bd5acc9d381df06ec1aa06a21bd188e74f72462c103122f65e237e9c44,1039,40,39,0.0375,0.037536092397,0.975
changdu-app,"[""RAW_LANGUAGE_SCOPE_V1"",""[\""number\"",\""4\""]"",[""string"",""西语""]]",2d6e77f2913bea276813fc01ce9f82841b8254222c64bf6cbb1d385d226762e1,女频,5aWz6aKR,d9867749ec31f19fe7bfa4a782791bb108a8c9bc80653d481d3f1110f260cebb,44d64a637bc5fa4962ba85614ae3c8b6beb4e6bcdedf0c1d60012c10840184c8,Fantasía,RmFudGFzw61h,f0541899f0f57fdb0c1463bdf36a54f7d4bd245a881c213a72468ceb8e0648f3,1039,74,67,0.064053537285,0.064485081809,0.905405405405
changdu-app,"[""RAW_LANGUAGE_SCOPE_V1"",""[\""number\"",\""4\""]"",[""string"",""西语""]]",2d6e77f2913bea276813fc01ce9f82841b8254222c64bf6cbb1d385d226762e1,女频,5aWz6aKR,d9867749ec31f19fe7bfa4a782791bb108a8c9bc80653d481d3f1110f260cebb,5f42632b1500fef9c3fbed34fbaf621e3c863212c54986f7946a430e1c2dcb27,Xuanhuan,WHVhbmh1YW4=,2df2c7c65851681ab61711f88eced8e0be05c839de0e597560480aac9257278a,1039,4,4,0.00384985563,0.00384985563,1
changdu-app,"[""RAW_LANGUAGE_SCOPE_V1"",""[\""number\"",\""4\""]"",[""string"",""西语""]]",2d6e77f2913bea276813fc01ce9f82841b8254222c64bf6cbb1d385d226762e1,女频,5aWz6aKR,d9867749ec31f19fe7bfa4a782791bb108a8c9bc80653d481d3f1110f260cebb,645f75fad430e14763525442f9aee701d6160f68b9a04315e36a7c2179ff35d4,Cuentos,Q3VlbnRvcw==,aaa3e46f002fac2212474a96dbe8cef0eacb605a33ce807fbf77f9147f42c97e,1039,19,19,0.018286814244,0.018286814244,1
changdu-app,"[""RAW_LANGUAGE_SCOPE_V1"",""[\""number\"",\""4\""]"",[""string"",""西语""]]",2d6e77f2913bea276813fc01ce9f82841b8254222c64bf6cbb1d385d226762e1,女频,5aWz6aKR,d9867749ec31f19fe7bfa4a782791bb108a8c9bc80653d481d3f1110f260cebb,7a6e9662c0bc7773a01c3bb896c07a169c08163745cca2191311aeb8fb0bf204,Moderno,TW9kZXJubw==,35d9dfc22d5b90cf91f748a6a92b4f110d4a6c52cf181892de29fde61215c3ef,1039,287,283,0.271332694151,0.272377285852,0.98606271777
changdu-app,"[""RAW_LANGUAGE_SCOPE_V1"",""[\""number\"",\""4\""]"",[""string"",""西语""]]",2d6e77f2913bea276813fc01ce9f82841b8254222c64bf6cbb1d385d226762e1,女频,5aWz6aKR,d9867749ec31f19fe7bfa4a782791bb108a8c9bc80653d481d3f1110f260cebb,8c7c963d396ce9fb12696f4974db1188903fe9b9c2a74fdad28b3721b0c385ec,LGBT+,TEdCVCs=,e82b54800c798ebb021135f88e2cff0e6d3e47e91823700315eaa27295a3de47,1039,18,18,0.017324350337,0.017324350337,1
changdu-app,"[""RAW_LANGUAGE_SCOPE_V1"",""[\""number\"",\""4\""]"",[""string"",""西语""]]",2d6e77f2913bea276813fc01ce9f82841b8254222c64bf6cbb1d385d226762e1,女频,5aWz6aKR,d9867749ec31f19fe7bfa4a782791bb108a8c9bc80653d481d3f1110f260cebb,ac74c0e20803177ff53e8b4ed012d5efbafa78afd118a8040d3802116bc5893f,Romance,Um9tYW5jZQ==,3bc3567a7fc6511a85072520dc1bdb95a732c4aee93a6533d53954f39124d7c9,1039,250,241,0.229961832061,0.231953801732,0.964
changdu-app,"[""RAW_LANGUAGE_SCOPE_V1"",""[\""number\"",\""4\""]"",[""string"",""西语""]]",2d6e77f2913bea276813fc01ce9f82841b8254222c64bf6cbb1d385d226762e1,女频,5aWz6aKR,d9867749ec31f19fe7bfa4a782791bb108a8c9bc80653d481d3f1110f260cebb,db041b858bd2a6e0c004197a5848fa480253de7632e7b7969890672dee69882f,Otros,T3Ryb3M=,0108f1aeeef4d7cdb879901dc5b53d95f7c4f4da15b7ba4debe2338af2c773a1,1039,18,17,0.016346153846,0.016361886429,0.944444444444
changdu-app,"[""RAW_LANGUAGE_SCOPE_V1"",""[\""number\"",\""4\""]"",[""string"",""西语""]]",2d6e77f2913bea276813fc01ce9f82841b8254222c64bf6cbb1d385d226762e1,女频,5aWz6aKR,d9867749ec31f19fe7bfa4a782791bb108a8c9bc80653d481d3f1110f260cebb,f7b83ff89ef5fb91125bdc4343cdff4ec4016a77f49510fcff27c2bc6209343c,Urbano,VXJiYW5v,e8aea3db1ff4ed6aa918ab6551176fbdcdf385bc165faa71fd1e101801936d26,1039,135,135,0.129932627526,0.129932627526,1
changdu-app,"[""RAW_LANGUAGE_SCOPE_V1"",""[\""number\"",\""4\""]"",[""string"",""西语""]]",436f653510ca6ec91b231aeebba9e7a23706261078419d5b0593bc7cd5637bc3,Suspense,U3VzcGVuc2U=,f79974bd5acc9d381df06ec1aa06a21bd188e74f72462c103122f65e237e9c44,4555d426ca18c8cbe88d8f290e0a2b244cfbd5f4487791cba162416ac36f021b,男频,55S36aKR,e74d73d99251bb2b99c02896258d9fbcd9817488f6538674fda26534b0b450ac,40,50,1,0.011235955056,0.025,0.02
changdu-app,"[""RAW_LANGUAGE_SCOPE_V1"",""[\""number\"",\""4\""]"",[""string"",""西语""]]",44d64a637bc5fa4962ba85614ae3c8b6beb4e6bcdedf0c1d60012c10840184c8,Fantasía,RmFudGFzw61h,f0541899f0f57fdb0c1463bdf36a54f7d4bd245a881c213a72468ceb8e0648f3,4555d426ca18c8cbe88d8f290e0a2b244cfbd5f4487791cba162416ac36f021b,男频,55S36aKR,e74d73d99251bb2b99c02896258d9fbcd9817488f6538674fda26534b0b450ac,74,50,7,0.059829059829,0.094594594595,0.14
changdu-app,"[""RAW_LANGUAGE_SCOPE_V1"",""[\""number\"",\""4\""]"",[""string"",""西语""]]",4555d426ca18c8cbe88d8f290e0a2b244cfbd5f4487791cba162416ac36f021b,男频,55S36aKR,e74d73d99251bb2b99c02896258d9fbcd9817488f6538674fda26534b0b450ac,7a6e9662c0bc7773a01c3bb896c07a169c08163745cca2191311aeb8fb0bf204,Moderno,TW9kZXJubw==,35d9dfc22d5b90cf91f748a6a92b4f110d4a6c52cf181892de29fde61215c3ef,50,287,4,0.012012012012,0.08,0.01393728223
changdu-app,"[""RAW_LANGUAGE_SCOPE_V1"",""[\""number\"",\""4\""]"",[""string"",""西语""]]",4555d426ca18c8cbe88d8f290e0a2b244cfbd5f4487791cba162416ac36f021b,男频,55S36aKR,e74d73d99251bb2b99c02896258d9fbcd9817488f6538674fda26534b0b450ac,ac74c0e20803177ff53e8b4ed012d5efbafa78afd118a8040d3802116bc5893f,Romance,Um9tYW5jZQ==,3bc3567a7fc6511a85072520dc1bdb95a732c4aee93a6533d53954f39124d7c9,50,250,9,0.030927835052,0.18,0.036
changdu-app,"[""RAW_LANGUAGE_SCOPE_V1"",""[\""number\"",\""4\""]"",[""string"",""西语""]]",4555d426ca18c8cbe88d8f290e0a2b244cfbd5f4487791cba162416ac36f021b,男频,55S36aKR,e74d73d99251bb2b99c02896258d9fbcd9817488f6538674fda26534b0b450ac,b735098486d0de7926048aa055fe25736ae2e063ab2c2b413ca5540b27ad0813,Aventura,QXZlbnR1cmE=,edac19050590702c79bee4e6d1cb17ceba8f854714bf6179ca697921a9022337,50,26,26,0.52,0.52,1
changdu-app,"[""RAW_LANGUAGE_SCOPE_V1"",""[\""number\"",\""4\""]"",[""string"",""西语""]]",4555d426ca18c8cbe88d8f290e0a2b244cfbd5f4487791cba162416ac36f021b,男频,55S36aKR,e74d73d99251bb2b99c02896258d9fbcd9817488f6538674fda26534b0b450ac,db041b858bd2a6e0c004197a5848fa480253de7632e7b7969890672dee69882f,Otros,T3Ryb3M=,0108f1aeeef4d7cdb879901dc5b53d95f7c4f4da15b7ba4debe2338af2c773a1,50,18,1,0.014925373134,0.02,0.055555555556
changdu-app,"[""RAW_LANGUAGE_SCOPE_V1"",""[\""number\"",\""5\""]"",[""string"",""葡语""]]",1a4f9633777d85fa5bbaa246da453f8b1779baf4361c362e3dad25cea5759943,Xuanhuan,WHVhbmh1YW4=,2df2c7c65851681ab61711f88eced8e0be05c839de0e597560480aac9257278a,82203655d52b242d75c59768d0c37539ac9456a1caef12f40c610dd75fa3b469,女频,5aWz6aKR,d9867749ec31f19fe7bfa4a782791bb108a8c9bc80653d481d3f1110f260cebb,6,1026,6,0.005847953216,1,0.005847953216
changdu-app,"[""RAW_LANGUAGE_SCOPE_V1"",""[\""number\"",\""5\""]"",[""string"",""葡语""]]",440e2846237c62a076109b4fc7fe4f49cdf55f075e045b29892766766f3e9df5,Outras,T3V0cmFz,fd23c9f03f44eb4932fc5dc9a5b4b25df13125e850965845bdccb79bcab41256,82203655d52b242d75c59768d0c37539ac9456a1caef12f40c610dd75fa3b469,女频,5aWz6aKR,d9867749ec31f19fe7bfa4a782791bb108a8c9bc80653d481d3f1110f260cebb,16,1026,11,0.010669253152,0.6875,0.010721247563
changdu-app,"[""RAW_LANGUAGE_SCOPE_V1"",""[\""number\"",\""5\""]"",[""string"",""葡语""]]",440e2846237c62a076109b4fc7fe4f49cdf55f075e045b29892766766f3e9df5,Outras,T3V0cmFz,fd23c9f03f44eb4932fc5dc9a5b4b25df13125e850965845bdccb79bcab41256,8459d6b0e8969d1e985c2e391af6d8faa70deafa81987b1a545454ba11a13be4,男频,55S36aKR,e74d73d99251bb2b99c02896258d9fbcd9817488f6538674fda26534b0b450ac,16,59,5,0.071428571429,0.3125,0.084745762712
changdu-app,"[""RAW_LANGUAGE_SCOPE_V1"",""[\""number\"",\""5\""]"",[""string"",""葡语""]]",77b947889d3bbf441dfb5a829e334cbd437a9a8f06f660f284ca05adcfe4d5e5,Aventura,QXZlbnR1cmE=,edac19050590702c79bee4e6d1cb17ceba8f854714bf6179ca697921a9022337,8459d6b0e8969d1e985c2e391af6d8faa70deafa81987b1a545454ba11a13be4,男频,55S36aKR,e74d73d99251bb2b99c02896258d9fbcd9817488f6538674fda26534b0b450ac,36,59,36,0.610169491525,1,0.610169491525
changdu-app,"[""RAW_LANGUAGE_SCOPE_V1"",""[\""number\"",\""5\""]"",[""string"",""葡语""]]",78a91436d286310a553adeeb08f12b999dfacb152eda9c9119a6869ad70fa7e3,Moderno,TW9kZXJubw==,35d9dfc22d5b90cf91f748a6a92b4f110d4a6c52cf181892de29fde61215c3ef,82203655d52b242d75c59768d0c37539ac9456a1caef12f40c610dd75fa3b469,女频,5aWz6aKR,d9867749ec31f19fe7bfa4a782791bb108a8c9bc80653d481d3f1110f260cebb,410,1026,405,0.392822502425,0.987804878049,0.394736842105
changdu-app,"[""RAW_LANGUAGE_SCOPE_V1"",""[\""number\"",\""5\""]"",[""string"",""葡语""]]",78a91436d286310a553adeeb08f12b999dfacb152eda9c9119a6869ad70fa7e3,Moderno,TW9kZXJubw==,35d9dfc22d5b90cf91f748a6a92b4f110d4a6c52cf181892de29fde61215c3ef,8459d6b0e8969d1e985c2e391af6d8faa70deafa81987b1a545454ba11a13be4,男频,55S36aKR,e74d73d99251bb2b99c02896258d9fbcd9817488f6538674fda26534b0b450ac,410,59,5,0.010775862069,0.012195121951,0.084745762712
changdu-app,"[""RAW_LANGUAGE_SCOPE_V1"",""[\""number\"",\""5\""]"",[""string"",""葡语""]]",7d737b5cdd078afd7aa799ba80867b5636e382f673b84c534351f6906dddd42a,LGBT+,TEdCVCs=,e82b54800c798ebb021135f88e2cff0e6d3e47e91823700315eaa27295a3de47,82203655d52b242d75c59768d0c37539ac9456a1caef12f40c610dd75fa3b469,女频,5aWz6aKR,d9867749ec31f19fe7bfa4a782791bb108a8c9bc80653d481d3f1110f260cebb,13,1026,13,0.012670565302,1,0.012670565302
changdu-app,"[""RAW_LANGUAGE_SCOPE_V1"",""[\""number\"",\""5\""]"",[""string"",""葡语""]]",82203655d52b242d75c59768d0c37539ac9456a1caef12f40c610dd75fa3b469,女频,5aWz6aKR,d9867749ec31f19fe7bfa4a782791bb108a8c9bc80653d481d3f1110f260cebb,9eb1ea1dbb5dff5bfcea24700bec12e390a1ec11e49cc1046b35f1d666eed181,Sci-fi,U2NpLWZp,2f94b971bff642a9cbb09297fceffef23565dc081c700eec15de6d1f8d6af5ab,1026,5,4,0.003894839338,0.003898635478,0.8
changdu-app,"[""RAW_LANGUAGE_SCOPE_V1"",""[\""number\"",\""5\""]"",[""string"",""葡语""]]",82203655d52b242d75c59768d0c37539ac9456a1caef12f40c610dd75fa3b469,女频,5aWz6aKR,d9867749ec31f19fe7bfa4a782791bb108a8c9bc80653d481d3f1110f260cebb,a998a803f7c6f1c3b1048b722e796337ce6c65502627bb938788e0c554369619,Horror,SG9ycm9y,271a22f75d73e13fa558d991442ecde8d75a34a0b9f6216d44b116f8612c82dc,1026,7,6,0.005842259007,0.005847953216,0.857142857143
changdu-app,"[""RAW_LANGUAGE_SCOPE_V1"",""[\""number\"",\""5\""]"",[""string"",""葡语""]]",82203655d52b242d75c59768d0c37539ac9456a1caef12f40c610dd75fa3b469,女频,5aWz6aKR,d9867749ec31f19fe7bfa4a782791bb108a8c9bc80653d481d3f1110f260cebb,aa2819f1cb9782618e389184912ab53cd6ede4cafb71f0923f58e6a919122d68,História,SGlzdMOzcmlh,951c1be6281800eef8f2148d0bebe487b66ffce6ef1b0fe7a3be322c00b186c8,1026,14,14,0.013645224172,0.013645224172,1
changdu-app,"[""RAW_LANGUAGE_SCOPE_V1"",""[\""number\"",\""5\""]"",[""string"",""葡语""]]",82203655d52b242d75c59768d0c37539ac9456a1caef12f40c610dd75fa3b469,女频,5aWz6aKR,d9867749ec31f19fe7bfa4a782791bb108a8c9bc80653d481d3f1110f260cebb,aa89b08f7e83ef14f6388ee3c71ba034ec851fff5898fb9e2ca117701a613735,Máfia,TcOhZmlh,aca1c1abe5e0be83030730383d310484509f7fb4f3d8a86ab0dc6cdc1fcdab02,1026,48,48,0.046783625731,0.046783625731,1
changdu-app,"[""RAW_LANGUAGE_SCOPE_V1"",""[\""number\"",\""5\""]"",[""string"",""葡语""]]",82203655d52b242d75c59768d0c37539ac9456a1caef12f40c610dd75fa3b469,女频,5aWz6aKR,d9867749ec31f19fe7bfa4a782791bb108a8c9bc80653d481d3f1110f260cebb,afc88faa7f36064fa098b101bdc4b90c462e246e9eb151d369cd1b7f6b839e34,Contos,Q29udG9z,ff5e79d6a84f53b1e38691002a7caf61d38830cc5236ac4a0ce262692b922d92,1026,16,16,0.01559454191,0.01559454191,1
changdu-app,"[""RAW_LANGUAGE_SCOPE_V1"",""[\""number\"",\""5\""]"",[""string"",""葡语""]]",82203655d52b242d75c59768d0c37539ac9456a1caef12f40c610dd75fa3b469,女频,5aWz6aKR,d9867749ec31f19fe7bfa4a782791bb108a8c9bc80653d481d3f1110f260cebb,b1865a3ea61258c57a5576a0413d1727a692253088f221d8f1aeb60f7ece17e3,Bilionários,QmlsaW9uw6FyaW9z,1b5e565f3dd7e86a3e89bde0122032940c7661b518fef4ffcafb90eb4bfac8fb,1026,107,107,0.104288499025,0.104288499025,1
changdu-app,"[""RAW_LANGUAGE_SCOPE_V1"",""[\""number\"",\""5\""]"",[""string"",""葡语""]]",82203655d52b242d75c59768d0c37539ac9456a1caef12f40c610dd75fa3b469,女频,5aWz6aKR,d9867749ec31f19fe7bfa4a782791bb108a8c9bc80653d481d3f1110f260cebb,be691dc221166ffa119ea88a45735eca0fb2b7c94135bcf3a52e2e76c2380da0,Lobisomem,TG9iaXNvbWVt,0e91bd151242a6e237f82717d6a7fbf6b37d20cd855e9b37171887e1a783c70a,1026,51,51,0.049707602339,0.049707602339,1
changdu-app,"[""RAW_LANGUAGE_SCOPE_V1"",""[\""number\"",\""5\""]"",[""string"",""葡语""]]",82203655d52b242d75c59768d0c37539ac9456a1caef12f40c610dd75fa3b469,女频,5aWz6aKR,d9867749ec31f19fe7bfa4a782791bb108a8c9bc80653d481d3f1110f260cebb,c2032317c2b633e36f3f58c71086179431a7383414f6c0c6780aa3621969f04f,Fantasia,RmFudGFzaWE=,ccbc7bba94da3dda8636a0b0b90a4a56874000fe84356f9011f5deaabf88d714,1026,37,37,0.036062378168,0.036062378168,1
changdu-app,"[""RAW_LANGUAGE_SCOPE_V1"",""[\""number\"",\""5\""]"",[""string"",""葡语""]]",82203655d52b242d75c59768d0c37539ac9456a1caef12f40c610dd75fa3b469,女频,5aWz6aKR,d9867749ec31f19fe7bfa4a782791bb108a8c9bc80653d481d3f1110f260cebb,fa843cd90dcd6d71a1106537959c363aade125f6e0d7d55a415ed0867fd5ca72,Romance,Um9tYW5jZQ==,3bc3567a7fc6511a85072520dc1bdb95a732c4aee93a6533d53954f39124d7c9,1026,273,262,0.252651880424,0.255360623782,0.959706959707
changdu-app,"[""RAW_LANGUAGE_SCOPE_V1"",""[\""number\"",\""5\""]"",[""string"",""葡语""]]",82203655d52b242d75c59768d0c37539ac9456a1caef12f40c610dd75fa3b469,女频,5aWz6aKR,d9867749ec31f19fe7bfa4a782791bb108a8c9bc80653d481d3f1110f260cebb,ffdb87a84de39954d3b80b056588861e7557972ace4ca8ca88e9eb8c6e782c4e,Jovem Adulto,Sm92ZW0gQWR1bHRv,0cc775bca734b56e30896622bb223ae343a4cf2ccb2af249540380891acb61eb,1026,46,46,0.044834307992,0.044834307992,1
changdu-app,"[""RAW_LANGUAGE_SCOPE_V1"",""[\""number\"",\""5\""]"",[""string"",""葡语""]]",8459d6b0e8969d1e985c2e391af6d8faa70deafa81987b1a545454ba11a13be4,男频,55S36aKR,e74d73d99251bb2b99c02896258d9fbcd9817488f6538674fda26534b0b450ac,9eb1ea1dbb5dff5bfcea24700bec12e390a1ec11e49cc1046b35f1d666eed181,Sci-fi,U2NpLWZp,2f94b971bff642a9cbb09297fceffef23565dc081c700eec15de6d1f8d6af5ab,59,5,1,0.015873015873,0.016949152542,0.2
changdu-app,"[""RAW_LANGUAGE_SCOPE_V1"",""[\""number\"",\""5\""]"",[""string"",""葡语""]]",8459d6b0e8969d1e985c2e391af6d8faa70deafa81987b1a545454ba11a13be4,男频,55S36aKR,e74d73d99251bb2b99c02896258d9fbcd9817488f6538674fda26534b0b450ac,a998a803f7c6f1c3b1048b722e796337ce6c65502627bb938788e0c554369619,Horror,SG9ycm9y,271a22f75d73e13fa558d991442ecde8d75a34a0b9f6216d44b116f8612c82dc,59,7,1,0.015384615385,0.016949152542,0.142857142857
changdu-app,"[""RAW_LANGUAGE_SCOPE_V1"",""[\""number\"",\""5\""]"",[""string"",""葡语""]]",8459d6b0e8969d1e985c2e391af6d8faa70deafa81987b1a545454ba11a13be4,男频,55S36aKR,e74d73d99251bb2b99c02896258d9fbcd9817488f6538674fda26534b0b450ac,fa843cd90dcd6d71a1106537959c363aade125f6e0d7d55a415ed0867fd5ca72,Romance,Um9tYW5jZQ==,3bc3567a7fc6511a85072520dc1bdb95a732c4aee93a6533d53954f39124d7c9,59,273,11,0.034267912773,0.186440677966,0.040293040293
changdu-app,"[""RAW_LANGUAGE_SCOPE_V1"",""[\""number\"",\""6\""]"",[""string"",""法语""]]",031efdbb9f32122a5ef0bb5e87f307ef65a1f7ceb83b2b62834f4b6ee32f945b,Xuanhuan,WHVhbmh1YW4=,2df2c7c65851681ab61711f88eced8e0be05c839de0e597560480aac9257278a,f480faf3ac3527e08602448554664c3d7cbee54ce6e2cecd05a56b0a4a3f0639,女频,5aWz6aKR,d9867749ec31f19fe7bfa4a782791bb108a8c9bc80653d481d3f1110f260cebb,7,986,7,0.007099391481,1,0.007099391481
changdu-app,"[""RAW_LANGUAGE_SCOPE_V1"",""[\""number\"",\""6\""]"",[""string"",""法语""]]",0f66949f1c491611d2da34cced0b4fcf940ec174a572240af4a16598916ee4ff,Horreur,SG9ycmV1cg==,f4e6ed48bcb9b71397210becffc699c7063a8101506e4e98c030c9b26e5618b9,5b2e4fe593afdc9ff8087237df8279cdc9dc4d45d8c46eb0b34526aa37e4d704,男频,55S36aKR,e74d73d99251bb2b99c02896258d9fbcd9817488f6538674fda26534b0b450ac,21,99,2,0.016949152542,0.095238095238,0.020202020202
changdu-app,"[""RAW_LANGUAGE_SCOPE_V1"",""[\""number\"",\""6\""]"",[""string"",""法语""]]",0f66949f1c491611d2da34cced0b4fcf940ec174a572240af4a16598916ee4ff,Horreur,SG9ycmV1cg==,f4e6ed48bcb9b71397210becffc699c7063a8101506e4e98c030c9b26e5618b9,f480faf3ac3527e08602448554664c3d7cbee54ce6e2cecd05a56b0a4a3f0639,女频,5aWz6aKR,d9867749ec31f19fe7bfa4a782791bb108a8c9bc80653d481d3f1110f260cebb,21,986,19,0.019230769231,0.904761904762,0.019269776876
changdu-app,"[""RAW_LANGUAGE_SCOPE_V1"",""[\""number\"",\""6\""]"",[""string"",""法语""]]",14991c059e9dc86bfa3201d1121c09a815355213639d2927eede11fa42fe49ed,Histoire,SGlzdG9pcmU=,7c574fe25d60550a761cfd7c2e3a1c46b8656913a9f26bb72dac406bf8774229,f480faf3ac3527e08602448554664c3d7cbee54ce6e2cecd05a56b0a4a3f0639,女频,5aWz6aKR,d9867749ec31f19fe7bfa4a782791bb108a8c9bc80653d481d3f1110f260cebb,49,986,49,0.049695740365,1,0.049695740365
changdu-app,"[""RAW_LANGUAGE_SCOPE_V1"",""[\""number\"",\""6\""]"",[""string"",""法语""]]",15406c6ebbc42b881ba3801e0730faf1f50349be5d18ef584b3de91aeb5138b6,Aventure,QXZlbnR1cmU=,9041de6d46d70592cc5370cd1aa075ad2284581447ee4b408100afb3e1bd7024,5b2e4fe593afdc9ff8087237df8279cdc9dc4d45d8c46eb0b34526aa37e4d704,男频,55S36aKR,e74d73d99251bb2b99c02896258d9fbcd9817488f6538674fda26534b0b450ac,55,99,55,0.555555555556,1,0.555555555556
changdu-app,"[""RAW_LANGUAGE_SCOPE_V1"",""[\""number\"",\""6\""]"",[""string"",""法语""]]",2d730fa1cfb7b026a027912a79fc9eae2d18ad09100921aabe3304a3dd49d61e,Sci-Fi,U2NpLUZp,19437ff645c91301b0b42fe80a79b09a57e8e8b45fb6c74699bdadc0bd88257a,5b2e4fe593afdc9ff8087237df8279cdc9dc4d45d8c46eb0b34526aa37e4d704,男频,55S36aKR,e74d73d99251bb2b99c02896258d9fbcd9817488f6538674fda26534b0b450ac,15,99,3,0.027027027027,0.2,0.030303030303
changdu-app,"[""RAW_LANGUAGE_SCOPE_V1"",""[\""number\"",\""6\""]"",[""string"",""法语""]]",2d730fa1cfb7b026a027912a79fc9eae2d18ad09100921aabe3304a3dd49d61e,Sci-Fi,U2NpLUZp,19437ff645c91301b0b42fe80a79b09a57e8e8b45fb6c74699bdadc0bd88257a,f480faf3ac3527e08602448554664c3d7cbee54ce6e2cecd05a56b0a4a3f0639,女频,5aWz6aKR,d9867749ec31f19fe7bfa4a782791bb108a8c9bc80653d481d3f1110f260cebb,15,986,12,0.01213346815,0.8,0.012170385396
changdu-app,"[""RAW_LANGUAGE_SCOPE_V1"",""[\""number\"",\""6\""]"",[""string"",""法语""]]",2eb256d2e530f7f20d3f186a029f7b9e93d519a955f76ad0705a5908efb97d83,Fantaisie,RmFudGFpc2ll,8ae8082a8f51693e30f9c3c8b132a42d8ca437113df24d330ea895374f15c9f3,5b2e4fe593afdc9ff8087237df8279cdc9dc4d45d8c46eb0b34526aa37e4d704,男频,55S36aKR,e74d73d99251bb2b99c02896258d9fbcd9817488f6538674fda26534b0b450ac,47,99,4,0.028169014085,0.085106382979,0.040404040404
changdu-app,"[""RAW_LANGUAGE_SCOPE_V1"",""[\""number\"",\""6\""]"",[""string"",""法语""]]",2eb256d2e530f7f20d3f186a029f7b9e93d519a955f76ad0705a5908efb97d83,Fantaisie,RmFudGFpc2ll,8ae8082a8f51693e30f9c3c8b132a42d8ca437113df24d330ea895374f15c9f3,f480faf3ac3527e08602448554664c3d7cbee54ce6e2cecd05a56b0a4a3f0639,女频,5aWz6aKR,d9867749ec31f19fe7bfa4a782791bb108a8c9bc80653d481d3f1110f260cebb,47,986,43,0.043434343434,0.914893617021,0.043610547667
changdu-app,"[""RAW_LANGUAGE_SCOPE_V1"",""[\""number\"",\""6\""]"",[""string"",""法语""]]",40d2f054d889b111eaa1e98bee288c54fc2d25bb0baa6642bcdf468fc4a70cf9,Milliardaire,TWlsbGlhcmRhaXJl,595e730754646e2d6cd68b7c12218558ea2693c0f7763630fb2cc580b333dd8e,f480faf3ac3527e08602448554664c3d7cbee54ce6e2cecd05a56b0a4a3f0639,女频,5aWz6aKR,d9867749ec31f19fe7bfa4a782791bb108a8c9bc80653d481d3f1110f260cebb,125,986,125,0.12677484787,1,0.12677484787
changdu-app,"[""RAW_LANGUAGE_SCOPE_V1"",""[\""number\"",\""6\""]"",[""string"",""法语""]]",44ff2d66c02f4390ba4482ce96886f3b8a40a3501838879b3c170c502e6132f9,LGBT+,TEdCVCs=,e82b54800c798ebb021135f88e2cff0e6d3e47e91823700315eaa27295a3de47,f480faf3ac3527e08602448554664c3d7cbee54ce6e2cecd05a56b0a4a3f0639,女频,5aWz6aKR,d9867749ec31f19fe7bfa4a782791bb108a8c9bc80653d481d3f1110f260cebb,8,986,8,0.008113590264,1,0.008113590264
changdu-app,"[""RAW_LANGUAGE_SCOPE_V1"",""[\""number\"",\""6\""]"",[""string"",""法语""]]",46669b660b36278d1932cbe60fe628eb7820829b16651a7d9efb5652f30a0146,Mafia,TWFmaWE=,35e95dfecfe2f6b88dd601cc1a2dcc2bea763f6d757419fe9a390a80ab025997,f480faf3ac3527e08602448554664c3d7cbee54ce6e2cecd05a56b0a4a3f0639,女频,5aWz6aKR,d9867749ec31f19fe7bfa4a782791bb108a8c9bc80653d481d3f1110f260cebb,44,986,44,0.04462474645,1,0.04462474645
changdu-app,"[""RAW_LANGUAGE_SCOPE_V1"",""[\""number\"",\""6\""]"",[""string"",""法语""]]",57d6bcd2a78f99cda55a550266ffbca3261f9371223f6c89e8537f82090978fe,Loup-garou,TG91cC1nYXJvdQ==,fdadc1efde6f809533133a97b865fa2f94d246aa5133cd89850185e83b2cd995,f480faf3ac3527e08602448554664c3d7cbee54ce6e2cecd05a56b0a4a3f0639,女频,5aWz6aKR,d9867749ec31f19fe7bfa4a782791bb108a8c9bc80653d481d3f1110f260cebb,162,986,162,0.16430020284,1,0.16430020284
changdu-app,"[""RAW_LANGUAGE_SCOPE_V1"",""[\""number\"",\""6\""]"",[""string"",""法语""]]",5b2e4fe593afdc9ff8087237df8279cdc9dc4d45d8c46eb0b34526aa37e4d704,男频,55S36aKR,e74d73d99251bb2b99c02896258d9fbcd9817488f6538674fda26534b0b450ac,7db00f837c00ecc0eb2063d8dd2378f63363bc86520071353d24721715951197,Moderne,TW9kZXJuZQ==,ea2049ce73dc464f4f449f4a570e8f16862bb2225bff80a1c07e2ccbabca49ac,99,341,7,0.016166281755,0.070707070707,0.020527859238
changdu-app,"[""RAW_LANGUAGE_SCOPE_V1"",""[\""number\"",\""6\""]"",[""string"",""法语""]]",5b2e4fe593afdc9ff8087237df8279cdc9dc4d45d8c46eb0b34526aa37e4d704,男频,55S36aKR,e74d73d99251bb2b99c02896258d9fbcd9817488f6538674fda26534b0b450ac,c2b06f62ae95e2d4b4351964e59eff5bc08cbf4d3e59e153dd0ac14a95b95161,Autres,QXV0cmVz,eaa2318178c83b85c5aa677eb3ef6be74372b36353b33a3921ba83b2c4624cf1,99,16,5,0.045454545455,0.050505050505,0.3125
changdu-app,"[""RAW_LANGUAGE_SCOPE_V1"",""[\""number\"",\""6\""]"",[""string"",""法语""]]",5b2e4fe593afdc9ff8087237df8279cdc9dc4d45d8c46eb0b34526aa37e4d704,男频,55S36aKR,e74d73d99251bb2b99c02896258d9fbcd9817488f6538674fda26534b0b450ac,d90023719c14b814b4b64501daf1af5d69131c00d9dfc1ec024de2af4db731ec,Romance,Um9tYW5jZQ==,3bc3567a7fc6511a85072520dc1bdb95a732c4aee93a6533d53954f39124d7c9,99,167,23,0.094650205761,0.232323232323,0.137724550898
changdu-app,"[""RAW_LANGUAGE_SCOPE_V1"",""[\""number\"",\""6\""]"",[""string"",""法语""]]",7db00f837c00ecc0eb2063d8dd2378f63363bc86520071353d24721715951197,Moderne,TW9kZXJuZQ==,ea2049ce73dc464f4f449f4a570e8f16862bb2225bff80a1c07e2ccbabca49ac,f480faf3ac3527e08602448554664c3d7cbee54ce6e2cecd05a56b0a4a3f0639,女频,5aWz6aKR,d9867749ec31f19fe7bfa4a782791bb108a8c9bc80653d481d3f1110f260cebb,341,986,334,0.33635448137,0.979472140762,0.338742393509
changdu-app,"[""RAW_LANGUAGE_SCOPE_V1"",""[\""number\"",\""6\""]"",[""string"",""法语""]]",a828d42c5e6c0d4c778b45e6fa794f5042eaad6f79969865f550e9dd2e879135,Nouvelle,Tm91dmVsbGU=,85aea9c936e8b68acdee144e69c91222ac479eb66e8eb4ae6a957566d88d7b33,f480faf3ac3527e08602448554664c3d7cbee54ce6e2cecd05a56b0a4a3f0639,女频,5aWz6aKR,d9867749ec31f19fe7bfa4a782791bb108a8c9bc80653d481d3f1110f260cebb,8,986,8,0.008113590264,1,0.008113590264
changdu-app,"[""RAW_LANGUAGE_SCOPE_V1"",""[\""number\"",\""6\""]"",[""string"",""法语""]]",c2b06f62ae95e2d4b4351964e59eff5bc08cbf4d3e59e153dd0ac14a95b95161,Autres,QXV0cmVz,eaa2318178c83b85c5aa677eb3ef6be74372b36353b33a3921ba83b2c4624cf1,f480faf3ac3527e08602448554664c3d7cbee54ce6e2cecd05a56b0a4a3f0639,女频,5aWz6aKR,d9867749ec31f19fe7bfa4a782791bb108a8c9bc80653d481d3f1110f260cebb,16,986,11,0.011099899092,0.6875,0.011156186613
changdu-app,"[""RAW_LANGUAGE_SCOPE_V1"",""[\""number\"",\""6\""]"",[""string"",""法语""]]",c77e3141d7ccfa6928aac8f729b8efafa71fe4dbfc89c40a5d1decc2605d4ea4,Jeunesse,SmV1bmVzc2U=,03ed9f09ab219695370e10ecc364d6fd472c23da398dcc285f44f17b684fd7c2,f480faf3ac3527e08602448554664c3d7cbee54ce6e2cecd05a56b0a4a3f0639,女频,5aWz6aKR,d9867749ec31f19fe7bfa4a782791bb108a8c9bc80653d481d3f1110f260cebb,20,986,20,0.020283975659,1,0.020283975659
changdu-app,"[""RAW_LANGUAGE_SCOPE_V1"",""[\""number\"",\""6\""]"",[""string"",""法语""]]",d90023719c14b814b4b64501daf1af5d69131c00d9dfc1ec024de2af4db731ec,Romance,Um9tYW5jZQ==,3bc3567a7fc6511a85072520dc1bdb95a732c4aee93a6533d53954f39124d7c9,f480faf3ac3527e08602448554664c3d7cbee54ce6e2cecd05a56b0a4a3f0639,女频,5aWz6aKR,d9867749ec31f19fe7bfa4a782791bb108a8c9bc80653d481d3f1110f260cebb,167,986,144,0.14271555996,0.862275449102,0.146044624746
changdu-app,"[""RAW_LANGUAGE_SCOPE_V1"",""[\""number\"",\""7\""]"",[""string"",""俄语""]]",0bef4c7bb715686e2f0b4447223ab2ab2d5862d247acb5adf4795e1d0f1e4dc2,男频,55S36aKR,e74d73d99251bb2b99c02896258d9fbcd9817488f6538674fda26534b0b450ac,883f36a38511a9bb773752492709def9b8cfa84d40a8b5ece3a44b4ee8d54c2f,Приключе,0J/RgNC40LrQu9GO0YfQtQ==,7f79730787eaec3447976fe5e68b547d5d37c3e5b11e870e0b5a06be0282977f,31,14,14,0.451612903226,0.451612903226,1
changdu-app,"[""RAW_LANGUAGE_SCOPE_V1"",""[\""number\"",\""7\""]"",[""string"",""俄语""]]",0bef4c7bb715686e2f0b4447223ab2ab2d5862d247acb5adf4795e1d0f1e4dc2,男频,55S36aKR,e74d73d99251bb2b99c02896258d9fbcd9817488f6538674fda26534b0b450ac,946286a58a2a10f49950608fc63a351aaed1bc45f74085eb8cbb9c5cc0876710,Оборотни,0J7QsdC+0YDQvtGC0L3QuA==,677105c0f7864217c22115d8fc33337574541c407d56aeb84239ef7019a72546,31,54,1,0.011904761905,0.032258064516,0.018518518519
changdu-app,"[""RAW_LANGUAGE_SCOPE_V1"",""[\""number\"",\""7\""]"",[""string"",""俄语""]]",0bef4c7bb715686e2f0b4447223ab2ab2d5862d247acb5adf4795e1d0f1e4dc2,男频,55S36aKR,e74d73d99251bb2b99c02896258d9fbcd9817488f6538674fda26534b0b450ac,9560715e693946cefda493cc90b5057066dc4df52ee8fe5838bdefbe7298212e,Соврем,0KHQvtCy0YDQtdC8,8c386b01278fe2fffc1cea9b1057de6af74d9f2635de4649fa5db4dfa86d84ea,31,152,4,0.022346368715,0.129032258065,0.026315789474
changdu-app,"[""RAW_LANGUAGE_SCOPE_V1"",""[\""number\"",\""7\""]"",[""string"",""俄语""]]",0bef4c7bb715686e2f0b4447223ab2ab2d5862d247acb5adf4795e1d0f1e4dc2,男频,55S36aKR,e74d73d99251bb2b99c02896258d9fbcd9817488f6538674fda26534b0b450ac,ad90ddc4f0d8b3012bf3798477dcc3946499861db1ae1f062475883696afb8c7,Сай-фай,0KHQsNC5LdGE0LDQuQ==,acb330fc77268f39362960dd54c493b569bdb75d216cae66e170a1a841e55331,31,4,1,0.029411764706,0.032258064516,0.25
changdu-app,"[""RAW_LANGUAGE_SCOPE_V1"",""[\""number\"",\""7\""]"",[""string"",""俄语""]]",0bef4c7bb715686e2f0b4447223ab2ab2d5862d247acb5adf4795e1d0f1e4dc2,男频,55S36aKR,e74d73d99251bb2b99c02896258d9fbcd9817488f6538674fda26534b0b450ac,d1e17d96266578d1f42a4e912496bda8dc659af877db5be15a1548f29f675da3,Фантастика,0KTQsNC90YLQsNGB0YLQuNC60LA=,b0037daef31575bc5e3384a442e76e9589b3b531f2cfad451aaa889b8616fef4,31,20,4,0.085106382979,0.129032258065,0.2
changdu-app,"[""RAW_LANGUAGE_SCOPE_V1"",""[\""number\"",\""7\""]"",[""string"",""俄语""]]",0bef4c7bb715686e2f0b4447223ab2ab2d5862d247acb5adf4795e1d0f1e4dc2,男频,55S36aKR,e74d73d99251bb2b99c02896258d9fbcd9817488f6538674fda26534b0b450ac,d97d6e4d28afd606292a644d8271c9a0ce08f24cf530e587b99df4b16ef5e373,Фэнтези,0KTRjdC90YLQtdC30Lg=,84cf92c97e2cff5f40df5523327b45500f0dc4fa7ec768ece2857f13d0190a6c,31,99,2,0.015625,0.064516129032,0.020202020202
changdu-app,"[""RAW_LANGUAGE_SCOPE_V1"",""[\""number\"",\""7\""]"",[""string"",""俄语""]]",0bef4c7bb715686e2f0b4447223ab2ab2d5862d247acb5adf4795e1d0f1e4dc2,男频,55S36aKR,e74d73d99251bb2b99c02896258d9fbcd9817488f6538674fda26534b0b450ac,fa6cd734403603fd4e9b6d07cdb3e5b01843e3699d75ad8001b771d26f32e762,Романы,0KDQvtC80LDQvdGL,e1eaaba2fe5dac5a457987c81c40990b1da6d7bf25e7c4b36d7f12a02c30c564,31,174,5,0.025,0.161290322581,0.028735632184
changdu-app,"[""RAW_LANGUAGE_SCOPE_V1"",""[\""number\"",\""7\""]"",[""string"",""俄语""]]",2f8e1fc4a08147ee074419fffaa7a359dc53fa55169435aff53fcb61710ab34c,Для взрослых,0JTQu9GPINCy0LfRgNC+0YHQu9GL0YU=,4ac6fed8406130d2a45d96c606625092276a657530d74e7e893499f17f7f14ae,cdd6b811224babcbf25be94c5f698c27ed0dbb586b2cec4f023317ceef2c08a9,女频,5aWz6aKR,d9867749ec31f19fe7bfa4a782791bb108a8c9bc80653d481d3f1110f260cebb,6,584,6,0.010273972603,1,0.010273972603
changdu-app,"[""RAW_LANGUAGE_SCOPE_V1"",""[\""number\"",\""7\""]"",[""string"",""俄语""]]",39fcac8e0df8a6573ceebe31c14bcd5600a6ac840e189eb39af708711eccc1dc,История,0JjRgdGC0L7RgNC40Y8=,1417b7792d57bbb792b008b683c540380387d0f1e8773ac274741507321e73e8,cdd6b811224babcbf25be94c5f698c27ed0dbb586b2cec4f023317ceef2c08a9,女频,5aWz6aKR,d9867749ec31f19fe7bfa4a782791bb108a8c9bc80653d481d3f1110f260cebb,4,584,4,0.006849315068,1,0.006849315068
changdu-app,"[""RAW_LANGUAGE_SCOPE_V1"",""[\""number\"",\""7\""]"",[""string"",""俄语""]]",3ff3f3be6bd51d40da4637a41f4696b166124be2ec161d13a9c8aa75f9a3054f,Разное,0KDQsNC30L3QvtC1,f103e672539618302e8c30913e4e03c613526483602ef3f35554ccfdc0728e68,cdd6b811224babcbf25be94c5f698c27ed0dbb586b2cec4f023317ceef2c08a9,女频,5aWz6aKR,d9867749ec31f19fe7bfa4a782791bb108a8c9bc80653d481d3f1110f260cebb,2,584,2,0.003424657534,1,0.003424657534
changdu-app,"[""RAW_LANGUAGE_SCOPE_V1"",""[\""number\"",\""7\""]"",[""string"",""俄语""]]",54d69cac12854eb1e0b258e24b847c839c05724fff8b674fc4579d8824b9179f,Ужасы,0KPQttCw0YHRiw==,ddb439d7912c7f233eed59229ebdb67ea8d465bfd3a1ecc7fa4256ef2f884dce,cdd6b811224babcbf25be94c5f698c27ed0dbb586b2cec4f023317ceef2c08a9,女频,5aWz6aKR,d9867749ec31f19fe7bfa4a782791bb108a8c9bc80653d481d3f1110f260cebb,1,584,1,0.001712328767,1,0.001712328767
changdu-app,"[""RAW_LANGUAGE_SCOPE_V1"",""[\""number\"",\""7\""]"",[""string"",""俄语""]]",888ecc7d84702f320109db449469d898ba76641866ec5eef40563f9d056b1f79,Миллиард,0JzQuNC70LvQuNCw0YDQtA==,6148bea3bbd8ba472206e6f704eda638ce724f6c1c3460cdfb270faffe3f8fd7,cdd6b811224babcbf25be94c5f698c27ed0dbb586b2cec4f023317ceef2c08a9,女频,5aWz6aKR,d9867749ec31f19fe7bfa4a782791bb108a8c9bc80653d481d3f1110f260cebb,34,584,34,0.058219178082,1,0.058219178082
changdu-app,"[""RAW_LANGUAGE_SCOPE_V1"",""[\""number\"",\""7\""]"",[""string"",""俄语""]]",8ea70ad918796c35d03ba7336af6a2f7cf9684784cf0cb51fc46eb885e4e31d8,Рассказы,0KDQsNGB0YHQutCw0LfRiw==,8cacd7fd1994ab996b5195cc2aedaf75643c74fbc0433a9f892491dd7b5275b7,cdd6b811224babcbf25be94c5f698c27ed0dbb586b2cec4f023317ceef2c08a9,女频,5aWz6aKR,d9867749ec31f19fe7bfa4a782791bb108a8c9bc80653d481d3f1110f260cebb,1,584,1,0.001712328767,1,0.001712328767
changdu-app,"[""RAW_LANGUAGE_SCOPE_V1"",""[\""number\"",\""7\""]"",[""string"",""俄语""]]",946286a58a2a10f49950608fc63a351aaed1bc45f74085eb8cbb9c5cc0876710,Оборотни,0J7QsdC+0YDQvtGC0L3QuA==,677105c0f7864217c22115d8fc33337574541c407d56aeb84239ef7019a72546,cdd6b811224babcbf25be94c5f698c27ed0dbb586b2cec4f023317ceef2c08a9,女频,5aWz6aKR,d9867749ec31f19fe7bfa4a782791bb108a8c9bc80653d481d3f1110f260cebb,54,584,53,0.090598290598,0.981481481481,0.090753424658
changdu-app,"[""RAW_LANGUAGE_SCOPE_V1"",""[\""number\"",\""7\""]"",[""string"",""俄语""]]",9560715e693946cefda493cc90b5057066dc4df52ee8fe5838bdefbe7298212e,Соврем,0KHQvtCy0YDQtdC8,8c386b01278fe2fffc1cea9b1057de6af74d9f2635de4649fa5db4dfa86d84ea,cdd6b811224babcbf25be94c5f698c27ed0dbb586b2cec4f023317ceef2c08a9,女频,5aWz6aKR,d9867749ec31f19fe7bfa4a782791bb108a8c9bc80653d481d3f1110f260cebb,152,584,148,0.251700680272,0.973684210526,0.253424657534
changdu-app,"[""RAW_LANGUAGE_SCOPE_V1"",""[\""number\"",\""7\""]"",[""string"",""俄语""]]",a281a396f852214678fa79c17f819b7e735c1098457f2dccdcbc01e7393f41d5,Мафия,0JzQsNGE0LjRjw==,2a9900e9b06dfab0c832c985111f53f3143f1fb4f2c2968732c0a73768e7e89f,cdd6b811224babcbf25be94c5f698c27ed0dbb586b2cec4f023317ceef2c08a9,女频,5aWz6aKR,d9867749ec31f19fe7bfa4a782791bb108a8c9bc80653d481d3f1110f260cebb,30,584,30,0.051369863014,1,0.051369863014
changdu-app,"[""RAW_LANGUAGE_SCOPE_V1"",""[\""number\"",\""7\""]"",[""string"",""俄语""]]",ad90ddc4f0d8b3012bf3798477dcc3946499861db1ae1f062475883696afb8c7,Сай-фай,0KHQsNC5LdGE0LDQuQ==,acb330fc77268f39362960dd54c493b569bdb75d216cae66e170a1a841e55331,cdd6b811224babcbf25be94c5f698c27ed0dbb586b2cec4f023317ceef2c08a9,女频,5aWz6aKR,d9867749ec31f19fe7bfa4a782791bb108a8c9bc80653d481d3f1110f260cebb,4,584,3,0.005128205128,0.75,0.005136986301
changdu-app,"[""RAW_LANGUAGE_SCOPE_V1"",""[\""number\"",\""7\""]"",[""string"",""俄语""]]",cdd6b811224babcbf25be94c5f698c27ed0dbb586b2cec4f023317ceef2c08a9,女频,5aWz6aKR,d9867749ec31f19fe7bfa4a782791bb108a8c9bc80653d481d3f1110f260cebb,d1e17d96266578d1f42a4e912496bda8dc659af877db5be15a1548f29f675da3,Фантастика,0KTQsNC90YLQsNGB0YLQuNC60LA=,b0037daef31575bc5e3384a442e76e9589b3b531f2cfad451aaa889b8616fef4,584,20,16,0.027210884354,0.027397260274,0.8
changdu-app,"[""RAW_LANGUAGE_SCOPE_V1"",""[\""number\"",\""7\""]"",[""string"",""俄语""]]",cdd6b811224babcbf25be94c5f698c27ed0dbb586b2cec4f023317ceef2c08a9,女频,5aWz6aKR,d9867749ec31f19fe7bfa4a782791bb108a8c9bc80653d481d3f1110f260cebb,d556f190dc580b088a6860c0ee7a165914460f32c027784e07c5a26c8c125c95,Мистика,0JzQuNGB0YLQuNC60LA=,4ccba6b655a5d4335d9d83f5ec2a2a0ada0197ab6c901fc7279eb850838f71c9,584,6,6,0.010273972603,0.010273972603,1
changdu-app,"[""RAW_LANGUAGE_SCOPE_V1"",""[\""number\"",\""7\""]"",[""string"",""俄语""]]",cdd6b811224babcbf25be94c5f698c27ed0dbb586b2cec4f023317ceef2c08a9,女频,5aWz6aKR,d9867749ec31f19fe7bfa4a782791bb108a8c9bc80653d481d3f1110f260cebb,d97d6e4d28afd606292a644d8271c9a0ce08f24cf530e587b99df4b16ef5e373,Фэнтези,0KTRjdC90YLQtdC30Lg=,84cf92c97e2cff5f40df5523327b45500f0dc4fa7ec768ece2857f13d0190a6c,584,99,97,0.165529010239,0.166095890411,0.979797979798
changdu-app,"[""RAW_LANGUAGE_SCOPE_V1"",""[\""number\"",\""7\""]"",[""string"",""俄语""]]",cdd6b811224babcbf25be94c5f698c27ed0dbb586b2cec4f023317ceef2c08a9,女频,5aWz6aKR,d9867749ec31f19fe7bfa4a782791bb108a8c9bc80653d481d3f1110f260cebb,f6203938c1edd022b0701e6abc9fc5085771ad181598234fbf3bfcf86c000b82,ЛГБТ+,0JvQk9CR0KIr,10eb65e0b2e0924a2aed29f6d26ec2da59ec7f76056aa01372c807e1d19f2fe8,584,14,14,0.02397260274,0.02397260274,1
changdu-app,"[""RAW_LANGUAGE_SCOPE_V1"",""[\""number\"",\""7\""]"",[""string"",""俄语""]]",cdd6b811224babcbf25be94c5f698c27ed0dbb586b2cec4f023317ceef2c08a9,女频,5aWz6aKR,d9867749ec31f19fe7bfa4a782791bb108a8c9bc80653d481d3f1110f260cebb,fa6cd734403603fd4e9b6d07cdb3e5b01843e3699d75ad8001b771d26f32e762,Романы,0KDQvtC80LDQvdGL,e1eaaba2fe5dac5a457987c81c40990b1da6d7bf25e7c4b36d7f12a02c30c564,584,174,169,0.286926994907,0.289383561644,0.971264367816
changdu-app,"[""RAW_LANGUAGE_SCOPE_V1"",""[\""number\"",\""8\""]"",[""string"",""意大利语""]]",4b11632b73854ae9eab77001abf058248c530e9f01c34b0b41bac1d63478e5d3,Loup-garou,TG91cC1nYXJvdQ==,fdadc1efde6f809533133a97b865fa2f94d246aa5133cd89850185e83b2cd995,ad7649f106c50d750ce030d59f387e2e9fe3b22fb989bb9fee269fb3f1b88ae4,女频,5aWz6aKR,d9867749ec31f19fe7bfa4a782791bb108a8c9bc80653d481d3f1110f260cebb,3,26,3,0.115384615385,1,0.115384615385
changdu-app,"[""RAW_LANGUAGE_SCOPE_V1"",""[\""number\"",\""8\""]"",[""string"",""意大利语""]]",77a03018c9e9bbc8fdc79cf065ec150bf2492a9e904354a85d0d2c817efe8d48,Romance,Um9tYW5jZQ==,3bc3567a7fc6511a85072520dc1bdb95a732c4aee93a6533d53954f39124d7c9,ad7649f106c50d750ce030d59f387e2e9fe3b22fb989bb9fee269fb3f1b88ae4,女频,5aWz6aKR,d9867749ec31f19fe7bfa4a782791bb108a8c9bc80653d481d3f1110f260cebb,4,26,4,0.153846153846,1,0.153846153846
changdu-app,"[""RAW_LANGUAGE_SCOPE_V1"",""[\""number\"",\""8\""]"",[""string"",""意大利语""]]",7ca5f3b73563bcf5060f3ab6a9f1894ad57340363594ede34f0adf00661c7c92,古代言情,5Y+k5Luj6KiA5oOF,37c0e6b415e5a4aee67705cf03a5938cf30b5f97b61ccaaeeb3b6e4dd9f91cb7,ad7649f106c50d750ce030d59f387e2e9fe3b22fb989bb9fee269fb3f1b88ae4,女频,5aWz6aKR,d9867749ec31f19fe7bfa4a782791bb108a8c9bc80653d481d3f1110f260cebb,4,26,4,0.153846153846,1,0.153846153846
changdu-app,"[""RAW_LANGUAGE_SCOPE_V1"",""[\""number\"",\""8\""]"",[""string"",""意大利语""]]",ad7649f106c50d750ce030d59f387e2e9fe3b22fb989bb9fee269fb3f1b88ae4,女频,5aWz6aKR,d9867749ec31f19fe7bfa4a782791bb108a8c9bc80653d481d3f1110f260cebb,c6eeac48e3c93e77e79e332cd0eccba025bd1d754a7ebe390846d56904532c32,Moderne,TW9kZXJuZQ==,ea2049ce73dc464f4f449f4a570e8f16862bb2225bff80a1c07e2ccbabca49ac,26,15,15,0.576923076923,0.576923076923,1
changdu-app,"[""RAW_LANGUAGE_SCOPE_V1"",""[\""number\"",\""9\""]"",[""string"",""日语""]]",0018d92e2b84896bbd1d5701d21e1fd347302034d520f793f0b0b9a98c4facee,人狼,5Lq654u8,b5ab1964a7653ba7a9147f3c2ab17c0eddf0b6e44531fee4709aa256e2edbf3e,4e9b1e8b1f3e0cd003f1ecd82fef00f1af0d768f5a97c8f2cc585fc033caf4a8,女频,5aWz6aKR,d9867749ec31f19fe7bfa4a782791bb108a8c9bc80653d481d3f1110f260cebb,24,403,24,0.059553349876,1,0.059553349876
changdu-app,"[""RAW_LANGUAGE_SCOPE_V1"",""[\""number\"",\""9\""]"",[""string"",""日语""]]",18fc6facfff9245034cd20bc860a5c63c13800e2e937f5651f558fb4f41054ff,ホラー,44Ob44Op44O8,4d1e5b6aeaafc68cf76da6235e96b09887d3ff9a81a776d13baf3b59d4344df6,4e9b1e8b1f3e0cd003f1ecd82fef00f1af0d768f5a97c8f2cc585fc033caf4a8,女频,5aWz6aKR,d9867749ec31f19fe7bfa4a782791bb108a8c9bc80653d481d3f1110f260cebb,6,403,6,0.014888337469,1,0.014888337469
changdu-app,"[""RAW_LANGUAGE_SCOPE_V1"",""[\""number\"",\""9\""]"",[""string"",""日语""]]",1c69964e7131b426310e6fad942093c675edc4bb45360992b36c573450399218,げんかん,44GS44KT44GL44KT,32f134498b1cb5816fb06133db7fdba4f97d039b916505f482828d7febd072ae,30c3caeef0152c97bf10927e2bb6b7b870392332a8fc77564c22b75478171432,男频,55S36aKR,e74d73d99251bb2b99c02896258d9fbcd9817488f6538674fda26534b0b450ac,14,27,5,0.138888888889,0.357142857143,0.185185185185
changdu-app,"[""RAW_LANGUAGE_SCOPE_V1"",""[\""number\"",\""9\""]"",[""string"",""日语""]]",1c69964e7131b426310e6fad942093c675edc4bb45360992b36c573450399218,げんかん,44GS44KT44GL44KT,32f134498b1cb5816fb06133db7fdba4f97d039b916505f482828d7febd072ae,4e9b1e8b1f3e0cd003f1ecd82fef00f1af0d768f5a97c8f2cc585fc033caf4a8,女频,5aWz6aKR,d9867749ec31f19fe7bfa4a782791bb108a8c9bc80653d481d3f1110f260cebb,14,403,9,0.022058823529,0.642857142857,0.022332506203
changdu-app,"[""RAW_LANGUAGE_SCOPE_V1"",""[\""number\"",\""9\""]"",[""string"",""日语""]]",1d65b7c0972adbb75e5da116e85ee43c25f46ca568bc5e4445732b2d9b7107e3,SF,U0Y=,6612396204354eb1edad994b210abd2880588ea3879854626dd7ee9c106bb455,30c3caeef0152c97bf10927e2bb6b7b870392332a8fc77564c22b75478171432,男频,55S36aKR,e74d73d99251bb2b99c02896258d9fbcd9817488f6538674fda26534b0b450ac,8,27,2,0.060606060606,0.25,0.074074074074
changdu-app,"[""RAW_LANGUAGE_SCOPE_V1"",""[\""number\"",\""9\""]"",[""string"",""日语""]]",1d65b7c0972adbb75e5da116e85ee43c25f46ca568bc5e4445732b2d9b7107e3,SF,U0Y=,6612396204354eb1edad994b210abd2880588ea3879854626dd7ee9c106bb455,4e9b1e8b1f3e0cd003f1ecd82fef00f1af0d768f5a97c8f2cc585fc033caf4a8,女频,5aWz6aKR,d9867749ec31f19fe7bfa4a782791bb108a8c9bc80653d481d3f1110f260cebb,8,403,6,0.014814814815,0.75,0.014888337469
changdu-app,"[""RAW_LANGUAGE_SCOPE_V1"",""[\""number\"",\""9\""]"",[""string"",""日语""]]",30635c97e77708cac815dee8faaa708ebcccf844eaf7e1019a4d628a99b00cad,短編,55+t57eo,cc22a31b19386eb2f258a1010904d0c2d3f323f18ad1c8cf996508e10b93b9d1,4e9b1e8b1f3e0cd003f1ecd82fef00f1af0d768f5a97c8f2cc585fc033caf4a8,女频,5aWz6aKR,d9867749ec31f19fe7bfa4a782791bb108a8c9bc80653d481d3f1110f260cebb,4,403,4,0.009925558313,1,0.009925558313
changdu-app,"[""RAW_LANGUAGE_SCOPE_V1"",""[\""number\"",\""9\""]"",[""string"",""日语""]]",30c3caeef0152c97bf10927e2bb6b7b870392332a8fc77564c22b75478171432,男频,55S36aKR,e74d73d99251bb2b99c02896258d9fbcd9817488f6538674fda26534b0b450ac,542ee2fd8f73df7374258d7093078a57b6ceda882a2b78b9883d8a24bb1a51c8,都市,6YO95biC,d7eef7209e798c5878be3dd34695368fe31f9cc0f644ad9bda4525150a0a449c,27,160,6,0.033149171271,0.222222222222,0.0375
changdu-app,"[""RAW_LANGUAGE_SCOPE_V1"",""[\""number\"",\""9\""]"",[""string"",""日语""]]",30c3caeef0152c97bf10927e2bb6b7b870392332a8fc77564c22b75478171432,男频,55S36aKR,e74d73d99251bb2b99c02896258d9fbcd9817488f6538674fda26534b0b450ac,a1eb11a9605bd7bef863534f4dc5c09360edc45cdad9ac1eba80c2544e82b9b6,恋愛,5oGL5oSb,08457119f4ed5b10b7dfeb562500b2fa41651b95c123388383f559f121ecc8e3,27,161,4,0.021739130435,0.148148148148,0.024844720497
changdu-app,"[""RAW_LANGUAGE_SCOPE_V1"",""[\""number\"",\""9\""]"",[""string"",""日语""]]",30c3caeef0152c97bf10927e2bb6b7b870392332a8fc77564c22b75478171432,男频,55S36aKR,e74d73d99251bb2b99c02896258d9fbcd9817488f6538674fda26534b0b450ac,b0aa2647916884c44951dd9e0b3c1854b1ba4a30455881e66df35f1e21ef1ec3,冒険,5YaS6Zm6,ba3e97d2f035fc0483f520106d6afd8c8bb7c8324bda1ccdfb792581b96ad520,27,7,7,0.259259259259,0.259259259259,1
changdu-app,"[""RAW_LANGUAGE_SCOPE_V1"",""[\""number\"",\""9\""]"",[""string"",""日语""]]",30c3caeef0152c97bf10927e2bb6b7b870392332a8fc77564c22b75478171432,男频,55S36aKR,e74d73d99251bb2b99c02896258d9fbcd9817488f6538674fda26534b0b450ac,ccdefb925c74ef2206bd650af7134694d09c4166896cd4fea0734b2f26936b54,異世界,55Ww5LiW55WM,99b670b9050eee68f3a6821241cfbac50f0cd94f6b6782601635c6ce771a9290,27,2,2,0.074074074074,0.074074074074,1
changdu-app,"[""RAW_LANGUAGE_SCOPE_V1"",""[\""number\"",\""9\""]"",[""string"",""日语""]]",30c3caeef0152c97bf10927e2bb6b7b870392332a8fc77564c22b75478171432,男频,55S36aKR,e74d73d99251bb2b99c02896258d9fbcd9817488f6538674fda26534b0b450ac,cf951f2dd727b0e269c3f45ec75fc57905b9c67bb291a764a6a10c04fd79868e,その他,44Gd44Gu5LuW,f13156650ea41e28155a9af4007f6337b859a653aa71a6c2b2808111af1c3e88,27,5,1,0.032258064516,0.037037037037,0.2
changdu-app,"[""RAW_LANGUAGE_SCOPE_V1"",""[\""number\"",\""9\""]"",[""string"",""日语""]]",48aed4f49cb686e22e6ccd78ac1be0dc182e30d8380a297aa298da8d1ab9ecc3,官能,5a6Y6IO9,074d30189dc77d9000d851e8b7584c043358bf022165b2995e75f9b438d46b16,4e9b1e8b1f3e0cd003f1ecd82fef00f1af0d768f5a97c8f2cc585fc033caf4a8,女频,5aWz6aKR,d9867749ec31f19fe7bfa4a782791bb108a8c9bc80653d481d3f1110f260cebb,5,403,5,0.012406947891,1,0.012406947891
changdu-app,"[""RAW_LANGUAGE_SCOPE_V1"",""[\""number\"",\""9\""]"",[""string"",""日语""]]",4e9b1e8b1f3e0cd003f1ecd82fef00f1af0d768f5a97c8f2cc585fc033caf4a8,女频,5aWz6aKR,d9867749ec31f19fe7bfa4a782791bb108a8c9bc80653d481d3f1110f260cebb,542ee2fd8f73df7374258d7093078a57b6ceda882a2b78b9883d8a24bb1a51c8,都市,6YO95biC,d7eef7209e798c5878be3dd34695368fe31f9cc0f644ad9bda4525150a0a449c,403,160,154,0.376528117359,0.382133995037,0.9625
changdu-app,"[""RAW_LANGUAGE_SCOPE_V1"",""[\""number\"",\""9\""]"",[""string"",""日语""]]",4e9b1e8b1f3e0cd003f1ecd82fef00f1af0d768f5a97c8f2cc585fc033caf4a8,女频,5aWz6aKR,d9867749ec31f19fe7bfa4a782791bb108a8c9bc80653d481d3f1110f260cebb,6e2004eea625e38a8ec3c2316a1d229c74df27c4d836d0a117438bc05610dcd9,御曹司,5b6h5pu55Y+4,065c6de58c6cdeda9e81005bd2f044192d61413c4090f074979b851872bdb631,403,11,11,0.02729528536,0.02729528536,1
changdu-app,"[""RAW_LANGUAGE_SCOPE_V1"",""[\""number\"",\""9\""]"",[""string"",""日语""]]",4e9b1e8b1f3e0cd003f1ecd82fef00f1af0d768f5a97c8f2cc585fc033caf4a8,女频,5aWz6aKR,d9867749ec31f19fe7bfa4a782791bb108a8c9bc80653d481d3f1110f260cebb,977555948570600620c2e4f0c26564ce028405fb14e506de55f430f4c806866d,マフィア,44Oe44OV44Kj44Ki,64d947254a4a838bd831b641be2a567c08f236430b290ee38f6aab9744935486,403,13,13,0.032258064516,0.032258064516,1
changdu-app,"[""RAW_LANGUAGE_SCOPE_V1"",""[\""number\"",\""9\""]"",[""string"",""日语""]]",4e9b1e8b1f3e0cd003f1ecd82fef00f1af0d768f5a97c8f2cc585fc033caf4a8,女频,5aWz6aKR,d9867749ec31f19fe7bfa4a782791bb108a8c9bc80653d481d3f1110f260cebb,a1eb11a9605bd7bef863534f4dc5c09360edc45cdad9ac1eba80c2544e82b9b6,恋愛,5oGL5oSb,08457119f4ed5b10b7dfeb562500b2fa41651b95c123388383f559f121ecc8e3,403,161,157,0.385749385749,0.389578163772,0.975155279503
changdu-app,"[""RAW_LANGUAGE_SCOPE_V1"",""[\""number\"",\""9\""]"",[""string"",""日语""]]",4e9b1e8b1f3e0cd003f1ecd82fef00f1af0d768f5a97c8f2cc585fc033caf4a8,女频,5aWz6aKR,d9867749ec31f19fe7bfa4a782791bb108a8c9bc80653d481d3f1110f260cebb,b013dc187a8e074c0bc0da300a017065671d6d7879cf8b6340a1521649e8ac76,歴史,5q205Y+y,c43d763cd49dd7fc00c3be3c2d627a9dbd2cf229a00722e1c89074600d9c0994,403,10,10,0.024813895782,0.024813895782,1
changdu-app,"[""RAW_LANGUAGE_SCOPE_V1"",""[\""number\"",\""9\""]"",[""string"",""日语""]]",4e9b1e8b1f3e0cd003f1ecd82fef00f1af0d768f5a97c8f2cc585fc033caf4a8,女频,5aWz6aKR,d9867749ec31f19fe7bfa4a782791bb108a8c9bc80653d481d3f1110f260cebb,cf951f2dd727b0e269c3f45ec75fc57905b9c67bb291a764a6a10c04fd79868e,その他,44Gd44Gu5LuW,f13156650ea41e28155a9af4007f6337b859a653aa71a6c2b2808111af1c3e88,403,5,4,0.009900990099,0.009925558313,0.8
