novel_review_id,raw_language_scope,title,description,proposed_tag_count,proposed_tags
nrv_0055339e7ef550d177493456,"[""RAW_LANGUAGE_SCOPE_V1"",""[\""number\"",\""3\""]"",[""string"",""英语""]]",The Return of Tarzan,"In this second addition to Edgar Rice Burroughs' epic adventures of Tarzan, listeners will find the jungle man leaving America to visit old friends in Europe. Through spirals of action, disaster, and shipwreck, we find Tarzan and a group of travelers, including his first love Jane and his new archenemy Rokoff, back in the jungle where he was raised. Encountering even more hardship in the harsh jungle, Tarzan again fights wild animals and savage tribes in the ultimate search for secret buried treasure. This sequel to Tarzan of the Apes sheds even more light on the beloved jungle hero's life, loves, and struggles fitting into human society.",2,ct-v1-first-love|first-love|初恋|first love ;; ct-v1-happy-ending|happy-ending|圆满结局|he
nrv_01c03948ae7beea2f508bcae,"[""RAW_LANGUAGE_SCOPE_V1"",""[\""number\"",\""3\""]"",[""string"",""英语""]]",Veins Of Vengeance,"In a world where family ties bind with unbreakable chains, Zara and Damon are caught in a web of loyalty, blood feuds, and forbidden love. The moment their eyes meet, sparks ignite, but their families have been enemies for generations. Zara, the daughter of a powerful crime lord, is promised to a man she does not love, while Damon is the heir to the rival family who killed her brother. As their paths intertwine, the heat of their passion becomes the ultimate betrayal, and every stolen moment could cost them everything. In a world of vengeance and sacrifice, can love survive the storm?",3,ct-v1-crime|crime|犯罪|crime ;; ct-v1-betrayal|betrayal|背叛|betrayal ;; ct-v1-family|family|家庭|family
nrv_0266f51f988b103b64eacfdb,"[""RAW_LANGUAGE_SCOPE_V1"",""[\""number\"",\""3\""]"",[""string"",""英语""]]","He Broke Me, Another Man Fixed Me","My husband, the ruthless Don of the Parks family, made his choice.

When his mistress burst in screaming that her son was sick, Jackson didn't hesitate. He left me—his wife who had just been poisoned—pinned against the wall to die, rushing to comfort a child who wasn't even his blood.

That night, ""Elena Parks"" died in a fiery car crash.

I spent years rebuilding myself in France, hidden by Hamilton Nixon, a man who loved me in the shadows. I finally found peace. I finally felt free.

But Jackson found out the truth. He discovered the boy was another man's son and that his mistress had been drugging him. Instead of letting me go, his grief turned into a terrifying obsession.

He hunted me down, kidnapped me, and dragged me back to the estate that had been my prison.

I woke up tied to our marriage bed with silk ribbons.

""I'm building a garden,"" he whispered maniacally, stroking my hair as I struggled against the bonds. ""Just like you wanted. We're going to be happy.""

He thought kidnapping was a grand romantic gesture. He thought he could erase the abuse with a fresh coat of paint and forced proximity.

But he underestimated me. And he underestimated Hamilton.

After a violent rescue, I rose from the ashes not as his wife, but as a titan of industry.

Six months later, Jackson stormed the stage at my global summit. He knelt before me on live television, holding a ten-carat pink diamond, thinking he could buy my forgiveness.

""I'm ready to take you back,"" he announced to the world.

I looked at the man who had destroyed me, then at Hamilton, the man who had saved me.

I grabbed Hamilton's lapels and kissed him in front of millions.

""There is no 'us', Jackson,"" I told him into the microphone, watching his world shatter. ""You are just haunting a graveyard.""",2,ct-v1-kidnapping|kidnapping|绑架|kidnapping ;; ct-v1-family|family|家庭|family
nrv_0366a7938c197a436604f747,"[""RAW_LANGUAGE_SCOPE_V1"",""[\""number\"",\""14\""]"",[""string"",""韩语""]]","내 알파의 내연녀, 내 아들의 이름 없는 무덤","아들의 4주기, 나는 아들의 영혼을 달래는 의식을 치르기 위해 팩 기록보관소로 향했다.

하지만 기록에는 내가 도저히 감당할 수 없는 진실이 적혀 있었다. 내 메이트, 알파 도현에게 다른 아이가 있었다. 그가 미친 스토커일 뿐이라고 잡아뗐던 그 암늑대와의 사이에서 낳은 비밀스러운 아들이.

그는 신성한 마인드 링크를 통해 팩에 긴급 상황이 생겼다며 거짓말을 했지만, 나는 그들을 비밀스러운 별장에서 찾아냈다. 그와 그의 정부, 그리고 그들의 아들. 완벽하고 행복한 가족의 모습으로 웃고 있었다.

내 집 차고에 숨어, 나는 내 세상을 산산조각 낸 대화를 엿들었다. 내 아들은 그저 강에 미끄러져 빠진 게 아니었다. 근처에서 벌어진 그들의 무분별하고 거친 교미 소리에 겁을 먹고 공포에 질려 달아났던 것이다.

그들의 불륜이 내 아기를 죽였다.

이 끔찍한 진실이 무너져 내리는 순간, 사랑을 위해 존재해야 할 우리의 메이트 각인은 고문의 도구가 되었다. 내가 숨어있는 곳에서 불과 몇 걸음 떨어진 차 안에서, 그가 다시 그녀를 품는 동안, 나는 그의 쾌락을 매 순간 강제로 느껴야만 했다.

그와 그의 어머니는 나에게 아동 학대 누명을 씌웠고, 내 아들의 뼛가루를 파내 하수구에 흘려보냈으며, 은 채찍으로 나를 때린 후 야생 로그 무리에게 죽으라고 던져버렸다.

하지만 나는 살아남았다. 그리고 선택했다. 복수하지 않겠다. 망각을 택하겠다.

나는 금지된 마법을 행하는 팩을 찾아냈다. 내 기억을 깨끗이 지울 수 있는 의식.

나는 그를, 우리 아들을, 그리고 내 지난 삶의 모든 기억을 지울 것이다. 나는 다시 태어날 것이다.",1,ct-v1-horror|horror|恐怖|공포
nrv_037aaef3161b06b6a7db7e33,"[""RAW_LANGUAGE_SCOPE_V1"",""[\""number\"",\""20\""]"",[""null""]]",鳳霸天下：妖孽相公是顆蛋,"她是異世鬼醫，一朝穿越，成為南宮族的廢材三小姐，且看她怎麼在異世大陸釋放異彩，難得的喜歡一樣東西，但是為什麼偏偏是個妖孽，說好的是顆蛋呢？

    南宮月：“妖王殿下，為何外人說你有斷袖之癖呢？”

    妖王殿下：“下次出門，月兒莫再穿小廝衣服，便可為本王平反了。”",1,ct-v1-time-travel|time-travel|穿越|穿越
nrv_04314617575838746a1e2b10,"[""RAW_LANGUAGE_SCOPE_V1"",""[\""number\"",\""3\""]"",[""string"",""英语""]]",The Woman I Saved Destroyed Me,"One moment, I was crossing the street, holding my fiancée Olivia' s hand, laughing about our future.

The next, a careening black sedan was aimed right at her.

There was no time to think; I pushed her to safety, taking the hit myself.

I woke up three years later, my face a ruin, my body a stranger to me.

But the real horror began when I saw Olivia on TV-a celebrity, crying beautiful, convincing tears about her supposedly devoted fiancé, who she visited ""every day.""

She even fooled me, lying there paralyzed in my hospital bed, while I dreamed of returning to her.

After grueling surgeries and therapy, I went home to surprise her.

Instead, I found her celebrating with my best friend, Mark, who confessed they' d let my frail mother ""waste away"" and seized all my assets.

My mother, gone. My home, desecrated.

The woman I saved, the friend I trusted, had systematically destroyed everything I loved, believing I was a ""vegetable.""

My world shattered again, replaced by a burning desire for vengeance.

I was no longer the man I used to be.

I was a ghost, returned to reclaim what was mine and make them pay.",3,ct-v1-entertainment-industry|entertainment-industry|娱乐圈|celebrity ;; ct-v1-horror|horror|恐怖|horror ;; ct-v1-tragic-ending|tragic-ending|悲剧结局|be
nrv_053f7e9209a10556f6ce30be,"[""RAW_LANGUAGE_SCOPE_V1"",""[\""number\"",\""20\""]"",[""null""]]",邪王盛寵：神醫嫡女囂張妃,"“娘子，你別跑，快到爲夫碗裏來~” 她本是21世紀的天才醫生，驚才絕豔，意外重生，再睜眼卻成了被人欺凌的鎮南侯府大小姐。 她本應是受盡榮寵的嫡長女，卻被庶母欺，庶妹辱，渣男虐。 當她成爲她，不再懦弱草包，眼底只剩冷意囂張，虐渣鬥庶母，大殺四方。 可那個只見一次面就將祖代相傳的正妻信物給她的男人，這麼隨便真的沒關系嗎？ 說好的不近女色高冷絕情的呢，這位世子爺您整天黏在身邊真的好嗎？
",2,ct-v1-rebirth|rebirth|重生|重生 ;; ct-v1-genius|genius|天才|天才
nrv_056c5ac7811da4a3d47caddb,"[""RAW_LANGUAGE_SCOPE_V1"",""[\""number\"",\""20\""]"",[""null""]]",萬界雜貨鋪,"（2018年最火都市爽文，完全免費閱讀）
想要太上老君煉製的極品仙丹來強身健體，補充營養嗎？
想要月老的紅線去撩妹嗎？
想要鐵扇公主同款芭蕉扇作為收藏品嗎？
想要東海龍宮爆款黑珍珠作為情人節禮物嗎？
楊凡無意間成為仙靈空間的掌控者，擁有諸天萬界各種各樣的寶貝，萬壽無疆不再是夢想，青春永駐成為標配，美女總裁投懷送抱，絕美校花紛至遝來，彪悍大小姐溫柔以待，只有你想不到，沒有我拿不出，看楊凡如何走上人生巔峰，給全世界人民漲姿勢。",1,ct-v1-princess|princess|公主|公主
nrv_05858c0f81cc7befd153a55c,"[""RAW_LANGUAGE_SCOPE_V1"",""[\""number\"",\""3\""]"",[""string"",""英语""]]",Embolden star ,"The romantic love story between Micheal. L and Rosie. Love at the first sight story; Micheal is a business tycoon while Rosie is a college student working in a fast-food restaurant after her parents kicked her out of the house after being ashamed because of her as she was imprisoned in the case of murdering a girl; who used to be her classmate. 

Did she kill someone or it was someone plan? ",2,ct-v1-student|student|学生|student ;; ct-v1-tragic-ending|tragic-ending|悲剧结局|be
nrv_05a8b1b1cc823ba6cc044b92,"[""RAW_LANGUAGE_SCOPE_V1"",""[\""number\"",\""19\""]"",[""null""]]",异界神工,"　　龙五是一位机械厂的技工，因为一场生产事故同工友陈森同时丧生，并一起穿越到异界。龙五却因不能在异界修行，只好修习鲁班留下的三本书，转修灵魂力，制出战斗机械，飞行器，并结合地球的知识，将战斗机械制作更加完美，更因惹上乌国权贵，被逼自保，组建了一支钢铁兵团，并壮大，龙五用科技创造了一个科技王国，最终一统大陆。龙五这才发现，自己穿越自始自终都是一个阴谋，地球上那么多不世奇才，都非正常死忙，而灵魂都到了这个世界，他们是为什么?　目的何在，明白真像后龙五终其全国之力，打造宇宙飞船，赶回了地球......面对这场阴谋,龙五是要终结这场阴谋，还是延续这场阴谋呢......
",1,ct-v1-time-travel|time-travel|穿越|穿越
nrv_05e62cd2e122430a9567ba49,"[""RAW_LANGUAGE_SCOPE_V1"",""[\""number\"",\""19\""]"",[""null""]]",异界复制系统,"凭什么别人穿越都是一方大佬，小爷却还是个一穷二白的穷屌丝？
没有战骨无法修习武道？还想把小爷赶出家门？
灵丹妙药，天材地宝，那是什么，很稀奇吗？
钱？小爷有的是啊！
只要小爷我的偷天神器在，什么奇珍异果武技功法，全都统统复制！
轩辕大陆，小爷大名楚锋，神器在手，天下我有！",1,ct-v1-time-travel|time-travel|穿越|穿越
nrv_06d2f01c4d6115d24559c43f,"[""RAW_LANGUAGE_SCOPE_V1"",""[\""number\"",\""3\""]"",[""string"",""英语""]]",My Brutal Alpha Mate,"What in God’s name was that smell?
It wasn’t a bad smell, mused a slowly waking Taryn whose eyelids
were too heavy to lift. It sure didn’t belong in her bed though. Her sleep-
fogged brain was able to tell her three things. One, the smell was actually a
person’s scent – a most delicious scent; fresh pine, spring rain and cedar
wood. Two, the alluring scent belonged to a male. And three, that male was a
wolf shifter, just like her. Taryn Warner did not smuggle strange guys into
the pack house, even if they did smell delicious.
Forcing a droopy eye open, she peeked at the space beside her and was
able to confirm her suspicion that the mystery male was long gone. Swerving
her head – which felt unnaturally heavy – she peered at her alarm clock. Or,
at least, she would have done if it hadn’t done a disappearing act. Along with
her bedside table. And these silky sheets beneath her, she suddenly realized,
were not her sheets.
With a start, she sat up. And cursed. Nope, she wasn’t in her room. In
fact, she wasn’t even in her home. Scanning her surroundings warily, her
eyes widened in response to not only the luxury around her, but also the
realisation that she was inside what looked to be a freaking cave. A cave?",1,ct-v1-tragic-ending|tragic-ending|悲剧结局|be
nrv_07fe888699ec164769b874a5,"[""RAW_LANGUAGE_SCOPE_V1"",""[\""number\"",\""3\""]"",[""string"",""英语""]]",I Never Hated You,"Hakim was every girl's dream at Northwest High and every guy's role model. He was hot, smart, popular, romantic and all, and every girl's dream was to get laid by him. He was living the dream life, but he had one single problem; Dante. Dante was the complete vice versa of Hakim; soft, gentle, unnoticed, innocent, and these traits drew Hakim's heart towards him, and for that reason, Hakim hated him. He hated his lingering gazes and admiring glances, and he hated that he felt the need to hold him, to protect him, and for that reason he resolved to torment Dante, making his high school days unbearable. Dante was forever scarred by him, and his heart broke into many pieces.
Now, years later, after the two drifted apart, going on to their two separate worlds, Dante builds an image for himself. He is no longer the timid, innocent boy at Northwest High, but is now a top corporate lawyer in the industry, and a fine one at that.
What happens when he is hired by a law firm and finds out that his boss is no other person but Hakim? And what happens when a workplace romance sparks between him, Hakim, Basil (a detective), and his co-worker, Cole
",3,ct-v1-lawyer|lawyer|律师|lawyer ;; ct-v1-romance|romance|言情|romance ;; ct-v1-happy-ending|happy-ending|圆满结局|He
nrv_0921a9de78b791e147154794,"[""RAW_LANGUAGE_SCOPE_V1"",""[\""number\"",\""19\""]"",[""null""]]",腹黑邪王的毒医狂妃,"前世，独立坚韧的她被最爱的人设计杀死了自己的亲生父母，心灰意冷下引爆了身上的炸弹……
穿越后，面对父亲的冷淡，姐妹和姨娘的陷害，她都一一还了回去，只因她已不再是那个草包废物顾十一……

面对腹黑却专宠她一人的司徒景，她那颗坚如钢铁的心开始慢慢融化，
直到遇到和她一起穿越过来的司徒钰，受尽他的百般折磨，他嘴角勾着嗜血又好看的弧度：十一，不管前世今生，你都只属于我一个人……",1,ct-v1-time-travel|time-travel|穿越|穿越
nrv_093f53b0d4cfed4d1008b3e5,"[""RAW_LANGUAGE_SCOPE_V1"",""[\""number\"",\""19\""]"",[""null""]]",凤唳九州：暴君请退位,"大婚之夜，她翘首以盼的如意郎君，变成一把嗜血的刀，刺穿了她的身体，灭尽了她的九族。
唐青雁曾以为情爱便是得到，后来她错了，情爱是把利刃，让她坠入万劫不复之地。
许是上天怜悯让她一朝重生，她醒来发现，自己竟成了前世死对头他哥的新妇，只不过，她嫁过来的第一天就开始守寡。
唐青雁决定这一世要活得潇潇洒洒，先入商行，夺了京城首富的头衔，再入皇权，搅动九州乾坤。
终于成了有钱有权的富婆，唐青雁拽着某男的衣袖，鼓足勇气，“小叔，我要改嫁。”
顾修挑眉，“你生是我顾家的人，死是我顾家的鬼。”
她终于知道了上一辈子宠她、护她、为她披荆斩棘的人是他，也明白了，爱非得到而是守护。",1,ct-v1-rebirth|rebirth|重生|重生
nrv_0941679c3f6fbe79a3c47e11,"[""RAW_LANGUAGE_SCOPE_V1"",""[\""number\"",\""20\""]"",[""null""]]",狂拽冷少妖嬈妻,弄死個人然後就穿越了！唔，天理報應，因果循環？可是，我想要空調電腦熱水器，老天爺你倒是給我弄來啊！！！,1,ct-v1-time-travel|time-travel|穿越|穿越
nrv_0b4ed593335676a23a8a27bb,"[""RAW_LANGUAGE_SCOPE_V1"",""[\""number\"",\""3\""]"",[""string"",""英语""]]",Never Let You Go,"Tristan is just an ordinary employee with a small salary in big company, but he needs a lot of money to pay for his father's treatment. 

In a desperate situation Tristan joked about finding a sugar mommy to help with his financial problems. He had no idea that the joke would lead him into a complicated situation.  

What should Tristan do, when someone very powerful offers him to be a sugar baby and traps Tristan in a complicated family conflict?

""I only want your money and I pay for what you gave me with my body. Don't expect more, because between us there can't be any heart involved!""

",3,ct-v1-family|family|家庭|family ;; ct-v1-tragic-ending|tragic-ending|悲剧结局|be ;; ct-v1-happy-ending|happy-ending|圆满结局|he
nrv_0b8861078476620dc39a4287,"[""RAW_LANGUAGE_SCOPE_V1"",""[\""number\"",\""3\""]"",[""string"",""英语""]]",When Are You?,"Celine is an assistant scientist to the genius but coldhearted Dr. Drake Cole. The doctor happened to specialize in quantum physics and time travel. He invented time travel gadgets that will allow humans to travel back and forth through time. It's a portable device compared to a bulky time machine. 

She's the only assistant who's willing to test these time travel gadgets. Her reason is that she would like to go back to the past where she wants to save the love of her life. He was murdered but the suspect was not convicted. She wants to bring him back to life so that she can be with her college sweetheart once again. 

Little did she know that Dr. Cole is keeping a secret that is related to her past. That's why he is against the idea of her going back to the past to test the gadget. She's very persistent and willing to do anything just to change the past of her lover. But it's against the rule of time travel and they will both have to face the consequences of their actions.

Will Celine be successful in changing her lover's past? Or will she end up falling for the genius scientist in the present? She will be confused but don't care even if time can affect what will happen to her future. All she knows is that she has to go back to the past so that she can move on and live in her present.",3,ct-v1-doctor|doctor|医生|doctor ;; ct-v1-genius|genius|天才|genius ;; ct-v1-happy-ending|happy-ending|圆满结局|He
nrv_0ba2b9878378160206a113d6,"[""RAW_LANGUAGE_SCOPE_V1"",""[\""number\"",\""3\""]"",[""string"",""英语""]]",Revenge Game,"REVENGE GAME
            🌹🌹🌹🌹🌹🌹🌹🌹🌹🌹    
               🌹SEASON 1                🌹
                🌹      CHAPTER 1      🌹  
                 🌹🌹🌹🌹🌹🌹🌹🌹
                        

     The Dining table was all beautifully set and decorated with all of her Husbands favourite Dishes. She made sure they were well prepared by the Chef. This is the night. This night was going to be the night. This night was going to be an amazing one if everything goes according to her plans. She just couldn't wait for her husband to come home.
     What is it they say again? When a woman wants something, she becomes extraordinary sweet. Lolz. Anyways that's it, she wants.... perhaps needs something from her husband tonight. Something so important and special to her. It may seem like something small to anyone but it means the world to her. And tonight she was going to make sure she gets what she wants from him tonight.
       Laura knew her hushand too well. He always gave her whatever she asked for even without making all these effort she's made tonight.
    ""Sara! Sara"" she called out to the house's Chef.
      ""Yes Ma"" the 24 years old lady answered. Her Mistress wasn't so older than her, her pretty madam was just two years older than her.
      ""Is the Juice ready just the way he likes it?"" Laura asked.
      ""Yes Ma.""
     ""Go get it"" Laura ordered and the chef nodded and left for the kitchen. Sara wondered what her Mistress was up to this night. Though it wasn't the first time her Mistress was coming up with such surprises for her husband but tonight's surprise seemed extraordinary. With all the Dishes she was asked to make and the switching off of the lights and bright candles all over the dining table. Whats up?
       Laura looked at the clock again, five minutes to seven pm. He should be on his way home. She picked up her phone and dialed the number with the caller ID 'My Heart' and on the third ring it got connected.
     ""Hey Sunshine"" his sweet loving voice said across the line.
       ""Hi Sugar. Whats up?"" She settled for the sofa in the extra large larvishing living room.
     ""Just rounding up at work""
      ""Baby?"" She was a little upset. Before he left for work this morning, she had told him about their magical night and was expecting he gets home early.
        ""I'm sorry Love. I had so much on my desk but now I'm just rounding up. Just give me forty five minutes and I would be by your side""
        ""You need to be fast Babe""
        ""I know. Just forty five_ opps forty four minutes now.""
She smilled at his silliness ""I'll wait.""
        ""Cool. Love you."" He said
        ""Love you too"" she said and disconnected.
Forty five minutes he said. He was definitely going to get home soon. Its time to get dressed up with the magical dress of the night. 'Always use Men's weakpoint to get what you want from them' her Mum would always say and that Dress, her body...... Finally, after three solid years of planning, its finally time to get what she wanted from her Dear beloved husband. She quickly ran upstairs to get dressed.
      Philip Wondered what surprise his beloved Darling Wife had for him tonight. She was always full of surprises. Two years of their marriage and she always come up with fabulous surprises. This night wasn't going to be any less.
     He just couldn't wait to get home to his Better half. With all the stress he got from work today, that surprise and his wife would make a good stress reliever.
      He sorted everything on his desk out, picked up his cell phone and briefcase and headed out of his office. He stopped by his silly secretary to give her some instructions but she was too busy laughing over a phone call with both of her legs crossed on her desk.
     ""Lola... Lola"" her boss called out but she was too busy laughing. ""Lola!""
She turned to the direction her name was coming from with fright. ""Sir!"" She jumbed up and adjusted her clothes.
      ""You do your job well. I can see that.""he said with a sarcastic tone.
     ""I'm sorry sir"" she apologised
       ""I won't be early tomorrow, cancel my early appointments""
       ""Done sir."" She answered and he left. She let out the breath she's been holding. Thank God for the kind of Boss she has. Even as he saw her in that position he didn't make a fuss out of it. She knew too well not all Bosses were like that for instance Mr Atu the company's HR officer, she knows too well what his secretary go through everyday. She doesn't wish that for herself.
       Philip knew too well that after this awesome night, he won't be coming early to work. The thirty years old CEO walked majestically into the elevator and went for the ground floor. Few of his staffs were still working even when 5pm the normal closing time had passed.
     ""Goodevening Sir"" The few he passed by greeted and as a usual he responded with a nod and sweet smile.
     ""Oh my.... He is so handsome. Sometimes I wonder if Gid created him on a different day"" Zara one of his staffs ",2,ct-v1-chef|chef|厨师|Chef ;; ct-v1-happy-ending|happy-ending|圆满结局|He
nrv_0c4d1f95e99a9dd7434de480,"[""RAW_LANGUAGE_SCOPE_V1"",""[\""number\"",\""3\""]"",[""string"",""英语""]]","CRY OR BETTER YET, BEG","
WARNING! Explicit Content: BDSM and Mature Erotica. Read at Your Own Risk!

""Rape me? It's nothing new. Go ahead and do your wor-""

Her eyes flew open as she gasped for air, her face flushing instantly.

""S-son of a bi-ah... ... ahhh...""
She shut her eyes as her body trembled.

He grinned, wicked and satisfied.

""You can't even curse at me properly. Are you sure you hate me? Your body's sucking in my fingers like it's been starved.""

""That's not true, stop... ahhh...""
She cried out, tossing her head back as drool escaped her lips.

""Stop? You dared me to be my worst. At least have the backbone to endure it. In other words-try not to cum... from the fingers of the man who murdered your parents.""

""You bastard!""
She cried loudly.


-----------------
After her parents were brutally murdered, Aria was stolen away and groomed by a ruthless mafia lord-trained to be both a lethal assassin and a nymphomaniac sex doll.
She has only one mission: revenge.
She'll smile. She'll kneel. She'll obey.
 She'll play the perfect submissive... until the day she finds the man responsible for their deaths- and makes him bleed.
But everything shatters when she finds herself defenseless in the arms of her enemy.
No matter how much she fights, hates, or resists-he won't let her go.
 And worse...
 She's not allowed to die.
She can scream.
 She can cry.
 Hell-she can even beg.
But she will always be his.
 His to own.
 His to claim.
 His to break.


This book is strictly 18+ and contains dark romance elements including:

Non-consensual/Dubious consent scenes. Dangerous obsession. BDSM & psychological manipulation. Explicit sexual content
If these themes disturb you, do not proceed.
Otherwise, dive in...
 and enjoy this sinfully dark, spicy read.

",3,ct-v1-assassin|assassin|刺客|assassin ;; ct-v1-mafia|mafia|黑帮|mafia ;; ct-v1-happy-ending|happy-ending|圆满结局|He
nrv_0cb006fa8a79a53d24c7d04c,"[""RAW_LANGUAGE_SCOPE_V1"",""[\""number\"",\""3\""]"",[""string"",""英语""]]",The Mafia King's Unwanted Wife Shines,"My husband ordered me to turn around and face the altar. He unbuckled his heavy leather belt, his eyes cold and devoid of mercy.

""You need to learn respect,"" Dante spat.

He whipped me in the family chapel until my back was a bloody mess. All because his mistress, Sofia, had framed me for breaking his grandfather's urn.

He didn't ask for the truth. He didn't hesitate. He just wanted to punish the wife he considered a burden.

As the belt tore into my skin, I didn't scream. I just counted the memories dying.

He didn't know I was the one who dove into the frozen lake to save him in high school.

He didn't know I was the one who took a knife for him during the ambush.

He believed Sofia's lies that she was his savior.

I had loved him for ten years. I had bled for him. And in return, he scarred me permanently for a crime I didn't commit.

That night, I didn't tend to my wounds. I packed my bags, signed the divorce papers, and swore on the Code of Omertà to never love him again.

Three years later, Dante found my old diary hidden under the floorboards. He read the truth about who really saved him, and realized he had tortured his guardian angel.

He found me in Paris, fell to his knees in a crowded hotel lobby, and begged for forgiveness with tears in his eyes.

I looked at the man who broke me and smiled.

""Lie down and die, Dante,"" I said softly. ""Because I have a life to live.""",3,ct-v1-crime|crime|犯罪|crime ;; ct-v1-family|family|家庭|family ;; ct-v1-divorce|divorce|离婚|divorce
nrv_0e3db5f7e5e281aa34e69c2d,"[""RAW_LANGUAGE_SCOPE_V1"",""[\""number\"",\""3\""]"",[""string"",""英语""]]",A BRIDE FOR THE DEMON KING ,"She was forced to marry a monster.
He needed her to break his curse.
Falling in love was never the deal.
Princess Seraphina is sent to wed the feared Demon king. A man shrouded in darkness and secrets. Her plan?
Make him hate her enough to send her back.
But the palace is alive, the king is not what he seems. 
The longer she stays, the more she craves his darkness and touch.
Dark, twisted and addictive.
One bride, one demon, one curse that could end them both. ",2,ct-v1-princess|princess|公主|Princess ;; ct-v1-happy-ending|happy-ending|圆满结局|He
nrv_0ed2b684631761af792ee484,"[""RAW_LANGUAGE_SCOPE_V1"",""[\""number\"",\""3\""]"",[""string"",""英语""]]",I Love The Bad Boy,"Cali Evans is just trying to get through high school without bringing unnecessary attention to her. She decided to join the cheer team and now hangs around in the popular crowd.

Shawn Myers is the bad boy. Without even trying, Shawn get all the girls attention, even when he doesn't want it. He only wants one girls attention, and one only. 

When Cali gets paired up with The Shawn Myers, she thinks her life it over. Quinn  would find out and she would be friendless. 

Trust, love and jealously brings the two together, but it also brings them apart. And so does Cali's thoughts about How To Get Through Highschool.",2,ct-v1-tragic-ending|tragic-ending|悲剧结局|be ;; ct-v1-happy-ending|happy-ending|圆满结局|he
nrv_112bcf8a034ca9b746a4fffc,"[""RAW_LANGUAGE_SCOPE_V1"",""[\""number\"",\""20\""]"",[""null""]]",天命爲凰：毒醫三小姐,"她是醫毒世家傳人能掌生，可控死，一朝穿越淪落成不能修煉的傻子廢物。
且看她強勢逆襲，凰逆九天。
他是大陸最尊貴的存在，翻手雲，覆手雨，腹黑冷漠，藐視天下，一怒天下變的天尊！
當他遇見她，只是一眼，寵她，護她，助她……
月黑之夜某尊握住了沐清菱的手腕。
「菱兒你看過了本尊的身體，是要負責的……」
「這是施針……天尊」
天尊笑的春風得意，一把將沐清菱扯入懷中直接吻住了脣。",1,ct-v1-time-travel|time-travel|穿越|穿越
nrv_11592fd55b4ac8f23ec6d1b4,"[""RAW_LANGUAGE_SCOPE_V1"",""[\""number\"",\""19\""]"",[""null""]]",网游之时来运转,"你可曾见过每刀都能暴击的刺客？
你可曾听过每只普通怪物死后都能掉落极品装备的传说？
王爽30级时觉醒逆天天赋，从此横扫垃圾玩家，越级吊打BOSS，收揽天下美女NPC追随。最终财色兼收，成为一代网游界的传说。",1,ct-v1-assassin|assassin|刺客|刺客
nrv_123a5a04af00f6cdef773211,"[""RAW_LANGUAGE_SCOPE_V1"",""[\""number\"",\""6\""]"",[""string"",""法语""]]",Sacrifiée à la Bête: La Compagne sans Loup,"Aujourd'hui, mon père, l'Alpha de notre meute, épousait une femme à peine plus âgée que moi, le jour exact de l'anniversaire de la mort de ma mère.

Lors de la fête, ma nouvelle belle-mère a délibérément brisé le collier de ma mère, mon unique souvenir.

Lorsque j'ai osé me défendre, mon père m'a violemment giflée devant tous les invités.

« Tu apprendras à respecter ta nouvelle Luna. »

J'ai alors publiquement renié cette famille qui m'a toujours traitée comme un déchet parce que j'étais une anomalie : une fille d'Alpha sans loup intérieur.

Pour me faire taire et épargner ma parfaite petite sœur, mon père m'a froidement condamnée à mort.

Il m'a envoyée comme tribut au Roi Lycan de la Montagne Noire, un monstre maudit dont la bête intérieure déchiquette sauvagement toute femelle qui l'approche.

Enfermée dans une cage et envoyée vers ce château cauchemardesque, je n'ai ressenti que de la haine.

Comment mon propre père pouvait-il m'envoyer à l'abattoir avec un tel soulagement ?

Mais avant d'être jetée dans la chambre du Roi, la gouvernante m'a révélé un détail crucial : la folie meurtrière du monstre est déclenchée par l'odeur de l'esprit des louves.

Je n'ai pas de loup intérieur, je n'ai donc absolument aucune odeur.

Poussée dans les ténèbres de l'antre du Roi pour y être massacrée, j'ai attendu le coup fatal, mais le monstre est resté figé dans l'ombre, confus par mon absence d'aura.

C'est à cet instant précis que j'ai su que je n'allais pas mourir, et que la Maison Thorne allait amèrement regretter de m'avoir abandonnée.",2,ct-v1-werewolf-luna|werewolf-luna|Luna（狼人女首领）|Luna ;; ct-v1-werewolf-alpha|werewolf-alpha|Alpha（狼人首领）|Alpha
nrv_12c878cd1fdd130dcb78d754,"[""RAW_LANGUAGE_SCOPE_V1"",""[\""number\"",\""5\""]"",[""string"",""葡语""]]",Casamento Por Vingança,"Dylan, um jovem empresário rico e poderoso, fica furioso quando a sua mulher grávida morre num acidente. Para vingar a sua morte, procura o culpado e depara-se com o pai de Darla, uma jovem que a sua mulher tinha ajudado no passado. Dylan decide vingar-se dele, casando com Darla sob contrato, mas a sua relação depressa toma um rumo inesperado, passando do ódio ao amor.
Neste thriller emocionante, descubra como um casamento vingativo pode tornar-se numa intensa e inesquecível história de amor.
""Revenge Marriage é uma história de amor cativante e cheia de suspense.",3,ct-v1-suspense|suspense|悬疑|suspense ;; ct-v1-revenge|revenge|复仇|Revenge ;; ct-v1-marriage|marriage|婚姻题材|Marriage
nrv_132d09a26f3fc6796cd2dd69,"[""RAW_LANGUAGE_SCOPE_V1"",""[\""number\"",\""4\""]"",[""string"",""西语""]]",Hasta el último latido de mi corazón,"Disponible en AMAZON!! SINOPSIS:
Cada latido es una cuenta atrás.
Para Serena Smith, llegar a la Universidad de Houston es un sueño anhelado, su única oportunidad de saborear una vida normal lejos de las miradas compasivas y el aséptico olor de los hospitales. Pero carga con una condena silenciosa: un corazón traicionero que se agota, un músculo vital que amenaza con rendirse en cualquier momento. Su plan es simple: pasar desapercibida, estudiar y aferrarse a cada precioso segundo que le queda.
Pero sus planes se hacen cenizas cuando se cruza con Kaleb Thorne.
Él es la oscuridad que acecha los pasillos del campus, un demonio tatuado de ojos azules como el hielo, cuya posesividad es tan legendaria como peligrosa. Desde el momento en que la ve, decide que será suya, una presa frágil en su mundo de caos y control.
Kaleb no tarda en descubrir el secreto que con tanto esmero Serena protege: la fragilidad que podría costarle la vida. Armado con su condena, le ofrece un pacto envenenado: ella será su novia de cara a su poderosa familia, un ángel a su lado para aplacar a sus propios demonios. A cambio, su secreto permanecerá a salvo en la oscuridad.
Atrapada en una red de mentiras y una atracción que la consume, Serena se encuentra a merced del hombre que podría, literalmente, romperle el corazón. Cada roce es un riesgo, cada beso un desafío a su destino. Kaleb es su tormento y su más adictiva tentación, una fuerza que podría tanto reanimarla como darle el golpe final.
¿Podrá sobrevivir a su posesiva oscuridad el tiempo suficiente para recibir el corazón que la salve? ¿O será Kaleb quien reclame lo que le queda, arrastrándola con él hasta el último latido de su corazón?

ADVERTENCIA
Esto no es un cuento de hadas, es una historia de posesión. Un Dark Romance para lectores maduros.
El protagonista no es un héroe. Sus actos no se romantizan, se exponen en toda su cruda oscuridad.
Este libro contiene:

-Lenguaje y escenas sexuales explícitas.

-Chantaje, manipulación y violencia.

-Temas sensibles sobre enfermedades terminales.

-Un protagonista moralmente ambiguo.

Si buscas un romance convencional, cierra este libro.
Has sido advertido.",2,ct-v1-campus|campus|校园|campus ;; ct-v1-romance|romance|言情|Romance
nrv_138086c1d19a70772dd5b413,"[""RAW_LANGUAGE_SCOPE_V1"",""[\""number\"",\""19\""]"",[""null""]]",重生：傲世狂妃,"她是人人都钦佩的无敌杀手，黑夜暗卫，绝代风华的她为了自己的主人不爱红妆爱武装。
可是，主人成功之际， 竟然是自己血葬之时。
看着那些人狰狞的表情，将自己一遍遍凌辱，她痛恨至极。
自己誓死效忠，倾心相守换来的竟然是这蚀骨的背叛。
心有不甘，她自己掏心掏肺，然后投入江河。 
凤凰涅槃，她满腹仇恨，只为手刃仇人。
重生初遇时，才知道，自己竟然一开始就认错了主人。
那么这一次，自己会比他们还要残忍，还要狠毒，要让那些，凌我欺我之人沦入万劫不复。

只是三皇子殿下，你现在好歹也是皇上了，他们说我妖媚惑主，霸占朝纲，你就一点都没有意见？",1,ct-v1-betrayal|betrayal|背叛|背叛
nrv_146de0d38340c39e59f69e4b,"[""RAW_LANGUAGE_SCOPE_V1"",""[\""number\"",\""6\""]"",[""string"",""法语""]]",Capturé par le cœur de la princesse,"Emprisonnée, tourmentée, oubliée. Je n'ai jamais vu l'extérieur de ces quatre murs. Je suis née dans le pénitencier de Nightmare, et je croyais que j'y mourrais aussi. Jusqu'à ce qu'un assassin me capture et me révèle une vérité que j'ignorais : je suis bien plus puissante que quiconque ne l'imagine. Je suis une princesse. Une druide. La dernière de mon espèce. Je commande la terre, et la lune me parle. Du sang royal coule dans mes veines.

Mon ravisseur, chargé de me ramener à ma famille, se retrouve enchaîné à mes côtés. Plus nous passons de temps ensemble, plus je découvre les secrets de mon droit d'aînesse volé, et l'ennemi qui me l'a arraché. Et plus je suis près de cet assassin, plus mon cœur, autrefois endurci, s'adoucit. Je n'aurais jamais cru qu'un homme aussi dur et solitaire pourrait m'apporter une lueur d'espoir.

Quitter Nightmare m'a propulsée sur un chemin inattendu. Un chemin semé d'espoir, de liberté, et peut-être même... d'amour. Un chemin qui mène à l'acceptation de mon héritage, avec un assassin à mes côtés. Mais l'avenir reste incertain. Deux routes s'offrent à moi : l'une vers le bonheur, l'autre vers la destruction. Et même moi, je ne sais pas laquelle l'emportera.",2,ct-v1-royalty|royalty|王室|royal ;; ct-v1-assassin|assassin|刺客|assassin
nrv_159938e783517710c3a9dddb,"[""RAW_LANGUAGE_SCOPE_V1"",""[\""number\"",\""3\""]"",[""string"",""英语""]]",Daughter's Revenge,"One night, Stella returned home and found her parents brutally murdered. Together with her sisters, Maria and Gloria, they called the police to seek justice.

Things didnt go as planned when they realized that the police were not genuinely helping them. Feeling betrayed, they decided to rely on themselves.

After much thought, Stella decided to move into the murderers house with her sisters. She had one goal in mind - Revenge!

After moving in, she met other members of the murderers family. The discourteous and inconsiderate daughter & the amiable and charismatic son.

Then, Stella realized that her journey of revenge was not as easy as she had thought.

Love, revenge, betrayal, crime, jealousy and much more, all found in one book. 
Daughters revenge is a must read for everyone!
",2,ct-v1-crime|crime|犯罪|crime ;; ct-v1-betrayal|betrayal|背叛|betrayal
nrv_16e615b2324d262633ad7d4c,"[""RAW_LANGUAGE_SCOPE_V1"",""[\""number\"",\""19\""]"",[""null""]]",天才小医妃,"穿越捡个便宜儿子咋办？ 
丢了？好像不太舍得。 
留着？带个拖油瓶老娘怎么嫁人！？ 
什么？ 
王爷想来个买一送一喜当爹，不好意思，老娘看你不是很痛快！",1,ct-v1-time-travel|time-travel|穿越|穿越
nrv_171d65cc210976265477d858,"[""RAW_LANGUAGE_SCOPE_V1"",""[\""number\"",\""3\""]"",[""string"",""英语""]]",Unwanted Attraction," When Danielle ( Dani ) Collins , a beautiful yet awkward seventeen year old student met soccer superstar Jeffrey Campbell her life turns around .
 They met when they were still in elementary school and ever since then Jeffery became Dani's arch nemesis , at any slight chance he gets he humiliates her and she hated him in return.
 Their resent towards each other lasted till senior high school and that's when sparks began to fly , shivers done the spine and stomach flutter .
Do you think opposite attracts ? 
Can their attraction be love even though it's unwanted ?
Find the answers and even more in this intriguing story , it promises love , heartbreak and suspense !",3,ct-v1-suspense|suspense|悬疑|suspense ;; ct-v1-student|student|学生|student ;; ct-v1-happy-ending|happy-ending|圆满结局|he
nrv_17e96b9afa1a672796e0c609,"[""RAW_LANGUAGE_SCOPE_V1"",""[\""number\"",\""5\""]"",[""string"",""葡语""]]",Tentação pecaminosa: Playboy bilionário implora meu retorno,"Iris cresceu de uma criança órfã para a filha adotiva da família Stewart aos dez anos, encontrando carinho na bondade de seu tio nominal Vincent. 

Sete anos depois, ela se tornou sua amante secreta. Quando o noivado de Vincent foi anunciado, os boatos se espalharam sobre o CEO mulherengo finalmente se estabelecendo. 

Mas apenas Iris conhecia a extensão de sua natureza fria e dissimulada. Iris se apaixonou por Vincent e, em meio às lágrimas, implorou: ""Case-se comigo,""  apenas para ser recebida com sua recusa gélida. 

Derrotada, ela aceitou a proposta de um advogado, causando alvoroço público. Então, no dia de seu casamento, Vincent suplicou desesperadamente: ""Não se case com ele...""",1,ct-v1-wealthy-ceo|wealthy-ceo|豪门总裁|CEO
nrv_186259adfded1f9a90cc0d40,"[""RAW_LANGUAGE_SCOPE_V1"",""[\""number\"",\""3\""]"",[""string"",""英语""]]",Valentina's Revenge ,"
""Just do it. Please."" I begged, I was desperate and I needed to get my release. 

""You'll get punished for this Valentina."" He held me in a way that I could not turn to face him, his voice was dark. 

""Then just punish me now, I don't mind and I won't regret it tomorrow."" I pleaded but I only heard him sigh. 

""I didn't want to do this."" He said in a low voice and my imagination bloomed...

***

Valentina is betrayed by her husband and her best friend, she finds out their dirty plan and how oblivious she had been for the past three years of her life. Her life is ruined, she is completely destroyed and left with no other option, she seeks solace from the forbidden source – The deadly Mafia Lord. She would do anything to make them have a taste of their medicine. 
",3,ct-v1-mafia|mafia|黑帮|Mafia ;; ct-v1-regret|regret|追悔|regret ;; ct-v1-happy-ending|happy-ending|圆满结局|He
nrv_18797581dbce02d0c37dfea8,"[""RAW_LANGUAGE_SCOPE_V1"",""[\""number\"",\""5\""]"",[""string"",""葡语""]]",Entre Grades e o Coração Partido,"O ar no cemitério ainda pesava, seis meses depois de sair da prisão, dois anos que paguei por um crime que não cometi.

Minha mãe sonhava com uma casa, um lar, e esse sonho foi enterrado com ela, vítima de um infarto fulminante.

Eu sabia que não foi só o coração que parou, mas também a alegria de viver, quando a filha foi presa acusada de desviar dinheiro do tão sonhado projeto habitacional.

Aquele projeto que o João, meu ex-namorado e ""o homem da minha vida"", me convenceu a assinar para ""acelerar as obras"".

Ele, o brilhante estudante de direito, que me fez assinar minha própria sentença, enquanto usava o dinheiro para bancar a campanha do sogro, um deputado, e sua vida de luxo com a filha dele.

Na cadeia, recebi a última carta da minha mãe, revelando que meu pai, um arquiteto desaparecido, era o verdadeiro autor daquele projeto, e ela guardava os originais.

Agora, eu tinha uma arma e, ao reencontrar João, percebi que a vingança é um prato que se come frio.

Ele tentou me manipular de novo, mas a Maria ingênua havia morrido na prisão, e uma nova mulher, com um filho nos braços e a verdade nas mãos, estava pronta para a guerra.

Eu sou Maria, e a justiça será feita.",1,ct-v1-crime|crime|犯罪|crime
nrv_193d95fb9973b29d0955c542,"[""RAW_LANGUAGE_SCOPE_V1"",""[\""number\"",\""5\""]"",[""string"",""葡语""]]",Por baixo da sua máscara feia,"Elliana era a filha feia e desprezada da família, enquanto sua meia-irmã, Paige, era admirada por todos e estava prestes a se casar com Cole, um CEO. 

Para surpresa de todos, no dia de casamento, foi Elliana quem subiu no altar. 

Enquanto todos se perguntavam por que a mulher feia foi escolhida, Elliana os surpreendeu ao revelar suas verdadeiras identidades: magnata das finanças, médica lendária, especialista da IA... 

Mais tarde, Cole postou uma foto impressionante de Elliana sem maquiagem. ""Minha esposa não precisa da aprovação de ninguém.""",1,ct-v1-wealthy-ceo|wealthy-ceo|豪门总裁|CEO
nrv_19ec30e3cbf499cb37fc7216,"[""RAW_LANGUAGE_SCOPE_V1"",""[\""number\"",\""6\""]"",[""string"",""法语""]]",La revanche de la Luna brisé ,"Sous les dorures d'un bal lunaire, la vie de Luna Kylie s'effondre. Son mari, l'Alpha Graham, oublie ses serments et expose sa trahison devant toute la meute en embrassant Zoé, son amour d'enfance. Humiliée, la jeune femme endure la douleur mystique du lien brisé - ce châtiment réservé aux loups trahis. Jadis promise à un avenir glorieux, unie à Graham par la bénédiction de la Déesse de la Lune, elle voit tout s'écrouler : son mariage, son autorité et sa dignité. Tandis que Zoé s'installe ouvertement à la place qui lui revient, la meute entière se détourne d'elle. Seule, Kylie tente de comprendre pourquoi l'amour s'est mué en poison, et sent naître en elle une force nouvelle : celle d'une Luna trahie, mais pas détruite.

Sa douleur se transforme peu à peu en détermination. Graham, aveuglé par Zoé et la fausse promesse d'un héritier, rejette toute loyauté envers sa compagne légitime. Pourtant, Kylie refuse de s'effacer. Soutenue par quelques fidèles, elle retrouve l'instinct de la louve qu'elle était : fière, rusée, et prête à reprendre son pouvoir. Lorsqu'elle apprend la venue d'un Alpha redouté, Logan Hanks, frère de sa meilleure amie, elle comprend que le destin lui offre une échappatoire. L'homme incarne tout ce que Graham n'est plus : autorité, maîtrise et clairvoyance. Leur première rencontre bouleverse l'équilibre des forces - deux Alphas se jaugent, mais c'est entre Logan et Kylie qu'un lien nouveau, intense et dangereux, commence à se tisser.

Au fil des jours, l'humiliation laisse place à la stratégie. Logan propose à Kylie un pacte : il l'aidera à briser son mariage et à récupérer sa meute, en échange d'un an à ses côtés en tant que Luna. Derrière ce contrat se cachent des désirs inavoués et une attraction irrésistible. Tandis que Graham s'enfonce dans la trahison et que Zoé révèle sa cruauté, Kylie se relève, prête à réécrire sa propre légende",1,ct-v1-werewolf-alpha|werewolf-alpha|Alpha（狼人首领）|Alpha
nrv_1bdb1cca79bd2d4eb641fead,"[""RAW_LANGUAGE_SCOPE_V1"",""[\""number\"",\""19\""]"",[""null""]]",阴阳诡医,"阳医看实病，阴医看虚病，阴医是阴行里面的特殊职业，他们行事诡谲，颠覆传统，而我的远方舅舅，就是一名阴医。
我舅舅有一双令人羡慕的手，他可以让每个人的命运发生改变，他不过是一个整形医生，可是却能够让穷的变富的，老的变少的，芝麻官变一把手，默默无名变声名大噪。每个人都想找他整容改变命运，而我，则被他钦定为下一任继承人。",2,ct-v1-doctor|doctor|医生|医生 ;; ct-v1-heir|heir|继承人|继承人
nrv_1c4cf86d4898063e0d5c2ab4,"[""RAW_LANGUAGE_SCOPE_V1"",""[\""number\"",\""3\""]"",[""string"",""英语""]]",The Billionaire's Blueprint ,"One night. One mistake. One billionaire who won't let her walk away.

When Bella Bluefield agrees to a spontaneous night out, she never expects to wake up next to Xavier Louis - the cold, ruthless CEO of LV Group with a reputation as unbreakable as his empire. It was supposed to be a one-night stand. But weeks later, when she shows up at his office for a job interview... their worlds collide.

And then she drops a bombshell:
""I'm pregnant, sir.""

What starts as an impossible situation spirals into a high-stakes war of secrets, sabotage, and shattered loyalties. With powerful enemies closing in - including Bella's own manipulative mother - and a multi-billion-dollar scandal threatening Xavier's legacy, the line between business and desire begins to blur.

As love ignites, betrayal strikes - and someone wants Bella silenced.

Forever.

In a world where every choice could cost them everything, Bella must decide if she's strong enough to fight for her child, her truth... and the man who just might break her heart.
",3,ct-v1-betrayal|betrayal|背叛|betrayal ;; ct-v1-one-night-stand|one-night-stand|一夜情|one-night stand ;; ct-v1-pregnancy|pregnancy|孕期|pregnant
nrv_1cb9b82d49138a9492251c37,"[""RAW_LANGUAGE_SCOPE_V1"",""[\""number\"",\""19\""]"",[""null""]]",八荒剑帝,"一代剑圣陆凡穿越天剑大陆，修武道，悟剑道。
以手中之剑，让天地变色，日月沉沦，搅动八荒风云，横扫六合天下。
灭妖魔，斩天神，诛尽忤逆我之人。
要这天，挡不住我剑，这地，埋不住我心。
无尽世界，大道争锋，唯我剑帝独尊！

",1,ct-v1-time-travel|time-travel|穿越|穿越
nrv_1d2cfe47f5520700f4774694,"[""RAW_LANGUAGE_SCOPE_V1"",""[\""number\"",\""20\""]"",[""null""]]",農門俏娘子：王爺來種田,"什麼？我偷看男人洗澡？
別人穿越過來都還未出閣，我居然都有了兩個粉嫩的娃。
還好還好，差點被打死前，英俊的相公前來相救。
只是，那眼神為何如此之嫌棄？話語為何如此冰冷？
“說過多少次，別碰我。”
顧靈一擼袖子，既來之則安之。
種田經商，發家致富，沒想到讓原本高冷的男人也拜倒在石榴裙下。
“娘子，夜深了，我們安歇吧……”
“安歇什麼，你不是不讓我碰你？”
“為夫何時說過？娘子怕是聽岔了，全世界我最喜歡娘子了，怎麼可能講出那樣的話？”
顧靈斜睨一眼，“全世界最喜歡我，可真？”
“比真金白銀都真！”",1,ct-v1-time-travel|time-travel|穿越|穿越
nrv_1d2ed08372679e4ada395a1a,"[""RAW_LANGUAGE_SCOPE_V1"",""[\""number\"",\""4\""]"",[""string"",""西语""]]","Mi corazón agonizante, sus votos crueles","Mi regalo de quinto aniversario de bodas fue una llamada del publicista de mi esposo. Me dijo que fuera a la Agencia 5 del Ministerio Público porque había una ""situación"". Con mi esposo multimillonario, Elías, siempre había una situación.

Cuando llegué, vi a una joven influencer acusándolo de secuestro. Pero el verdadero shock no fue la acusación. Fue su cara: se veía exactamente como yo, cinco años más joven.

Elías llegó, pero en lugar de estar enojado, la colmó de afecto, llamándola ""Kiara"" y regalándole un collar de diamantes. Trató la denuncia de secuestro como un simple pleito de novios.

Cuando sus ojos finalmente se encontraron con los míos, la calidez se desvaneció, reemplazada por hielo puro. Me miró como si yo fuera un mueble más. Un policía le murmuró a su compañero: ""Esa es la señora Garza. La de verdad. O bueno, la primera"".

Él me odia. Me culpa por la muerte de su hermana hace cinco años, creyendo que hui y la dejé morir. No sabe que me desmayé mientras corría por ayuda. No sabe de mi enfermedad cardíaca terminal.

Así que me tortura con mi réplica viviente, matando lentamente a la mujer que juró amar ""hasta que la muerte nos separe"". La ironía es que no tiene que esforzarse tanto. Mi doctor acaba de decirme que solo me quedan unas pocas semanas de vida.",1,ct-v1-doctor|doctor|医生|doctor
nrv_1e253e6b5e2a8c43ba823571,"[""RAW_LANGUAGE_SCOPE_V1"",""[\""number\"",\""5\""]"",[""string"",""葡语""]]",O calor do Inefavel,"Hera Medeiros, a ""princesinha dos vinhos"" da renomada Doce Desejo, é a combinação perfeita de elegância e rebeldia. Advogada e relações públicas, sua vida em Nova York é um luxo com motos de alta velocidade e um coração livre. No entanto, por trás da fachada polida, Hera anseia por algo que toque sua alma de forma indizível.
Heitor Carini, o imponente CEO da agência de modelos New Face, é a personificação do poder e da sedução. Um playboy irredutível, com músculos definidos e olhos verdes que não deixam ninguém indiferente, Heitor vive sob suas próprias regras, onde o controle é a palavra-chave e as emoções são um luxo dispensável.
Quando os caminhos de Hera e Heitor se cruzam, o choque é inevitável. Duas almas de mundos iguais, mas perspectivas opostas, colidem em uma dança de atração proibida e paixão avassaladora. Ela se torna a perdição e o mundo dele, desafiando sua couraça e revelando anseios escondidos. Ele se transforma em seu ar, o fôlego que ela nunca soube que precisava, levando-a a limites que transcendem o físico. Em meio a encontros tórridos e segredos que vêm à tona, eles precisarão enfrentar seus próprios demônios e desafiar o que significa amar, descobrindo que o inefável pode ser a chave para a superação e para um amor que arde na alma.",2,ct-v1-playboy|playboy|花花公子|playboy ;; ct-v1-wealthy-ceo|wealthy-ceo|豪门总裁|CEO
nrv_1f1d06143ccc6d1074c64006,"[""RAW_LANGUAGE_SCOPE_V1"",""[\""number\"",\""3\""]"",[""string"",""英语""]]",The Return of The Forgotten Son,"When a dead man appears at his father's birthday party, the Ashbourne family's perfect facade shatters. Elias Ashbourne was buried twenty years ago, yet here he stands, remembering everything they tried to forget. As he unearths their darkest secret, the family insists he's an imposter. But the truth is far worse: Elias isn't the boy who died, he's the thing that crawled out of his grave seeking revenge.",3,ct-v1-family|family|家庭|family ;; ct-v1-revenge|revenge|复仇|revenge ;; ct-v1-happy-ending|happy-ending|圆满结局|he
nrv_1f26bd44ec8635aedec6975d,"[""RAW_LANGUAGE_SCOPE_V1"",""[\""number\"",\""19\""]"",[""null""]]",竹马压青梅：校草，请自重,"母亲再婚，平白无故多了一个邻居哥哥，一下子从灰姑娘成了公主，好像所有的幸运的事情都聚集在这一刻了……
然而，还没反应过来，邻居哥哥将她推进了男校，和傲娇男神成了舍友，处处受到傲娇男神的刁难，并且还成了他的女佣，吩咐这个吩咐那个。
“傲娇男，总有一天我会翻身把歌唱的，哼！！”
",1,ct-v1-princess|princess|公主|公主
nrv_1fcaa8ec9566deeb52a0c4d4,"[""RAW_LANGUAGE_SCOPE_V1"",""[\""number\"",\""14\""]"",[""string"",""韩语""]]","의붓자매의 경멸, 연인의 거짓말","최고급 주한 예술원 갈라 파티.
장학생 바이올리니스트인 나, 서아영은 드디어 이곳에 속한 기분이었다.
특히 내 곁을 너무나 자연스럽게 지키고 있는, 막강한 권력을 가진 이사 남자친구 강태준 덕분에.

하지만 기부자들의 이름이 떠야 할 거대한 스크린이 깜빡이며 살아났다.
그리고 그 위로, 지극히 사적인 내 침실 영상이 재생되었다.
대한민국 상류층 모두가 보는 앞에서, 나의 가장 깊은 치욕이 공개적인 소비거리로 전락한 순간이었다.

경악의 숨소리가 잔인한 속삭임과 조롱 섞인 웃음으로 변해갈 때, 내 세상은 산산조각 났다.
나의 닻이라 믿었던 강태준은 흔적도 없이 사라졌다.
그리고 잠시 후, 나는 그를 발견했다.
내 의붓자매 한세라와 함께 의기양양하게 웃으며, 우리의 관계 전체가 나를 파멸시키기 위한 ‘재미있는 심심풀이’였다고 인정하는 그의 모습을.

사랑했던 남자에게 배신당하고 짐승처럼 끌려간 나는, 그의 친구들에게 어두운 골목으로 끌려갔다.
그리고 상상조차 할 수 없는 끔찍한 고문을 견뎌야 했다.
고춧물이 목구멍을 태웠고, 터지는 플래시가 내 공포를 담아냈으며, 시뻘겋게 달궈진 인두가 어깨에 낙인을 찍었다.
이 모든 것은 대중의 오락거리였고, 강태준이 허락한 일이었다.
그는 나중에 소름 끼치게도, 납치범들에게 나를 ‘처리해 버리라’고 지시했다.

한때 나를 지지해 주던 그 남자는 어째서 이토록 괴물 같은 잔인함을 계획했을까.
나를 망가뜨리고 낙인을 찍은 것도 모자라, 나의 존재 자체가 사라지기를 바랐던 이유는 무엇일까.
이 뒤틀린 복수심을 부추긴 어두운 비밀은 무엇이며, 나는 과연 그의 무서운 집착에서 벗어날 수 있을까?

뼛속까지 파고드는 이 배신은 나를 완전히 바꿔놓았다.
나는 단지 살아남는 것에 그치지 않을 것이다.
그의 세상에서, 나만의 방식으로, 완벽하게 사라져 주리라.
그가 만들어낸 폐허에 등을 돌리고, 나 서아영이 마침내 자유로워질 미래를 내 손으로 만들어낼 것이다.",1,ct-v1-horror|horror|恐怖|공포
nrv_2007cc26550857079e3ab747,"[""RAW_LANGUAGE_SCOPE_V1"",""[\""number\"",\""9\""]"",[""string"",""日语""]]",完璧な家族、偽りの愛の終焉,"私はシステムから与えられた任務で, 心を閉ざしたIT社長・広瀬恭平を癒し, 彼と結婚. 息子の弾にも恵まれ, 完璧な家庭を築いたと信じていた. 

しかし, 結婚7年目の記念日, 夫が秘書の芽生と不倫し, 息子の弾までもがその嘘に加担していたことを知ってしまう. 

決定的だったのは, 雪崩に襲われた瞬間. 夫と息子は, 私ではなく, 迷うことなく芽生を助けに向かったのだ. 

10年間尽くした夫と, 命懸けで産んだ息子からの二重の裏切り. 私の愛と信頼は, 音を立てて崩れ落ちた. 

私はすべてを捨てて元の世界へ帰還し, 新たな人生を歩み始めた. だが, 後悔に苛まれた夫と息子が, 私を連れ戻すためにこちらの世界へやってきた. 彼らに与えられた時間は, わずか24時間. もし私が拒絶すれば, 彼らは永遠の苦しみを背負うことになる.",1,ct-v1-family|family|家庭|家庭
nrv_20ee161cc68c48ae5d6015aa,"[""RAW_LANGUAGE_SCOPE_V1"",""[\""number\"",\""3\""]"",[""string"",""英语""]]",Rootabaga Stories,"""Takes the home-bred American fantasy of The Wizard of Oz even further &#8230; An old favorite, which no American child should miss."" &#8213; School Library Journal.""These stories out of the Rootabaga Country&#8230; have taken root in American soil &#8212; they are here to stay."" &#8212; New York Herald Tribune.""Glorious for reading aloud."" &#8213; The New York Times Book Review.In the village of Liver-and-Onions, there was a Potato Face Blind Man who used to play an accordion on the corner near the post office. The sometime narrator of these tales, he transports readers and listeners to Rootabaga Country, where the railroad tracks go from straight to zigzag, the pigs wear bibs, and the Village of Cream Puffs floats in the wind, looking like a little hat that you could wear on the end of your thumb. Carl Sandburg, the beloved folk chronicler and three-time Pulitzer Prize winner, invented these stories for his own daughters. Populated by corn fairies, circus performers, and such memorable characters as Poker Face the Baboon, Hot Dog the Tiger, and Gimme the Ax, Rootabaga Country is built with the homespun poetry of the American frontier. The stories' inspired nonsense &#8212; loaded with rhythm, humor, and tongue-twisting names &#8212; fires the imagination and pulls at the heartstrings. This edition features the charming original illustrations by Maud and Miska Petersham.",3,ct-v1-fantasy|fantasy|奇幻|fantasy ;; ct-v1-comedy|comedy|喜剧|humor ;; ct-v1-happy-ending|happy-ending|圆满结局|he
nrv_2196521d114a7b8976400d87,"[""RAW_LANGUAGE_SCOPE_V1"",""[\""number\"",\""20\""]"",[""null""]]",鬥破宅門：農家貴女,"
推薦迷花新文《農家世子妃》

她，是鳳城首富杜府的嫡女，卻也是鳳城人人唾棄的女子。姨母鳩佔鵲巢，對她趕盡殺絕，卻無人憐憫，只道活該二字。

她，二十一世紀的豪門聯姻的犧牲品，卻也是智商高達一百八的天才女。但她變成她後——

杜伊眼眸深處寒光乍起，身居鄉野，韜光養晦多年，只為了讓欠她的人，十倍奉還。

他，紫陽國權勢滔天的攝政王，看著眼前的三歲小奶娃，越看越眼熟，忍不住跟在其後一探究竟。

當她遇上他，面對自家兒子放大版的面孔，會是怎樣的精彩對決？
",2,ct-v1-legitimate-daughter|legitimate-daughter|嫡女|嫡女 ;; ct-v1-genius|genius|天才|天才
nrv_21f137bafe4df30363b2ccd4,"[""RAW_LANGUAGE_SCOPE_V1"",""[\""number\"",\""5\""]"",[""string"",""葡语""]]",O Alfa que Me Reivindicou,"Em um mundo onde humanos e metamorfos coexistem sob regras silenciosas e perigos constantes, Gabriela aprendeu da pior forma que sobreviver nem sempre significa viver. Sozinha, sem família e sem proteção, ela aceita o que pode ser sua única saída: trabalhar como babá para um misterioso garoto... que não é exatamente humano.
O que parecia apenas um emprego se transforma em algo muito mais arriscado quando ela descobre que a criança é filho de um Alpha, um lobo poderoso, temido... e completamente instável.
Ethan Black Wolf não é apenas cruel por reputação. Marcado pela perda da sua Luna e consumido pela culpa, ele se tornou um predador frio, vivendo entre negócios sombrios e instintos cada vez mais difíceis de controlar. Mas quando seu filho começa a adoecer sem explicação, ele é forçado a permitir a presença de uma humana em seu território.
Gabriela.
O que nenhum dos dois esperava era a forma como seus mundos começariam a se entrelaçar, não apenas pelo perigo, mas por uma atração intensa, primitiva e impossível de ignorar.
Entre marcas proibidas, desejos que queimam sob a pele e um vínculo que desafia todas as regras, Gabriela se vê presa em um jogo onde fugir pode ser impossível... e resistir, ainda mais.
Porque quando um Alpha decide reivindicar o que acredita ser seu...
Não existe escapatória.
",2,ct-v1-werewolf-luna|werewolf-luna|Luna（狼人女首领）|Luna ;; ct-v1-werewolf-alpha|werewolf-alpha|Alpha（狼人首领）|Alpha
nrv_2294d7814fddaa1139aa5ef3,"[""RAW_LANGUAGE_SCOPE_V1"",""[\""number\"",\""15\""]"",[""string"",""菲律宾语""]]",The Fearless Girl,"Lady M ang school kung saan pumapasok si Mia at ang tatlo n'yang kaibigan. Napapalingon ang mga kalalakihan kapag dumadaan si Mia sa harap nila. Pero si Mia ay kinakatakutan sa paaralan nila.Tingin pa lang kabahan ka na. Mia is a very dangerous woman dahil isa lang naman s'yang leader sa grupo. She is an assassin/agents.

“Hoy Mia! Hindi lang pala masama ang ugali mo dahil isa ka ring mang-aagaw ng boyfriend."" Galit na sigaw ni Rica kay Mia sabay hablot sa buhok ni Mia habang nakatalikod ito sa kan'ya.

“Fuck!"" sabi ni Marco.

“The hell!"" sabi rin ni Rico.

“Patay!"" sabay na sabi nina Rose at Santi.

“Bitaw!“ sabi ni Mia kay Rica na kalmado ang boses.

“At sino ka sa akala mo na kakatakotan ko? Tapos na ang pagpapakitang tao ko sa harap mo Mia. Total inagaw mo na rin naman ang boyfriend ko sa akin, ipapakita ko sayo ang tunay na ako."" singhal ni Rica habang hawak pa rin ang buhok ni Mia.

“Stop it Rica!"" awat ni Gabby rito.

“No Gabby! She deserves it. Inagaw ka n'ya sa akin!""

“Isa, dalawa, pagsisisihan mo Rica kapag hindi mo bibitiwan ang buhok ko! Im warning you Rica.

“Girl, bumitaw ka na kung ayaw mong matulog ng mahaba-haba,"" sabay tawa ni Rose.

“Ayaw mo talaga ha!“ Umikot si Mia kay Rica sabay hawak ng mahigpit sa kamay ni Rica na may hawak ng buhok n'ya at hinawakan nito ang leeg ni Rica. 

“Aray! Bitaw! Bitaw na Mia!"" pagmamakaawa nito kay Mia.

“Next time Rica kilalanin mo muna ang kakalabanin mo,!"" sabay bitaw sa leeg ni Rica.

“Shit! Bakit nahimatay si Rica?"" tanong ni Marco

“Two weeks pa ang gising n'yan kapag sa Hospital n'yo dinala."" natatawang sabi ni Santi.

“Pero kapag sa Clinic n'yo lang dadalhin iyan———tigok yan."" segunda ni Rose.

“Walang gamot ang Clinic natin dito sa ginawa ni Mia na lason. Adios guys."" Pahabol na sabi ni Rose sabay talikod nila ni Santi sa mga lalake.





Bakit nga ba naging isang assassin si Mia? 

Ang Ama n'ya ay isang Mafia Boss at ang Ina n'ya ay isang magaling na agent.

Magkakaroon kaya ng lakas ng loob si Gabby upang aminin ang nararamdaman n'ya kay Mia kong s'ya mismo ay takot rito?


",2,ct-v1-assassin|assassin|刺客|assassin ;; ct-v1-mafia|mafia|黑帮|Mafia
nrv_23a9c0086aa141247fb15319,"[""RAW_LANGUAGE_SCOPE_V1"",""[\""number\"",\""3\""]"",[""string"",""英语""]]",The Lost Bride of San Lucas,"This story will focus on the whole family of Don Nataniel Lucas from his own beloved town, San Lucas. This story talks about love, sacrifices, pride and etc.

Felipe Lucas is known as the most handsome and responsible man in the city. He is the son of Nathaniel Lucas, the gobernadorcillo of the first-class town of San Lucas.

At the age of 12, he'd left his beloved city to study at the University of Sto.Tomas. 

After 8 years, he decided to take a vacation in his town. And there, he'd meet again his childhood best friend which is Sofia Monteclara. 

After a month. 
He fell in love with the girl who made him realized that everything is possible as long as you believe. But? 

Someone took his love away from him. Would he find a way to get his girl back? How could Felipe save his lost bride? Would he conquer all the challenges?
",2,ct-v1-family|family|家庭|family ;; ct-v1-happy-ending|happy-ending|圆满结局|He
nrv_23c522ce953d180833144592,"[""RAW_LANGUAGE_SCOPE_V1"",""[\""number\"",\""3\""]"",[""string"",""英语""]]",Blood and Motive ,"""Manuel Salazar, you are under arrest for the disappearance  of Mrs. Cassidy Jones,"" the police officer said as he handcuffed me.
 
Manuel Salazar is a sex worker, a male prostitute who fucks the wives of the most popular men in Manhattan. He was the last person to see Cassidy alive after they spent the night at their usual spot, but he didn't kill her; he was being framed, but who would believe him?
 
No body, no murder weapon, just a hotel room covered in blood and his DNA all over.
He has to prove his innocence or risk going to prison for a crime he didn't commit.
His lawyer Jill Baker is one of the best criminal attorneys in New York, and she suspects foul play, she is his only chance to walk away acquitted of all charges.
 
The clock is ticking. Will they solve
this crime in time?

",3,ct-v1-crime|crime|犯罪|crime ;; ct-v1-lawyer|lawyer|律师|lawyer ;; ct-v1-happy-ending|happy-ending|圆满结局|he
nrv_246e0f0b8157c5101c903b87,"[""RAW_LANGUAGE_SCOPE_V1"",""[\""number\"",\""6\""]"",[""string"",""法语""]]",L'épouse rejetée est milliardaire,"J'avais passé trois ans à bâtir ma vie au Manoir de Val-Royal, persuadée d'avoir enfin trouvé ma place auprès de l'homme que j'aimais. Mais tout mon univers s'est effondré le jour où un simple test ADN a affiché un résultat brutal : 0 % de correspondance.

En un instant, je suis passée du statut d'épouse à celui de paria, accusée d'être une fausse héritière et une fraudeuse par la puissante famille Sylvestre. Ma belle-mère, Bruyère, n'a pas attendu une seconde pour me jeter le dossier de divorce au visage, me traitant de déchet et de parasite devant une armée d'avocats.

Joseph, mon mari, est entré dans la pièce avec une indifférence qui m'a glacé le sang. Il n'a pas cherché à comprendre, il n'a pas eu un regard de compassion pour la femme qui partageait sa vie depuis trois ans. Pour lui, notre mariage n'était qu'une transaction commerciale et j'étais devenue un produit défectueux. « Signe », a-t-il simplement ordonné, la voix dénuée de toute émotion.

L'humiliation ne s'est pas arrêtée là : on m'a fouillée comme une criminelle et on m'a arraché mes bijoux, jusqu'à ma bague de fiançailles, avant de me jeter dehors sous une pluie torrentielle. Je me suis retrouvée seule dans la boue, avec une valise cassée et le cœur en miettes, regardant les grilles du manoir se refermer sur mon passé.

Je ne comprenais pas comment l'homme pour qui j'aurais tout donné pouvait me regarder sombrer avec un tel mépris. Comment avait-il pu effacer nos souvenirs aussi facilement, au point de me laisser partir à pied, sans un sou, au milieu de la nuit ?

Mais alors que je touchais le fond, un convoi de limousines noires a surgi de l'obscurité : ma véritable famille, l'empire des Épines, venait enfin de me retrouver. Six ans plus tard, devenue une neurochirurgienne de génie connue sous le nom de Docteur Albâtre, je n'aurais jamais cru croiser à nouveau son chemin. Jusqu'à ce qu'un petit garçon aux yeux sombres m'implore dans le couloir de mon hôpital : « Docteur, s'il vous plaît, sauvez mon papa, il souffre trop. » J'ai levé les yeux et j'ai reconnu Joseph, l'homme qui m'avait brisée, ignorant que la femme qu'il avait autrefois jetée aux ordures était désormais la seule personne au monde capable de le maintenir en vie.",2,ct-v1-royalty|royalty|王室|Royal ;; ct-v1-divorce|divorce|离婚|divorce
nrv_246f00aa2f2589f088f1cc46,"[""RAW_LANGUAGE_SCOPE_V1"",""[\""number\"",\""13\""]"",[""string"",""越南语""]]",Màn thứ hai của vũ công ba lê,"Đêm tôi nhảy cầu Long Biên, Đoàn Tường Nguyên đã tái sinh.

Tôi tỉnh lại trong một mùi thuốc khử trùng nồng nặc. Ánh sáng trắng trên trần nhà bệnh viện đâm vào mắt tôi, khiến tôi phải nheo mắt lại. Mọi thứ mờ ảo, giống như một giấc mơ vừa tan vỡ.

""Minh Anh, em tỉnh rồi!""

Một giọng nói quen thuộc, run rẩy vì vui mừng xen lẫn đau đớn, kéo tôi ra khỏi sự mông lung. Đoàn Tường Nguyên, người đàn ông tôi yêu từ thuở thiếu thời, đang nắm chặt tay tôi. Khuôn mặt anh tuấn của anh hốc hác, đôi mắt sâu thẳm đầy những tơ máu, và bộ râu lởm chởm mọc quanh cằm cho thấy anh đã không chăm sóc bản thân trong nhiều ngày.

Anh ghì chặt tay tôi, những ngón tay của anh lạnh ngắt. ""Tốt quá rồi, em cuối cùng cũng tỉnh lại. Em có biết em đã làm anh sợ đến mức nào không?""

Tôi nhìn anh, cảm giác ấm áp và an toàn quen thuộc lan tỏa trong lòng. Đây là Tường Nguyên của tôi, người luôn ở bên cạnh tôi. Tôi mỉm cười yếu ớt.

""Em xin lỗi... đã làm anh lo lắng.""

Anh lắc đầu nguầy nguậy, mái tóc rối bù. ""Không, là lỗi của anh. Tất cả là lỗi của anh. Nếu anh không..."" Anh đột nhiên dừng lại, cắn chặt môi như thể đang cố nuốt lại những lời tự trách. Anh cúi xuống, hôn lên trán tôi, một nụ hôn dịu dàng nhưng ẩn chứa sự run rẩy không thể che giấu.

""Anh sẽ không bao giờ để em rời xa anh nữa. Không bao giờ.""

Đúng lúc đó, cửa phòng bệnh mở ra. Trợ lý của anh, Tuấn, bước vào, vẻ mặt đầy lo lắng. ""Chủ tịch, cuộc họp hội đồng quản trị sắp bắt đầu rồi. Mọi người đã đợi ngài hơn một tiếng đồng hồ.""

Tường Nguyên thậm chí không thèm quay đầu lại. ""Hủy hết đi.""

""Nhưng, thưa chủ tịch,"" Tuấn cố gắng thuyết phục, ""Đây là cuộc họp về dự án Vịnh Hạ Long, cực kỳ quan trọng...""

""Tôi nói hủy hết!"" Giọng Tường Nguyên đanh lại, lạnh như băng. ""Từ giờ trở đi, không có gì quan trọng hơn Minh Anh. Tập đoàn có sụp đổ tôi cũng không quan tâm.""

Tuấn tái mặt, không dám nói thêm lời nào, vội vàng cúi đầu rồi lùi ra ngoài, khép cửa lại một cách nhẹ nhàng.

Tường Nguyên quay lại với tôi, sự lạnh lùng trên mặt anh tan biến ngay lập tức, thay vào đó là sự dịu dàng vô hạn. ""Em có muốn ăn gì không? Anh cho người chuẩn bị cháo nhé? Hay em muốn ăn súp? Anh đã gọi đầu bếp giỏi nhất từ Pháp về, cả một đội ngũ chuyên gia dinh dưỡng hàng đầu thế giới cũng đang trên máy bay tới đây. Họ sẽ chăm sóc cho em.""

Tôi cảm thấy choáng ngợp trước sự quan tâm thái quá của anh, nhưng trái tim lại ngập tràn ngọt ngào. Anh luôn như vậy, luôn muốn dành cho tôi những điều tốt nhất trên đời.

Tôi khẽ lắc đầu, cố gắng ngồi dậy. ""Em không sao, chỉ hơi mệt thôi.""

Khi tôi chống tay lên giường để nâng người lên, một cơn đau buốt đột ngột xuyên qua cánh tay phải của tôi. Tôi kêu lên một tiếng, và tấm chăn mỏng trượt xuống, để lộ ra thứ không nên tồn tại.

Không phải là một cánh tay bằng xương bằng thịt.

Mà là một cánh tay giả bằng kim loại, sáng bóng và lạnh lẽo dưới ánh đèn bệnh viện.

Cổ họng tôi nghẹn lại. Không khí như bị rút cạn khỏi lồng ngực. Tôi nhìn chằm chằm vào cánh tay giả, rồi nhìn sang cánh tay trái. Tấm chăn trượt xuống hoàn toàn. Cả hai cánh tay của tôi... đều đã biến mất. Thay vào đó là hai khối kim loại vô hồn.

""A... AAAAAA!""

Tiếng hét của tôi xé tan sự im lặng trong phòng. Nó không giống tiếng người, mà giống tiếng kêu thảm thiết của một con thú bị thương. Ký ức kinh hoàng của vụ tai nạn xe hơi ập về như một cơn sóng thần. Chiếc xe tải mất lái, tiếng kim loại va chạm chói tai, và cảm giác đau đớn tột cùng trước khi mọi thứ chìm vào bóng tối.

Đôi tay của tôi. Đôi tay của một họa sĩ tranh lụa. Đôi tay đã vẽ nên cả thế giới của tôi. Chúng đã bị hủy hoại.

Tôi là Khang Minh Anh, họa sĩ lụa được mệnh danh là thiên tài. Những bức tranh của tôi được ví như có linh hồn, và đôi tay tôi là công cụ để tạo ra những linh hồn đó. Giờ đây, công cụ đó đã mất. Sự nghiệp của tôi, ước mơ của tôi, tất cả đã chấm dứt.

Tất cả là do Tào Mai Hiền.

Cái tên đó hiện lên trong đầu tôi như một lời nguyền độc địa. Cô ta là một kẻ theo đuổi cuồng tín của Tường Nguyên, một kẻ tâm thần đã cố ý gây ra vụ tai nạn để hủy hoại tôi.

""Minh Anh, bình tĩnh lại!"" Tường Nguyên ôm chầm lấy tôi, giọng anh đầy hoảng loạn. ""Nghe anh nói, mọi chuyện sẽ ổn thôi. Anh đã tìm được những chuyên gia giỏi nhất, họ sẽ tạo ra đôi tay giả tốt nhất cho em...""

""Cút đi!"" Tôi gào lên, dùng đôi tay giả lạnh lẽo đó đẩy anh ra. ""Cô ta đâu? Tào Mai Hiền đâu rồi?""

Ánh mắt Tường Nguyên lóe lên một tia căm hận tàn độc. ""Anh đã nhốt cô ta lại. Anh sẽ khiến cô ta phải trả giá cho những gì đã làm với em. Anh sẽ khiến cô ta sống không bằng chết.""

Nghe thấy vậy, một phần trong tôi cảm thấy hả hê. Nhưng một phần khác lại dấy lên một nỗi bất an mơ hồ. Tường Nguyên nói rằng anh sẽ trả thù cho tôi, nhưng kể từ sau vụ tai nạn, tôi nghe loáng thoáng từ các y tá rằng anh gần như ngày nào cũng đến ""thăm"" Tào Mai Hiền trong căn biệt thự ở ngoại ô nơi anh giam giữ cô ta.

Tại sao anh phải đến đó thường xuyên như vậy? Để hành hạ cô ta ư? Hay còn vì một lý do nào khác?

Trong lúc tâm trí tôi rối bời, tôi vô tình lướt điện thoại và truy cập vào một diễn đàn trực tuyến ẩn danh mà tôi hay ghé thăm. Một bài đăng mới lập tức thu hút sự chú ý của tôi.

Tiêu đề: ""Tôi đã cướp được người đàn ông của kẻ thù, và giờ anh ấy yêu tôi đến điên cuồng.""

Người đăng bài, với nickname ""Bướm Đêm"", kể một câu chuyện kỳ lạ. Cô ta nói rằng mình yêu một CEO giàu có, nhưng anh ta đã có một cô bạn gái thanh mai trúc mã là ""bạch nguyệt quang"" (ánh trăng sáng). Vì vậy, cô ta đã tạo ra một vụ tai nạn, hủy hoại ""bạch nguyệt quang"" đó. CEO ban đầu đã giam cầm cô ta để trả thù, nhưng dần dần, anh ta lại bị thu hút bởi sự ngang tàng và điên cuồng của cô ta.

Trái tim tôi như bị một bàn tay vô hình bóp nghẹt. Câu chuyện này... sao lại giống chuyện của tôi đến vậy?

Bài đăng tiếp tục: ""Anh ấy nói rằng anh ấy hận tôi, nhưng mỗi ngày anh ấy đều đến thăm tôi. Anh ấy mang cho tôi những món ăn ngon nhất, dù sau đó lại hất đổ chúng đi. Anh ấy nhìn tôi bằng ánh mắt vừa căm ghét vừa khao khát. Tôi biết, anh ấy đã yêu tôi rồi.""

Tôi đọc đi đọc lại những dòng chữ đó, toàn thân run rẩy. Không thể nào. Đây chỉ là sự trùng hợp thôi.

Nhưng rồi, một dòng cuối cùng trong bài đăng đã đánh sập hoàn toàn thế giới của tôi.

""Hôm nay, anh ấy mang cho tôi một chiếc kẹp tóc hình con bướm bằng kim cương. Anh ấy nói, con bướm này cũng giống như em, dù bị giam cầm trong lồng vẫn cố chấp vỗ cánh. Anh ấy nói, anh ấy đã bị sự cố chấp của tôi đánh bại.""",1,ct-v1-wealthy-ceo|wealthy-ceo|豪门总裁|CEO
nrv_24c0682e72e41627d107e857,"[""RAW_LANGUAGE_SCOPE_V1"",""[\""number\"",\""11\""]"",[""string"",""印尼""]]",Crazy Woman,"Ria Ananta. Ananta itu kepanjangan dari Anaknya Antara, papahnya Ria. Ia sengaja diberi nama itu untuk menutupi identitas aslinya yang merupakan anak seorang konglomerat kaya raya tujuh turunan. 

Padahal sudah terlihat jelas dari pembawaannya bak putri raja dan segala yang dikenakannya berasal dari brand high end, namun tidak ada yang menyadari bahwa Ria merupakan salah satu anaknya Antara! 

Ria menjalani hidupnya seperti orang normal kebanyakan. Sudah tentram hidupnya dengan gelimang harta, dia malah menjalin hubungan dengan Christian, salah seorang anggota boyband yang sedang naik daun! Ditambah lagi keluarganya Tian yang selalu merecoki Ria karena menjalin hubungan dengan putra mahkota mereka! 

Gangguan-gangguan tersebut membangunkan sisi lain Ria yang tidak pernah diketahui siapapun, termasuk Christian. Sisi lain yang benar-benar lain dari biasanya Ria.

----------------------------------------
""Tolong. Kamu sebagai papahnya, luangkan waktu untuk mengurus putrimu. Harta bisa dicari, kekuasaan bisa diraih, tapi putri yang sudah terlanjur hancur hari demi harinya tak bisa kembali. Mengobati itu lebih menyakitkan dibanding mencegah. Putrimu adalah harta terbesar bagimu.""

~~~
Disclaimers!!!
📍Trigger Warning  *TW*📌

1. Cerita mengandung banyak suicidal thoughts dan suicidal attempts
2. Mengandung pemikiran depresi dan keputusasaan 
3. Terdapat adegan kekerasan 
4. Bukan cerita uwu, lebih banyak tentang relationship with human
5. If you have some mental issues, be wise to read this story. Just take a lesson and don't follow what contain in this story. 

Enjoyyyy~~~

",1,ct-v1-tragic-ending|tragic-ending|悲剧结局|be
nrv_25a99047c6495e4646505316,"[""RAW_LANGUAGE_SCOPE_V1"",""[\""number\"",\""6\""]"",[""string"",""法语""]]",L'Oméga rejetée s'avère être la Princesse Lycan,"Pendant trois ans, j'ai récuré des tables. J'étais « la gamine sans-louve », cachant ma véritable identité : la fille du Roi Lycan.

C'était un test pour mon fiancé, l'Alpha Victor. Je voulais voir s'il aimait la femme, ou juste la couronne.

Ce soir, il a lamentablement échoué.

Sa maîtresse, Jade, a délibérément renversé un plateau de boissons sur moi en plein service.

Le liquide n'était pas de l'alcool. C'était de l'argent concentré.

Ma chair a grésillé et bouilli tandis que le poison me rongeait la peau, bloquant toute capacité de guérison.

Je suis tombée au sol, serrant ma main qui fondait, pendant que Jade simulait des larmes en prétendant que je l'avais attaquée.

Quand Victor a enfin répondu à l'appel vidéo, il a vu ma main déchiquetée. Il a senti la chair brûlée. Il savait que c'était de l'argent.

Mais il ne m'a pas aidée.

Il a regardé sa montre, furieux que j'interrompe sa réunion d'affaires avec des investisseurs.

« Excuse-toi auprès de Jade », a-t-il ordonné, utilisant son Ordre de l'Alpha pour m'écraser de sa volonté.

« À genoux. Maintenant. »

La douleur était aveuglante, mais la trahison était une blessure bien plus profonde. Il forçait sa Partenaire Prédestinée à s'incliner devant la femme qui avait tenté de la mutiler.

Mes genoux ont plié sous la pression, mais mon sang Royal a refusé de céder.

J'ai regardé droit dans l'objectif de la caméra.

« Non », ai-je murmuré.

J'ai plongé la main dans mon tablier, ignorant mon carnet, et j'en ai sorti un téléphone satellite noir que je n'avais pas touché depuis des années.

« Code Noir », ai-je dit au Roi à l'autre bout du fil. « Envoie la Garde. »

Victor pensait qu'il disciplinait une serveuse.

Il ne savait pas qu'il venait de déclarer la guerre à la Famille Royale.",2,ct-v1-royalty|royalty|王室|Royal ;; ct-v1-werewolf-alpha|werewolf-alpha|Alpha（狼人首领）|Alpha
nrv_26b5c5d78cd5e61c4d1bb350,"[""RAW_LANGUAGE_SCOPE_V1"",""[\""number\"",\""19\""]"",[""null""]]",盛世惊凰：嫡女皇妃要逆天,"“你的存在就是我的耻辱！”南宫景不明白身为兵部尚书府的当家主母为什么这么容不下她这个庶女，还没来得及问清楚原因就一命呜呼。
　　南宫景也没想到她这个不明不白的冤魂连阎王都不收，转一圈居然又回到到了兵部尚书府，只不过，岁月倒流在了她十二岁那年。
南宫景是兵部尚书府庶女，却被当家主母各种嫌弃最后用一张手绢亲手送她归西。重生之后才明白，从头到尾就是一个阴谋。
上天给了她机会将一切疑团慢慢解开……
",1,ct-v1-rebirth|rebirth|重生|重生
nrv_26c09dbaad0d8356d0068de5,"[""RAW_LANGUAGE_SCOPE_V1"",""[\""number\"",\""15\""]"",[""string"",""菲律宾语""]]",12 Signs,"Naniniwala ka ba sa mga signs? Kung oo, anu-anong signs nga ba ang mga hinihingi mo?

Althea Marie Madrigal is a freshman college student who believed in signs. She has a suitor named Terrence Robles, every signs she had, it is always happened but it is not because of his suitor but it's all connected to the person she was avoiding for a couple of months, and that person is Cyden Aria Leigh Imperial.

What Althea can do once she found out that Terrence is playing about her feelings? Will she still believe in her signs or will she follow the desires of her heart?
",1,ct-v1-student|student|学生|student
nrv_278d9053405a89b054844de1,"[""RAW_LANGUAGE_SCOPE_V1"",""[\""number\"",\""6\""]"",[""string"",""法语""]]","Ses épouses, leurs trahisons, sa rédemption","En tant qu'unique héritier de la dynastie de Montclair, trois propositions de mariage me furent présentées.

Elles venaient des filles des plus puissantes familles de Bordeaux : Chloé, Camille et Juliette. Mes amies d'enfance, celles que j'avais aimées toute ma vie.

Mais ma vie n'a été qu'une descente aux enfers.

Je les ai épousées, l'une après l'autre. Et l'une après l'autre, elles sont mortes en protégeant le même homme : Luc Fournier, le fils du régisseur de notre domaine.

Sur son lit de mort, ma troisième épouse, Juliette, m'a avoué l'atroce vérité.

« Nous n'avons jamais aimé que Luc. »

Elle m'a raconté qu'elles m'avaient épousé pour mon pouvoir, utilisant le nom des Montclair comme un bouclier pour protéger leur amant de basse condition et le garder dans leur vie.

Mes mariages, leurs morts... tout n'était qu'un mensonge. Je n'étais pas un mari ; j'étais un garde du corps. Un idiot cocu, le dindon de la farce dans leur romance tragique.

J'ai passé mon existence dans un rôle de personnage secondaire et je suis mort vieux, seul, avec pour seule compagnie la pitié de toute la ville. Ma vie entière n'avait été qu'une farce cruelle.

Et j'en étais la chute.

Jusqu'à ce que j'ouvre à nouveau les yeux.

J'avais vingt-quatre ans. J'étais debout, face à mes parents. Et sur la table, les trois mêmes écrins de velours.",1,ct-v1-romance|romance|言情|romance
nrv_2842d9e99dc2f0be7286a22a,"[""RAW_LANGUAGE_SCOPE_V1"",""[\""number\"",\""3\""]"",[""string"",""英语""]]",Vows in the Shadows,"She signed a contract to survive. She never expected to fall for the devil himself.

Amanda Holson's quiet life as a gallery assistant shatters when she's forced into a contract marriage with Leonardo Castelli-a billionaire whose name is whispered in the shadows of New York's underworld. Ruthless, powerful, and dangerously captivating, Leonardo is a man who always gets what he wants.

At first, Amanda is just another piece in his game. But as the lines blur between duty and desire, she begins to see the man behind the cold, calculated mask. Secrets unravel, enemies close in, and soon, Amanda must decide: can she trust the man who owns her... or will loving him cost her everything?

In a world where love is a weakness and power is everything, can their hearts survive the darkness?",3,ct-v1-contract-marriage|contract-marriage|契约婚姻|contract marriage ;; ct-v1-happy-ending|happy-ending|圆满结局|he ;; ct-v1-marriage|marriage|婚姻题材|marriage
nrv_284a6fd85c0d3109f03f0fb2,"[""RAW_LANGUAGE_SCOPE_V1"",""[\""number\"",\""19\""]"",[""null""]]",娇宠医妃：短命王爷缠不休,【医妃+空间+替嫁+甜宠+男强女更强】一代天才医者带着神秘空间穿越到一个崭新的世界，成了替亲妹妹出嫁冲喜的工具人王妃。王府里有人想她死，娘家有人要她命，就连皇宫里也有人看她不顺眼。她的好妹妹，不是你自己当初要姐姐替你出嫁的吗，怎么现在看着王爷活蹦乱跳的，就想除掉姐姐，自己上位了？朝中大臣设计陷害，还要在耳边搞阴谋论。何沉烟：“王爷，有人觊觎我~”楚骁：“走开！王妃只能是我一个人的。”,3,ct-v1-sweetness|sweetness|甜宠|甜宠 ;; ct-v1-genius|genius|天才|天才 ;; ct-v1-substitute-marriage|substitute-marriage|替嫁|替嫁
nrv_28d9fe24f7e2f34adac76477,"[""RAW_LANGUAGE_SCOPE_V1"",""[\""number\"",\""8\""]"",[""string"",""意大利语""]]","Luna Rifiutata, Rivendicata dal Re","Ero un'orfana senza-lupo, tollerata nel Branco solo come caso di carità. La mia unica speranza era Braydon, il mio migliore amico e protettore, che mi aveva giurato che la mia mancanza di un lupo non importava.

Ma la notte in cui divenne Alpha, mi umiliò davanti a tutti. Scelse la figlia di un Alpha alleato come sua Luna, cancellandomi con una risata, per poi esigere che restassi la sua obbediente e patetica bestiolina domestica.

Disperata e in fuga, feci l'impensabile. Incontrai l'uomo più terrificante del continente, il Re dei Lycan Dallas Marshall, e lo pregai di sposarmi. Firmai un contratto vincolante, vendendo la mia anima e la mia libertà in cambio del suo nome e della sua protezione assoluta. Quando Braydon lo scoprì, impazzì di rabbia, minacciando di uccidere il mio nuovo marito pur di trascinarmi di nuovo nel suo inferno.

Credevo di aver barattato una prigione con una gabbia dorata, finendo nelle mani di un mostro spietato a cui serviva solo una finta moglie. Non capivo perché mi avesse comprato un anello inestimabile, né perché i suoi occhi neri mi fissassero con un'ossessione così predatrice e possessiva.

Finché Braydon non osò usare una collana rubata dal cadavere di mia madre per cercare di ricomprarmi. Quel pomeriggio, il Re dei Lycan mandò in bancarotta l'intero Branco Hyde in poche ore, mi intrappolò contro una libreria e, con un ringhio feroce, mi disse che valevo più di qualsiasi regno. Lì capii di non aver firmato per uno scudo, ma di aver risvegliato un dio che mi aspettava da sempre.",1,ct-v1-werewolf-alpha|werewolf-alpha|Alpha（狼人首领）|Alpha
nrv_294b1be530f615d2b4209ab6,"[""RAW_LANGUAGE_SCOPE_V1"",""[\""number\"",\""19\""]"",[""null""]]",修真小邪妃,"天才修真少女一夕穿越成了重生复仇的白府嫡女。打渣男，虐小妾！
她想事了拂袖去，深藏功与名。某世子却拉住她衣袖：“夺走我心还想离开？”

“不然？”
“以心易心，方为不亏。”
",2,ct-v1-legitimate-daughter|legitimate-daughter|嫡女|嫡女 ;; ct-v1-genius|genius|天才|天才
nrv_295d4bfb830c10dc8d0d592f,"[""RAW_LANGUAGE_SCOPE_V1"",""[\""number\"",\""3\""]"",[""string"",""英语""]]",The Voyage of the Beagle ,"The Voyage of the Beagle is the title most commonly given to the book written by Charles Darwin and published in 1839 as his Journal and Remarks, bringing him considerable fame and respect. This was the third volume of The Narrative of the Voyages of H.M. Ships Adventure and Beagle, the other volumes of which were written or edited by the commanders of the ships. Journal and Remarks covers Darwin's part in the second survey expedition of the ship HMS Beagle. Due to the popularity of Darwin's account, the publisher reissued it later in 1839 as Darwin's Journal of Researches, and the revised second edition published in 1845 used this title. A republication of the book in 1905 introduced the title The Voyage of the ""Beagle"", by which it is now best known.",1,ct-v1-adventure|adventure|冒险|Adventure
nrv_29dd5013a5c4989536c94c70,"[""RAW_LANGUAGE_SCOPE_V1"",""[\""number\"",\""20\""]"",[""null""]]",逆天小毒妃,"南宮離，二十一世紀藥師世家之女，採藥喪命，魂穿異界大陸，附身同名同姓少女身上。 什麼，此女廢柴，懦弱無能？沒關系，左手《丹毒典》，右手通天塔，毒丹在手，巨塔在側，誰若囂張，讓誰遭殃。 尼瑪，太子悔婚，轉賜廢物王爺？姐要逆天，虐死你們這羣渣。 廢柴變天才，懦女變毒女，邪王守護，遍走天下！
",2,ct-v1-crown-prince|crown-prince|太子|太子 ;; ct-v1-genius|genius|天才|天才
nrv_2a2a1e3ce62c5544f38c7cc5,"[""RAW_LANGUAGE_SCOPE_V1"",""[\""number\"",\""9\""]"",[""string"",""日语""]]",夫に殴られたので、通報して人生始めました,"夫に家庭内暴力を振るわれたので、即座に通報した。

義母は言った――「どこの夫婦だって喧嘩くらいするものよ」と。

……そうなの？

その後、彼はほとんど日常生活すら送れないほどのケガを負うことになった。

慌てて義父母が仲裁に乗り出してきたけれど、

「夫婦で喧嘩しないところなんてないでしょ？」――そう言って、今度はこちらが一蹴した。",1,ct-v1-family|family|家庭|家庭
nrv_2a46617f81908f68f64e227a,"[""RAW_LANGUAGE_SCOPE_V1"",""[\""number\"",\""4\""]"",[""string"",""西语""]]",Al Faro del Amor,"""Estaremos casados por sólo un mes. Después de eso, nos divorciaremos de inmediato"".

A pesar de que su bisabuelo había arreglado su matrimonio antes de nacimiento, él no creía que una mujer tan informal y movida como ella merecía ser su esposa.

Poco sabían en aquel entonces que estaban destinados a estar juntos. Hiram, el CEO joven y apuesto que nunca sintió atracción por ninguna mujer, y Rachel, la belleza que de alguna manera traía mala suerte a todos los hombres con los que salía, se casaron, contra todo pronóstico. ¿Qué será de su vida de matrinomio?",1,ct-v1-wealthy-ceo|wealthy-ceo|豪门总裁|CEO
nrv_2af0b9b4b60cc651175c4ae6,"[""RAW_LANGUAGE_SCOPE_V1"",""[\""number\"",\""20\""]"",[""null""]]",毒妃萌寶：腹黑王爺賴上門,"二十一世紀警花蘭若漓穿越了，成護國郡主府不受寵的嫡女。
遭遇負心漢拋棄，娘死爹不疼，繼母庶妹坑，外帶癡傻沒心智，最可惡的是被人染指生了野孩子！這身份也是絕了！一個字慘……
他堂堂軒王心甘情願跑來頂這個綠帽子。
“娘親，那個俊逸的哥哥要當我爹。”
“不可，小包子趕緊逃。”
“美人，帶著我的種去哪？我不介意多生幾個，如何？”",2,ct-v1-legitimate-daughter|legitimate-daughter|嫡女|嫡女 ;; ct-v1-time-travel|time-travel|穿越|穿越
nrv_2b50afd6191e153abce91353,"[""RAW_LANGUAGE_SCOPE_V1"",""[\""number\"",\""3\""]"",[""string"",""英语""]]",HIS REDEEMING LIGHT,"In a desperate bid to save her brother, Nikka finds herself getting into a contract marriage with her boss, Micheal Roberts. But there's a twist - Micheal, one of the city's most eligible bachelors, is only getting married for the sake of having a child. Will this arrangement lead to unexpected love or heartbreak? Find out in this captivating tale of sacrifice and unexpected romance. 
",3,ct-v1-contract-marriage|contract-marriage|契约婚姻|contract marriage ;; ct-v1-romance|romance|言情|romance ;; ct-v1-marriage|marriage|婚姻题材|marriage
nrv_2e1cec709165a7c01d509d19,"[""RAW_LANGUAGE_SCOPE_V1"",""[\""number\"",\""19\""]"",[""null""]]",傲世狂妃：倾城天下,一代霉女因父亲败光家底，走投无路之下，她被债主推下山崖，无意中进入明山玄境，获得了绝世神功。一次偶然的相遇，她有幸得到皇帝的宠爱，被封为后宫娘娘。山中的麻雀变凤凰，一入京都震天下。昔日的废材，一跃变成风华绝代的皇后。卷入宫斗，她将对手踩在脚下。脚踢天下贪官，拳打乱臣贼子。亲自带兵，征战天下，手握天下兵权，权倾朝野无人敌。且看她如何覆雨翻云，只手遮天，叱咤风云？,1,ct-v1-emperor|emperor|皇帝|皇帝
nrv_30274660fca983d7edaf6310,"[""RAW_LANGUAGE_SCOPE_V1"",""[\""number\"",\""20\""]"",[""null""]]",重生後，我被腹黑侯爺寵翻了,"上一世，謝家三房淪落為謝家的搖錢樹，謝芷柔更成為謝家攀附皇室的棋子，最終落得個滿門抄斬的結局。而這一切的罪魁禍首真是她嫡親的祖母、伯父……重生歸來，這一世，她護三房，鬥謝家，再將太子拉下馬！為了不讓三房重蹈覆轍，她陰狠算計，步步為營。
他，風流小侯爺，人前花心浪蕩，人後為她掃除陰謀暗算，陪她與太子暗中博弈，更為她披甲上戰場。
這一世，看她如何書寫錦繡繁華。",1,ct-v1-crown-prince|crown-prince|太子|太子
nrv_3038de4d0bcc0325c8e54cb3,"[""RAW_LANGUAGE_SCOPE_V1"",""[\""number\"",\""5\""]"",[""string"",""葡语""]]",Amor Oculto ,"Carolina sempre foi uma mulher independente, com a carreira dos sonhos e a vida perfeitamente organizada. Tudo muda quando ela conhece Alejandro, um enigmático empresário cuja sedução é tão irresistível quanto os segredos que ele esconde. Entre encontros apaixonantes e momentos de tensão, Carolina se vê envolvida em um romance intenso e perigoso. Mas à medida que o amor floresce, ela descobre que o passado de Alejandro pode colocar tudo a perder. Será que o desejo será suficiente para superar as sombras que os cercam, ou os segredos de Alejandro destruirão o que eles construíram?",1,ct-v1-romance|romance|言情|romance
nrv_30665770b00ef6e5095537e6,"[""RAW_LANGUAGE_SCOPE_V1"",""[\""number\"",\""11\""]"",[""string"",""印尼""]]",En-PD154,"Di arena pertarungan, setelah perjuangan mati-matian melawan lawan, akhirnya aku meraih kehormatan sepuluh kemenangan berturut-turut.

Berbalik, aku mendengar kekasih dari tunanganku, yang merupakan cinta pertamanya, merangkul lengannya sambil menertawakan aku,

""Wanita kasar, ceroboh, dan tidak berkelas tinggi, tidak pantas untukmu?""

Aku refleks menatap Roderick, berpikir dia akan memberi pelajaran keras atas kata-kata kasar itu.

Namun, pria yang kemarin masih lembut dan penuh perhatian kepadaku, kini membelai lembut kepala wanita itu, tersenyum kecil, ""Kamu cemburu, ya?"" ""

Tenang saja, di hatiku hanya ada kamu.""

Melihat mereka berdua dengan bebasnya bermesraan, hatiku perlahan menjadi dingin.

Kasar, rendah, dan tidak berkelas tinggi?

Aku tersenyum sinis, lalu menghubungi ayahku, sang bos mafia: ""Ayah, tunda pernikahan ini. Aku ingin memilih pasangan yang lain.""

Tenang saja, di hatiku hanya ada kamu.""",1,ct-v1-mafia|mafia|黑帮|mafia
nrv_3074564e7505fe5699b1a189,"[""RAW_LANGUAGE_SCOPE_V1"",""[\""number\"",\""6\""]"",[""string"",""法语""]]",Les liens  de l'amour ,"***Prologue:***

Je suis assis dans ce restaurant en fixant depuis déjà 30 minutes la porte par laquelle est sortie la femme de ma vie. Je n'arrive pas encore à croire ce qui m'arrive en ce moment, je baisse mes yeux et je regarde à nouveau les papiers du divorce qu'elle a posés devant moi afin que je les signe. J'ai beau réfléchir, je n'y arrive vraiment pas. C'est vraiment une mauvaise blague.

 ",1,ct-v1-divorce|divorce|离婚|divorce
nrv_31f16789a9fa9f23b1f7a7c8,"[""RAW_LANGUAGE_SCOPE_V1"",""[\""number\"",\""4\""]"",[""string"",""西语""]]",Mi virgen Hermanastra,"Eduardo es un CEO divorciado que se amargo el alma debido a su ex esposa, pero conoce a  su hermanastra una joven hermosa y virginal y se prenda de ella, decide follar con Marlyn a escondidas y la obliga a no decir nada, solo que a ella también le termina gustando follar con su hermanastro.

De las simples atracciones sexuales siempre termina involucrándose el corazón... es el precio que debes pagar.",1,ct-v1-wealthy-ceo|wealthy-ceo|豪门总裁|CEO
nrv_321ed1267e5fa9d183dd1466,"[""RAW_LANGUAGE_SCOPE_V1"",""[\""number\"",\""3\""]"",[""string"",""英语""]]",The Truth Seekers,"In the enchanting realm of Anuradhapura, Prince Kavinda embarked on a perilous quest to restore balance and defeat the forces of darkness. Alongside his loyal companions, he ventured into the mystical Enchanted Grove, where they underwent transformative trials and unlocked hidden potential within themselves.

Guided by the wisdom of the guardian, they harmonized their energies with the ancient Tree of Ascendance, receiving profound visions and insights. Equipped with the sacred artifact, the Heart of Unity, they emerged from the grove, ready to face the final battle.

Their journey continued as they encountered mythical creatures, engaged in thrilling adventures, and faced love rivalries. Princess Leena, Prince Kavinda's true love, stood by his side, proving her loyalty and strength. Together, they faced numerous challenges and demonstrated their unwavering commitment to each other.

In the city of Anuradhapura, they rebuilt the realm, restructuring the economy and embracing new technologies. With the support of loyal servants, Prince Kavinda and Princess Leena led a humble yet fulfilling life. The prince proved to be a doting husband, cherishing his princess, while she embraced her role as a caring housewife.

Their joy knew no bounds when they received the news of the princess's pregnancy. The royal doctor and ten dedicated nannies ensured her well-being and provided the utmost care. To their surprise, they discovered that they were not expecting just one baby, but a triplet. The Wisest Guru of the realm deemed it a greater blessing for the kingdom.

As the princess gave birth, two boys and one girl entered the world, bringing immense happiness and love. The little triplets were adored by all, their beauty and cuteness captivating the hearts of the entire realm. Prince Kavinda felt like the most blessed ruler, grateful for the precious gifts bestowed upon him.

With the birth of the triplets, Prince Kavinda, Princess Leena, and their new royal family lived happily ever after. The realm celebrated their joy, and the legacy of their love and unity resonated throughout Anuradhapura.

The story concludes with a sense of fulfillment and contentment, as the kingdom thrived under the wise and compassionate rule of Prince Kavinda. The tale of their adventures, challenges, and triumphs served as an inspiration for generations to come, reminding them of the power of love, unity, and the enduring spirit of Anuradhapura.",3,ct-v1-doctor|doctor|医生|doctor ;; ct-v1-family|family|家庭|family ;; ct-v1-happy-ending|happy-ending|圆满结局|he
nrv_32bf0bb49a68e3a2dfa64b11,"[""RAW_LANGUAGE_SCOPE_V1"",""[\""number\"",\""3\""]"",[""string"",""英语""]]",Return of Ultra,"Everyone had the right to choose his or her life. Maybe many people wanted to live an ordinary life, but Qin Sheng didn’t want to be a mediocre man. He had practiced martial arts under the guidance of his grandfather in the Zhongnan Mountains since he was a child. After two years’ wandering life, he decided to settle in Shanghai, so he contacted Han Guoping, a rich businessman, and took the job as his daughter’s safeguard. He thought that he only needed to protect Han Bing. However, things seemed more complicated. He got to know that Han Guoping offended a powerful figure and his life might be in danger. What would Qin Sheng do to help the Han family? Would he turn the tables?",3,ct-v1-family|family|家庭|family ;; ct-v1-tragic-ending|tragic-ending|悲剧结局|be ;; ct-v1-happy-ending|happy-ending|圆满结局|He
nrv_334eef50fa07da9832a22980,"[""RAW_LANGUAGE_SCOPE_V1"",""[\""number\"",\""20\""]"",[""null""]]",海島求生：我在巨龜背上建家園,"海洋生物專業的辛陽一覺醒來，穿越到末日浩劫後的世界。
陸地下沉，海洋升高，一座座神秘的海島出世！
浩劫從未停止，唯有海島之上的種種寶物、機緣，才能帶給人類生存的機會。
華夏區第一天才辛陽，為尋得“東海瓊珠”為父治病，毅然登上“死地”石龜島！
石龜海島，光怪陸離，凡踏足者，九死一生！
【神獸訓練系統】啟動，辛陽成功締結第一隻契約神獸——蓬萊神鱉，踏上求生征程！
解決溫飽問題的同時，還要時刻防範抵禦來自其他種族的威脅。
因此，建立一個牢不可破的家園堡壘是重中之重！
當辛陽征服這整座島之後卻發現，這僅僅只是一個開始？！
碧藍晶體之謎，末日浩劫背後的真相……該何去何從？",2,ct-v1-genius|genius|天才|天才 ;; ct-v1-time-travel|time-travel|穿越|穿越
nrv_335f0e9475705eb82e1b57b4,"[""RAW_LANGUAGE_SCOPE_V1"",""[\""number\"",\""3\""]"",[""string"",""英语""]]",The Love Pact,"Are you ready to fall in love with your enemy?

Louis had no choice but to accept Liam's offer instead of fighting with him. It's better if they will work together in breaking off their engagement. Their parents are the ones who orchestrated it and well, he and Liam both disagree with the idea because...

Hell! Liam was everything Louis hated in a man! And he thinks that the feeling is mutual. If Liam didn't have a point, he would not cooperate with him.

Then fear and confusion set into him. Why is Liam acting as if he's concerned about him? He doesn't want Liam to be sweet, concerned, or nice to him. It was making him feel...

Louis shook his head. For sure, Liam acting like that doesn't mean anything.",2,ct-v1-tragic-ending|tragic-ending|悲剧结局|be ;; ct-v1-happy-ending|happy-ending|圆满结局|he
nrv_343e0c80a04a59a3c92a344b,"[""RAW_LANGUAGE_SCOPE_V1"",""[\""number\"",\""4\""]"",[""string"",""西语""]]",Entre el amor y la venganza ,"Es la historia de una chica que a los 16 años conoce un hombre guapo diferente, ella tiene dos hermanas idénticas a ella, son trillizas, pero la vida que llevan no les permite mostrarse a las tres juntas en público, son hijas de uno de los mayores capos de mafia, el lidera carteles en Rusia y estados unidos, por una tragedia del pasado tiene un enemigo a muerte que tiene un solo heredero.
Mariana la hermana mayor de las trillizas, se enamora de Dante, hijo heredero del otro cartel, juntos pasaran por muchas pruebas pues el padre de Dante al descubrir su relación hace mil cosas malas para destruirlos.
Ellos en su primera noche juntos Mariana queda embarazada, y Dante nunca se da cuenta de eso, pues su padre le hace creer que ella jugaba con él y solo quería matarlo para quedarse con su territorio, a ella el padre de Dante le roba su hijo y lo mata, le manda evidencia de que él que lo hizo fue Dante, ella jura vengarse de él a toda costa.
",1,ct-v1-mafia|mafia|黑帮|mafia
nrv_34c96531293cab5edd105537,"[""RAW_LANGUAGE_SCOPE_V1"",""[\""number\"",\""3\""]"",[""string"",""英语""]]",Reborn on SAT Day: A Genius's Second Chance,"My name is Sarah Miller. I aced the SATs, my ticket to Stanford and a full scholarship – it should have been the greatest triumph of my life, a hard-earned escape from a mother who despised me and a twin sister who envied my every success.

But my mother, Karen, decided it was Jessie' s turn to shine. With a sneer, Jessie snatched my acceptance package, revealing their sinister plot: they' d forged documents, stealing my future and handing it to her.

When I tried to fight back, they launched a vicious counter-attack. Faked photos of ""me"" at wild parties, half-naked and drunk, flooded the internet, all blurred just enough to frame me. My best friend, Ashley, then publicly testified to my ""insanity"" and ""promiscuity"" for a bribe.

The school believed them. Stanford revoked my scholarship, citing ""moral turpitude."" I became a pariah, whispered about, pointed at, branded the ""psycho slut."" The injustice was a suffocating weight. How could my own family do this? How could everyone fall for their lies?

The world collapsed, and I fell into the dark, cold river. But instead of an ending, I woke up. Back in my bed, on SAT exam day. My alarm clock blared 6:00 AM. I had a second chance. And this time, they wouldn't win.",1,ct-v1-family|family|家庭|family
nrv_353f362ab64ea2d5100a277e,"[""RAW_LANGUAGE_SCOPE_V1"",""[\""number\"",\""19\""]"",[""null""]]",豪门惊梦：隐婚总裁宠不停,冷绍霆，商界权贵，跨国企业的执行总裁，长相俊美，性格温和，是很多女人做梦都想嫁的男人！但这都是冷绍霆出车祸，变成植物人之前。简一诺，简氏企业千金，名牌大学毕业，性格温和，长相甜美，还有一个相恋三年的男朋友。但这都是简父病重，简家破产，背负数亿债务之前。一纸结婚协议，曾经的名门千金躺在冰冷的手术台上，出卖子宫，为植物人冷绍霆代孕生子。就在她以为余生只能陪着植物人度过时，冷绍霆竟然清醒了……而他看到她的第一句话就是：“离婚！”,1,ct-v1-divorce|divorce|离婚|离婚
nrv_35653870bfcb2f093d167290,"[""RAW_LANGUAGE_SCOPE_V1"",""[\""number\"",\""19\""]"",[""null""]]",傅太太，求关注！,丰城第一名媛唐微微，在一场宴会上意外入傅少法眼，一秒闪婚，傅少宠妻无度，一路披巾斩棘，手刃白莲，渐渐互生情愫。“要不要干预？”“多事！”男人不冷不热，唇角却微微上扬。“满意吗？”“满意。”正想说点什么弥补，男人发话了，“那再好不过。唐小姐，我对你很感兴趣，如果你愿意的话，我们可以马上结婚。”唐微微：“……”,1,ct-v1-whirlwind-marriage|whirlwind-marriage|闪婚|闪婚
nrv_358c11f473102d9a3d200b1a,"[""RAW_LANGUAGE_SCOPE_V1"",""[\""number\"",\""4\""]"",[""string"",""西语""]]",La Traición de que Me Ahogo,"Recibí la nota más alta de toda la ciudad en el examen de Selectividad: un 9.8 sobre 10.

Una pequeña sonrisa de alivio y orgullo se dibujó en mi rostro.

Pero esa simple sonrisa desató la furia de mi prima Camila, que había suspendido el examen, y, para mi horror, también la de mis padres.

Mi padre, Ricardo, me arrastró fuera del comedor y me empujó al pequeño invernadero de cristal.

Mi madre, Laura, con una mirada helada, me dijo que quizás un poco de falta de aire me haría bien, a pesar de que sabían que tengo asma severa.

Escuché el inconfundible sonido del candado cerrándose, y vi a mis padres marcharse, dejándome atrapada mientras Camila encendía los focos de calor.

Mis súplicas a mi madre fueron ignoradas, tachadas de  ""dramáticas"" , mientras ella huía con Camila al spa.

Incluso Elena, la fiel empleada del hogar, se vio obligada a bloquear la ventilación por miedo a que Camila cumpliera sus amenazas contra su hijo.

Atrapada en ese infierno sofocante, sentí la traición clavarse en mí más rápido que la falta de oxígeno.

¿Cómo podían mis propios padres ser tan ciegos y crueles, tan manipulados por la herencia y la culpa de Camila, hasta el punto de abandonarme a mi suerte?

La oscuridad comenzaba a cerrarse sobre mí, ¿acaso nadie iba a detenerme?

Con mis últimas fuerzas, arrastré mi cuerpo moribundo, busqué mi teléfono y marqué el 112.

Aquella llamada desesperada desencadenaría una serie de eventos que cambiarían mi vida para siempre, enfrentando la verdad y buscando la libertad que tanto me habían negado.",1,ct-v1-horror|horror|恐怖|horror
nrv_35c4763f69baf728745c6e91,"[""RAW_LANGUAGE_SCOPE_V1"",""[\""number\"",\""20\""]"",[""null""]]",神醫醜妃：腹黑王爺別太撩,"現世紀的醫學天才，一朝穿越，不僅樣貌醜陋，還要嫁給瘸子王爺。
哪知，她這白撿的相公，風流倜儻英俊瀟灑，不忍見紅顏薄命，且看她如何以身爲藥引，解美人身上百種毒……",2,ct-v1-genius|genius|天才|天才 ;; ct-v1-time-travel|time-travel|穿越|穿越
nrv_36e911fd9800c737052c4870,"[""RAW_LANGUAGE_SCOPE_V1"",""[\""number\"",\""19\""]"",[""null""]]",山海间,人之所知，莫若其所不知。一曲琴音，将陆吾与太子长琴牵绊在一起，一场战役，又令二人天地相隔，遥遥相望。常言道：有缘终会相逢，只是相逢不识君。跌宕起伏的命运，最终只化为一句“你来了，我等你很久了。”你永远都不知道，这世间到底有多奇妙……于九州之中汝南之北，有一间阁楼，其名山海间。里面藏着一切你想不到却会是你所需要的东西。口嫌体正直攻×双面不靠谱受,1,ct-v1-crown-prince|crown-prince|太子|太子
nrv_387f62ad6137aa84662cb29a,"[""RAW_LANGUAGE_SCOPE_V1"",""[\""number\"",\""19\""]"",[""null""]]",继承农田后，被小将军缠上了,"末世的异能大佬，一朝穿越，竟成了小可怜。
父母早逝和妹妹们相依为命，却被亲奶叔伯迫害，卖给了村里有名的流浪汉。
异世强者林听怎甘如此，她手握空间，赚钱发家，扶摇直上，脚踩渣渣，拳揍极品……
携手英武不凡的小将军，活得风生水起！",2,ct-v1-apocalypse|apocalypse|末世|末世 ;; ct-v1-time-travel|time-travel|穿越|穿越
nrv_39055a47b98042a1308ab40e,"[""RAW_LANGUAGE_SCOPE_V1"",""[\""number\"",\""19\""]"",[""null""]]",凤鸣天下：冷情王妃太妖娆,"她是顶级杀手，一朝穿越，成为丞相府的九小姐，从此以后，斗恶仆、闹王府、闯皇宫，不亦乐乎！
可是半路杀出一个王爷，天天求撩，天天求撩。
看在王爷的颜值上，她只能勉为其难的撩一撩了……",1,ct-v1-time-travel|time-travel|穿越|穿越
nrv_39261d3e35a2a12d873c67fe,"[""RAW_LANGUAGE_SCOPE_V1"",""[\""number\"",\""3\""]"",[""string"",""英语""]]",Mafia's Bride,"

""You are not useful to me Aurora. Your days of being useful are over and I can do anything I want with you."" 

Aurora held onto the tip of her dress tightly as her hands trembled in fear.

""I could kill you, I could torture you, to spice things up, I could get rid of your child."" He added and moved closer to her. He placed his hand under her chin and lifted her head. 

""I swear to make you feel twice the pain your husband caused me."" 


*********
Of course, it's every girl's dream to get married to the love of her life and live happily ever after.  That was Aurora Xanders' dream, to get married to her dream man, William. 

On the day which was supposed to be her best day ever turned out to be her worst. She watched her parents get killed and also her dream man, and then she was taken by a ruthless Mafia, Thane Casel, for the crimes of William.

All Aurora could dream of was how to survive and escape the worth of the ruthless Mafia, Thane. 
Just as when her dreams were about to come true, she gets stuck in between making a decision that would change her life for better or worse forever....
",2,ct-v1-tragic-ending|tragic-ending|悲剧结局|be ;; ct-v1-happy-ending|happy-ending|圆满结局|He
nrv_39906c5901ca97b6808957c4,"[""RAW_LANGUAGE_SCOPE_V1"",""[\""number\"",\""5\""]"",[""string"",""葡语""]]",O Segredo da Esposa que o Alfa deu como morta,"Após ser rejeitada pelo Alfa Supremo, e CEO, Sebastian Adalwolf, Samantha sofreu um acidente brutal e a alcatéia a declarou morta.
​Anos depois, ela ressurge como Artemis Thorne. Uma magnata focada em estraçalhar o império de Sebastian e fazê-lo rastejar.
​Ele não a reconhece, mas seu lobo fica obcecado pela nova rival. 
O que Artemis ignora é que o contrato de casamento esconde um vínculo místico que a vingança não apaga.
​Artemis busca a ruína dele. Sebastian quer uma segunda chance.
​Quem vencerá esse jogo?
",1,ct-v1-wealthy-ceo|wealthy-ceo|豪门总裁|CEO
nrv_3a073042ef17407be3a1ab33,"[""RAW_LANGUAGE_SCOPE_V1"",""[\""number\"",\""6\""]"",[""string"",""法语""]]",La mariée éconduite épouse le Capo impitoyable,"J'étais à trois jours d'épouser le bras droit du clan Fazi quand j'ai déverrouillé son téléphone prépayé.

L'écran brillait d'une lueur toxique dans l'obscurité, juste à côté de mon fiancé endormi.

Un message d'un contact enregistré sous le nom de « Petite Peste » disait : « Ce n'est qu'une statue, Dante. Reviens au lit. »

En pièce jointe, une photo d'une femme allongée dans les draps de son bureau privé, portant sa chemise.

Mon cœur ne s'est pas brisé ; il a simplement cessé de battre.

Pendant huit ans, j'ai cru que Dante était le héros qui m'avait sortie d'un opéra en flammes. Pour lui, j'ai joué le rôle de la parfaite et loyale Princesse de la Mafia.

Mais les héros n'offrent pas de diamants roses rarissimes à leurs maîtresses tout en donnant des répliques en oxyde de zirconium à leurs fiancées.

Il ne s'est pas contenté de me tromper. Il m'a humiliée.

Il a défendu sa maîtresse en public face à ses propres hommes. Il m'a même abandonnée sur le bord de la route le jour de mon anniversaire parce qu'elle avait simulé une urgence de grossesse.

Il me croyait faible. Il pensait que j'accepterais la fausse bague et le manque de respect parce que je n'étais qu'un pion politique.

Il avait tort.

Je n'ai pas pleuré. Les larmes sont pour les femmes qui ont le choix. Moi, j'avais une stratégie.

Je suis allée dans la salle de bain et j'ai composé un numéro que je n'avais pas osé appeler depuis dix ans.

« Parle », a grondé une voix rocailleuse à l'autre bout du fil.

Lorenzo Moretti. Le Capo du clan rival. L'homme que mon père appelait le Diable.

« Le mariage est annulé », ai-je murmuré en fixant mon reflet.

« Je veux une alliance avec toi, Enzo. Et je veux que le clan Fazi soit réduit en cendres. »",1,ct-v1-mafia|mafia|黑帮|Mafia
nrv_3a10a0dd26905080c4130b02,"[""RAW_LANGUAGE_SCOPE_V1"",""[\""number\"",\""3\""]"",[""string"",""英语""]]",My Handsome Teacher ,"Shasmina a young highschool girl is entangled in a love relationship with her school teacher.

Her School principal is her to be mother in law.

It's obvious that she won't let them be together but Archey and Shasmina are ready to fight the world of rejection just to be together.

But there is more to the story other than love.

After many attempts of trying to get Mr Archey to no avail, her own bestfriend decides to betray her and start an enemity between them.

Even the parents that Shasmina called her own were not her real parents, but rather the killers of her parents.

They were with her for a special purpose which world come out to open at a certain time and then get rid of Shasmina.

Part of their plan, is to forcefully marry her off to someone that is not Archey.

Will she make it out of this?

What about Archey?

Stay tuned

",1,ct-v1-tragic-ending|tragic-ending|悲剧结局|be
nrv_3a20c905f26ddc55eb79e810,"[""RAW_LANGUAGE_SCOPE_V1"",""[\""number\"",\""19\""]"",[""null""]]",女相,本作品已经烂尾，请搜索嫡女国师观看，谢谢,1,ct-v1-legitimate-daughter|legitimate-daughter|嫡女|嫡女
nrv_3a45f1411931510817bb8971,"[""RAW_LANGUAGE_SCOPE_V1"",""[\""number\"",\""3\""]"",[""string"",""英语""]]",Moonlit Reawakening ,"In a world where the supernatural and the human realms collide, Claud's life as a mountain werewolf was brutally cut short during a fierce battle against forest werewolves, only to be resurrected a century later by two unsuspecting humans, Stacie and Elijah. As Claud awakens from death, he embarks on a perilous journey to uncover the fate of his family and former pack, all while grappling with the profound changes that have reshaped the world he once knew.
Reunited with his mother, Claud learns of the forest werewolves' relentless quest for dominance, a quest fueled by ruthless tactics and a determination to annihilate the mountain werewolves once and for all. ",3,ct-v1-supernatural|supernatural|灵异|supernatural ;; ct-v1-family|family|家庭|family ;; ct-v1-happy-ending|happy-ending|圆满结局|he
nrv_3b47c3e7f22839e84faabcf9,"[""RAW_LANGUAGE_SCOPE_V1"",""[\""number\"",\""6\""]"",[""string"",""法语""]]","Une Nuit, Deux Visages","Il était 3h07 du matin lorsque je me suis réveillée, après ce qui semblait être une soirée raclette tout à fait normale entre colocataires.

Le silence étrange de l'appartement m'a tout de suite frappée, remplacé par une odeur douceâtre et métallique.

Puis, je les ai vues : mes cinq colocataires gisaient sans vie dans le salon, mortes.

Calmement, j'ai appelé la police, me croyant la seule survivante d'une tragédie inexplicable.

Mais rapidement, les policiers m'ont désignée comme la suspecte numéro un.

Les portes et fenêtres étaient verrouillées de l'intérieur, aucune effraction.

Le comble de l'horreur ? Un enregistrement sur le téléphone d'une victime, où j'entends leurs cris de terreur, appelant mon nom avec désespoir juste avant leur mort.

Elles avaient peur de moi.

Malgré mes souvenirs d'une nuit de sommeil paisible, une colère froide monte en moi quand je découvre les messages de mes colocataires : des mois de harcèlement, de mépris et de moqueries cachées dans un groupe dont j'ignorais l'existence, culminant avec un message d'Ella, la veille du drame, se moquant de moi et planifiant de s'amuser ""une fois que j'irai me coucher"".

Le médecin légiste révèle alors une vérité glaçante : Darlene, l'une d'entre elles, était morte des heures avant les autres, tenant un mot troublant : ""Elle n'est pas elle"".

Mon carnet de croquis révèle une note manuscrite, datée de la veille du meurtre : ""Ce n'est pas une fin, c'est une libération.""

Et un mystérieux message sur mon portable m'interroge : ""Elle n'est pas elle. As-tu oublié ce qui s'est passé après cette dépression hivernale ?""

Les dossiers médicaux confirment que j'ai été hospitalisée des mois en clinique psychiatrique pour des ""épisodes dissociatifs"", et une séance enregistrée me montre une voix froide, la mienne, déclarant vouloir le silence en ""les faisant taire"".

La preuve ultime vient d' une caméra de surveillance, me filmant en pyjama, mon sweat à capuche imprégné de poison ayant été retrouvé dans une poubelle, en train de regarder les corps à travers le judas de ma porte, avec un sourire terrifiant et inconnu sur le visage.

Qui est cette ""autre"" qui vit en moi ?",1,ct-v1-horror|horror|恐怖|horreur
nrv_3b69b74370dda60b88973ca0,"[""RAW_LANGUAGE_SCOPE_V1"",""[\""number\"",\""5\""]"",[""string"",""葡语""]]",Mamãe e Seu Admirador Misterioso,"Eliana caiu na armadilha de sua melhor amiga e acabou dormindo com um estranho. Cinco anos depois de ter dado à luz os gêmeos, ela voltou e conseguiu um emprego no Grupo Moran, onde conheceu Maurice, o CEO.
Maurice era um empresário notável, no entanto, ele vivia uma vida dupla. Além de ser Maurice, ele também desempenhou o papel de Preston.
O destino uniu os dois novamente e os envolveu em uma emocionante história de amor. Tudo ficou mais complicado quando Eliana encontrou Preston mais uma vez, o homem com quem ela havia dormido anos atrás. Agora que dois homens estavam atrás dela, como ela escolheria?
Quando Eliana descobriria o segredo da identidade de Maurice? Quando Maurice saberia que já tinha dois filhos? Como Eliana enfrentaria esse homem quando um dia toda a verdade viesse à tona? Venha descobrir.",1,ct-v1-wealthy-ceo|wealthy-ceo|豪门总裁|CEO
nrv_3bb4fa2063a23c2102c7f3c8,"[""RAW_LANGUAGE_SCOPE_V1"",""[\""number\"",\""3\""]"",[""string"",""英语""]]",Rekindling Joel's Heart ,"""Cecile..."" The words felt heavy, and they added to the intensity of the atmosphere around them.

""Joel...?"" Cecile's voice wavered as she stared at him, eyes brimming with unshed tears. How could she not have known? How could she have hoped for something more between them... more than friendship? How could she?

""I don't feel the same for you..."" His words sliced through the air, like fiery knives piercing her already wounded heart.

""You...?"" Cecile's breath hitched, and the tears she'd been holding back began to fall in large drops, blurring her vision.

""I'm sorry..."" His words were thick with regret as he turned his gaze away from her, looking out at the vast sea before them, unable to face her pain.

""My heart only beats for her... for Jemmy..."" Cecile's world came crashing down, the confession cutting deeper than the loss of her own sister ever had.

""I hate you!"" She stood up abruptly, her anger and hurt driving her to run off, leaving Joel behind in the thickening silence.

Joel stood there, paralyzed, unable to follow her, the ghosts of the past haunting every inch of his being. Guilt overwhelmed him-he had never meant to hurt her, never meant to make her cry.


---

Joel Maverick has always been haunted by the loss of his first love and the trauma of his past. Even when Cecile Grayson, a lady who loved and cared for him deeply, came into his life, he couldn't accept her love. Instead, he pushed her away, hurting her in the process.

Now, the question arises: Can Joel let go of the past? Can he heal and open his heart to someone else? Or will the memories of Jemmy and the weight of his troubled past keep him locked in an endless cycle of heartbreak and distrust?

Read this book to find out.

"" Rekindling Joel's Heart "" by Queenebunoluwa15


",3,ct-v1-first-love|first-love|初恋|first love ;; ct-v1-regret|regret|追悔|regret ;; ct-v1-happy-ending|happy-ending|圆满结局|he
nrv_3e4d66c4424e76032aa448ff,"[""RAW_LANGUAGE_SCOPE_V1"",""[\""number\"",\""19\""]"",[""null""]]",重生之一品郡王妃,"前世，她是性情纯善的千金大小姐。
一朝嫁入深宅大院，辅佐夫君上位，成为一人之下万人之上的朝中近臣，她却在刚刚产子之后，便亲眼目睹了最爱的夫君和自己的庶妹，恩爱无双，缠绵悱恻。
直到自己被陷害枉死、儿子被夫君亲手摔死，她才幡然醒悟，明白了后母、庶妹和夫君给的“宠爱”背后的真相。
一场背叛，一朝重生，她回到豆蔻年华，心藏智谋，胸怀才略。
沉着冷静，化解危机于无形，保护母亲和兄长；
奇谋巧计，敌人让她痛三分，她以十分痛还之！
她翻云覆雨中，将自己的命运掌握在自己的手上！
他是风华绝代的郡王，权势倾天下，财富可敌国，运筹帷幄，天下尽在掌握之中，却独为她一人倾心，携她之手，共赏江山如画。",1,ct-v1-betrayal|betrayal|背叛|背叛
nrv_3e811dbb6410e7e8d60099d3,"[""RAW_LANGUAGE_SCOPE_V1"",""[\""number\"",\""20\""]"",[""null""]]",樓鬼,"我是個恐怖小說作家。
前不久新作發佈讓我狠賺了一筆。
不過這個故事我還沒有寫結局。
坦白說，恐怖故事的結尾真的很難寫。
我的新作就是——樓鬼。
深夜來訪的記者小張湊過來問我。
「徐老師，你相信世界上有樓鬼存在嗎？」
我喝了杯啤酒，然後陷入了沉默。
「信。」",1,ct-v1-horror|horror|恐怖|恐怖
nrv_401138fbe9d1562d006933e5,"[""RAW_LANGUAGE_SCOPE_V1"",""[\""number\"",\""5\""]"",[""string"",""葡语""]]","""A Arte de Roubar Meu Coração""","A Arte de Roubar Meu Coração


Zahara Voss, uma ladra de arte de renome, planeja o roubo mais audacioso de sua carreira: uma obra-prima inestimável da família Cole, escondida em sua luxuosa mansão. Mas o destino tem outros planos. Durante o assalto, ela é surpreendida por Ethan ""Raven"" Cole, o enigmático herdeiro da mansão e ex-militar das forças especiais.

Ethan, com sua postura imponente e um olhar penetrante, decide tomar a justiça em suas próprias mãos. Em vez de entregá-la às autoridades, ele a mantém cativa, determinada a lhe ensinar uma lição sobre os erros de seus caminhos.

Presa em um cativeiro dourado, Zahara se vê em um jogo perigoso de gato e rato com seu captor. A tensão entre eles cresce a cada confronto, a cada olhar, a cada toque. A linha entre o desejo e o dever se torna tênue, e o que começou como um plano de roubo se transforma em uma paixão ardente.

Será que Zahara conseguirá escapar das garras de Ethan? Ou será que ela se renderá à sedução e ao mistério que envolvem seu captor? Em ""A Arte de Roubar Meu Coração"", a arte do roubo se entrelaça com a arte da sedução, em uma história que vai te prender do começo ao fim.

Prepare-se para ser cativado por um romance cheio de suspense, paixão e reviravoltas inesperadas!",2,ct-v1-suspense|suspense|悬疑|suspense ;; ct-v1-romance|romance|言情|romance
nrv_408d102adab46e1da4865a41,"[""RAW_LANGUAGE_SCOPE_V1"",""[\""number\"",\""19\""]"",[""null""]]",异界纵横之我有一套三国杀,"       李凡在于朋友面杀时，神奇穿越到异世界，在这陌生的召唤世界，李凡发现自己有一套不全的三国杀，可以召唤三国人物为自己所用。
     也因意外融合了孙策的灵魂。
        且看李凡如何让那些三国的武将谋士再次发挥出光芒。
        虎牢关下吕布化身为神，再现神威。
        诸葛观星，预测天下大事。
        白马义从公孙瓒，低于外族，所向披靡。
        陷阵之至，我乃长山赵子龙。
        横跨黄河，腰系铃铛，锦帆贼手拿大刀，笑傲与长江之上。
        更有锦囊妙计，南蛮入侵，万箭齐发，无懈可击。
      李凡冷眼看着这个世界。身穿铠甲，左手青釭右手仁王，头戴白银狮子，腰跨连弩，脚下踩着八卦阵。身后更有五虎，五子，江东群雄。
       这个世界，本不像眼中那么简单。
",1,ct-v1-time-travel|time-travel|穿越|穿越
nrv_40ff64c9fb099e5823574df9,"[""RAW_LANGUAGE_SCOPE_V1"",""[\""number\"",\""3\""]"",[""string"",""英语""]]",Bitter Taste,"Two young girls, Darren and Chloe make their way into an educational institution with the hopes of chasing their dreams. It soon becomes a race for safety when they discover their admission was an arrangement and they were in danger. They are faced with the choice to give up their lives or fight for their safety. They fight, but betrayal, lust, and pain all stand in the way. They fight, but do they fight well?",1,ct-v1-betrayal|betrayal|背叛|betrayal
nrv_41c3c7a2aeb17146e40e5ea0,"[""RAW_LANGUAGE_SCOPE_V1"",""[\""number\"",\""19\""]"",[""null""]]",纯阳帝尊,玄元大陆，一代穿越者古阳被第一天才一掌拍的失去意识，晕厥醒来发现自己重生，古阳带着悔恨与教训，开启了新一次的逆天人生。,3,ct-v1-rebirth|rebirth|重生|重生 ;; ct-v1-genius|genius|天才|天才 ;; ct-v1-time-travel|time-travel|穿越|穿越
nrv_42295dc67608855aa94a24de,"[""RAW_LANGUAGE_SCOPE_V1"",""[\""number\"",\""19\""]"",[""null""]]",丹武神帝,当整个大陆以血染天，以尸铺地，被镇压的妖獠纷扰诸天万界。 一代天才重生于这实力为尊的世界，他该如何去完成自己的使命。 在这条复仇之路上，得至宝！携美人！拳震九天，掌破星河。用一次次的血战成就一代诸天圣帝！ 这一战，不为求死，只为求胜！,3,ct-v1-revenge|revenge|复仇|复仇 ;; ct-v1-rebirth|rebirth|重生|重生 ;; ct-v1-genius|genius|天才|天才
nrv_429531f8aeb7955e4a04e481,"[""RAW_LANGUAGE_SCOPE_V1"",""[\""number\"",\""19\""]"",[""null""]]",重启天庭,"西游记过了几百年，天庭与天堂发生了大战，几乎同归于尽。
受到波及的人间经历了末世之后，过去了一万多年，进入了魔幻文明。
萧寒，末世期间意外冰封，一万年后苏醒，见到了命中注定的女人。
随着一次次冒险，萧寒拥有了强大力量，重新开启了凌霄宝殿，让三界恢复了秩序。",2,ct-v1-apocalypse|apocalypse|末世|末世 ;; ct-v1-adventure|adventure|冒险|冒险
nrv_42ac3849cd7021ffea56899a,"[""RAW_LANGUAGE_SCOPE_V1"",""[\""number\"",\""3\""]"",[""string"",""英语""]]","Mine, But Not ","Abigail and Dominic Walter are polar opposites, each deeply ensconced in personal goals, making them seem like two people who could never tolerate one another. Dominic is a beta of his pack, a werewolf who tries to balance his duties with the love of hockey. He's carefree, wanting only to live his life, but pressure from his pack to find his true mate weighs heavily on him. He reluctantly accepts finding a mate, though having no interest in love, while pursuing his dream of being a professional hockey player.
He meets Abigail Harper, hell breaks loose when Dominic decides to take a drunken Abigail home. Both feeling misunderstood, they end up developing a rivalry. Yet fate keeps pulling them together.Their constant run-ins eventually lead to a tentative friendship.
 However, the undeniable sexual chemistry between them becomes increasingly difficult to ignore, prompting them to explore their attraction while maintaining the façade of just friends.
As this arrangement develops, one wonders can their relationship change from physical desire into genuine love?",2,ct-v1-werewolf|werewolf|狼人|werewolf ;; ct-v1-happy-ending|happy-ending|圆满结局|He
nrv_42df56466b6c17b32c11fc62,"[""RAW_LANGUAGE_SCOPE_V1"",""[\""number\"",\""3\""]"",[""string"",""英语""]]",The Heir (bxb),"[The Heir] Genre: Romance, BL, Business Synopsis: A young boy from an orphanage discovers he's the biological son of a wealthy family. As he navigates his new life, he must compete with his three adopted brothers for the coveted position of heir. Amidst the power struggle, love blossoms in unexpected ways. A handsome male trainer arrives, capturing the hearts of two brothers, while another pair of adopted brothers find themselves falling for each other. Who will claim the heir position , and who will win the heart? ------------------------ Extract Mark lean close to wren and made sure no one was hearing them  ""Mark 1, wren 1"" mark smirked evilly ""No, watch me"" wren stood there and started crying while mark stood there shocked  -------------------------",2,ct-v1-family|family|家庭|family ;; ct-v1-happy-ending|happy-ending|圆满结局|he
nrv_431a34e296aeebbeb79b3b75,"[""RAW_LANGUAGE_SCOPE_V1"",""[\""number\"",\""20\""]"",[""null""]]",神醫狂妃：妖孽王爺寵妻無度,"    一朝穿越，她成了御醫世家的嫡小姐！

醜八怪？不過是小小胎毒，輕而易舉就能清除！

醫學白癡？廢物？那就讓他們看看，廢物是怎麼逆天的！

姨娘和庶妹欺淩？那就百倍千倍地還回去！

皇上賜婚？等等，王爺不近女色？正好合她的心意！

洞房花燭夜，一道征戰聖旨，偌大的燕王府就成了她的天下！

王爺凱旋而歸，發現那些個鶯鶯燕燕居然都被處理了。

嘴角邪魅一笑“既然王妃這樣的貼心，那之後就由王妃侍寢了！”

騙子，不是說王爺不近女色嗎？

“這個騙子！不僅騙了本王妃的清白，還騙了本王妃的心！”

丫鬟在一旁擦汗“王妃，不是你心甘情願被騙的嗎？”",1,ct-v1-time-travel|time-travel|穿越|穿越
nrv_434f636f16255f5d9f39c5fc,"[""RAW_LANGUAGE_SCOPE_V1"",""[\""number\"",\""3\""]"",[""string"",""英语""]]",The Boy Apprenticed to an Enchanter,"As for the youth who had tried to steal the white horse that the King owned, he was bound hand and foot and taken into the castle of the King. There he was thrown down beside the trestles of the great table, and the hot wax from the candles that lighted the supper board dripped down upon him. And it was told to him that at the morrow&rsquo;s sunrise he would be slain with the sword.",2,ct-v1-tragic-ending|tragic-ending|悲剧结局|be ;; ct-v1-happy-ending|happy-ending|圆满结局|he
nrv_440f4656f4b0ac02749e5032,"[""RAW_LANGUAGE_SCOPE_V1"",""[\""number\"",\""5\""]"",[""string"",""葡语""]]",Libertação Pelo Adeus,"Para salvar Isabella, vendi tudo que tínhamos.

Passei meses trabalhando dia e noite, mal dormindo, para juntar o dinheiro da fiança dela.

Era meu dever, como marido, tirar minha esposa da prisão, mesmo que isso custasse o pouco que nos restava.

Mas a vida se tornou um inferno quando Pedro, meu filho de sete anos e prodígio da capoeira, se ofereceu para lutar em uma competição clandestina, desesperado para ajudar a mãe.

""Pai, eu posso ajudar"", disse ele, com uma determinação que me assustou.

Ele garantiu o prêmio, um diamante valioso, mas o custo foi terrível: ele perdeu a visão para sempre.

Meu universo caiu.

Com a joia manchada pelo sacrifício de Pedro em minhas mãos, corri para a delegacia, pronto para libertar Isabella e contar a ela o que nosso filho havia feito.

Mas a porta entreaberta do chefe de polícia revelou a verdadeira face do horror: a voz dela, misturada à de Ricardo, um empresário rico.

""Foi mais fácil do que eu pensava. Aquele idiota do Miguel deve ter se matado para conseguir o dinheiro da fiança"", Isabella riu.

Eles tramavam não apenas se livrar de mim, mas também do meu filho.

""Miguel é um empecilho. E Pedro... bem, ele nunca foi realmente parte do plano.""

O amor se transformou em ódio puro e cortante.

Eu não seria o idiota leal que eles esperavam.

Com o ""Olho de Tigre"" em minhas mãos, agora não mais o preço da liberdade, mas da minha vingança, eu sabia que a história deles estava apenas começando.",1,ct-v1-horror|horror|恐怖|horror
nrv_4423bd97d58f387189dc5b04,"[""RAW_LANGUAGE_SCOPE_V1"",""[\""number\"",\""19\""]"",[""null""]]",冷月浮云,"她叫冷月，来自紫竹山庄的丫鬟，于深山幽谷中，骤然穿越到南恒国湖畔。
俏丽的她遇到了面容俊朗、气质儒雅的他，南恒国的墨王爷——南宫君墨。
一场误会，各种勾搭，妩媚丛生的花前月下，是谁在邀月同醉？爱的情话。
若想回归，唯有难得一遇的幻云灵月夜，带上浮云剑，可当她爱上他后……
随之，令人意想不到的麻烦接踵而来，是谁又在幕后策划着一场场阴谋？",2,ct-v1-misunderstanding|misunderstanding|误会|误会 ;; ct-v1-time-travel|time-travel|穿越|穿越
nrv_44baf900b8796abea7e1873d,"[""RAW_LANGUAGE_SCOPE_V1"",""[\""number\"",\""20\""]"",[""null""]]",鬼王獨寵：逆天小毒妃,"前世她貴為雲府少主，卻因輕信他人，一手好牌盡數打臭，生生落得爆體而亡。一朝重生，強勢回歸，俗話說得好：發展要均衡，打臉要全面。毒手鬼醫、禦獸大神、煉丹天才，打臉全方位。白蓮綠茶無所謂，不疼算我輸。一手吞人邪鼎，一手招魂鬼幡，腳踩黑暗魔獸，身邊跟著忠心無比的黑小魔僕，魔氣縱橫如她，她不稱魔，誰敢稱魔。論一代妖孽的成長史——專治各種不服，提供上門打臉服務。
雲淩羽的人生理念是：不怕你找事，就怕你認慫。",2,ct-v1-rebirth|rebirth|重生|重生 ;; ct-v1-genius|genius|天才|天才
nrv_4549b23bc3cbd09cd7e3aa71,"[""RAW_LANGUAGE_SCOPE_V1"",""[\""number\"",\""6\""]"",[""string"",""法语""]]",Une destinée inattendue ,"

Cora et Sinclair : Une Destinée Inattendue

Cora était une louve-garou belle, gentille, forte et pleine d'esprit. Elle a assisté, impuissante, au massacre de sa famille et de sa meute par une autre meute... la meute du Croissant de Sang. Son père était l'alpha, et sa mère, la luna. Cora a juré de venger la mort de sa famille et de sa meute, la meute des Ombres d'Argent. Pour cela, elle a choisi de devenir une louve solitaire, prête à tout pour accomplir sa vengeance.

Sinclair, quant à lui, est l'alpha des alphas. Sa meute, la meute des Loups Obscurs, est l'une des plus puissantes au monde. Sinclair est connu pour sa cruauté, son goût pour la guerre et son cœur de pierre. À 26 ans, être sans compagne est inconcevable dans la communauté des loups-garous. Tout le monde pensait que la déesse de la lune faisait bien de ne pas lui donner d'âme sœur... du moins, c'est ce qu'il croyait.

Cora et Sinclair se rencontreront-ils un jour ? Ils ignorent que la déesse de la lune a un plan pour eux...

Ce que la déesse de la lune a en réserve
Alors que Cora traque sans relâche la meute du Croissant de Sang, elle tombe par hasard sur le territoire de Sinclair. Leur rencontre est explosive, marquée par la méfiance et la colère. Sinclair, intrigué par cette louve solitaire au regard déterminé, ne peut s'empêcher de ressentir une connexion inexplicable. Cora, de son côté, est déstabilisée par l'aura puissante de cet alpha redouté.

Mais lorsque la vérité éclate – qu'ils sont liés par le lien sacré des âmes sœurs –, leur monde bascule. Cora, qui a juré de ne jamais s'attacher à un alpha, et Sinclair, qui croyait ne jamais mériter de compagne, doivent faire face à une réalité qui les dépasse.

La déesse de la lune a-t-elle orchestré leur rencontre pour une raison plus grande que leur vengeance et leur solitude ? Ensemble, pourront-ils surmonter leur passé douloureux et accepter ce lien qui les unit, ou bien leur destinée les mènera-t-elle à une confrontation inévitable ?

Une seule chose est sûre : leur histoire ne fait que commencer...


",2,ct-v1-werewolf-luna|werewolf-luna|Luna（狼人女首领）|luna ;; ct-v1-werewolf-alpha|werewolf-alpha|Alpha（狼人首领）|alpha
nrv_454a28e6f681d4e0f58305cf,"[""RAW_LANGUAGE_SCOPE_V1"",""[\""number\"",\""9\""]"",[""string"",""日语""]]",義姉の軽蔑、恋人の偽り,"名門、桐朋学園のガラパーティー。特待生のヴァイオリニストである私、小鳥遊詩織は、ようやく自分の居場所を見つけたと感じていた。特に、私の隣には、若くして学園の理事を務める恋人、一条蓮が、当たり前のように寄り添ってくれている。

だが、その時だった。寄付者の名前を映し出すはずだった巨大スクリーンが、突如として切り替わった。そこに映し出されたのは、私の、あまりにもプライベートな寝室の映像。東京中のエリートたちが固唾をのんで見つめる中、私の最も深い屈辱が、衆目に晒されたのだ。

息を呑む音は、やがて残酷な囁きと嘲笑に変わった。私の世界が崩壊していく中、支えであるはずの蓮は、忽然と姿を消していた。数分後、私が彼を見つけたとき、彼は義理の妹である玲奈と勝ち誇ったように笑いながら、私たちの関係全てが、私を破滅させるための「面白い気晴らし」だったと認めていた。

愛した男に裏切られ、家畜のように追い立てられた私は、彼の友人たちによって暗い路地裏へと引きずり込まれた。そこで待っていたのは、想像を絶する拷問だった。激辛のラー油が喉を焼き、恐怖に歪む私の顔をフラッシュが捉え、熱く焼けた鉄ごてが私の肩に烙印を押した。すべては、大衆の娯楽のため。そして、それを許可したのは、冷ややかに「始末しろ」と誘拐犯に指示した蓮、その人だった。

かつて私を擁護してくれた彼が、なぜこれほどまでに悪魔的な仕打ちを企てたのか？私を心身ともに打ちのめし、烙印を押し、この世から消し去ろうとまで望んだのはなぜなのか？この歪んだ復讐の裏に隠された暗い秘密とは何なのか？そして、私は彼の恐ろしい執着から、果たして逃れることができるのだろうか？

この、身を引き裂かれるような裏切りは、私を変えた。ただ生き延びるだけではない。私は彼の世界から、私自身のやり方で、完全に消えてみせる。彼が作り出した廃墟に背を向け、私、小鳥遊詩織が、ついに自由になる未来を築き上げるために。",1,ct-v1-horror|horror|恐怖|恐怖
nrv_464691f712fb5bec0312f068,"[""RAW_LANGUAGE_SCOPE_V1"",""[\""number\"",\""19\""]"",[""null""]]",农门贵妻，拐个王爷来种田,"穿越到古代名声狼藉的农家女身上，不仅多了个高冷相公，还无痛生娃了？
顾灵一撸袖子，既来之则安之。
养养娃，种种田，发家致富奔小康，小日子也能过得美滋滋。
可是，她发现……她那便宜相公似乎身份不一般？",1,ct-v1-time-travel|time-travel|穿越|穿越
nrv_46ba5a0dc1a5e00e0828520e,"[""RAW_LANGUAGE_SCOPE_V1"",""[\""number\"",\""5\""]"",[""string"",""葡语""]]",De volta com minha linda  ex esposa ,"Esse livro conta a história apaixonada e intrigante de dois jovens apaixonado, por causa do destino acabam se separando e não lembrando mais mais um do outro.
Com isso, pessoas falsas aproveitam da situação para tirar vantagem.
Será que o CEO de uma grande empresa irá se lembrar do seu verdadeiro e grande amor?
Será que sua esposa irá volta para ele  mesmo depois de toda humilhação?",1,ct-v1-wealthy-ceo|wealthy-ceo|豪门总裁|CEO
nrv_472af27cd33c7b93bf669944,"[""RAW_LANGUAGE_SCOPE_V1"",""[\""number\"",\""6\""]"",[""string"",""法语""]]","Mon Ex, Ma Patronne","J'étais architecte, marié depuis cinq ans à Éléonore.

Je veillais sur son père, gravement malade, à l'hôpital.

C'était notre anniversaire de mariage, mais ma femme célébrait avec un autre homme.

Elle organisait une fête somptueuse pour Antoine, son amour de jeunesse, à Bordeaux.

La couverture de Paris Match hurlait la vérité : Éléonore radieuse, dans les bras d'Antoine.

Mon beau-père, convalescent d'une opération à cœur ouvert, a vu la photo.

La douleur dans ses yeux, non chirurgicale, fut saisissante.

Il m'a tendu un chèque : « Julien, quitte-la. Fais-le pour toi. Tu es meilleur qu'elle. »

Elle, mon épouse, croyait cette humiliation publique n'être qu'une énième tentative pour attirer son attention.

Elle a même osé me demander de cuisiner pour elle et son amant.

Son arrogance démesurée m'était insupportable.

Mais pour la première fois, son drame ne m'atteignait plus ; seule subsistait une clarté glaciale.

La permission de son père fut la force dont j'avais besoin.

Dès l'hôpital, j'ai appelé mon avocat.

Ce divorce pour faute, citant son adultère public, n'était pas un jeu.

C'était la vraie fin, et elle ne l'avait pas vu venir.",1,ct-v1-divorce|divorce|离婚|divorce
nrv_477fff54bb6704a6a57ab15d,"[""RAW_LANGUAGE_SCOPE_V1"",""[\""number\"",\""6\""]"",[""string"",""法语""]]",Renaître pour Vaincre : Le Retour de l'Héritière,"Le jour du divorce de mes parents, dans le bureau de l'avocat, ma sœur Chloé a orchestré une scène déchirante, se jetant dans les bras de notre père pour choisir sa nouvelle vie de luxe.

Dans mon existence précédente, j'avais fait exactement le même choix, pensant échapper à la pauvreté avec eux.

Mais cette quête de la richesse n'avait été qu'un long calvaire de solitude et d'humiliations à leurs côtés.

Pire encore, Chloé, dévorée par une jalousie insoutenable en voyant ma façade ""parfaite"", m'avait assassinée d'un couteau dans le dos, juste après mon admission dans la plus prestigieuse Grande École de France.

Je me suis éteinte, sans comprendre pourquoi ma propre sœur avait pu commettre un tel acte de trahison.

Puis, j'ai rouvert les yeux.

Je n'étais pas morte.

J'étais de retour dans ce même bureau, des années en arrière, face à ce choix qui avait scellé ma destruction.

Cette fois, Chloé, dans son arrogance, pensait choisir la fortune, ignorant qu'elle allait elle-même vers l'enfer que j'avais déjà connu et que j'avais vécu.

Mon regard s'est posé sur ma mère, celle que j'avais abandonnée, son visage marqué mais empli de douceur.

La seule chaleur que j'aie jamais vraiment ressentie.

Ma voix, calme et déterminée, a brisé le silence : « Je reste avec Maman. »

Ce jour-là, ma vengeance a commencé.

Et cette fois, j'avais toutes les cartes en main.",1,ct-v1-divorce|divorce|离婚|divorce
nrv_47a953748cd65a406a2d121f,"[""RAW_LANGUAGE_SCOPE_V1"",""[\""number\"",\""20\""]"",[""null""]]",異界花心神醫,他一朝覺醒，卻發現靈魂穿越，轉世成為一個沒落貴族，他將展開怎麼的歷程，能否帶領家族崛起異世？,1,ct-v1-time-travel|time-travel|穿越|穿越
nrv_4831c956269d1446edf84d38,"[""RAW_LANGUAGE_SCOPE_V1"",""[\""number\"",\""19\""]"",[""null""]]",我听话引诱别人后，京圈太子爷悔哭了,"那年孙绍宁捡到了失忆的我，一宠就是七年。
人人都说我是沪城太子爷的软肋，碰不得。
他们说他快要娶我了。
不久前，他去国外定制镶钻礼服被人拍到了。
直到那天我喝下半杯加了药的酒变得昏昏沉沉。
听见他的声音在我耳边拂过。
“到时候把林浅送到沈城床上去，我不信他能忍住不碰她。”
“药量给够，我亲自调教出来的人算便宜他了。”
有人低声问他，“舍得吗？林浅跟了你这么久。”
“只要能让宋思甜看清他沈城也不是什么正人君子，十个林浅我也舍得。”
我突然记起，他当年为什么会捡起我。",1,ct-v1-amnesia|amnesia|失忆|失忆
nrv_4865cafc58ebb87a01f055eb,"[""RAW_LANGUAGE_SCOPE_V1"",""[\""number\"",\""20\""]"",[""null""]]",農家小商女,"商界女王離奇穿越，化為農家小女，一睜眼就遭遇渣男退婚，刁婦欺辱！
蘇雪袖子一擼就是幹，決定掙錢養家，極品親戚上門挑釁通通滾蛋。
壟斷經濟一家獨大，攜家帶口奔小康，順便拐個帥哥回家暖榻。
柳如風：“娘子，我下碗面給你吃吧？
蘇雪：“什麼面？”
某男害羞：“我的心裡面。”
房內春色濃，相公請輕寵。",1,ct-v1-time-travel|time-travel|穿越|穿越
nrv_494b03f2f3824d682c359f68,"[""RAW_LANGUAGE_SCOPE_V1"",""[\""number\"",\""3\""]"",[""string"",""英语""]]",Bloody Love,"Vivian Harrison used to be an ordinary nurse at the hospital, but she had the rare Rh-negative blood type. 

Three years ago, she saved the life of the king of the underworld, Archie Palmer, who had been on the brink of death, with her blood. From that moment on, she had completely fallen for him. 

However, when Archie awoke, he just coldly handed her a marriage contract. ""I never owe anyone a favor.""

The marriage, in the name of repaying a favor, became a gilded cage that confined Vivian for three years. 

Archie made Vivian his wife, yet he gave all his tenderness and devotion to a vivacious and innocent woman-Cassie Fuller. 

He would drive across half the city on a stormy night just to stay with Cassie because she was afraid of the dark. 

He would spend a fortune at an auction to acquire a piece of priceless jewelry, because Cassie said she liked it. 

Yet, all he ever offered Vivian was endless indifference and suspicion. 

When Cassie suffered even the slightest grievance, he would unhesitatingly lay all the blame on Vivian and even torment and punish Vivian in the cruelest ways. ""Your blood disgusts me as much as you do, Vivian.""

Later, when Vivian took a fatal bullet for him and lay bleeding on the ground, he walked coldly past her, holding the frightened Cassie in his arms, without sparing Vivian even a glance. 

At that moment, Vivian finally understood that this marriage was nothing but a joke from the start. 

She decided that she would no longer play along with Archie. 

But when Vivian, her body battered and broken, resolutely left Archie, and Archie, who had always claimed he never loved Vivian, for the first time felt his eyes sting, and frantically searched for her all over the world. ",3,ct-v1-tragic-ending|tragic-ending|悲剧结局|be ;; ct-v1-happy-ending|happy-ending|圆满结局|he ;; ct-v1-marriage|marriage|婚姻题材|marriage
nrv_494f9cd8b0c6d9f408d3e434,"[""RAW_LANGUAGE_SCOPE_V1"",""[\""number\"",\""19\""]"",[""null""]]",买一送二：千亿萌妻送上门,她错信亲人，最终惨遭渣男渣女背叛差点暴尸荒野的下场。六年后，她华丽回归，势必要将欺她、辱她、骗她的人百倍奉还！可每次在她虐渣虐的正爽的时候某人就带着萌宝一起“截胡”！美名其曰：我的老婆/妈咪谁敢动？……“乖乖当我的太太，嗯？”“我并没有给孩子找后爸的想法……”“没关系，妈咪，他是我爹地！”某宝露头。婚后，某宝强势宣言：“想抢走我妈咪，没那么容易。”腹黑爹：“你妈咪是大人，不好玩，我送你一个弟弟妹妹玩儿，怎么样？”某宝闻言，双眸发亮，击掌：“成交”腹黑爹得意一笑：“那今晚让你妈咪别把我锁在门外……”,1,ct-v1-betrayal|betrayal|背叛|背叛
nrv_49924af8cc9d8819c4ca6639,"[""RAW_LANGUAGE_SCOPE_V1"",""[\""number\"",\""20\""]"",[""null""]]",夫人又在吊打白蓮花了,"上輩子慕微希被人當猴耍，又是連累養父，又是拖累親爺爺，甚至還把自己的命搭進去。
重生之後，她麻溜地悄悄認祖歸宗，順道着一路挫挫挫，把渣男賤女陰謀詭計全部一鍋端！
白蓮花挑拔離間？打！
綠茶故意生事？打！
聖父是非不分？打！
渣男反咬一口？打！
渣渣們被她虐得死去活來準備反抗，慕大小姐揮揮衣袖回家繼承富可敵國的家業！
是的，我就是你們仰望的存在！
夜先生從認識慕微希之後很久才發現，自己在她眼中就是個工具人。
明明把她寵上了天，在她心中竟然還比不過她的金手指當鋪系統？
夜先生略施小計將她困在懷中。
是時候重振夫綱了！",1,ct-v1-rebirth|rebirth|重生|重生
nrv_4a317c95eba8c8f0089fe05d,"[""RAW_LANGUAGE_SCOPE_V1"",""[\""number\"",\""20\""]"",[""null""]]",做回首富親閨女，我嬌寵了反派大佬,"前世姜檀兒錯信渣渣，慘遭挖眼割舌，生生地被制成標本。
親眼看到她曾視若敝履的瘋批男人，爲她瘋狂復仇。
一朝重生，虐渣男吊打假千金，做回首富親閨女，全家的團寵，護父母哥哥們周全。
校園裏，衆人發現「校草」頭號粉頭爬牆了。盯上了出身骯髒，性格暴戾的瘋批「校渣」。
校渣打架，她撩袖就上；校渣逃課，她諄諄地善誘；校渣生病，她抱抱……
姜檀兒勵志把瘋批美人養得根正苗紅，後來發現把人給養歪了！
後來，姜檀兒爆紅成娛樂圈的國民妹妹，直播中表示：十八歲時的白月光死了。
正當全網送哥哥給她湊對嗑CP時，急紅了眼的男人出現，將小姑娘按在牆角。
「小檀兒，哥哥是不是你死了的白月光？」
",1,ct-v1-rebirth|rebirth|重生|重生
nrv_4ab452b99f46be4ec076556d,"[""RAW_LANGUAGE_SCOPE_V1"",""[\""number\"",\""15\""]"",[""string"",""菲律宾语""]]",Threesome Lover (Tagalog),"Lineah's a good niece and hardworking person. Since she was a child she knew, something is missing and her heart felt empty. 


She shut herself from intimate relationship, she never had one but it will all change when she found out she's not blood related to his known aunt. 


In her journey of searching her identity and real parents she found herself caught up in a steamy romance with the two brothers who promised to help her in exchange of hot nights.",1,ct-v1-romance|romance|言情|romance
nrv_4b5a04310f0f7224d9ced39c,"[""RAW_LANGUAGE_SCOPE_V1"",""[\""number\"",\""3\""]"",[""string"",""英语""]]",Buried In CEO's Frantic Infatuation,"When Tabitha was just about to graduate from high school, her father sold her to Boris, one of the most powerful businessmen in the world.
He agreed to marry her just so his family would be pleased, but his coldness drove her away.
Eventually, he realized he had fallen for her innocence and sweetness and tried to win her heart.
However, she was not convinced of his love.
But Boris was undeterred. He was determined to make her fall in love with him - whatever the cost.",3,ct-v1-family|family|家庭|family ;; ct-v1-sweetness|sweetness|甜宠|sweetness ;; ct-v1-happy-ending|happy-ending|圆满结局|He
nrv_4d5e4548f2bada329cf90c1d,"[""RAW_LANGUAGE_SCOPE_V1"",""[\""number\"",\""19\""]"",[""null""]]",擒鬼斋之黄帝十五镜,一本百鬼录，一柄七星翩，黄帝集天下珍稀之物所铸的十五面古铜镜之中隐藏的到底是什么！从巫蛊盛行的苗疆之地，各大鲜为人知的道术宗门，迷雾重重的云陵，以即离奇的平行空间收集到的古镜不只那么简单！,1,ct-v1-xianxia|xianxia|仙侠修真|宗门
nrv_4dec1f161e658824ecfdd642,"[""RAW_LANGUAGE_SCOPE_V1"",""[\""number\"",\""4\""]"",[""string"",""西语""]]",Salvada por el Alfa,"Cuando Luna es atacada por fuerzas desconocidas, es salvada por Axel, un temido Alfa licántropo. Él descubre que ella no es una humana cualquiera, sino la clave para desatar un poder ancestral. Unidos por un vínculo imposible de romper, deberán enfrentar enemigos, secretos del pasado y una atracción que amenaza con consumirlos... porque protegerla podría salvar su manada, pero también destruirlo todo.",1,ct-v1-werewolf-luna|werewolf-luna|Luna（狼人女首领）|Luna
nrv_4e26e59585975ce697b03f9e,"[""RAW_LANGUAGE_SCOPE_V1"",""[\""number\"",\""15\""]"",[""string"",""菲律宾语""]]",Dare to Love (Filipino),"Atasha hated Kurt. He was cold hearted and ambitious. Insulto sa kanya nang alukin siya nito ng kasal para bayaran ang pagkakautang ng pamilya niya. Kailangan kasi nito ang political background ng angkan niya. Nang pinsan niya ang balingan nito, lalong sumama ang tingin niya dito. Akala niya ay tuluyan nang matatapos ang kalbaryo niya na makasama ito. Hanggang mapilitan siyang magpanggap na nobya nito para sa lola nito. “Bakit parang hindi mo mahal ang nobya mo?” tanong ng lola nito. Inakbayan siya ni Kurt. “Of course, I love her.” “Then kiss her.”",1,ct-v1-happy-ending|happy-ending|圆满结局|He
nrv_4e3efc42b8108f13b2994a7e,"[""RAW_LANGUAGE_SCOPE_V1"",""[\""number\"",\""14\""]"",[""string"",""韩语""]]","빼앗긴 멜로디, 배신당한 사랑","내 약혼자, 서지훈과 내 동생, 주예리가 내가 3년간 영혼을 갈아 넣어 만든 곡을 훔쳐 갔다.
그건 내 필생의 역작이었다.
우리의 커리어를 함께 정의해 줄 단 하나의 곡.

나는 녹음실의 반쯤 열린 문틈으로 그들의 모든 계획을 엿들었다.

""이게 네가 뱅가드 어워드를 탈 유일한 방법이야, 예리야.""
지훈이 단호하게 말했다.
""이번이 단 한 번뿐인 기회라고.""

내 가족까지 한통속이었다.
""언니가 재능은 있지. 근데 멘탈이 약하잖아.""
예리는 부모님의 말을 그대로 인용했다.
""가족을 위해서 이게 최선이야.""

그들에게 나는 딸도, 3개월 뒤 결혼할 여자도 아니었다.
그저 부품, 도구일 뿐이었다.

진실은 맹독과 같았다.
천천히, 온몸을 얼어붙게 만드는 독이었다.
내가 사랑했던 남자, 나를 키워준 가족.
그들은 내가 태어난 날부터 내 재능에 기생하며 모든 것을 빨아먹고 있었다.
그리고 내 뱃속의 아이는?
우리의 미래를 상징하는 존재가 아니었다.
그들이 나를 가두기 위해 만든 우리에 채울 마지막 족쇄일 뿐이었다.

나중에 지훈은 아파트 바닥에 쓰러져 사시나무 떨듯 떨고 있는 나를 발견하고는 걱정스러운 척했다.
그는 나를 품에 끌어안고 머리카락에 대고 속삭였다.
""우리 앞날은 창창해. 우리 아기 생각해야지.""

바로 그 순간, 나는 내가 무엇을 해야 할지 정확히 깨달았다.
다음 날, 나는 전화를 걸었다.
다른 회선으로 엿듣고 있던 지훈의 목소리가 처음으로 진짜 공포에 질려 갈라지는 것을 들으며, 나는 차분하게 수화기에 대고 말했다.

""네, 안녕하세요. 내일 예약 확인 좀 하려고요.""

""그... 수술 말이에요.""",1,ct-v1-horror|horror|恐怖|공포
nrv_4e6c7d211d4a2c7fb82b1bcf,"[""RAW_LANGUAGE_SCOPE_V1"",""[\""number\"",\""19\""]"",[""null""]]",田园蜜宠：我家娘子不好惹,"穿越了，叶知秋刚刚发现自己成了一个贫寒人家的女子，便要被卖出去。
窝囊父亲，软包子娘，凶狠的奶奶，势利的叔叔婶婶，这个家是没法待了。
可是，叶知秋怎么也想不到，在这沈家里有个更可恶的家伙。这个男人简直是腹黑到了极致，偏偏什么事情他都算准了，让叶知秋怎么也摆脱不了。",1,ct-v1-time-travel|time-travel|穿越|穿越
nrv_50c177b1a368a3272b16e2dd,"[""RAW_LANGUAGE_SCOPE_V1"",""[\""number\"",\""19\""]"",[""null""]]",超级作死宝箱系统,"当无数天骄还在为突破境界而闭关苦修
诸天势力还在为了点儿神兵仙丹打的头破血流时
毫无背景的苏锦却在怀抱着绝世美人，骑着混元圣兽，火锅吃的不亦乐乎，顺便再吊打下全世界
随手点开一个从天而降的宝箱：
恭喜宿主获得幽冥魔宗圣女肚兜一块！
真武大陆上流传着一句警世真言：宁惹天帝，莫惹苏锦",1,ct-v1-xianxia|xianxia|仙侠修真|境界
nrv_523d430ea4bd23283313b7c0,"[""RAW_LANGUAGE_SCOPE_V1"",""[\""number\"",\""3\""]"",[""string"",""英语""]]",Born of Dust and Fire,"Born of Dust and Fire

She craved freedom. He was forged by it.

In the blistering heart of a mythic desert, where time itself bows to nature's fury, a mysterious rider emerges-part man, part legend. Jack is no ordinary cowboy; with a wild mustang beneath him and a wolf-like beast at his side, he traverses a savage land that recognizes no weakness.

Ellie Harrington, spirited and defiant, returns to her family's ranch only to discover secrets buried deeper than the desert's bones-secrets that bind her to Jack in ways she never imagined. But Jack's past is more than mysterious; it's dangerous. Whispers of his supernatural strength, his eerie control over wild creatures, and the burning yellow light in his eyes all point to something ancient stirring beneath his calm exterior.

As tensions rise and a volatile gunslinger sets his sights on him, Jack is drawn toward a fate that could either redeem or destroy him. Caught between myth and man, love and legend, Ellie must decide how far she'll go to stand beside the one who might not be entirely human.

Born of Dust and Fire is a sweeping tale of romance, frontier myth, and the untamed spirit of the wild-where loyalty is fierce, bullets fly faster than truths, and not all legends are born... some are made in silence.",3,ct-v1-family|family|家庭|family ;; ct-v1-romance|romance|言情|romance ;; ct-v1-happy-ending|happy-ending|圆满结局|He
nrv_5305c1cbb215a96405679821,"[""RAW_LANGUAGE_SCOPE_V1"",""[\""number\"",\""20\""]"",[""null""]]",絕世武帝,"
雲楊意外融合武道宗師的記憶，衝破堵塞的經脈，天生神體一朝覺醒。

世家弟子？王朝皇室？宗門天才？若是惹我，統統碾壓！

從此之後，武帝出世，一路高歌。神體所指，絕世無敵！

……

作者新浪微博暱稱：拓跋流雲

書友羣：469470711，歡迎加入

微信公共號，搜尋「拓跋流雲」並關注
",2,ct-v1-genius|genius|天才|天才 ;; ct-v1-xianxia|xianxia|仙侠修真|宗門
nrv_531a179d13b2814c46f2552c,"[""RAW_LANGUAGE_SCOPE_V1"",""[\""number\"",\""20\""]"",[""null""]]",毒醫凰後:妖孽世子霸道寵,"
癡心錯付,血染佛堂,她是名門嫡女,卻被未婚夫庶妹亂棍打死.

再睜眼......

她是華夏鬼醫聖手,心狠手辣的殺手女王,身負毒王系統,一根銀針,活死人,肉白骨;一雙冷眸,穿人骨,懾人心.

當她穿越成了她......

一毀渣男天子夢,二踩庶妹成小妾,三送後媽七隻鴨,四虐親爹睜眼瞎......

古代生活風生水起,只是暗「賤」易躲,明,騷,難,防!

他是腹黑神祕的妖孽世子,傲氣孤高,不停撩騷.

當他遇見她......

「天下江山為聘,地鋪十裏紅妝,我娶你!」

「歷史有多遠,請你滾多遠!關門,放狗!」

他上前一步,將她打橫抱起,壓倒在牀,邪魅一笑:「一起滾,滾出歷史新高度!」
",2,ct-v1-legitimate-daughter|legitimate-daughter|嫡女|嫡女 ;; ct-v1-time-travel|time-travel|穿越|穿越
nrv_53a554f3799736f604ff4e12,"[""RAW_LANGUAGE_SCOPE_V1"",""[\""number\"",\""20\""]"",[""null""]]",穿越後我成了殘廢醫妃,"她是現代的頂級特工，醫術高超。一朝身死，穿越到古代成為尚書府雙腿殘廢的嫡女。
娘親早逝，姨娘處心積慮陷害，庶妹嫉恨，祖母偏心，危機四伏中。
好在便宜爹還靠得住......
阮明煙一聲冷哼，廢物？你們統統都是廢物！
小巷裡，她不經意路過，陰差陽錯救了世子的命。
原以為可以獲得潑天富貴，卻不想招來一次次麻煩。
“唉！玉佩還你，你別為難我一個殘疾人！”阮明煙白了一眼。
“晚了！”李承翊冷眸微微眯起......",1,ct-v1-legitimate-daughter|legitimate-daughter|嫡女|嫡女
nrv_54b905293327d97201583fc6,"[""RAW_LANGUAGE_SCOPE_V1"",""[\""number\"",\""5\""]"",[""string"",""葡语""]]",Meu nome é Lucy,"Romance LGBT (Transgênero)

Lucy nunca foi um garoto. Vivendo presa como um pássaro em gaiola dentro de seu próprio corpo, a garota tinha a sensação de sufocamento todas às vezes que ouvia lhe chamarem por Jeon Woojin. 
Sentia-se constantemente triste por não poder mostrar-se verdadeiramente ao mundo e, principalmente, à sua família. Porém, Lucy ainda sonhava em voar, em conquistar seu espaço no mundo e ser livre para ser quem realmente era. E foi pensando assim que ela não desistiu de lutar, passando por dezenas de problemas e enfrentando diversos preconceitos para alcançar o que mais desejava: sua liberdade e identidade.
",1,ct-v1-romance|romance|言情|Romance
nrv_555e6ecca30a2dd21b523a18,"[""RAW_LANGUAGE_SCOPE_V1"",""[\""number\"",\""3\""]"",[""string"",""英语""]]",The Billionaire's Gangster Wife,"Mara never had the slightest idea that her stepmother would agree to marriage in her stead to some unknown young master of Lewis Family overnight. 

She kept her gangster life a  secret from him while pretending to be submissive and obedient.  She had a lot of plans ready to make her contracted husband miserable and fed of her while she pretended to be submissive. But love played it's trick, she fell in love with him helplessly and therefore revealed her identity. 

How will her husband assimilate this revelation? How will her married life go? Will their marriage remain the same after learning of her secret life?",3,ct-v1-family|family|家庭|Family ;; ct-v1-tragic-ending|tragic-ending|悲剧结局|be ;; ct-v1-marriage|marriage|婚姻题材|marriage
nrv_5607821cf318088de98face9,"[""RAW_LANGUAGE_SCOPE_V1"",""[\""number\"",\""3\""]"",[""string"",""英语""]]",Fall In love With Dwayne Maverick,"DESCRIPTION

Via Kaye is curious about her best friend's mysterious brother Dwayne Maverick La Torre. She got a chance to enter his room without a permission, to see if there's a photo of him and she's lucky because it's not locked. But she's unlucky because the man she wants to see was there, giving her a death glare.

When he first looked at it, he was cold like ice! She is annoyed by his clumsiness, his scolding, and she is annoyed because he is like a child who always follows her but she doesn't care about that, she wants to know him.

""Don't fall in love with me."" That's the word he told her but then she falls in love with him. She can't unlove him no matter what danger comes, she can't unlove him even if she knows what his true character is.",1,ct-v1-happy-ending|happy-ending|圆满结局|he
nrv_5737deb815b285e2903f5fb9,"[""RAW_LANGUAGE_SCOPE_V1"",""[\""number\"",\""15\""]"",[""string"",""菲律宾语""]]",A Timeless Love,"""Why do I feel that I am the intruder in my own story?""

Abigail knew from the start that the love she chose will come to an end soon once her husband's first love will come back. Pero bilang isang martyr siya at iniisip ang pagkakaroon ng ama ng kanilang anak, pinili niyang sumugal. For the past years that they've been living on one roof, she tried her best to make Alexander fall in love with her.

Pero hindi na ata talaga mangyayari. Until Lauren came back to the picture. Naramdaman na niya ang matagal na takot. Iiwan na sila ni Xander. Pero hanggang sa dulo ay sinubukan niya pa rin ang lahat, huwag lang sila iwan ng asawa.

Now that she learn Xander will never choose them, would she still stay for the sake of their daughter, or will learn to unlove him?
",1,ct-v1-first-love|first-love|初恋|first love
nrv_593038fec252fcb7c0351834,"[""RAW_LANGUAGE_SCOPE_V1"",""[\""number\"",\""3\""]"",[""string"",""英语""]]",Sinful Desires: Fatal bonds,"Zero came to the Academy as a rogue, a nobody, easy to mock and easy to break.
But when Eliana, the Alpha heir betrothed, orders him to dress up for the student ball, the whole hall laughs...
until Aldric sees Zero trembling, clutching the hem of the gown, big eyes shining with humiliation.

From that night on, Aldric can't look away.

Behind closed doors, he's the one who coaxes Zero into dress-up again, softly at first, then with a hunger he can't hide.
And when Zero blushes and whispers,
 ""I'm not a girl...""
Aldric only smirks and steps closer.

""Then I'll treat you like the boy you are. Strip.""

But Aldric isn't the only one who wants him.

Seraphiel, the cold, beautiful Vampire Lord who holds Zero's past in chains, returns for what he claims is his.
A deadly love rival.
A forbidden bond.
A war waiting to ignite.

Between an Alpha who wants to protect him
and a vampire who wants to possess him,
Zero must choose...

Even though his heart has already chosen once.

Sinful Desires: Fatal Bonds
A rogue caught between two monsters...
one who wants him.
One who owns him.
",3,ct-v1-student|student|学生|student ;; ct-v1-heir|heir|继承人|heir ;; ct-v1-happy-ending|happy-ending|圆满结局|he
nrv_5a88d05ca5e96d380ade7802,"[""RAW_LANGUAGE_SCOPE_V1"",""[\""number\"",\""3\""]"",[""string"",""英语""]]",THE BARON'S PET ,"


I fell in love with a murderer. And not just that. He was the most notorious crime lord in the whole country - a kidnapper, robber, con artist. Donovan Valerio Barone was that, and more. 


He smiled when he caused me pain, but killed whoever looked at me twice. 


I was his captive, but in many ways than one, I was enslaved by my desires, and by the circumstances that surrounded our meeting. 


Everyone in the city knew The Baron was as handsome as he was vicious and ruthless. 


No one crossed him and lived to tell of it. No one but me. And in return, he owned me, body and soul. 


I had thought my life would be like a puppet's, but when Donovan smiled, in his eyes was the promise to burn the world down for me, and hold me in his arms while doing it.


",3,ct-v1-crime|crime|犯罪|crime ;; ct-v1-tragic-ending|tragic-ending|悲剧结局|be ;; ct-v1-happy-ending|happy-ending|圆满结局|He
nrv_5ab3544c538640d88ed4430f,"[""RAW_LANGUAGE_SCOPE_V1"",""[\""number\"",\""3\""]"",[""string"",""英语""]]",The Reader Behind My Words ,"

Genre: Romantic coming-of-age / High school literary romance
Themes: Invisibility, identity, emotional intimacy, self-expression, being seen, vulnerability, creative partnership, quiet love.

Core Premise
Purity Osinachi is a quiet, introspective high school student who believes invisibility is safety. She lives on the margins of her school life-observing, writing privately, never speaking unless necessary. Words are her refuge, not her voice.

Oliver  Rex is equally invisible in a different way-a boy whose inner world is loud with stories but muted in real life. He publishes anonymous writing online as an escape, never expecting anyone to truly read or understand him.
When Purity comments on one of Ethan's anonymous stories for the first time, a bond forms-entirely through words. Neither knows the other's identity. What begins as a safe, faceless connection grows into emotional intimacy, while in real life, they unknowingly pass each other daily in the same school corridors.
The novel follows their parallel lives-online and offline-as they move from anonymity to recognition, from silence to expression, and from invisibility to courage.

Plot Arc Breakdown

ACT I – Invisibility (Chapters 1–4)
The world before being seen
Purity is introduced as a girl who survives by staying unnoticed. She reads more than she speaks, feels deeply, but hides it well.
Ethan is introduced through his anonymous writing-a quiet boy pouring his pain and longing into words no one seems to notice.
Purity reads Ethan's work online and, after much hesitation, leaves her first comment.
Their anonymous conversation begins-tentative, careful, emotionally raw.
In school, they exist near each other without realizing their connection, reinforcing the dramatic irony.
The theme of safety vs. isolation is established.
Key tension:
Connection feels safe because it's anonymous-but it can't stay that way forever.

ACT II – Recognition Without Names (Chapters 5–8)
Two souls growing closer without faces
Purity and Ethan's online bond deepens. They share fears, writing, philosophies, and emotional truths.
Both begin to feel less invisible through each other.
In real life, subtle familiarity begins-shared glances, similar handwriting, mirrored thoughts.
Purity starts to feel torn between the safety of anonymity and the desire to be known.
Ethan struggles with the fear that revealing himself could destroy the one place he feels understood.
Key tension:
They are emotionally intimate but physically strangers. The risk of discovery grows.

ACT III – Collision (Chapters 9–12)
When two worlds start to overlap
Their real-life interactions increase-group work, shared spaces, and quiet moments charged with unspoken connection.
They unknowingly influence each other's writing and thinking in both worlds.
An emotional turning point occurs when they realize-through words, patterns, or moments-that the person they trust online may be closer than they think.
The reveal (or near-reveal) happens carefully, without drama-built on emotional recognition rather than shock.
They confront the truth: the person who understands them most is someone they've been overlooking.
Key tension:
Can emotional intimacy survive reality?

ACT IV – Visibility (Chapters 13–14)
Being seen, together
Purity and Ethan choose to collaborate openly in a school writing showcase.
This act forces Purity to step out of invisibility and Ethan to stand beside someone publicly.
Their writing exposes their shared themes-silence, loneliness, and courage.
The applause brings validation-but also scrutiny, rumors, and doubt.
Purity faces the fear of losing herself in visibility.
Ethan proves his love is not possessive but supportive.
Key tension:
Being seen brings both affirmation and vulnerability.

ACT V – Ownership of Self (Final Chapters)
Choosing visibility without losing identity
Purity learns that being seen does not erase her-it reveals her.
She establishes boundaries, rejecting outside projections and expectations.
Ethan confronts the responsibility of loving someone without overshadowing them.
External challenges (family pressure, school politics, anonymous admirers, and rivalry) test their trust.
They choose each other not as a hiding place but as partners who honor individuality.
The novel ends not with perfection but with confidence: two people no longer afraid to exist fully.

Final message:
Love does not save you.
It stands beside you while you learn to save yourself.


Character Arcs

Purity Osinachi
Starts: Silent, self-contained, afraid of being noticed
Journey: She  learns that her voice has power and deserves space
Ends: Seen, confident, unafraid to exist openly without shrinking.

Oliver Rex
Starts: Anonymous, emotionally guarded, unseen
Journey: Learns to attach his voice to his presence
Ends: Grounded, visible, loving without controlling.
",3,ct-v1-family|family|家庭|family ;; ct-v1-romance|romance|言情|romance ;; ct-v1-happy-ending|happy-ending|圆满结局|He
nrv_5b2709834cc21b820158e3ae,"[""RAW_LANGUAGE_SCOPE_V1"",""[\""number\"",\""20\""]"",[""null""]]",馭夫有道，嬌妻誠可撩,"重生後的周沐卿一朝從人畜無害的周家三小姐，變成了滿腹心計的小女人，看似算計實則為了自保。奈何全族命運不是靠她一個女子能夠逆轉的，就在自己深陷風雨之中，差點迷失自我之時，這個死死跟在她身後的許沫晟，成了她黑暗道路上的燭火。
“天真爛漫留給你，血雨腥風就該我來闖。”說罷，許沫晟手中的長劍垂在一側，將周沐卿死死護在身後。",1,ct-v1-rebirth|rebirth|重生|重生
nrv_5bb7803df6bca9feb1b4563e,"[""RAW_LANGUAGE_SCOPE_V1"",""[\""number\"",\""3\""]"",[""string"",""英语""]]",Reborn to Refuse The Lord ,"I came with a mission to kill the Lord of the empire, Mark. ""Lara, I am pleased with you."" Fireworks bloomed above us as I looked down at Mark kneeling on one knee. The dagger hidden in my sleeve almost slipped from my grasp. ""Are you willing to marry me as my wife, from now on, for a lifetime?"" ""Yes."" The system's alarm rang sharply in my mind, urging me to complete my mission, but I still chose to move forward without hesitation.
Reality, however, was far crueler than I expected. ""Lara, as Mark's wife, you must not leave the palace for three years and, when the time comes, gracefully step down."" ""Okay,"" I answered lightly, just as I had agreed to his proposal. That night, flames swallowed my courtyard, the fire blazing high enough to erase everything I had endured. I thought it was my end.
But when I opened my eyes, I was back to the day he proposed. The same fireworks. The same man on one knee. Only this time, Mark's eyes were filled with tears as he held my hand and whispered, ""Lara, don't go.""",1,ct-v1-happy-ending|happy-ending|圆满结局|he
nrv_5c42cde97322aadffd54a6b4,"[""RAW_LANGUAGE_SCOPE_V1"",""[\""number\"",\""3\""]"",[""string"",""英语""]]",The Rise of the Phoenix,"The peaceful life of the general's daughter will change for better or worse as she marries the Emperor's son.
Along with their marriage, she will discover the darkest secrets buried in the deepest corner of the kingdom: Love will be her armor and beauty will be her weapon.
",3,ct-v1-emperor|emperor|皇帝|Emperor ;; ct-v1-tragic-ending|tragic-ending|悲剧结局|be ;; ct-v1-marriage|marriage|婚姻题材|marriage
nrv_5c44cd80f5080ec3eb22f7e4,"[""RAW_LANGUAGE_SCOPE_V1"",""[\""number\"",\""4\""]"",[""string"",""西语""]]",A algunas personas les gusta el drama,"Mi alma flotaba inerte sobre mi propio cuerpo. Abajo, mi hijo Leo, de apenas siete años, sacudía a su madre, Isabela, pidiéndole auxilio para mí.

Ella, indiferente, se arreglaba para una gala con Ricardo, su amante. Con horror, comprendí que Isabela, cegada por él, me había negado la medicación y retrasado la ayuda médica. Morí por su negligencia.

Pero mi tormento no acabó. Como fantasma, vi a Isabela despreciar a Leo, quien, cojeando, buscaba ayuda. Fui testigo de cómo Ricardo, con saña, golpeaba a mi hijo, luego desmembró mi cuerpo y arrojó a Leo al río.

La impotencia de ver a mi propio hijo sufrir tal crueldad, abandonado por su madre, era indescriptible. ¿Cómo pudo la mujer que amé caer tan bajo, tan ciega a la verdad que se negaba a sí misma?

Aunque Leo fue rescatado, no resistió. Mi alma y la suya ahora están juntas, liberadas. Pero el juicio de Isabela, la cómplice de nuestra tragedia, apenas ha comenzado en el laberinto de su propia locura.",1,ct-v1-horror|horror|恐怖|horror
nrv_5c840d7f1e7beffe76fefabb,"[""RAW_LANGUAGE_SCOPE_V1"",""[\""number\"",\""19\""]"",[""null""]]",空间修仙：重生师姐要逆天,"她因根骨平凡而遭受歧视。
桑郁卿死在了精于算计的师妹手上。
一朝重生，不管是师父的偏心、还是同门的冷待，都拦不住她狂热的复仇计划。
然而她越是深入了解，越是察觉师父并非表面看起来那般冷情。
与此同时，桑郁卿的身边也出现了一个来历神秘的男子墨书意对她百般照料。
有贴心知己固然是好，但为何他看起来和师父有些相似？
云衍：那是因为墨书意，就是为师。
桑郁卿（惊吓脸）：噫？！
",1,ct-v1-revenge|revenge|复仇|复仇
nrv_5d07f02bff005e903a1ba57b,"[""RAW_LANGUAGE_SCOPE_V1"",""[\""number\"",\""3\""]"",[""string"",""英语""]]","No More Tears, Only Retribution","The eviction notice, a cruel red rectangle, mocked me from my door.

Just months ago, I was Chloe, the artist poised to revolutionize the world with Aura, my groundbreaking AI.

Now, the world was closing in, air squeezed from my lungs.

Then, at the sprawling Innovatech conference, the stage set for our triumph, my fiancé Mark unveiled Aura, which I poured my soul into, as his own.

""I call her... Genesis,"" he boomed, ""created solely by me.""

My best friend, Sarah, whose hand I held moments before, gazed at him with adoration, not outrage.

The fallout was swift and brutal.

Mark, the instant tech celebrity, branded me a disgruntled ex.

Sarah, leveraging her gallery connections, systematically blacklisted me, painting me as unstable, a fraud.

Calls unanswered, doors slammed shut-my life, my legacy, evaporated.

I was a ghost in a rundown apartment, bearing an eviction notice, with nothing left.

How could they? How could the two people I trusted most, the two people who were my family, betray me so completely, so publicly?

The world had become a twisted, unrecognizable place where truth was irrelevant, and loyalty meant nothing.

But in the ashes of utter despair, sifting through the remains of my life, my fingers brushed against my estranged father' s dusty hard drive-a digital arsenal of hacking tools and encrypted journals.

The artist in me was dead, but something else, a chilling new resolve, began to stir.

I would change my destiny, not by going back, but by going forward with skills they never saw coming.",3,ct-v1-entertainment-industry|entertainment-industry|娱乐圈|celebrity ;; ct-v1-family|family|家庭|family ;; ct-v1-happy-ending|happy-ending|圆满结局|he
nrv_5f29640c98dc3e966a0e217a,"[""RAW_LANGUAGE_SCOPE_V1"",""[\""number\"",\""20\""]"",[""null""]]",重生六零：馮嬌嬌發家記,"末世來了，馮嬌嬌穿了！
重生到這個吃不飽穿不暖的六零年代，馮嬌嬌是激動的，吃不飽咱不怕！有空間！更何況最愛的兒子們跟着自己一起穿了！空間裏面的糧油米面吃一輩子也吃不完！
可當面前這些的家人把好吃的都留給她時，馮嬌嬌就決定讓這些偏心眼的家人過上吃飽穿暖，滿嘴流油的生活！
生活富足了，但是還差個孩子爹，馮嬌嬌又開始了給孩子們拐個爹的理想。
「嗨，帥哥，約個嗎？」看着這個年代最美的軍裝綠的帥哥，人高，膚白，臉帥，肩上的星星也不少！給兒子們當爹夠格！
「嗯，走吧！」
馮嬌嬌懵逼的跟着這軍哥哥見了家長，領了證，有種上了賊船的感覺，不知道現在跑路來不來得及 ？美色誤人啊！！！

顧家小少爺顧灝天因爲被前妻背叛，使得家人落難下放改造，很討厭女的！
可對上那雙囂張挑釁的眼睛，淪陷了！
一眼定情，撩撥了我就別想跑",2,ct-v1-betrayal|betrayal|背叛|背叛 ;; ct-v1-apocalypse|apocalypse|末世|末世
nrv_5fab740123da6d0a83c58c00,"[""RAW_LANGUAGE_SCOPE_V1"",""[\""number\"",\""3\""]"",[""string"",""英语""]]",The Lost Bloodline ,"In an alternate future where Technology and Magical Abilities are both advanced, Brandon Flare is just a young orphan and an only child who just got a scholarship to Blue River Academy with his best friend Bruce Devin, But little did they know that stepping into the gates of that school would change their lives and reveal the long lost secrets of their respective family history, one of which would shake Brandon to his core.",1,ct-v1-family|family|家庭|family
nrv_6012611c0abd9bef0f42b201,"[""RAW_LANGUAGE_SCOPE_V1"",""[\""number\"",\""4\""]"",[""string"",""西语""]]",Cuando el Honor Destruye una Vida,"Mi vida era la receta perfecta: una pastelería familiar próspera, padres amorosos, un marido envidiable y nuestro bebé en camino.

Con cuatro meses de embarazo, el día del chequeo médico era pura felicidad.

El doctor confirmó: ""El bebé está perfectamente sano, sin anomalías"".

Pero la sonrisa de Javier se congeló al leer el informe, su rostro se volvió blanco como la harina.

""Tenemos que programar un aborto. Ahora mismo"", susurró, agarrándome con una fuerza aterradora.

Intenté resistirme, le pregunté si se había vuelto loco, pero sus ojos estaban llenos de un horror inexplicable.

Mis padres llegaron, y la pesadilla se amplificó.

Mi padre, al leer el mismo informe, levantó la mano y gritó: ""¡Monstruo! ¡Ese demonio no puede nacer!"".

Mi madre, con la voz dura, sentenció: ""Hija, tenemos que purificarte"".

De repente, las personas que más amaba se habían convertido en mis verdugos.

Me arrastraron, me encerraron en la oscuridad y perdí a mi bebé allí, sola, traicionada.

Morí a los pocos meses, en un convento frío, con el corazón roto y sin entender nunca por qué.

¿Qué secreto tan terrible contenía ese informe para destruir mi mundo y volcar a mi propia familia en mi contra?

Pero abrí los ojos.

La luz del sol era la misma, el olor a bizcocho subía de la pastelería.

Mi vientre.

Mi bebé.

Estaba viva, el reloj marcaba la hora de la cita.

No fue un sueño, fue una premonición de horror.

Esta vez no esperaría a Javier; esta vez, sería yo quien tendría el informe, y la verdad, antes que nadie.

No iba a desperdiciar mi segunda oportunidad.",2,ct-v1-horror|horror|恐怖|horror ;; ct-v1-doctor|doctor|医生|doctor
nrv_603cff0764c6be1ab8b37d9f,"[""RAW_LANGUAGE_SCOPE_V1"",""[\""number\"",\""3\""]"",[""string"",""英语""]]",Forever And Always,"Twenty year old Viola's life seems to have bloomed into happiness as she proposes to her fiance at her birthday party. However, the man she thinks is in love with her turns out to be an extremely cruel husband, who takes control of her life after tying the knot. Expelled from the school, and humiliated by her in-laws, Viola supposedly gets a fresh start as she runs away with her son. But it all comes tumbling down once more when her husband comes back to wreak havoc on her life once more.",1,ct-v1-tragic-ending|tragic-ending|悲剧结局|be
nrv_60c7715a66853c4d768ee03e,"[""RAW_LANGUAGE_SCOPE_V1"",""[\""number\"",\""11\""]"",[""string"",""印尼""]]",RAHASIA AYAH ANAKKU,"CERITA DEWASA!
21+++ HOT BUT SMOOTH.
Kania yang sedang dirundung masalah demi masalah tidak ingin  melawan saat Nick Sebastian menggandengnya dan memperkenalkan dia sebagai kekasih CEO tampan tersebut walau akhirnya pola berulang, dia menerima semua hujatan, dia pasrah saat mereka harus meneruskan sandiwara mereka hingga malam magis di apartement Nick mengubah hidupnya!",1,ct-v1-wealthy-ceo|wealthy-ceo|豪门总裁|CEO
nrv_6193579d2b3a82a897bf351f,"[""RAW_LANGUAGE_SCOPE_V1"",""[\""number\"",\""3\""]"",[""string"",""英语""]]",Ghost Of Your Memories ,"It's either do or die, what would you choose?
Zoe Amethyst is a clever, and brave girl. That's what they describe her. Something already happened that makes Zhian Azrael haunted by the Ghost of the memories. 
What will happen to them? 
The choices are both risky, it's either your life or your sanity.
Just choose one, and be wise in choosing, because you might regret it in the end.
A group of students will help him to investigate, and they will determine if it's a crime or a suicide. 
All of a sudden, they will suffer horrible things and memories of the past. 
They will use the memories and the things that the normal people's eye can't see. 
Ghost of your memories can be tricky, anyone can reminisce, and everyone has a memory. 
Face your fears! 
Welcome to reality! 
The novel, Ghost Of Your Memories is all about students who have different experiences, and perspectives in life. 
Different reasons, and different skills to handle the situation. 

",3,ct-v1-crime|crime|犯罪|crime ;; ct-v1-regret|regret|追悔|regret ;; ct-v1-tragic-ending|tragic-ending|悲剧结局|be
nrv_6197ffc1fa447a695a8f7b2e,"[""RAW_LANGUAGE_SCOPE_V1"",""[\""number\"",\""15\""]"",[""string"",""菲律宾语""]]",Wildest Dreams,"Independent woman at career-oriented si Evony Lorenzo, wala na siyang mahihiling pa bilang isang stable chef sa Black Sala na isang five star restaurant at nariyan ang nobyo niyang si Markian. Isa rin naman ang dalaga sa nangangarap ng perpektong kasal ngunit hindi niya pinangarap na magkaroon ng anak o maging ina dahil sa trauma ng kanyang nakaraan. 
Ngunit mapaglaro ang tadhana nang makilala niya ang estrangherong binata sa isang party sa bar nang dahil sa kalasingan, hindi na alam ni Evony ang nangyari nang magising siya katabi niya ang binata sa kama at parehas nakatago ang hubad nilang katawan sa iisang kama. Things worse nang malaman niyang ang naka-one night stand niya ay walang iba kundi ang boss at kaibigan ng nobyo niya, si Vito Ruiz.
Gusto niyang itago ang pagkakamali nang magbunga ang nangyari sa kanila sa isang gabi lang, nangyari ang kinatatakutan niya, but Vito is to the rescue para tumayong ama sa anak niya, papayag kaya siya lalo na’t may nobyo siya? O muling maglalaro ang mahika ng tadhana para magbago ang plano niya sa buhay sa pagpasok ni Vito?",1,ct-v1-chef|chef|厨师|chef
nrv_62301fad908c98bbaebcd9ef,"[""RAW_LANGUAGE_SCOPE_V1"",""[\""number\"",\""3\""]"",[""string"",""英语""]]",Pampered By The Rival Mafia Boss,"Ten years ago, I saved the life of New York’s most dangerous mob boss with a sewing kit. I gave Ethan Reed my youth, my loyalty, and my heart.

But the moment his ex-girlfriend Chloe returned, I became disposable.

It didn't matter that she had abandoned him. It didn't matter that she poisoned me, killing the unborn child Ethan didn't even know we had.

When Chloe needed a kidney transplant due to her drug abuse, Ethan didn't protect me. He strapped me to a gurney.

""It's just one kidney, Ava. You owe me.""

He harvested my organ to save the woman who murdered his heir. And when he was done, he decided I was a loose end.

He dragged me to the edge of a bridge in the pouring rain.

""This is how it ends,"" he said, his eyes devoid of love. ""A tragic suicide.""

He pushed me into the freezing water, watching me drown to secure his happy ending.

He thought I was dead. He thought the canary had sung its last song.

But he forgot one thing. I was the chemist who built his empire.

When his greatest rival pulled me out of the river, I didn't pray for salvation. I prayed for revenge.

Three months later, I walked into his charity gala on the arm of his enemy, wearing a white suit and a smile sharp enough to cut glass.

Ethan dropped to his knees when he saw me.

But I wasn't there to forgive him. I was there to burn his house down.",2,ct-v1-heir|heir|继承人|heir ;; ct-v1-happy-ending|happy-ending|圆满结局|He
nrv_64441782156f3915cdfa81f1,"[""RAW_LANGUAGE_SCOPE_V1"",""[\""number\"",\""19\""]"",[""null""]]",小女佣又美又飒，傅总他沦陷了,"【双洁，强取豪夺，疯批大佬x坚韧小白花/陨落的击剑天才】
一次意外，文雨宁落入了恶魔的手掌心，被迫和傅寒洲发生一夜情。
她不小心窥视到了魔鬼斯文表面下的真面目，只想离他远远的，可命运弄人，她成为了他的女佣。
文雨宁隐藏身份，却一次次和傅寒洲牵扯不断。
傅寒洲曾轻贱她，折辱她，最后为她臣服。
她没想到，有一天他也会心甘情愿地为她低头，用满是血污的手捧上她的脸，卑微求爱。
“就没有爱过我么，哪怕一点？”",3,ct-v1-hidden-identity|hidden-identity|隐藏身份|隐藏身份 ;; ct-v1-one-night-stand|one-night-stand|一夜情|一夜情 ;; ct-v1-genius|genius|天才|天才
nrv_6484f741667a1d91c2a02fae,"[""RAW_LANGUAGE_SCOPE_V1"",""[\""number\"",\""6\""]"",[""string"",""法语""]]",Cicatrices d'un lien brisé,"Il a fallu trois ans à Sabrina pour comprendre que son mari, Tyrone, n'avait pas de cœur. C'était l'homme le plus froid et le plus indifférent qu'elle ait jamais rencontré. Il ne la traitait jamais comme sa femme.

Pour ne rien arranger, le retour de la femme bien-aimée de ce dernier a apporté à Sabrina des papiers du divorce.

Le cœur de Sabrina s'est brisé. Espérant qu'il y avait encore une chance pour eux de faire fonctionner leur mariage, elle a demandé : « Petite question, Tyrone. Est-ce que tu divorcerais quand même si je te disais que je suis enceinte ? »

« Absolument ! », a-t-il répondu.

Comprenant qu'elle ne représentait rien pour lui, Sabrina a décidé de laisser tomber. Elle a signé l'accord de divorce alors qu'elle était allongée sur son lit de malade, le cœur brisé.

Étonnamment, ce n'était pas la fin pour le couple. C'est comme si les écailles tombaient des yeux de Tyrone après qu'elle ait signé l'accord de divorce. L'homme autrefois si insensible a rampé à son chevet et l'a suppliée : « Sabrina, j'ai fait une grosse erreur. S'il te plaît, ne divorce pas. Je promets de changer. »

Sabrina a souri faiblement, ne sachant que faire...",1,ct-v1-divorce|divorce|离婚|divorce
nrv_660937814ec9ebd2af605366,"[""RAW_LANGUAGE_SCOPE_V1"",""[\""number\"",\""3\""]"",[""string"",""英语""]]",The Detectives of Ywair: Shadows Rising,"The city's skyline is alive with ominous, swirling clouds. Way Zang, who was severely injured in an explosion during a drug bust years ago, awakens from a vegetative state. He finds that his teammates have long since perished, and the world sees him as a disgraced dead man. Determined to clear his name at any cost, his awakening coincides with a series of bizarre and high-profile crimes in Ywair City: a wealthy heir who freezes himself to death in a walk-in freezer, an assassin run over on the highway, a string of missing boys and girls over the years, and crime scenes hiding mysterious fingerprints... All clues point to some enigmatic substance.

Chiang Lee, the Deputy Commander of the Criminal Investigation Division in Ywair City Police Department, is the son of a tycoon. With a knack for witty banter and over a decade of police experience, Chiang has a keen eye and formidable skills. With the assistance of Way, who was once a renowned criminal investigation expert, Chiang gets closer to the lair of a major drug lord as they crack each case. Will Way succeed in avenging his fallen teammates and clear his name of the dark allegations? The story is packed with suspense, thrilling and tightly woven, with waves of climaxes. 
",3,ct-v1-crime|crime|犯罪|crime ;; ct-v1-assassin|assassin|刺客|assassin ;; ct-v1-criminal-investigation|criminal-investigation|刑事侦查|Criminal Investigation
nrv_669d90a83b80156c4b0351ac,"[""RAW_LANGUAGE_SCOPE_V1"",""[\""number\"",\""19\""]"",[""null""]]",医妃狠绝色,林墨染身为御医世家的第九代传人却不想被迫卷入了各方势力的争斗之中，并引发了与傀儡皇帝发生了一系列的爱恨情仇。,1,ct-v1-emperor|emperor|皇帝|皇帝
nrv_66a1257079fe08eb0cc628a5,"[""RAW_LANGUAGE_SCOPE_V1"",""[\""number\"",\""4\""]"",[""string"",""西语""]]",La Bailarina del Jefe,"Miro mis manos vacías, siento el veneno lento que me consume.

Era Sofía Romero, la bailarina que honraba a la tierra, la hija del líder respetado.

Ahora soy solo la esposa de Miguel Sandoval, ""El Jefe"", el hombre que masacró a mi familia.

Me casé para ""limpiar"" el nombre de los míos, para ""proteger"" a los que quedaban.

Pero la farsa se desvaneció.

Noche tras noche, con una sonrisa torcida, él celebraba su venganza.

""Mi cartel perdió a cien hombres por tu padre, Sofía, tu padre los entregó a las autoridades como si fueran ganado.""

Su aliento a tequila, su odio innegable, me consumían.

""Mi familia fue traicionada por la tuya. Así que te haré pagar. Haré de tu vida un infierno.""

Y lo cumplió.

El infierno alcanzó su punto más bajo cuando, con siete meses de embarazo, su otra mujer, Isabella, le susurró el veneno al oído.

""Esa niña que llevas dentro es una Romero, lleva la sangre de la traición, Miguel, será una amenaza para ti.""

Esa noche, Miguel me forzó a beber su droga abortiva.

El dolor fue indescriptible, pero el verdadero horror llegó cuando arrojó el cuerpo de mi hija sin vida a los perros.

Ese día, mi corazón se hizo añicos.

Conseguí veneno, decidida a terminar con mi existencia.

Diez días me daban de vida, pero antes de que pudiera irme en paz, Isabella, ""La Reina"", entró en mi habitación.

""Pobrecita Sofía,"" dijo con falsa piedad. ""Te ves terrible. Pero no te preocupes, yo cuidaré bien de Miguel. Alguien tiene que darle un heredero de verdad.""

Llevaba un vestido rojo y joyas que anunciaban su victoria.

""¿Sabes? Miguel me compró un collar nuevo anoche. De diamantes. Dijo que era para celebrar que nos libramos de... un problema.""

Sus palabras, crueles y calculadas, finalmente encendieron el fuego que creía extinto.

La rabia, pura y salvaje, me impulsó a abofetearla con todas mis fuerzas.

¿Creíste que Sofía Romero se rendiría sin luchar, incluso en la muerte?

Lo que Miguel no sabía es que mi venganza, mi verdadero infierno, apenas estaba por comenzar.",1,ct-v1-horror|horror|恐怖|horror
nrv_66fdcfac7505e1caeb1814a0,"[""RAW_LANGUAGE_SCOPE_V1"",""[\""number\"",\""3\""]"",[""string"",""英语""]]",Feral Desires(MxM),"WARNING
This book contains mature scenes, explicit content, and potentially triggering themes. It is rated 18+ and is not suitable for readers under the age of 18. Reader discretion is advised.




Claude Adams never wanted a mate-especially not her.

As the Beta and son to the Alpha of the Rising Moon Pack, he knows fate isn't something to fight. But when he meets the she-wolf destined to be his, the bond feels all wrong. Suffocating. A trap he can't escape.

So when a cryptic message meant for a human draws him onto a luxury cruise liner, he takes it as the perfect excuse to run. What he doesn't expect is Nikolai Vladimirovich-a ruthless Russian Mafia boss with a dangerous aura and a stare that strips Claude down to something raw.

What starts as a reckless, meaningless fling turns into something neither of them can walk away from. But Claude isn't human. He was never meant to belong to Nikolai. And when the truth comes out, there will be no mercy.

Because Nikolai doesn't share. And fate? It doesn't make mistakes.
",3,ct-v1-mafia|mafia|黑帮|Mafia ;; ct-v1-tragic-ending|tragic-ending|悲剧结局|be ;; ct-v1-happy-ending|happy-ending|圆满结局|he
nrv_67fcc626fe2308866a0e622c,"[""RAW_LANGUAGE_SCOPE_V1"",""[\""number\"",\""3\""]"",[""string"",""英语""]]",The Wizard's Son,"The Methvens occupied a little house in the outskirts of a little town where there was not very much going on of any description, and still less which they could take any share in, being, as they were, poor and unable to make any effective response to the civilities shown to them. The family consisted of three persons&mdash;the mother, who was a widow with one son; the son himself, who was a young man of three or four and twenty; and a distant cousin of Mrs. Methven&rsquo;s, who lived with her, having no other home. It was not a very happy household. The mother had a limited income and an anxious temper; the son a somewhat volatile and indolent disposition, and no ambition at all as to his future, nor anxiety as to what was going to happen to him in life.",1,ct-v1-family|family|家庭|family
nrv_685383f923f8e0ed68112b48,"[""RAW_LANGUAGE_SCOPE_V1"",""[\""number\"",\""19\""]"",[""null""]]",女配有喜：皇叔喜当爹,"穿越成恶毒女配的白玥瑶，头等大事就是拒领重生回来的女主递过来的盒饭！你重生，我穿越，谁还不是头顶光环的小姐姐？划重点，敲黑板，言情标配的王爷男主是我娃的爹！
　　穿越女配有点惨，
　　花样盒饭全新款。
　　拐个男主喜当爹，
　　打怪带飞道晚安！",3,ct-v1-rebirth|rebirth|重生|重生 ;; ct-v1-romance|romance|言情|言情 ;; ct-v1-time-travel|time-travel|穿越|穿越
nrv_6a44248969222535d8dbe0df,"[""RAW_LANGUAGE_SCOPE_V1"",""[\""number\"",\""14\""]"",[""string"",""韩语""]]",잿더미에서: 두 번째 기회,"나는 약혼자 강도윤을 어린 시절부터 사랑했다. 우리의 결혼은 두 가문의 제국을 하나로 합치는 완벽한 증표가 될 예정이었다.

지난 생에서, 그는 불타는 내 작업실 밖에서 이복동생 윤주아와 함께 서서 내가 죽어가는 것을 지켜봤다.

나는 연기에 질식하고 살갗이 타들어 가는 고통 속에서 그를 향해 절규했다. ""도윤 오빠, 제발! 나 좀 구해줘!""

주아는 거짓 공포에 질린 얼굴로 그의 팔에 매달렸다. ""너무 위험해! 오빠가 다쳐! 어서 가야 해!""

그리고 그는 그 말을 들었다. 그는 마지막으로 나를 돌아봤다. 그의 눈에 서린 연민은 그 어떤 불길보다도 나를 아프게 했다. 그는 몸을 돌려 달아났고, 나를 불길 속에 버려두었다.

나는 죽는 순간까지도 이해할 수 없었다. 항상 나를 지켜주겠다고 약속했던 소년이 내가 불타 죽는 것을 그저 지켜보기만 했다. 내 조건 없는 사랑은 그가 내 동생과 함께하기 위해 치러야 할 대가였을 뿐이다.

다시 눈을 떴을 때, 나는 내 침실에 돌아와 있었다. 한 시간 뒤, 가족 이사회에 참석해야 했다. 이번 생에서 나는 곧장 회의장 상석으로 걸어가 말했다. ""파혼하겠습니다.""",1,ct-v1-horror|horror|恐怖|공포
nrv_6ba9fbc40657f50863f32bba,"[""RAW_LANGUAGE_SCOPE_V1"",""[\""number\"",\""20\""]"",[""null""]]",妃池中物：溺愛修羅帝王,"七星輪轉，淨世預言。
她是上古易術家族的正統後裔，精通易經八卦奇門遁甲。
一朝穿越，她成為淩府最不受寵的落魄小姐，卻在一眾欺淩中脫穎而出，成為千影大陸上第一個女將軍。
水鏡漣漪，魔君現世。
他是天外天上最冷酷殘暴的修羅魔君，橫掃九功能變數名稱揚沙場。
一夕背叛，他成為下界最落魄的折翼囚徒，卻披荊斬棘捲土重來，再返故地成為天外至尊。
初次見面，他身陷囹圄，她斬斷枷鎖放他自由，他卻反咬一口殺人滅口。
經年之後，她兵臨城下，他打開城門以命相迎，她卻策馬轉身瀟灑遠走。
她以奇門遁甲撥開雲霧，於亂世之中破開陰霾。
他以絲絲情網步步為營，於天穹之外畫地為牢。
面對冷酷魔君的霸道鎖縛，她幽幽長歎：你我生不逢時，緣起緣落不過是一場鏡花水月。我們還是分手……
修羅王冷眼一瞥：跑路斷腿，翻牆剁手。
巾幗女將軍掩面一跪：媽的，該慫就慫，老子說不走就不走。",2,ct-v1-betrayal|betrayal|背叛|背叛 ;; ct-v1-time-travel|time-travel|穿越|穿越
nrv_6c2b9aec04a27b5dbbc533bd,"[""RAW_LANGUAGE_SCOPE_V1"",""[\""number\"",\""19\""]"",[""null""]]",不要睡我的床,为了赚外块，找了个酒店试睡员的兼职，不曾想因为接了个奇怪的试睡单子，从此后陷入一件件恐怖离奇的怪事当中。身上逐渐扩大的尸斑，纠缠不清的问歌人，装在坛子里的脑袋，穿纸衣的午夜出租车司机……为了活下去，我不得不出入一个个阴森恐怖的死亡地带。【更新方式：暂定每日三更，每天上午更新！！快来看哟！】新建的书友群，欢迎大家加入：491570656,1,ct-v1-horror|horror|恐怖|恐怖
nrv_6cfc7cbcdd4ec99f4c24f209,"[""RAW_LANGUAGE_SCOPE_V1"",""[\""number\"",\""3\""]"",[""string"",""英语""]]",Camp-fire and Wigwam,"Classic adventure novel. According to Wikipedia: ""Edward Sylvester Ellis (April 11, 1840 &#8211; June 20, 1916) was an American author who was born in Ohio and died at Cliff Island, Maine. Ellis was a teacher, school administrator, and journalist, but his most notable work was that that he performed as author of hundreds of dime novels that he produced under his name and a number of noms de plume. Notable works by Ellis include The Huge Hunter, or the Steam Man of the Prairies and Seth Jones, or the Captives of the Frontier. Internationally, Edward S. Ellis is probably best known for his Deerhunter novels widely read by young boys up to the 1950s (together with works by James Fenimore Cooper and Karl May). In the mid-1880s, after a fiction-writing career of some thirty years, Ellis eventually turned his pen to more serious works of biography, history, and persuasive writing.""",2,ct-v1-adventure|adventure|冒险|adventure ;; ct-v1-happy-ending|happy-ending|圆满结局|he
nrv_6d422ce9beb2bd663c558d1a,"[""RAW_LANGUAGE_SCOPE_V1"",""[\""number\"",\""19\""]"",[""null""]]",步步婚宠 总裁的蜜制爱人,他是B市楚氏之后，她是宋家不被重视的女儿，年纪轻轻便嫁给了他。结婚两年，她在这场如坟墓的婚姻里痛苦挣扎，他却从来没有正眼看过她一眼。她以为他误会了她什么，直到那个女人回来，他抱着那个女人怒斥她的狠毒——“宋淼，你曾害死了我们的孩子，这两年都是你该得到的惩罚！”————一场阴谋，他将她推入了另一个男人的怀里。那个男人，不仅是霍氏的继承人，更是B市翻手为云覆手为雨的男人。他说：“我不养情人不养小蜜，不会跟别的女人聊天。”他一步一步强势的进入她的生活，更强势的进入她的心。当她终于明白了什么，才发现他早已在她的生活中布下情网，再也无法自拔。,2,ct-v1-misunderstanding|misunderstanding|误会|误会 ;; ct-v1-heir|heir|继承人|继承人
nrv_6d7c04ee054e0c6e4a224add,"[""RAW_LANGUAGE_SCOPE_V1"",""[\""number\"",\""3\""]"",[""string"",""英语""]]",The Savior They Scorned,"After three grueling years fighting the Crimson Flu, using my own blood to create the vaccine that saved millions, I was finally home.

Dr. Peterson from HHS was with me, ready to present my Presidential Medal of Freedom.

All I wanted was to hold my wife, Sarah, and tell her the nightmare was over.

But as I stepped out of the car, Sarah stood on the porch, her eyes wide with terror, not joy.

Then my brother Mark emerged, cradling a hunting rifle, my parents cowering behind him.

""You're infected!"" my father yelled. ""Stay back!""

Before I could protest my immunity, my gaze fixed on Sarah' s visibly round stomach.

Three years gone. It wasn' t my child.

Mark smirked, ""It' s mine.""

The world imploded. My own family, the people I fought and bled for, now saw me as a plague.

They gave me two options: banishment to a brutal wilderness or slow death in a rat-infested jail.

Mark, fueled by malice, sedated me, framed me as an aggressive superspreader, and convinced the entire town to burn me alive.

The acrid smell of kerosene mingled with my profound shock and disbelief.

How could they be so blind, so callous? So easily manipulated?

My sacrifice, my heroism, meant nothing.

Just as Mark raised a lit torch, sirens screamed.

Dr. Peterson, bewildered, stepped out of a government SUV, holding a gleaming medal.

""This,"" he boomed, ""is for Alex Miller. His unique antibodies saved millions!""

The mob froze. Mark, in a fit of rage, accidentally shattered a vial of aggressive live virus, splattering himself, my parents, and Sarah.

As they began to sicken, I pulled out my phone, playing Mark' s own self-righteous words back to him.

""You have a choice, Mark. The ranger station, or the jail. For the good of the community.""

I walked away. I didn't look back.

My family reaped what they sowed.

My true purpose, my freedom, lay beyond this hateful town.",3,ct-v1-family|family|家庭|family ;; ct-v1-tragic-ending|tragic-ending|悲剧结局|be ;; ct-v1-happy-ending|happy-ending|圆满结局|he
nrv_6f3a93ab1c25a47d6831a8f8,"[""RAW_LANGUAGE_SCOPE_V1"",""[\""number\"",\""3\""]"",[""string"",""英语""]]",Woke Up Screaming: A Second Chance,"We woke up screaming. 

The cloying scent of lilies, the vivid, horrifying memories-Jessica. My older sister, a syringe in her hand, her eyes bright with a chilling mania, her obsession with ""dark romance"" novels, her fixation on tech mogul Damian Blackwood. We died once because of her twisted fantasy; we were just collateral damage.

Now, we were back-my parents and I-with the chilling knowledge of our past. Then the phone rang. It was her. She' d damaged Damian Blackwood' s drone again, trying her pathetic ""meet-cute."" Just like before.

My parents, once her enablers, now had pale faces and rock-hard eyes. 

This time, we wouldn't bail her out. This time, she would face the consequences alone. 

But Jessica' s delusion only festered. Arrests, lawsuits, public humiliations-she embraced them as ""tests."" She stalked him, got fired, and finally, drugged him. I watched, sickened, as she spiraled deeper into her twisted script, even after being assaulted.

Her unshakeable belief that Damian was ""testing"" her, even as she was thrown out like trash, was maddening. How could someone be so utterly lost in a fantasy, even when faced with stark, brutal reality? What happened to the caring sister I once knew?

This reawakening wasn't just about surviving. It was about breaking the cycle. This time, the monster wouldn' t win. I would dismantle the very source of her misguided obsession, Damian Blackwood himself, armed with the terrifying knowledge of his true nature from a life we already lost.",3,ct-v1-fantasy|fantasy|奇幻|fantasy ;; ct-v1-tragic-ending|tragic-ending|悲剧结局|be ;; ct-v1-romance|romance|言情|romance
nrv_6f5476ff8f50b7cbe34ec52d,"[""RAW_LANGUAGE_SCOPE_V1"",""[\""number\"",\""22\""]"",[""string"",""土耳其语""]]",Lycan Kralı’nın Terk Edilmiş Eşi,"Pack'i kurtarmak için, kaderimdeki eşim Alfa, bedenimdeki kurdu kendi elleriyle feda etti.

Beni Luna ilan edeceğine söz vermişti, ama ihtiyarlar heyeti benim lanet olduğumu söylediğinde, sadece şu cümleyi söyledi:

""Kurallara göre hareket edin.""

Bir savaş ganimeti olarak Kuzey Diyarı’nın en acımasız Lycan Kralı’na sunuldum.

Dolunay gecesinde o bir canavara dönüştü; gücü kontrolden çıktı.

Herkes ondan kaçarken, sadece ben ona karşı yürüdüm, adım adım yaklaştım.

Herkes nasıl öleceğimi görmek için bekliyordu.

Ama ona dokunduğum anda, gümüş rengi bir ışık patladı.

Kontrolsüzlük yatışmaya başladı ve kadim bir kan bağı yeniden uyandı.",1,ct-v1-werewolf-luna|werewolf-luna|Luna（狼人女首领）|Luna
nrv_6fbb4c101f69fd813e1d412d,"[""RAW_LANGUAGE_SCOPE_V1"",""[\""number\"",\""6\""]"",[""string"",""法语""]]","C'était trop tard, je regrette","Chômage , l'impatience, secte, sacrifice humain, Richesse, Regret, Pardon, mort ,Dieu, Résurrection ... seront les parcours de John dans cette Histoire. 

En effet John est un homme de 37 ans marié à Rose. Pour plusieurs raisons John sera entraîné par son ami Abel , dans une secte jusqu'au moment où il voudra ressortir après une condition qu'il refusera d'honorer. John réussira t-il à sortir vivant de ce combat ?? Ou bien il perdra ça vie ??

A SUIVRE....
.
",1,ct-v1-regret|regret|追悔|Regret
nrv_70ee95109548b17cd79b36f3,"[""RAW_LANGUAGE_SCOPE_V1"",""[\""number\"",\""3\""]"",[""string"",""英语""]]",The omega who stole the alpha's power ,"Ivy Vale is a low-ranking omega who has spent her entire life enduring humiliation, rejection, and silence. When fate reveals Alpha King Rowan Blackwood as her destined mate, Ivy dares to hope for a future beyond survival.
That hope is brutally destroyed during the public mating ceremony, where Rowan coldly rejects her before the entire pack, choosing another woman as his future Luna.
But the severing of their bond awakens something ancient within Ivy.
In seconds, Rowan loses his Alpha dominance, collapsing before his people, while Ivy absorbs his authority, becoming the most powerful werewolf alive.
As chaos erupts across the territories, Ivy learns her omega identity was a lie. Her bloodline descends from the Primordial Alpha Wolf  the first ruler of all werewolves. Her power threatens to rewrite pack hierarchy and destroy centuries of tradition.
Forced into close proximity with the man who betrayed her, Ivy must navigate political conspiracies, assassination attempts, and growing emotional turmoil as Rowan struggles to regain his honor, protect her life, and earn forgiveness.
Enemies rise, wars ignite, and ancient secrets unravel, revealing that Ivy's destiny is far greater than being a mate  she is meant to rule.
Torn between vengeance and love, Ivy must decide whether to claim her throne alone or risk her heart one final time for the man who once shattered it.
",2,ct-v1-werewolf-luna|werewolf-luna|Luna（狼人女首领）|Luna ;; ct-v1-werewolf|werewolf|狼人|werewolf
nrv_71cbfd56fb031ef33f97c728,"[""RAW_LANGUAGE_SCOPE_V1"",""[\""number\"",\""19\""]"",[""null""]]",掘墓人,"我本是一个普通的学生，庸碌的生活在自己的世界。然而，平凡和伟大的距离到底有多大？
一天，一只帅惨的男鬼问我：你愿意嫁给我，成为一个真正的掘墓人，纵横人间道吗？
我弱弱问：能不能只愿意后者？！
于是我的生活完全变了.
我是掘墓人——叶锦，我久不在江湖，江湖上到处都是我的传说..........",1,ct-v1-student|student|学生|学生
nrv_721ea7e64ed07522df25b6d9,"[""RAW_LANGUAGE_SCOPE_V1"",""[\""number\"",\""6\""]"",[""string"",""法语""]]",Mienne ,"« Tu n'appartiens qu'à moi », grogne-t-il. Je le regarde, effrayée. Ses yeux sont devenus noirs, avec une lueur dorée. Il me plaque contre le mur et commence à m'embrasser dans le cou. « Je sens son odeur sur toi », gronde-t-il. Je suis sous le choc et je ne sais pas quoi dire. « Mais... ».
-----------------------------------------------------------------------------------------------

Olivia ne sait pas à quoi s'attendre lorsqu'un jeune Alpha de la meute la plus puissante vient rendre visite à sa petite ville. Surtout quand il finit par s'installer dans la même maison qu'elle et enseigner dans son lycée. Pourquoi a-t-elle dû le rencontrer alors qu'elle était avec un autre garçon ? Le garçon pour lequel elle avait vraiment le béguin. Cet Alpha est très possessif et sexy, mais il peut parfois être agaçant. Va-t-elle finalement le choisir ? 

Ryder Lupei est un adolescent insouciant qui se trouve être l'Alpha de la meute la plus puissante qui soit : la meute de Moon Crest. Son père l'envoie aux États-Unis pour retrouver un vieil ami. Ce qu'il ne savait pas, c'est qu'il allait rencontrer l'âme sœur qu'il n'avait jamais vraiment souhaitée. Il vit avec elle et lui donne des cours. Elle est pleine de surprises et lui fait toujours des choses inattendues. Il l'aime. Avec un autre garçon qui tente de capter son attention, parviendra-t-il un jour à la conquérir ?",1,ct-v1-werewolf-alpha|werewolf-alpha|Alpha（狼人首领）|Alpha
nrv_73a33c197958f6ea2d601858,"[""RAW_LANGUAGE_SCOPE_V1"",""[\""number\"",\""20\""]"",[""null""]]",醜妃逆襲：戰神王爺寵瘋了,"古藥世家傳人楚晚妤，一手醫術活死人肉白骨，敢從閻王手裡搶命；一粒丹藥萬人相求，可治天下百病！
沒想到一朝穿越，竟成了遠近聞名的第一醜女，還生撲了威震天下的戰神王爺。
天崩開局？沒事！
且看她如何逆風翻盤！
搶婚？她讓繼妹當眾摔個狗吃屎，奪回嫁妝鎖死這對狗男女！
懦弱？她手撕渣爹，腳踩毒婦，把綠茶白蓮花按在地上摩擦！
貌醜？她醫好臉上毒斑，改頭換面成了驚豔四座的絕世美人！
昔日相府醜女一路逆襲，成了眾人高攀不起的存在。
就連某人也對自家王妃動了心，鐵血戰王秒變寵妻狂魔。
寶寶殺人他遞刀，寶寶一笑他折腰，寶寶……可惜寶寶心裡沒有他。
楚晚妤：“滾！和離！男人只會影響姐搞事業的速度。”
蕭離鏡委屈：“不行！第一次給了你，你必須對本王負責！！”",1,ct-v1-time-travel|time-travel|穿越|穿越
nrv_74b1742818d9b6818e635f44,"[""RAW_LANGUAGE_SCOPE_V1"",""[\""number\"",\""20\""]"",[""null""]]",滿門忠烈，開局被皇後欽點駙馬,"秦無憂穿越大周，成了秦家僅剩的男丁。
本想憑借着自己的本事重振秦家，讓家裏的兩個嫂子過上好日子，可誰曾想卻被皇後欽點成了長寧公主的駙馬。
聽說長寧公主體弱多病，醜陋無比，這可怎麼辦才好？",2,ct-v1-princess|princess|公主|公主 ;; ct-v1-time-travel|time-travel|穿越|穿越
nrv_76ee85a715e26f9e954f5e4c,"[""RAW_LANGUAGE_SCOPE_V1"",""[\""number\"",\""3\""]"",[""string"",""英语""]]",The Genius Heiress They Tried To Break,"I stood outside the Genovese estate in the freezing rain for two hours, waiting for the man I loved to let me in.

I was Elena Russo, the brilliant forensic accountant who had just laundered forty million dollars for the family. I was the adopted daughter, the fixer, and the fiancée of the Underboss, Luca.

But the moment Sofia, the ""real"" daughter, returned, I became nothing but a placeholder.

Luca looked me in the eye, swirling his scotch, and delivered the blow.

""I need you to hand your work over to Sofia. She needs the prestige to be accepted by the Commission.""

He demanded I give up my life’s work—a complex laundering algorithm—so his new favorite could take the credit.

When I refused, the humiliation began.

Sofia faked a fall into the pool, and my adoptive father kicked me into the deep end to ""teach me a lesson.""

I nearly drowned.

Luca didn't save me. He handed me a diving mask and told me to find Sofia's lost ring at the bottom of the freezing pool before I was allowed to warm up.

They stole my code. They ruined my reputation at the university. They slapped me in front of the press.

They thought I was a stray dog with nowhere to go.

They were wrong.

Lying in the hospital bed, I dialed a number I had memorized years ago.

""This is Asset 724,"" I whispered. ""I'm ready to come home.""

The next day, the Russo empire began to crumble.

And when a convoy of black SUVs arrived to collect me, Luca finally realized his mistake.

My real father wasn't a nobody.

He was Don Moretti, the King of the West Coast.

And he was here to burn their world to ash.",2,ct-v1-family|family|家庭|family ;; ct-v1-happy-ending|happy-ending|圆满结局|He
nrv_773fd1d2a518b5d9ea5a6520,"[""RAW_LANGUAGE_SCOPE_V1"",""[\""number\"",\""11\""]"",[""string"",""印尼""]]",OBSESI DAN KEINGINAN ,"Andy Alf, seorang CEO profesional miliarder berusia dua puluh enam tahun dari perusahaan ekspor terbesar di kota itu, terobsesi dengan ketertiban, organisasi, disiplin, kebersihan, dan banyak lagi, terkenal di masyarakat kelas atas karena cara dia menjalankan bisnisnya dan membuat keputusan yang baik. Camille, seorang gadis berusia dua puluh lima tahun yang rendah hati, lulus dari fakultas psikologi sebuah universitas kecil, berhasil mendapatkan pekerjaan di luar kampung halamannya di perusahaan Andy, untuk menempati posisi di bidang sumber daya manusia, ia menerimanya jauh dari rumah, karena bayarannya cukup mencolok dan ibunya sekarang membutuhkan perawatan kanker.  Beberapa hari setelah bekerja di perusahaan ALF, dia bertemu Andy, bos langsungnya, yang, terlepas dari kenyataan bahwa dia akan menikahi salah satu wanita paling cantik di dunia, menjadi terobsesi dengan gadis itu, membawanya ke titik melakukan kegilaan dan penganiayaan, ketika dia akhirnya berhasil menjalin hubungan dengannya.  itu menjadi pacaran beracun yang penuh dengan keterikatan sentimental, mencapai titik mempertanyakan kewarasan mereka berdua, bisakah Andy dan Camille bersama meskipun ada masalah? Seribu perpisahan dalam hubungan yang sama, satu akhir. ",1,ct-v1-wealthy-ceo|wealthy-ceo|豪门总裁|CEO
nrv_780b96af0c9eab5475767a87,"[""RAW_LANGUAGE_SCOPE_V1"",""[\""number\"",\""3\""]"",[""string"",""英语""]]",The Ageless Pact: A Twin's Adventure,"In the mystical realm of Eldoria, twins Arianna and Tristan find themselves thrust into a perilous adventure that will test their courage, unravel secrets, and challenge their very identities. When their peaceful lives are shattered by an unexpected invasion, the twins must flee their castle home, pursued by mysterious assailants.

Guided by the enigmatic Alaric, a seasoned adventurer with a shadowy past, the group embarks on a treacherous journey through untamed lands, where danger lurks at every turn. As they traverse the ancient landscapes, they uncover a web of deception, betrayal, and political intrigue that threatens the very core of Eldoria.

Within their midst, an alluring attraction blossoms between Arianna and Alaric, but an age gap creates an additional layer of complexity, fueling conflicting emotions within their group. The twins' extraordinary powers, combined with Alaric's rugged charm, become their only weapons as they face enemies both seen and unseen.

Time is of the essence as the group races against sinister forces seeking to overthrow the kingdom's rightful ruler. As they navigate a maze of treachery and schemes, the siblings must question the loyalty of those around them, never knowing who to trust. Can they untangle the threads of deceit and betrayal before it's too late?

""The Ageless Pact: A Twin's Adventure"" is an enthralling medieval tale of twins on a quest for truth, where their bond is tested in the face of perilous adversaries. Suspense and adventure intertwine with the allure of an attractive and enigmatic character, weaving a spellbinding narrative that will leave readers captivated until the very last page.",2,ct-v1-betrayal|betrayal|背叛|betrayal ;; ct-v1-age-gap-romance|age-gap-romance|年龄差恋爱|age gap
nrv_7822d49554c0535e1cfe2c15,"[""RAW_LANGUAGE_SCOPE_V1"",""[\""number\"",\""3\""]"",[""string"",""英语""]]",Rise of the mafia queen,"VannaRae is a smart young lady working as a librarian in the city of Nettuno.
She gets kidnapped by some men who work for a mafia boss called Andrei Ciobani and is threatened and forced into marriage with Andrei to repay her family's betrayal towards him.
After their marriage, Andrei treats VannaRae like she's not worthy of his time leaving her feeling depressed and desperate for escape till the day his mother comes for a surprise visit after the wedding but finds a huge tension between them, unaware of the circumstances leading to their marriage.
Andrei's mother then devises a plan to bring them closer together in the meantime Andrei discovers that someone is planning a sneak attack against him and his family in the shadows.
Read to find out how Andrei's mother helps them get closer and who is behind the attack on Andrei and his family.
",2,ct-v1-betrayal|betrayal|背叛|betrayal ;; ct-v1-family|family|家庭|family
nrv_78448d32eae3d595e7fc168f,"[""RAW_LANGUAGE_SCOPE_V1"",""[\""number\"",\""20\""]"",[""null""]]",鳳上雲霄：絕寵廢材妻 ,"她本是二十一世紀叱吒風雲的雇傭兵暗夜之首，一朝身死穿越變成世人都嘲笑的溫家廢物二小姐，家族遺棄，胞姐欺辱，最後成為一場驚天陰謀的炮灰！

    再次醒來，寒眸乍現，鋒芒畢露！

    鬥胞姐，查陰謀，奪宗試，闖秘境！五系廢材不能修煉？五行入體另闢蹊徑！太白無極，黑白兩色，一顆玉子翻天地！我命由我不由天！

    當傲嬌淡定女王遇上腹黑冷酷相公，看她怎樣鳳霸天下獨得這傲世絕寵",1,ct-v1-time-travel|time-travel|穿越|穿越
nrv_78f7fa0c6a69b8572c8bab2d,"[""RAW_LANGUAGE_SCOPE_V1"",""[\""number\"",\""14\""]"",[""string"",""韩语""]]",그의 원치 않는 짝과 그녀의 금지된 마법,"5년간 나는 알파의 반려였지만, 내 남편 강태준은 다른 여자에게만 애정을 쏟아부었다.

성대한 팩의 연회가 열리던 날, 우리 위로 거대한 크리스탈 샹들리에가 천장에서 떨어져 내리면서 위태롭던 가면극은 산산조각 났다.

그 끔찍한 찰나의 순간, 태준은 선택을 내렸다.

그는 나를 난폭하게 밀쳐냈다. 안전한 곳이 아닌, 사방으로 튀는 파편 더미 속으로. 그는 자신의 몸을 방패로 삼았지만, 그 대상은 오직 그의 정부인 유채리뿐이었다.

내가 눈을 뜬 곳은 의무실이었다. 몸은 만신창이가 되었고, 내 안의 늑대와의 연결은 평생 회복할 수 없을 정도로 망가졌다. 마침내 그가 찾아왔을 때, 그의 얼굴엔 일말의 죄책감도 없었다. 그는 내 침대 곁에 서서 가장 잔혹한 배신을 행했다. 신성한 반려의 연을 무참히 끊어내는 ‘관계 단절 의식’을.

영혼이 찢겨 나가는 고통에 심장이 멎었다.

요란하게 울리던 심박 측정기가 길고 단조로운 소리를 내는 순간, 팩의 주치의가 공포에 질린 얼굴로 뛰어 들어왔다. 그는 싸늘하게 식어가는 내 모습과 태준의 냉혹한 얼굴을 번갈아 보았다.

“대체 무슨 짓을 한 겁니까?” 그가 절규했다. “달의 여신이시여, 사모님께선… 알파의 후계자를 임신하셨습니다!”",1,ct-v1-horror|horror|恐怖|공포
nrv_798687a165b85bb40340f391,"[""RAW_LANGUAGE_SCOPE_V1"",""[\""number\"",\""3\""]"",[""string"",""英语""]]",Trapped: Bloody Rose,"""Do you feel that, Rose?"" He asked in a gruff tone. ""The effect I have on you is real. Don't deny it. Don't deny me.""
Rose's cheeks burn with shame, even though she pushed her bosom more into his hand, seeking the pleasure she knew he could give her.

Then, she recalled that they were in a restaurant, and stilled at once, eyes wide, heart thudding wildly, and breathless.
""We're in a bar,"" she told him, her protest sounding weak even to her own ears.
""A desert one,"" he chuckled.

She turned around, and saw that the restaurant was indeed vacant, save for them, and Enzo and Stefan who were standing by the door, their backs to them. It was rush hour, and that couldn't have happened, even if the food was terrible - and it wasn't.
She understood immediately that the divillish man sitting next to her, who starred in all her fantasies as of late, had ensured that they would have the privacy they needed.
For a ruthless mafia boss, he sure could be considerate.

... ... ... ... 

When Rose meets a mafia boss on one of her night shifts, she thinks he is a peculiar and unpleasant patient whom she would do well to avoid... Little does she know that that encounter is but the beginning to a tumultuous passionate chapter of her life. 
Risking everything for the man shouldn't be an option... And yet, she soon finds herself caught in his web of sin, desire, and obsession.",3,ct-v1-mafia|mafia|黑帮|mafia ;; ct-v1-tragic-ending|tragic-ending|悲剧结局|be ;; ct-v1-happy-ending|happy-ending|圆满结局|He
nrv_79b79c1937907a8b75e42ea8,"[""RAW_LANGUAGE_SCOPE_V1"",""[\""number\"",\""20\""]"",[""null""]]",醫妃難逑：陛下請自重,"起初，皇帝周正看不上袁如意：此女出身市井，一身江湖氣！
後來，袁如意每天都在啪啪打他的臉。
老娘不但長得美，還有一身好醫術，順便也賣得了萌，掐得了架，裝得了無辜，演得了白蓮！
最後，周正捂著腫的老高的半邊臉，開始了一代帝王的作死追妻路。",1,ct-v1-emperor|emperor|皇帝|皇帝
nrv_7c9c47364b51ba7a9699a144,"[""RAW_LANGUAGE_SCOPE_V1"",""[\""number\"",\""19\""]"",[""null""]]",哟西，不许玩亲亲,"一个活泼开朗的女生，遇到冷漠无情的男人，为了一场友情，为了一场游戏，他们走到了一起。
   绝版帅哥，有着整个校园的绝版迷。
   一场计谋，一场误会。一场失散，让他们的感情越来越远。
   三个男人，一个女人。从不爱到爱，从过去到现在。
   守护，同情，自残。他一直都是这么的温柔。
   三年前依旧如此，三年后依旧无法改变。
   这是事实，无法改变的事实！一场爱到死的事实。",2,ct-v1-campus|campus|校园|校园 ;; ct-v1-misunderstanding|misunderstanding|误会|误会
nrv_7cb8b6e53aa584fc2c892a20,"[""RAW_LANGUAGE_SCOPE_V1"",""[\""number\"",\""16\""]"",[""string"",""德语""]]","Verheiratet mit meinem Boss, dem Undercover-Milliardär","Meine Schwägerin wollte mich für eine Vermittlungsgebühr an einen brutalen Straßenschläger verkaufen.

Um diesem Albtraum zu entkommen, griff ich mir vor der City Hall einen wildfremden Mann und heiratete ihn auf der Stelle.

Ich dachte, es wäre nur ein Stück Papier zu meinem Schutz, aber als meine Familie davon erfuhr, warfen sie mich ohne einen Cent auf die Straße.

Mein neuer Ehemann, Drake, war ein pleitegegangener Uber-Fahrer, der gerade gesperrt worden war und ein verrostetes Auto fuhr.

Wir zogen in eine schimmelige, heruntergekommene Einzimmerwohnung in Brooklyn, und meine Schwägerin spuckte mir voller Verachtung vor die Füße.

„Du dumme Schlampe! Du hast dein Leben für einen bankrotten Verlierer weggeworfen!“

Wir hatten kaum Geld für Essen, und als der Schläger mich wenig später in einem Restaurant bedrängte, dachte ich, wir wären endgültig geliefert.

Doch das, was dann passierte, ließ mich völlig fassungslos und verwirrt zurück.

Mein „erbärmlicher“ Ehemann brach dem massiven Schläger in nur fünf Sekunden mit dem eiskalten Blick eines Killers das Handgelenk.

Und als sein angeblich obdachloser, bettelarmer Großvater plötzlich vor unserer Tür saß, drückte er mir beiläufig ein unbezahlbares, handgeschnitztes Silberwappen als Hochzeitsgeschenk in die Hand.

Wer genau war dieser Mann, der nachts auf meinem harten Fußboden schlief?

Ich dachte, wir wären nur zwei verzweifelte Seelen, die am absoluten Tiefpunkt der Gesellschaft ums Überleben kämpften.

Ich ahnte nicht, dass mein angeblich wertloser Ehemann in Wahrheit der skrupellose Milliardär und CEO der Wall-Street-Macht Moran Group war – und dass sein Rachefeldzug gegen alle, die mich gequält hatten, gerade erst begann.",1,ct-v1-wealthy-ceo|wealthy-ceo|豪门总裁|CEO
nrv_7d012ca169738e6b31ff4048,"[""RAW_LANGUAGE_SCOPE_V1"",""[\""number\"",\""20\""]"",[""null""]]",本王不是妻奴,"    東秦北子靖手握重兵，是個直男癌晚期患者。



    “沈若溪，女人就應該乖乖待在後院，本王受傷了你給本王包紮，本王中毒了你給本王解毒，舞弄權勢非女子所為。”



    說著便默默把自己兩軍兵符、王府大權都給了她。王府侍衛們無語擦汗



    “沈若溪，女人應該上得廳堂下得廚房，你以後要多在廚藝上下功夫。”



    廚房裡的大媽望著剛被王爺剝完的蝦殼無語凝噎。



    “沈若溪，女人就該以男人為尊。男人說一女人不能說二，你既然嫁給了本王，便什麼都得聽本王的。”



    看著面前一本正經跪在搓衣板上的某人，沈若溪：“你說的很有道理，獎勵你多跪半個時辰。”",1,ct-v1-kung-fu|kung-fu|功夫|功夫
nrv_7d28926959fc0562bbccdc73,"[""RAW_LANGUAGE_SCOPE_V1"",""[\""number\"",\""6\""]"",[""string"",""法语""]]",LA PRINCESSE HUMAINE,"Luna humaine ""Espèce de salope stupide !"" hurla la rousse en se tournant vers moi. Son verre s'est renversé sur elle.

""Je suis désolée, je n'ai pas fait exprès. J'ai dit que je reculais. Alors que je reculais, j'ai été arrêtée par un mur.

La fille s'est approchée de moi, la main prête à frapper.

J'ai fermé les yeux, prête à l'impact, mais il n'est jamais venu.

J'ai ouvert les yeux pour voir pourquoi elle ne m'avait pas frappé, et j'ai vu une grande silhouette musclée devant moi.

""Dégage de mon chemin Ben !"" La fille a craché.

""Restez à terre"". Le personnage, que je devine être Ben, dit.

""Dégagez de mon chemin pour que je puisse l'achever !"" Elle a crié.

""Ne bougez pas Camilla !"" ordonne Ben.

J'ai fait un pas vers la gauche pour mieux les voir. La fille que je sais maintenant être Camilla a essayé de s'élancer vers moi mais Ben l'a attrapée par le cou et l'a plaquée contre le mur.

""Pourquoi protèges-tu cet humain, Ben ? hurle Camilla en essayant de desserrer l'étreinte de son cou.

Humaine ? N'étions-nous pas tous des humains ?

""Parce qu'elle est ma compagne. Ben grogne.",1,ct-v1-werewolf-luna|werewolf-luna|Luna（狼人女首领）|Luna
nrv_7d521290b384887e63ae2517,"[""RAW_LANGUAGE_SCOPE_V1"",""[\""number\"",\""3\""]"",[""string"",""英语""]]",The miscreants,"The Miscreants in Zion International College (ZIC) were severally warned. They
engaged in all sorts of gross misconduct.
They contravened the school rules on several occasions but were not discovered until one day when their cups got filled.
       Then what Thomas Mark told them became clear, it is extremely good to be good"".
     Unfortunately for them, they
clutched at straws, chased the wind and shadows, yet failed. God wanted to sanitize the mission school, which had been the heart's desire of Thomas Mark. He opposed all misdeeds, rebuked and counselled by Virtue of his position as the Senior Prefect.
Despite all this, he whom the gods want to kill, they first make hard of hearing as the miscreants paid deaf ears to Thomas's advice.
        Eventually, they reaped what they sowed in a very painful way. 

",2,ct-v1-tragic-ending|tragic-ending|悲剧结局|be ;; ct-v1-happy-ending|happy-ending|圆满结局|He
nrv_7eeef9ed2522fd9cbe3f20ba,"[""RAW_LANGUAGE_SCOPE_V1"",""[\""number\"",\""3\""]"",[""string"",""英语""]]",Jonathan Wild,"Shewing the Wholesome Uses Drawn from Recording the Achievements of Those Wonderful Productions of Nature Called Great Men.
As it is necessary that all great and surprising events, the designs of which are laid, conducted, and brought to perfection by the utmost force of human invention and art, should be produced by great and eminent men, so the lives of such may be justly and properly styled the quintessence of history. In these, when delivered to us by sensible writers, we are not only most agreeably entertained, but most usefully instructed; for, besides the attaining hence a consummate knowledge of human nature in general; of its secret springs, various windings, and perplexed mazes; we have here before our eyes lively examples of whatever is amiable or detestable, worthy of admiration or abhorrence, and are consequently taught, in a manner infinitely more effectual than by precept, what we are eagerly to imitate or carefully to avoid.",1,ct-v1-tragic-ending|tragic-ending|悲剧结局|be
nrv_7ef89015840a9b638f73496c,"[""RAW_LANGUAGE_SCOPE_V1"",""[\""number\"",\""3\""]"",[""string"",""英语""]]",Remember the Alamo,"In A. D. sixteen hundred and ninety-two, a few Franciscan monks began to build a city. The site chosen was a lovely wilderness hundreds of miles away from civilization on every side, and surrounded by savage and warlike tribes. But the spot was as beautiful as the garden of God. It was shielded by picturesque mountains, watered by two rivers, carpeted with flowers innumerable, shaded by noble trees joyful with the notes of a multitude of singing birds. To breathe the balmy atmosphere was to be conscious of some rarer and finer life, and the beauty of the sunny skies - marvellous at dawn and eve with tints of saffron and amethyst and opal - was like a dream of heaven.",1,ct-v1-tragic-ending|tragic-ending|悲剧结局|be
nrv_7f3d0b7fd7819b09659eac42,"[""RAW_LANGUAGE_SCOPE_V1"",""[\""number\"",\""19\""]"",[""null""]]",翻身小妾七个夫,"太狗血了，一觉醒来，云裳发现自己穿越了！
不仅穿成了不讨喜的大小姐，还有一张“丑绝人寰”的脸！
被王爷丑拒，被丫鬟嫌弃，她乐得轻松，正好过上吃了睡睡了吃的生活。
但是为什么这么一张丑脸还能讨得这么多男人的喜欢啊？
一夜之间，上门提亲的人踏破了门槛。
难道是他们知道她人皮面具下有一张魅惑众生的脸蛋？
好吧，姐姐决定终生不嫁了——浪迹天涯乐逍遥。",1,ct-v1-time-travel|time-travel|穿越|穿越
nrv_803c904b368a6360a5a49d33,"[""RAW_LANGUAGE_SCOPE_V1"",""[\""number\"",\""6\""]"",[""string"",""法语""]]",Elle et lui,"Bonjour mes chers/chères lecteurs/trices, 
Je tiens à vous précisez que cette histoire a été entièrement imaginé, les codes habituels des histoires surnaturels ne seront pas respectés,
Merci à vous et bonne lecture.

Voici un petit résumé bref de l'histoire globale :

Il doit dirigé sur son peuple, elle doit diriger le sien. Il est l'Alpha Suprême, Elle sera Reine de son peuple, mais la Luna Suprême aussi, comment feront-ils ? Comment fera-t-t-elle?",2,ct-v1-werewolf-luna|werewolf-luna|Luna（狼人女首领）|Luna ;; ct-v1-werewolf-alpha|werewolf-alpha|Alpha（狼人首领）|Alpha
nrv_805a17827510406a1f0d6a56,"[""RAW_LANGUAGE_SCOPE_V1"",""[\""number\"",\""4\""]"",[""string"",""西语""]]",RECHAZADO POR DRÁCULA,"Madre Luna le asigna como Mate a Lucius para el rey de los Vampiros Drácula y éste lo rechaza causándole un gran dolor, no le interesa porque está enamorado de una hermosa vampira, conocerás al maldito, sádico, aterrador Rey que mata por placer, sus órdenes son la ley en todo el mundo, es tan poderoso que nada ni nadie puede matarlo, es tan cruel que el mismísimo Omnipotente debe bajar a luchar con Él",1,ct-v1-werewolf-luna|werewolf-luna|Luna（狼人女首领）|Luna
nrv_8102ab6c41f0d853f757656c,"[""RAW_LANGUAGE_SCOPE_V1"",""[\""number\"",\""19\""]"",[""null""]]",极品医圣,"母亲被陷害，叶凌天成了豪门孽种，被家族嫌弃，更有许多人想让他永远的消失！
得到神医传承之后，叶凌天开始吊打一切！
不让从医，我偏要成医界泰斗！阻碍我经商，你的产业我也要吞并！",1,ct-v1-miracle-healer|miracle-healer|神医|神医
nrv_81fd69be2df858e2b2b2b9f0,"[""RAW_LANGUAGE_SCOPE_V1"",""[\""number\"",\""19\""]"",[""null""]]",诡校迷魂,"在一所高校里，流传着诡异的传说。万蕾在一夜之间精神失常，原因不明。万蕾成绩落后，沉默寡言却十分叛逆。经常遭到老师的辱骂，冷嘲热讽。而父母因工作忙碌从小便对她疏于管教，这使得家境不错的万蕾无心学习……
 在万蕾进入精神病院后，学校出现了一连串的诡异事件。先前与万蕾关系不好的师生们纷纷遭遇奇怪的意外，非死即伤，学校中人心惶惶，更有同学传言是万蕾下了诅咒，报复那些侮辱过她的老师和同学们……
 一连串如同“死神来了”般诡异的事件持续发生，警方也介入调查。
 青涩的早恋，师生背后邪恶的交易，和复杂的家庭故事，让这些诡异的案件变得更加扑朔迷离……而学校一切的诡异事件，逐渐暴露并失去掌控的校园内部纠葛，犯罪事件，竟发生在本该清净的校园……
单纯的学生时代，是否真正纯洁？初恋一定是美好的吗？也许这世上，有着太多阴暗角落，都曾覆盖着“美好”的面具，以示众人……",3,ct-v1-crime|crime|犯罪|犯罪 ;; ct-v1-campus|campus|校园|校园 ;; ct-v1-family|family|家庭|家庭
nrv_823a8aa67d7be25a563a66e1,"[""RAW_LANGUAGE_SCOPE_V1"",""[\""number\"",\""3\""]"",[""string"",""英语""]]",The girl who got on his nerves,"This ain't your typical, nerd falls for popular guy story or bad guy falls for the nerd or something like that, no.

Mila Bennett, 17-year-old, sassy, friendly, feisty and the vice-captain of the dance team. 

Well, everyone except Hayes Miller, bad-boy and the captain of the basketball team in Henry M. Gunn High School, one of the best public schools in California.

Rémy Miller, Hayes brother transfers to Henry M.Gunn high school. He's mesmerized by one girl, Mila. He wants no one but her. 

Hayes starts to catch feelings for the girl he never wanted, but the question is would Mila want a guy who has been a thorn in her flesh all these years?

Or a guy that has always been there for her and cared for her.

Which of the Miller brother's would it be? 

Hayes or Rémy?

",2,ct-v1-tragic-ending|tragic-ending|悲剧结局|be ;; ct-v1-happy-ending|happy-ending|圆满结局|He
nrv_82ff8b2ec071cce29ecb3a08,"[""RAW_LANGUAGE_SCOPE_V1"",""[\""number\"",\""14\""]"",[""string"",""韩语""]]",함께 잿더미를 딛고 일어서다,"나와 동생은 인적 드문 도로 위에 버려졌다. 나는 임신 8개월의 만삭이었고, 차는 타이어가 펑크 난 상태였다. 그 순간, 트럭 헤드라이트가 눈부신 빛으로 우리를 꿰뚫었다.

트럭은 우리를 피하려 하지 않았다.
오히려 우리를 정조준하고 있었다.

충돌은 거대한 파괴의 교향곡이었다.
끔찍한 고통이 임신한 배를 찢고 들어오는 순간, 나는 피와 공포로 잠긴 목소리로 남편, 강태준을 불렀다.

“태준 씨… 사고… 아기가… 아기가 이상해요.”

하지만 그의 목소리에서는 다급함이 느껴지지 않았다.
대신, 그의 의붓동생 유채린이 두통 때문에 칭얼거리는 소리가 들려왔다.

그리고 얼음장처럼 차가운 태준의 목소리가 이어졌다.

“유난 떨지 마. 고작 연석이나 들이받았겠지. 지금은 채린이가 더 중요해.”

그는 전화를 끊었다.
그는 나 대신, 처제 대신, 심지어 아직 태어나지 않은 자신의 아이 대신 그녀를 선택했다.

병원에서 눈을 떴을 때, 나는 두 가지 진실과 마주했다.
세계적인 피아니스트였던 내 동생은 두 번 다시 피아노를 칠 수 없게 되었다.
그리고 내가 8개월 동안 품었던 우리 아들, 그 아이는 사라졌다.

그들은 우리가 자신들의 완벽한 삶을 위한 부수적인 피해쯤으로 여겼다.

하지만 그들은 곧 알게 될 것이다.
우리가 바로 그들에게 닥칠 지옥이라는 것을.",1,ct-v1-horror|horror|恐怖|공포
nrv_83acdd7add0c01f2ccbe45bc,"[""RAW_LANGUAGE_SCOPE_V1"",""[\""number\"",\""20\""]"",[""null""]]",抄家後，寒門小丫鬟嬌養權臣相公,"生活在末世的柳巧兒，一朝穿越，五兩銀子被家人賣入縣令府上當丫鬟，原本只想過平靜安逸的生活。豈料縣太爺被抄家，她不但不能安逸還要養活縣令家的三個崽子。尤其是腹黑美豔的大公子陸雲錚，每天都想着造反，復仇。如此危險的生活，柳巧兒再垂涎他的美貌，也不想把小命弄丟。於是，一個逃，一個囚，柳巧兒被迫成了大公子的掛件。
柳巧兒逃累了，憤怒指着陸雲錚：「江山和我，你必須選一個。」
陸雲錚掐着柳巧兒的脖子，單膝跪地：「難道我的選擇還不夠明顯麼。」",2,ct-v1-apocalypse|apocalypse|末世|末世 ;; ct-v1-time-travel|time-travel|穿越|穿越
nrv_83ce5d71a28ed1b59a082064,"[""RAW_LANGUAGE_SCOPE_V1"",""[\""number\"",\""9\""]"",[""string"",""日语""]]",彼の隠し子、彼女の公衆の恥辱,"私の名前は道明寺愛奈。研修医として働きながら、幼い頃に生き別れた裕福な家族と、ようやく再会を果たした。私には愛情深い両親と、ハンサムで成功した婚約者がいる。安全で、愛されている。それは完璧で、そして脆い嘘だった。

その嘘が粉々に砕け散ったのは、ある火曜日のこと。婚約者の海斗が役員会議だと言っていたのに、実際は広大な屋敷で、ある女と一緒にいるのを見つけてしまったから。朝倉希良。五年前、私に罪を着せようとして精神を病んだと聞かされていた女。

落ちぶれた姿ではなかった。彼女は輝くような美しさで、海斗の腕の中で笑うレオという小さな男の子を抱いていた。

漏れ聞こえてきた会話。レオは二人の息子。私はただの「繋ぎ」。海斗が私の実家のコネを必要としなくなるまでの、都合のいい存在。そして、私の両親…道明寺家の人間も、すべてを知っていた。希良の贅沢な暮らしと、この秘密の家庭を、ずっと援助していたのだ。

私の現実のすべてが――愛情深い両親も、献身的な婚約者も、ようやく手に入れたはずの安心も――すべてが、巧妙に仕組まれた舞台装置だった。そして私は、主役を演じる愚かな道化に過ぎなかった。海斗が、本物の家族の隣に立ちながら私に送ってきた「会議、今終わった。疲れたよ。会いたいな。家で待ってて」という、あまりにも無神経な嘘のメッセージが、最後のとどめになった。

奴らは私を哀れだと思っていた。馬鹿だと思っていた。

その考えが、どれほど間違っていたか。もうすぐ、思い知ることになる。",1,ct-v1-family|family|家庭|家庭
nrv_840c866fae6f6fd395688102,"[""RAW_LANGUAGE_SCOPE_V1"",""[\""number\"",\""6\""]"",[""string"",""法语""]]",Le Grimoire du Cristal Bleu,"Fatima, gardienne de la Bibliothèque des Quatre Clés à Murra Kish, n'aurait jamais imaginé trouver l'amour... et le danger parmi les étagères anciennes.
Un mystérieux étranger, Alfonso, débarque à la recherche d'un grimoire perdu. Ce qui n'était au départ que de la curiosité se mue en romance, mais aussi en suspicion : il cache un secret royal, et elle, à son insu, est l'héritière d'un joyau ancien convoité.
Quand la trahison menace, ils doivent décider si leur amour est assez fort pour survivre au mystère, à l'ambition et aux mensonges.",2,ct-v1-royalty|royalty|王室|royal ;; ct-v1-romance|romance|言情|romance
nrv_841e3a6e49c11f5bb6ab030b,"[""RAW_LANGUAGE_SCOPE_V1"",""[\""number\"",\""6\""]"",[""string"",""法语""]]",L'Héritière Oubliée de Valois,"汽车: 好的, 我将扮演知乎短篇小说导语创作专家, 为给定的法语小说原文创作一篇符合要求的导语. 

核心要素回顾: 

   小说主题: 复仇, 身份逆转, 家族秘密, 背叛后的崛起. 

   主角: Chloé

   主要冲突: Adrien和Camille的公开羞辱和背叛 vs Chloé的冷静反击和真实身份揭露. 

   转折点: Bernard宣布Chloé是亲生女儿和唯一继承人, Adrien被剥夺继承权. 

   结局: Chloé成功复仇, 事业爱情双丰收, Adrien和Camille沦落街头. 

导语结构应用规划: 

   部分1-情境设定(Situation Setup)/正常开端(Normal Beginning): Chloé在瓦卢瓦酒庄的地位 (总经理, 主酿酒师, Adrien的妻子) , 以及她五年来的辛勤工作和取得的成就 (拯救酒庄, 创造新千年份酒, 众人赞誉) . 强调表面的成功和风光. 

   部分2-核心冲突(Core Conflict)/突发剧变(Sudden Dramatic Change): Adrien和Camille的突然出现, 公开揭露Camille怀孕, 并当众宣布Chloé的离婚和解雇. 这是对Chloé地位和尊严的毁灭性打击. 

   部分3-后果展现(Consequence Display)/情境恶化(Situation Worsening): 

       外部:  众人从赞誉转为嘲讽和蔑视, 指责Chloé是 ""暴发户"" ; Adrien和Camille的得意与羞辱 (扔钱, 言语攻击) . 保镖犹豫不决, 也侧面体现了Chloé权力的丧失. 

       内部:  Chloé的冷静是其内心强大和计划性的体现, 尽管面对羞辱, 但这种冷静本身就是一种反常. 

   部分4-不公感(Sense of Injustice)/困惑感(Confusion)/强烈情绪: Chloé的内心并未崩溃, 反而异常冷静, 甚至警告Adrien ""你不知道自己在做什么"" . 这种出人意料的冷静暗示着背后有更大的秘密和计划. 旁观者的不解和Chloé对他们的警告 ( ""你们会记住今晚"" ) . 

   部分5-故事启动点(Story Trigger)/转折(Turning Point, Plot Twist): Bernard和Hélène的到来, 以及随后的巨大揭露--Chloé是他们的亲生女儿和唯一合法继承人, Adrien是养子且被剥夺继承权. 这瞬间逆转了整个局面, 标志着Chloé的反击正式达到高潮. 

写作要点: 

   第一人称: 保持第一人称 ""Je"" . 

   法语本地化: 用词和表达符合法语文化习惯. 

   悬念和冲击力: 确保冲突和反转具有强烈冲击感. 

   节奏快: 句子不宜过长, 信息密度大. 

   字数控制: 约250词. 

好了, 开始创作. 

---",3,ct-v1-betrayal|betrayal|背叛|背叛 ;; ct-v1-heir|heir|继承人|继承人 ;; ct-v1-divorce|divorce|离婚|离婚
nrv_843be6575b12adf561c0a003,"[""RAW_LANGUAGE_SCOPE_V1"",""[\""number\"",\""6\""]"",[""string"",""法语""]]","Le Cadre du Mari, la Justice Féroce de l'Épouse","Mon mari, Alexandre Chevalier, était le procureur vedette de Lyon, l'homme qui m'avait sauvée d'un sombre passé. Du moins, c'est ce que je croyais.

Il était l'homme qui m'avait envoyée en prison, me faisant accuser d'un crime que je n'avais pas commis pour protéger son ex-petite amie, Catherine.

Mes trois années au centre pénitentiaire de Fleury-Mérogis n'ont été qu'un brouillard de béton et d'uniformes gris. La femme qui y est entrée, une graphiste à succès qui aimait son mari, y est morte. Quand j'ai enfin été libérée, je m'attendais à le voir, mais il a envoyé un assistant pour « purifier mes mauvaises ondes ».

Puis je les ai vus : Alexandre et Catherine, organisant une fête de « bienvenue » pour moi, la femme qu'ils avaient mise derrière les barreaux. Ils m'ont exhibée, m'ont forcée à boire du champagne jusqu'à ce que je saigne intérieurement à cause d'un ulcère perforé.

Alexandre, toujours le protecteur dévoué, s'est précipité aux côtés de Catherine, me laissant en sang sur le sol. Il a même falsifié mon rapport médical, attribuant mon état à l'alcool.

J'étais allongée dans ce lit d'hôpital, les derniers vestiges de l'espoir se flétrissant et mourant. Je ne pouvais pas pleurer. Le sentiment était trop profond pour les larmes. J'ai juste ri, d'un rire sauvage, désarticulé.

Je voulais le détruire. Pas la prison. Je voulais qu'il perde tout. Sa carrière. Sa réputation. Sa précieuse Catherine. Je voulais qu'il ressente ce que j'avais ressenti.",1,ct-v1-crime|crime|犯罪|crime
nrv_84c38a7820ed0e23d92f53b5,"[""RAW_LANGUAGE_SCOPE_V1"",""[\""number\"",\""19\""]"",[""null""]]",渣男和我领假证，我转身嫁他死对头,"结婚三年，苏南笙为陆时域掏心掏肺，得知自己竟是豪门秦家的小公主，她第一反应就要悄悄拿钱帮他的公司渡过难关，给他惊喜。
可谁知，却发现他们的结婚证是假的，而他真正的妻子，其实是他青梅竹马的“好哥们”。项轻轻从小和他好到穿一条裤子，即便结婚后他们也难舍难分。
她吵过闹过，陆时域却只一句轻轻就是男孩子性格罢了，就打发了她。
既然这样，呵！
苏南笙直接搬出别墅，回归秦家真千金，事业风生水起，还嫁他死对头。
再相见，知道真相的陆时域跪地悔过。
“南笙，我错了，求你回头看看我，我们才是夫妻。”
可她身边的男人却直接一把将苏南笙搂入怀中，把大红结婚证甩在他脸上。
“好好瞧瞧，到底谁和谁才是夫妻。”",2,ct-v1-childhood-sweethearts|childhood-sweethearts|青梅竹马|青梅竹马 ;; ct-v1-princess|princess|公主|公主
nrv_85442f2d836b951a42dddfce,"[""RAW_LANGUAGE_SCOPE_V1"",""[\""number\"",\""19\""]"",[""null""]]",一嫁倾国,"出逃公主的绝世爱情
一纸婚书改变了她的一生，她愤然离开，希望能找到属于自己的爱情，兜兜转转，一切仍旧回到最初。最爱的人伤她最深，原来最美的爱情就在不经意的时候。良辰美景却总是奈何天。
多少人，总是以朋友的名义爱着你；多少人，平凡守候着爱情；只愿，能在一朵花开的时间与你相遇，在最美的年华与你相爱，在最平淡的岁月里，与你相守。",1,ct-v1-princess|princess|公主|公主
nrv_85e7362ed02db13c0ad8ed44,"[""RAW_LANGUAGE_SCOPE_V1"",""[\""number\"",\""3\""]"",[""string"",""英语""]]",The U.M.I. Corp Connection,"Inspector Flaatphut is back, this time teaming up with Tiffany and a whole group of miscreants to track down a lethal drug, clones, and the world's most deadly assassin. And all because his mother came to visit.",1,ct-v1-assassin|assassin|刺客|assassin
nrv_8685449f65ac203814600bd5,"[""RAW_LANGUAGE_SCOPE_V1"",""[\""number\"",\""20\""]"",[""null""]]",農門悍妻俏狀元,"【悍妻 空間 種田】
現代特種兵夏雲溪意外穿越了，穿成了家徒四壁的農家女！
開局便是爹娘失蹤，兄妹四人要被發賣！
在這個年代，人就是貨物！她們是待宰的羔羊！
於是，身為特種兵的她，抬腳便開打，極品家人總上門找茬？來一次打一次，打一次不服那就多打幾次，看看究竟是你們骨頭硬，還是我拳頭硬。
夏家二姑娘靠打人出了名，十裡八鄉無人敢招惹！
後來，她又順手從土匪手裡救回來一個病弱秀才相公。
她笑看著小相公。
“喂，你抗揍嗎？”

PS：老書《流放後，王妃她在邊關種田養家 》有聲已上架",1,ct-v1-time-travel|time-travel|穿越|穿越
nrv_86a6946e23dc13cc556d3bb3,"[""RAW_LANGUAGE_SCOPE_V1"",""[\""number\"",\""3\""]"",[""string"",""英语""]]",BETWEEN TWO MAFIA KINGS ,"BLURB:

""Kidnapped, hunted, and desired she's the heiress everyone wants to claim.""

Zyra thought she was just a bartender, living a simple life with dreams of a future alongside her boyfriend. But one overheard secret, one careless step, plunges her into the deadly world of the mafia....a world ruled by power, betrayal, and blood. Kidnapped and trapped by Rafael, a man feared and respected by all, she must navigate a dangerous game of survival where every choice could cost her life.

Just when she thinks she might find safety, another shadow emerges: Cassian, a mafia lord claiming she was promised to him from birth. Secrets about her past, a family she never knew, and a life stolen from her come crashing down. Caught between two ruthless men...one obsessed with her, one demanding her submission.
Zyra must fight to uncover the truth, protect those she loves, and reclaim the empire that is rightfully hers.

In a world where love is dangerous, trust is deadly, and every heartbeat could be her last, Zyra will learn that surviving the mafia is only the beginning... and her choices could decide not just her fate, but the fate of an empire.

""Her heart is their battleground, and her life is the prize.""

",2,ct-v1-betrayal|betrayal|背叛|betrayal ;; ct-v1-family|family|家庭|family
nrv_86b66e4dfe81f02fdcf088ea,"[""RAW_LANGUAGE_SCOPE_V1"",""[\""number\"",\""3\""]"",[""string"",""英语""]]",Natalia’s High School Manual,"Welcome to Natalia’s high school manual!

        Yup, she’s just your average normie student. And nope, this is definitely not a fairytale. It’s not your typical girl meets boy and they fell in love with each other story, then all of the sudden, BOOM! A happy ending that will satisfy the whole humanity.

        Her story was a bit different, –nope. Scratch that. It was a disaster, to be exact. A roller coaster ride to the top. Witness how Natalia (without H) face her high school journey with the help of her manual, a set of rules that she invented for herself. Rules that will help her survive high school. Along with her family, friends, and even enemies, will she be able to follow all the rules on her manual, or not? Read and find out.",3,ct-v1-family|family|家庭|family ;; ct-v1-student|student|学生|student ;; ct-v1-tragic-ending|tragic-ending|悲剧结局|be
nrv_88f773bb4400ad52519e4cf8,"[""RAW_LANGUAGE_SCOPE_V1"",""[\""number\"",\""16\""]"",[""string"",""德语""]]",Mondscheinwünsche: Der gewagte Vorschlag des CEO,"Als einfacher Assistent war es ein mutiger Schachzug, dem CEO mitten in der Nacht eine Nachricht zu schicken, um die Freigabe von Erotikfilmen anzufordern.

Es überrascht nicht, dass Bethany keine Filme erhielt. Der CEO antwortete jedoch, dass er zwar keine Filme zum Teilen habe, aber eine Live-Demonstration anbieten könne.

Nach einer Nacht voller Leidenschaft war Bethany sicher, dass sie ihren Job verlieren würde. Doch stattdessen schlug ihr Chef vor: „Heirate mich. Bitte denk darüber nach.“

„Herr Bates, Sie machen Witze, oder?“",1,ct-v1-chef|chef|厨师|Chef
nrv_8975df50ba909a0d69af270b,"[""RAW_LANGUAGE_SCOPE_V1"",""[\""number\"",\""3\""]"",[""string"",""英语""]]",Wishes Come True,"On Christmas people should be with their loved ones in the safety of their homes, but I don't have any loved ones, and I'm in the one place that I hate, where I swore never to come back, afraid that I'll get even more broken, and it seems that the more I try to get away, the more obstacles I encounter.
""I know a shop not very far from here, and they have the best mechanics in town. If you want, I could come with you and give you directions, I'm heading that way anyway, and for your kindness, I'll make your biggest wish come true,"" Said the old crazy Santa that jumped in front of my car out of nowhere.
""Can you teleport me from here? In another city, country, even on a deserted island? Anywhere but here?"" I know that it wasn't nice of me to be sarcastic, but he's the reason why I have to prolong my say here.
""No."" His short answer was said in an amused tone of voice, but I don't find anything funny right now.
""But that's just because that's not your biggest wish."" He states as a fact as if he's never been more sure of anything in his life. 
I bite my tongue and pray that I won't see the two people I used o love the most, and which now, I despise the most, the two people responsible for my nightmares and my broken being.",2,ct-v1-tragic-ending|tragic-ending|悲剧结局|be ;; ct-v1-happy-ending|happy-ending|圆满结局|he
nrv_8a14101f0879e3de0ed80e7d,"[""RAW_LANGUAGE_SCOPE_V1"",""[\""number\"",\""9\""]"",[""string"",""日语""]]",電撃婚の溺愛～社長の隠れ妻は最強ボスでした。,"【正体バレ禁止+最強ボス+電撃結婚+後に愛する+逆転劇】

伊藤家が溺愛して育てた娘が偽物だと発覚！実の娘は山奥で二十年間、辛酸をなめて育っていた。

本物の令嬢が帰ってきたが、そこには家族の温もりはなく、冷たい視線と猜疑心だけが待ち受けていた。

伊藤家の両親:「お前には私たちの血が流れているが、伊藤家のお嬢様という座にふさわしいのは、遥香だけだ」 実の兄:「俺の妹は遥香だけだ。田舎者は失せろ!」

偽の令嬢・伊藤遥香:「お姉さん、高橋家との縁談、私に譲ってくれても構わないでしょう?」

最強カリスマ・本物のお嬢様・伊藤麻衣は、無関心に吐き捨てる。「既に籍は入れた。関わるな」

高橋グループの御曹司・宗一郎は、電撃結婚した妻が「無能なヒヨコ」だと思い込んでいた。期限が来たら、さっさと離婚届を提出するつもりだった。

ある日、部下が衝撃の調査報告書を差し出した。

ゴッドハンドの神医は彼女、地下格闘技のチャンピオンは彼女、国際ハッカーランキング1位は彼女、トップレーサーは彼女、ずっと協力したいと思っていた研究所のAIの権威は彼女、港区の第一家族の唯一の跡継ぎは彼女、妹が熱狂する人気漫画家も、彼の不眠症を癒す唯一の朗読ボイスも――すべて、あの女の正体だった！

雨の夜、窓ガラスが湯気に曇る中、彼女は窓辺に押し付けられていた。

男は彼女の細く白い手首を掴み、漆黒の瞳で彼女を見つめた。「お前は、俺が知らない正体を一体いくつ持っているんだ?」

麻衣は逆に男の襟を掴み、無関心な仮面を剥ぎ取って邪悪に微笑んだ。「契約は明日切れる。離婚届、忘れずに出しなさいよ」

宗一郎：「……」

(離婚など、させると思っているのか？)",1,ct-v1-miracle-healer|miracle-healer|神医|神医
nrv_8a4c7ed39e70573b97f50850,"[""RAW_LANGUAGE_SCOPE_V1"",""[\""number\"",\""20\""]"",[""null""]]",震驚！我在女尊世界打男拳,葉寒重生到女尊男卑的修真世界，開局就被荒天王朝大師姐荒天怡對和他有媒妁之約的林曉月悔婚並定下三年之約，不料卻意外覺醒真男人系統。,2,ct-v1-rebirth|rebirth|重生|重生 ;; ct-v1-xianxia|xianxia|仙侠修真|修真
nrv_8adba95064112208a1dfb38a,"[""RAW_LANGUAGE_SCOPE_V1"",""[\""number\"",\""3\""]"",[""string"",""英语""]]",The Valley of the Moon,"A road novel fifty years before Kerouac, The Valley of the Moon traces the odyssey of Billy and Saxon Roberts from the labor strife of Oakland at the turn of the century through Central and Northern California in search of land they can farm independently—a journey that echoes Jack London's own escape from urban poverty. As London lost hope in the prospects of the socialist party and organized labor, he began researching a scientific and environmentally sound approach to farming. In his novel, it is Saxon, London's most fully realized heroine, who embodies these concerns. The Valley of the Moon is London's paean to his second wife Charmian and to the pastoral life and his ranch in Glen Ellen, the Valley of the Moon.",2,ct-v1-urban-setting|urban-setting|都市背景|urban ;; ct-v1-happy-ending|happy-ending|圆满结局|he
nrv_8bbaf0d0056b82131a0163e4,"[""RAW_LANGUAGE_SCOPE_V1"",""[\""number\"",\""3\""]"",[""string"",""英语""]]",The Billionaire's Hidden Desires ,"Not every love story is a fairytale journey. Specially when Destiny has its plan to play a game to see how much could you go through, for being with your lover forever.

Christian Grayson, 25 years old, handsome hunk having attractive personality. He is a just like a charming prince any girl would love to easily fall for. But his hidden dark secrets are something that no one is aware of except one person, Samson Matthews. The person Christian hates from the bottom of his heart. 

Samson Matthews, 27 years old CEO, the hottest billionaire and the most eligible bachelor in town. His consistent hardwork and firm determination made him to reached the zenith of success. He came back in Christian's life as his boss after being disappeared from Christian's life suddenly when he needed him the most.

Will Christian accept him as his Boss or quit from the job? 

What would Samson do when he came to know that Christian needs a huge amount of money but for his wife, Bella? Will he help him through this process? 

Why Samson came back in his life after so many years? Is his sudden appearance in Christian's life to take some revenge or is there any dark secret waiting for you all ? 

Join their twisted love story and get ready to enjoy the roller coaster ride of their love journey. 

From being enemy to lovers, destiny played a beautiful cupid game with them but only to make their journey difficult, only to see their intensity of love. 

Follow me on Insta "" author_anjali"" to stay connected with the latest updates of my stories. ",3,ct-v1-revenge|revenge|复仇|revenge ;; ct-v1-wealthy-ceo|wealthy-ceo|豪门总裁|CEO ;; ct-v1-happy-ending|happy-ending|圆满结局|He
nrv_8de3a256d4fa5294b5c8bcbd,"[""RAW_LANGUAGE_SCOPE_V1"",""[\""number\"",\""3\""]"",[""string"",""英语""]]",Embrace the light,"""Walt..."" I looked at him, my hand trailed his chest. I was biting my lip, I need him. It felt like I need him to make me forget. It felt like a familiar thing to do. But I still wasn't sure that he wanted us to happen the way it was intended to. 

But then he cupped my jaw and kissed me. His lips touched mine, his facial hair tickled my face softly. I was opening my lips, as his thumb stroked my cheek. 

""You need to stop me, Flo, we shouldn't be doing this."" He whispered hoarsely in my ear.

*****

Supernatural steamy romance series:
1. Embrace the dark
2. Embrace the light
3. Mated to the dark lord
4. Fallen for the king 


******

Flo was abused and misused by her parents because of her ability to see the future and see the dead. 

Until one day she runs away and finds herself in Walter's protection. 

She had all the right feelings for him, but he kept pushing her away until she finally left. Then he realized that he needed her more than he knew. 

*****

Walter had been let down by the universe over and over again. He had to rebuild himself from his lowest moments several times already. 

He was trying to be strong, and he was finally happy for the first time in his life, only to be fucked up majorly as fate decided to take his wife's life before their first anniversary. 

He was rebuilding the tallest wall he had ever made, but Flo slowly tearing it apart and making him doubt himself.

*****

Will he finally have a happy ending, or will fate screw him again?

*Rated for 18+ due to strong, explicit language and sexual content*",3,ct-v1-supernatural|supernatural|灵异|Supernatural ;; ct-v1-romance|romance|言情|romance ;; ct-v1-happy-ending|happy-ending|圆满结局|he
nrv_8efd2de8376c4e0365b7184b,"[""RAW_LANGUAGE_SCOPE_V1"",""[\""number\"",\""3\""]"",[""string"",""英语""]]",The Extraordinary Oliver Smith ,"At the age of 18, Oliver was already a secret Billionaire. He chose to keep his identity a secret so he could exact his revenge on his wife's family who hated him for being immature, naive, and worst of all, for getting their daughter at a very young age.
But at the same time, the family he is up against consists of billionaires and influential members!
How will Oliver defeat them when he is just 18 years of age? Will he watch them destroy him or will he prove to be Extraordinary at just 18th years of age?

This is a story you can't afford to miss!",3,ct-v1-family|family|家庭|family ;; ct-v1-revenge|revenge|复仇|revenge ;; ct-v1-happy-ending|happy-ending|圆满结局|He
nrv_8f6b114b5eb60107130066ce,"[""RAW_LANGUAGE_SCOPE_V1"",""[\""number\"",\""6\""]"",[""string"",""法语""]]",La reine libérée,"Il suffit d'une seconde pour que le monde d'une personne s'écroule. Ce fut le cas pour Hannah. Pendant quatre ans, elle a donné tout son amour à son mari, mais un jour, il lui dit froidement : « Divorçons. »

Hannah réalisa que tous ses efforts des années passées étaient inutiles. Son mari ne s'était jamais réellement soucié d'elle.

Alors qu'elle assimilait encore le choc, sa voix indifférente continua :

« Arrête de faire semblant d'être surprise. Je n'ai jamais dit que je t'aimais. Mon cœur a toujours appartenu à Eliana. Je t'ai épousée seulement pour calmer mes parents. Tu étais naïve de croire autrement. »

Le cœur d'Hannah se brisa en mille morceaux tandis qu'elle signait les papiers du divorce, marquant ainsi la fin de son règne en tant qu'épouse dévouée. La femme forte qui était en elle se manifesta alors rapidement.

À ce moment-là, elle jura de ne plus jamais dépendre d'un homme.

Son aura était extraordinaire lorsqu'elle entreprit un voyage pour se retrouver et maîtriser son propre destin.

À son retour, elle avait tellement mûri et était complètement différente de l'épouse docile que tout le monde connaissait autrefois.

« Que fais-tu ici, Hannah ? Est-ce ta ruse pour attirer mon attention ? », demanda son arrogant ex-mari.

Avant même qu'elle puisse répliquer, un PDG autoritaire apparu de nulle part et la prit dans ses bras.

Il lui sourit et dit avec audace : « Juste pour te prévenir, Monsieur. C'est ma femme bien-aimée. Éloigne-toi d'elle ! »",1,ct-v1-divorce|divorce|离婚|divorce
nrv_8f88994055da4d406d8e96a6,"[""RAW_LANGUAGE_SCOPE_V1"",""[\""number\"",\""3\""]"",[""string"",""英语""]]",When Pity Dies: Her Sweet Revenge,"The harsh clang of the school bell ripped me from a nightmare.

One moment, I was bleeding out on the cold community center floor, choked by smoke and gasoline, watching the Outlaws murder my family.

The next, I was back in my high school classroom, the familiar scent of chalk and disinfectant filling the air, alive and untouched.

My heart hammered-not with teenaged excitement, but with the primal terror of a ghost, knowing this was it: the day it all began.

Brittany Hayes, perfect blonde hair and a weaponized smile, stood at the front, pushing her dad' s ""Life Path AI"" onto our entire class for free.

Liam Carter, the class golden boy, nodded eagerly beside her, his handsome face alight with ambition, calling it ""foolproof.""

A wave of excited chatter filled the room: the exact siren song that had led to ruin in my last life.

I remembered standing up then, my voice trembling but determined, warning them about the AI' s flaws, its bias towards corporate partners.

They' d laughed, calling me jealous, a conspiracy theorist, just because my family ran a charity center.

They ostracized me, humiliated me, and then Brittany' s father' s media machine discredited my family, painting us as backward fools.

Then the Outlaws came, paid to send a message, and they destroyed everything: my parents, my little sister Lily, and me.

The memory burned, a raw, open wound in my soul.

This time, I didn't stand up.

I leaned back, a mask of calm indifference, an empty smile for Liam who glanced my way in surprise.

Let them walk into the fire.

This time, I would be the one holding the gasoline.",2,ct-v1-family|family|家庭|family ;; ct-v1-tragic-ending|tragic-ending|悲剧结局|be
nrv_90b3fae9c1ae8df602e06e27,"[""RAW_LANGUAGE_SCOPE_V1"",""[\""number\"",\""20\""]"",[""null""]]",快穿：拯救我方反派大佬,"
落渺沒想到，她那主宰三千世界的發小，竟然是個戀愛腦。

別人談戀愛為情，他談戀愛要命。

堂堂神尊拿了個苦情男二的劇本，為了真愛生死道消，還是抓不住人家心！

為了拯救她為愛魔瘋的發小，落渺用血肉生祭了天道，繫結了天道系統，輪迴在三千世界為他收集殘魂。

天道系統：說出來你可能不信，您的攻略目標都是三千世界的美強慘反派。你要用愛包容他，溫暖他，感化他！刷爆他的幸福值！

落渺：她現在後悔還來得及嗎？

校園大佬，鐵血暴君，冷清厲鬼，睜眼瞎的超能力者，兩面三刀的腹黑影帝……落渺終於狗完了三千世界，準備功成身退的時候，她的發小又雙叒叕黑化了！

只剩下一條虛魂的落渺扯了扯身上的鎮魂鎖，抱住了擎天柱暴躁的喊：「冷靜點！你的真愛不是我！」

懟天懟地大反派慢條斯理的她拽回來：「胡說，我從洪荒就開始惦記了你。」

落渺：……不好意思，沒看出來。

【可鹽可甜情商低到爆表的萬物之神&懟天懟地養妻專業戶天道神尊】

【談戀愛嗎？天道手把手教你那種。】　
",1,ct-v1-superpowers|superpowers|超能力|超能力
nrv_9273eb438411f834343e050e,"[""RAW_LANGUAGE_SCOPE_V1"",""[\""number\"",\""20\""]"",[""null""]]",我能拾荒萬物,"時方穿越到青雲界，開局就是秋後問斬，幸好有拾荒系統！
　　【叮！獲得力量＊1】
　　【叮！獲得體質＊1】
　    【叮！獲得敏捷＊1】
【叮！獲得牟牛勁經驗＊1】
　　　...
　　原來別人用武技，功法，自己就可以撿屬性，於是好人時方上線。
　　“李哥，我們一起用武技，我來幫你一把！”
　　“王叔，您在旁邊用武技輔助我就好，體力活我來幹！”
時方的手也越深越寬：
　　【叮！檢測到上古不死丹碎片遺留，即將提煉出小不死丹！】
    【叮！檢測到真龍血脈遺留，即將提煉出真龍寶術！】
　　原來那些曾經輝煌，在外人眼中淪為廢地的地方，拾荒系統可以逆天提煉當初的某些資訊！
　　...
　　於是，數年時間，不斷有荒墳被盜，甚至一些大人物也難以倖免。
從此世界上又多了一個禍害。",1,ct-v1-time-travel|time-travel|穿越|穿越
nrv_92e6fe19b2f3a9b5a67ebeaf,"[""RAW_LANGUAGE_SCOPE_V1"",""[\""number\"",\""22\""]"",[""string"",""土耳其语""]]",Boşanmadan Sonra Aşk: Gecikmiş Sevgisi,"Adam, kadından her zaman tiksinti duyuyordu. Kadın ne yaparsa yapsın, onun gözünde hiçbir zaman yeterli olmuyordu. Kadının sevgisini kazanmak için her şeyi yapmasına rağmen, adam üç yıl boyunca onun çabalarını asla takdir etmedi.

Kadın adeta bir cehennem yaşadı. Ondan ayrılmaya karar verdiğinde, kendini yeniden doğmuş gibi hissetti.

Artık erkeklerden uzak durmaya ve kariyerine odaklanmaya karar vermişti. Adam ise onun acı çekip kendisine geri döneceğini sanıyordu.

Ancak en büyük şoku, kadının kendi şirketinin rakibi olan firmanın CEO'su olarak karşısına çıkmasıyla yaşadı.

Kiminle evli olduğunu nasıl anlamamıştı? Adam, kadının birçok gizli kimliği olduğunu öğrendiğinde şok oldu.

Hepsi bir arada, saygın bir avukat, bir dahi hacker ve sektöre yön veren bir tasarımcıydı!

Her şeyden öte, adam kendini aldatılmış hissetti. Bir gün onu köşeye sıkıştırdı ve, ""Sen nesin be?"" diye bağırdı. ""Benden neleri sakladın?""

Kadın soğuk bir ifadeyle, ""Böyle bir soruyu sormaya nasıl cüret edersin?"" diye karşılık verdi. ""Seni tanımıyorum, hatırlasana?"" Kadın geri bağırdı ve yanından geçti.

Kadın, bu cevabından sonra adamın utanç içinde kaybolup gideceğini düşünmüştü. Ama büyük bir sürpriz onu bekliyordu. Bir şekilde, adam ona delicesine âşık olmuştu. Onu geri kazanmak için her yolu denemeye hazırdı.

""Tekrar evlenelim. Seni seviyorum,"" diye tutkuyla ilan etti.

Kadın ellerini beline koyarak, ""Ah, canım,"" diye cevap verdi. Üzgünüm, bu mümkün değil.""

""Ama sen benim için tek kişisin. Sensiz yaşayamam. Geçmişte yaptıklarımdan dolayı özür dilerim.""

Kadın içten bir kahkaha attı ve ona baktı. Dişlerini sıkarak her kelimeyi net bir şekilde söyledi: ""Şimdi özür dilemek için çok geç.""

Hiç var olmamış bir aşk, yeniden inşa edilebilir mi?",2,ct-v1-wealthy-ceo|wealthy-ceo|豪门总裁|CEO ;; ct-v1-tragic-ending|tragic-ending|悲剧结局|be
nrv_9337366b29bab8170751629b,"[""RAW_LANGUAGE_SCOPE_V1"",""[\""number\"",\""3\""]"",[""string"",""英语""]]",Psycho's Charm ,"

  PROLOGUE 

In the city of Azura,an empire ruled by King Ethan,a noble brave king, where envy, jealousy and desperation for the throne wouldn't make it peaceful.

An empire can only be ruled by a prince but the king has four sons;

ZION.
LEON.
LAWRENCE.
LIAM.

These four princes were birthed the same day, but not the same time.

The king had two wives named Elsa and Ava.

Elsa gave birth to Zion and passed on after that. While Ava gave birth to triplet, which is Leon, Lawrence, and Liam.

For the fact that Zion is the first son, he's not recognized as the crown prince.

Queen Ava hates him for  he's like a barrier to stop her first son Leon to rule the empire.

He's the most handsome prince of all, he has this attractive charm that girls drool over him and he knows he's worth it.

He does as he pleases, doesn't listen to anyone, not following the rules and regulations of the empire,a nonchalant type.

But one thing about him is that he hates being touched because he's allergic to human touch.

The only person that can cure him is his mother but she's no more.

He became a drunkard as a result of that, without giving a damn about his position as a prince.

His life takes a new turn when he had a one night stand with a girl he knows nothing about. Her touch didn't trigger his allergies, but he knows nothing about her.

Instantly he informed his doctor and she was proven to be his cure since he's not allergic to her touch.

Who's this girl?Is he gonna find her or will he remain like that forever.

Thrust in for more to find out!!",3,ct-v1-crown-prince|crown-prince|太子|crown prince ;; ct-v1-doctor|doctor|医生|doctor ;; ct-v1-happy-ending|happy-ending|圆满结局|he
nrv_944fd87f9abb2504b00f715f,"[""RAW_LANGUAGE_SCOPE_V1"",""[\""number\"",\""20\""]"",[""null""]]",我被喪屍咬了後,"神創造了這個世界，也將毀滅這個世界。
末日死神病毒爆發，一傳十，十傳百，咬來咬去，無數的人開始變成了喪屍。
江岩也被喪屍咬了，不過他不但沒有變異，反而還擁有了特殊能力。於是，一個原本的屌絲學生，開始了自己的末世之旅...",1,ct-v1-apocalypse|apocalypse|末世|末世
nrv_9463ca38fc5e99613976e7d0,"[""RAW_LANGUAGE_SCOPE_V1"",""[\""number\"",\""3\""]"",[""string"",""英语""]]",Edward loyld: Rise of the underrated biochemist.,"Sandra!!!"" Edward screamed in shock, seeing his wife stripped naked in the bathroom with Richard, the CEO of the biggest pharmaceutical company in the world.

She had told him that Mr. Richard was just a business partner helping her grow her business, but unfortunately, Edward bumped into them when he was cleaning the bathrooms in the company. Enraged, he engaged Richard in a fight, which led to him being sentenced to 20 years in prison for assault.

In prison, he got visitors.

""Young Mr. Loyld, it's time to embrace your full potential and avenge all your enemies,"" a wealthy-looking man said respectfully as a fleet of luxurious cars parked in front of him.

*****

Edward was a poor boy who worked as a janitor in a pharmaceutical company. He was always being bullied and harassed. But things turned around for him when he was given a book that had all the formulas to cure any disease in the world.

Having become influential, he promised to bring chaos to all the rich men who insulted him while he was a janitor. He brought their businesses down and made them beg at his feet for mercy!

",2,ct-v1-wealthy-ceo|wealthy-ceo|豪门总裁|CEO ;; ct-v1-happy-ending|happy-ending|圆满结局|he
nrv_9521f643ad9f8c789eeba1fc,"[""RAW_LANGUAGE_SCOPE_V1"",""[\""number\"",\""19\""]"",[""null""]]",萌妃来袭：腹黑王爷不好惹,"她是21世纪的化妆师沐灵汐，每天无忧无虑的生活着。她是将军府天真善良的三小姐纳兰灵汐，娘亲意外身亡，视她如命的爹爹远征未归，每天面对着狠毒的姨娘和伪善的姐姐。一朝穿越，亲情的火苗说灭就灭，友情的小船说翻就翻，青春的小鸟说飞就飞，娘亲的仇说报就报！当她遇上腹黑的王爷，相识相知相恋。
“哎，宝宝生气了”
“噢”
“宝宝生气了，后果很严重！”
“噢”
“你丫的还不过来哄我！信不信我离家出走！”",1,ct-v1-time-travel|time-travel|穿越|穿越
nrv_95bbd46f806a7a81bb0de633,"[""RAW_LANGUAGE_SCOPE_V1"",""[\""number\"",\""3\""]"",[""string"",""英语""]]",Discarded Wife: The Shadow Strategist Returns,"I stood in the center of the ballroom, watching my husband accept credit for the massacre I had meticulously planned.

To the underworld, Craig Snyder was the King, a strategic genius who had crippled the Russian mafia.

To me, he was the man who had just re-gifted my anniversary present—a Patek Philippe watch—to match the diamond bracelet dangling from his mistress’s wrist.

The Senator’s daughter, Chanel, laughed at a joke only he could hear, wearing a red dress and a look of naive adoration that used to be mine.

When I confronted him, expecting an apology, Craig didn't just dismiss me.

He slapped me across the face in front of the city's elite, the sound echoing like a gunshot.

He yanked the wedding ring off my finger, drawing blood, and placed it into Chanel’s palm, calling me a hysterical, barren relic.

Later, I found the forged documents. He had signed my name to transfer every asset we built together into his sole possession, leaving me with nothing but a hush-money check.

He thought I was just a scorned wife. He forgot that I was the architect of his empire.

So, I drove my car off a bridge.

I let the world believe I was dead. I let him mourn the woman he destroyed while I watched from the shadows, erasing his existence from my accounts.

Six months later, at the Global Crime Summit, Craig stood up with a diamond ring, ready to beg my memory for forgiveness.

But the doors opened, and I didn't walk in alone.

I walked onto the stage holding the hand of his deadliest rival, Felix Tyson.

I wasn't there to take him back. I was there to take his kingdom.",3,ct-v1-crime|crime|犯罪|Crime ;; ct-v1-genius|genius|天才|genius ;; ct-v1-happy-ending|happy-ending|圆满结局|he
nrv_95d888d74c4a254a099f4c15,"[""RAW_LANGUAGE_SCOPE_V1"",""[\""number\"",\""3\""]"",[""string"",""英语""]]", house of horrors ,"The murder wasn't the beginning.
It was the first confession.
In the house of horrors, no one is innocent, and no one leaves the same as they came in.
Nasser was more than just a father.
And that night... Nour wasn't just a wife.
It was the beginning of something far worse.
A body inside a quiet house.
Malik and Sophia see their murdered mother... and then everything begins to change.
Secrets... don't die.
Malik... hasn't forgotten.
That scene didn't just pass by... it was etched in his mind... and transformed inside him... into something dark.
Malik:
""I could see blood... even when I closed my eyes.""
Malik:
""I thought I was having a nightmare... until I realized I was becoming part of it."" Malik wasn't born a murderer... but the house was enough to make him one.
Days pass, but the house doesn't forget.
Voices in the hallways.
Shadows moving without owners...
And faces... no longer the same.
💔 A frightened sister... living on the edge of the abyss.
🧠 A mind slowly crumbles... unnoticed.
🩸 And a desire... takes shape in the darkness.
Every room... holds a memory.
Every wall... is a witness.
And every silence... conceals a crime.
Then... the truth begins to emerge.
Not everything that happened was an accident.
And not everyone in the house is a victim.
In this place, you are either a murderer or you await your turn.",1,ct-v1-crime|crime|犯罪|crime
nrv_95f9051ed1fec94deaef58b1,"[""RAW_LANGUAGE_SCOPE_V1"",""[\""number\"",\""19\""]"",[""null""]]",爱无来生之千年溯爱,"前世的慕清欢，被深爱的丈夫背叛，被她为之奉献出一切的夫家榨干了最后一滴利用价值，怀着身孕却以惨死告终。
重生归来后，她的眼里和心中都只剩下了冰冷蚀骨的仇恨，却不想在复仇的过程中，自己真实的身世和前世众多的谜团被意外地揭开了……",3,ct-v1-betrayal|betrayal|背叛|背叛 ;; ct-v1-revenge|revenge|复仇|复仇 ;; ct-v1-rebirth|rebirth|重生|重生
nrv_9633e8f0750ee78fb4efca3b,"[""RAW_LANGUAGE_SCOPE_V1"",""[\""number\"",\""19\""]"",[""null""]]",天命庶女,"母亲去世，身为庶女的阮梦晨误和被重生的嫡姐下药的南宫昊空一夜贪欢，怀上了一对萌宝。
被家族抛弃，被嫡姐追杀，连孩子的父亲都不知道自己的存在
饱经磨难生下孩子，却被分隔两地
她阮梦晨决定歃血归来，拨开母亲身份的迷雾
抢回孩子，抢回老公！
一不小心还当了个女君......",1,ct-v1-rebirth|rebirth|重生|重生
nrv_978d5354407b96122c7a0bc2,"[""RAW_LANGUAGE_SCOPE_V1"",""[\""number\"",\""3\""]"",[""string"",""英语""]]",TAKING THE DEMON'S MATE,"Arlen, ""Luca... On the first day I laid eyes on you, my world saw light...but to fall in love with an alpha who wants me dead, how cruel can the heavens be?""

Luca, ""I bound a rope around your wrist and dragged you across mountains as my prisoner. Yet in truth, you are the one holding my heart hostage.""

Luca Beaumont has to take a different captive when he fails to kill Arlen Braddock, the immortal heir of Ingram. What he does not know is that the omega he kidnapped, Julius, is not who he says he is. 
The journey back home is shrouded in unforeseen circumstances that challenge Luca's views about this mysterious omega.
As five kingdoms wage war against demons, he slowly learns that the outcome hangs on the omega's neck. Will the first son of the Beaumont house willingly surrender the captive to his Clan when he crosses the line between love and duty?

",3,ct-v1-tragic-ending|tragic-ending|悲剧结局|be ;; ct-v1-heir|heir|继承人|heir ;; ct-v1-happy-ending|happy-ending|圆满结局|he
nrv_981b62087f6cfb8c2e6f7a10,"[""RAW_LANGUAGE_SCOPE_V1"",""[\""number\"",\""3\""]"",[""string"",""英语""]]",TO SATE AN ALPHA'S FURY,"A modern chef trapped in an ancient blood feud, must choose between the timeline she knows and the Alpha she loves before history repeats itself.

Can a woman from the future rewrite a destiny written in blood, or is she just the final meal for an Alpha king marked for the grave?
",2,ct-v1-contemporary-setting|contemporary-setting|当代背景|modern ;; ct-v1-chef|chef|厨师|chef
nrv_98bd8f68551ea78a5b6a2baf,"[""RAW_LANGUAGE_SCOPE_V1"",""[\""number\"",\""9\""]"",[""string"",""日语""]]",浮気夫と悪女に鉄槌を：天才令嬢の完全なる復讐,"夫が息子の家庭教師と熱烈にキスをする映像を、私は無表情で見つめていた。

私が腹を痛めて産んだ息子すらも、大勢の前で私を拒絶し、愛人の腕に飛び込んだのだ。

さらに私を地獄へ突き落としたのは、唯一の味方だと思っていた姑の言葉だった。

「梓の心臓ではいつ倒れるか分からない。あの女に伊藤家の跡継ぎを産ませ、梓は追い出すのよ」

夫も、息子も、姑も、全員がグルだった。彼らは私を病弱な操り人形と見下し、私の財産を奪い尽くす計画を立てていた。

魂の底から湧き上がる、灼けつくような怒り。彼らが私に与えた苦しみを、絶対に許さない。

私は本棚の奥から暗号化された通信端末を取り出し、「理事官」にメッセージを送信した。

彼らは知らない。私がただの従順な妻ではないことを。奪われた全てを取り戻し、骨の髄まで代償を支払わせてやる。",1,ct-v1-family|family|家庭|家庭
nrv_99a173481ff30ced0cf8b7e8,"[""RAW_LANGUAGE_SCOPE_V1"",""[\""number\"",\""5\""]"",[""string"",""葡语""]]","Minha Vingança, Nosso Recomeço","O cheiro de desinfetante e o 'bip' constante da máquina.

Na TV da enfermaria da prisão, o repórter falava de mim, Lucas, o promotor que matou a própria filha.

Minha Sofia. Meu mundo. Destruído pelas mãos de Isabella, a mulher que amei, e de Dona Ana, minha própria mãe.

Elas forjaram as provas, me drogaram, e eu fui condenado por um crime que não cometi.

Senti o veneno que injetei subir pelas minhas veias, um fim solitário e injusto.

Mas, de repente, uma luz! Um grito metálico!

E eu abri os olhos.

Estava de volta. Três anos no passado, no dia em que tudo começou.

Meu celular vibrou: Isabella. A mesma ligação fatídica.

Dessa vez, não.

A raiva me consumia, mais forte que a morte. Eu não era mais a vítima. Eu era o carrasco.

Quando Isabella veio com suas mentiras sobre Sofia, agarrei seu pescoço.

""Você não vai tocar na minha filha. Não de novo.""

Soltei-a, mas a fúria ardia.

Na delegacia, minha mãe fez seu show de preocupação, mas eu sabia.

Ela era parte da conspiração.

Na cela fria, eu não sentia desespero. Sentia sede de justiça.

Eu seria a espada.

O jogo tinha virado.

Eu era o caçador.",1,ct-v1-crime|crime|犯罪|crime
nrv_9a3c4011848ae7aca73d68ed,"[""RAW_LANGUAGE_SCOPE_V1"",""[\""number\"",\""20\""]"",[""null""]]",禁地扮演：隊友龍捲白月魁,"藍星資源枯竭，人類瀕臨滅絕，國運禁地降臨。
每個國家挑選三人進入禁地，選手與國家綁定，所獲得的資源將百倍具現於現實。
龍國三名選手：綠色捲髮蘿莉，腳踩恨天高的白髮花瓶女，以及一個頭戴奶牛帽子，手上滿是紋身的不良青年！
看到代表本國的三名選手，幾億龍國觀眾直接傻眼。
""小蘿莉，花瓶，不良青年？天要亡我龍國啊！""
其他國家紛紛嘲諷龍國氣運已盡。
然而，隨著時間的推移，人們發現，小蘿莉可騰空操縱萬物，念動力碾壓一切，白髮花瓶手持銀月唐刀殺敵如麻，猶如女武神！
最為恐怖的是那個自稱死亡外科醫生的不良青年，手指轉動間，竟能……",1,ct-v1-horror|horror|恐怖|恐怖
nrv_9acae3b72f250350c956aa0b,"[""RAW_LANGUAGE_SCOPE_V1"",""[\""number\"",\""4\""]"",[""string"",""西语""]]","Sus esposas, su traición, su redención","Como único heredero de la dinastía Garza, me presentaron tres propuestas de matrimonio. Eran de las hijas de las familias más poderosas de Monterrey: Karla, Daniela y Jimena, mis amigas de la infancia, a quienes había amado toda mi vida.

Pero mi vida se convirtió en una serie de tragedias. Me casé con ellas, una por una, y una por una, murieron protegiendo al mismo hombre: Javier Cienfuegos, el hijo del administrador de nuestra hacienda.

En su lecho de muerte, mi tercera esposa, Jimena, me confesó la devastadora verdad.

—Nosotras solo amamos a Javier.

Me dijo que se casaron conmigo por mi poder, usando el apellido Garza como un escudo para mantener a salvo y en sus vidas a su amante de baja clase.

Mis matrimonios, sus muertes… todo fue una mentira. No fui un esposo; fui un guardaespaldas, un pendejo cornudo en su trágico romance.

Pasé toda una vida como un personaje secundario y morí viejo, solo, con la lástima de la ciudad como única compañía. Mi vida entera había sido una broma cruel, y yo era el remate.

Hasta que abrí los ojos de nuevo.

Tenía veinticuatro años, de pie frente a mis padres, con las mismas tres cajas de terciopelo sobre la mesa.",1,ct-v1-romance|romance|言情|romance
nrv_9ae5a9553dca6b405734f29f,"[""RAW_LANGUAGE_SCOPE_V1"",""[\""number\"",\""5\""]"",[""string"",""葡语""]]",A Vilã Que Reescreveu o Destino,"Sofia Teixeira, uma estudante talentosa, acorda em um pesadelo.

Após um acidente de carro, ela se vê no corpo da vilã de um romance que lia, Sofia Oliveira.

Uma festa drogada, e nos olhos de Leonardo Mendes, o herói, apenas desprezo.

Sua nova vida é um turbilhão de armadilhas.

Bianca, a falsa irmã, e a tia Valéria não dão trégua, com sabotagens e acusações.

Desde roubo de joias até falsas quedas e rumores vis de aborto e ligações criminosas, a reputação de Sofia é destruída.

Leo, seu carrasco na vida real, parece odiá-la com todas as forças, uma dor que a consome.

Mas, ironicamente, ele é o ""Escritor das Sombras"" e a ""Artesã das Gerais"", um admirador secreto de sua arte e alma.

Como pode um homem desprezá-la tão abertamente e admirá-la tão profundamente?

Presa em um corpo que não é seu, e em uma teia de mentiras e injustiças, Sofia se sente isolada e mal compreendida.

Será que a vilã está condenada a um fim trágico?

Ou será que Sofia, com sua coragem e talento inegáveis, vai desmascarar a farsa de Bianca e encontrar seu próprio caminho?

Chegou a hora de reescrever o destino, mesmo que o Capitão Mendes demore a entender a verdade.",1,ct-v1-romance|romance|言情|romance
nrv_9d0e6dcdc2111ef4837ba7b6,"[""RAW_LANGUAGE_SCOPE_V1"",""[\""number\"",\""19\""]"",[""null""]]",love的紫藤园,"池恩宁为了寻找记忆中的薰衣草天使来到这个海边的小镇，机缘巧合下，他应聘成为紫藤园的园艺工人，并与紫藤园的小姐“玫瑰小姐”白书沫结识。
此时，紫藤园的另一位园艺工人严俊熙出现，他竟然还是有名的贵族学院枫伊学院的学生。在这美丽的紫藤园中，可爱的小姐与这两位“长工”会发生怎样的故事呢？
人生太闲，青春太短，决定忠实于感情的他们在枫伊进入枫伊学院后又将迎来怎样的风雨，又将续写怎样的故事？
青葱岁月：请欣赏第Ⅰ卷  庄园篇
青春校园：请观看第Ⅱ卷  学园篇——情动枫伊
都市爱情：请移驾第Ⅲ卷  枫伊篇——岁月静好",2,ct-v1-campus|campus|校园|校园 ;; ct-v1-student|student|学生|学生
nrv_9d3c5e3b6e71dc51b5a75dd2,"[""RAW_LANGUAGE_SCOPE_V1"",""[\""number\"",\""3\""]"",[""string"",""英语""]]",A Devil's Deal With Mafia Tycoon,"I found out my husband of three years had cheated on me and his mistress is the one who told me-because he didn't have the balls to do it himself.

I move out and get a new apartment, a job as a bartender, and try to move on with a broken heart. I wonder where it all went wrong, if I hadn't been enough for him, if I'd been stupid for marrying him in the first place.

I'm at work one night when he walks inside-the most beautiful man I've ever seen. He sits at the bar and a forest fire burns between us. I was depressed the moment before he entered, but the second I look at his blue eyes, I forget the dumpster fire that my life has become. I invite him back to my place and it's the most passionate night of my life. I expect to never see him again.

I just want him as an anti-depressant-but he wants me all to himself. I just got my heart ripped out of my chest so I want something easy and no-strings-attached, but he wants all the strings because he's hooked.

I don't get much of a say in the matter, and that's not surprising when I learn why-because he's the Butcher. The crime lord of all crime lords, the boss that overshadows all of Paris, that makes everyone abide by his rules-or pay.
And now I'm his.
",3,ct-v1-crime|crime|犯罪|crime ;; ct-v1-broken-heart|broken-heart|失恋创伤|broken heart ;; ct-v1-happy-ending|happy-ending|圆满结局|he
nrv_9e144252eedb4187906722ad,"[""RAW_LANGUAGE_SCOPE_V1"",""[\""number\"",\""9\""]"",[""string"",""日语""]]",アルファの望まぬオメガの妙薬,"三年間、私はアルファであるカイレンの秘密だった。
銀毒の呪いに蝕まれ、地獄の苦痛に苛まれる彼の身体を癒せるのは、私の肌の温もりだけ。
彼は約束した。
私が二十五歳になる誕生日までに運命の相手が見つからなければ、私を選んでくれると。

そして迎えた、二十五歳の誕生日。
彼は、別の女を連れて帰ってきた。
ペントハウスの鍵を返すよう冷たく要求し、ベッドの上に限度額のないクレジットカードを放り投げた。

「君の働きに対する対価だ」

彼の新しい恋人、リラは、人を操る天才だった。
彼女に誘拐犯の濡れ衣を着せられたとき、カイレンは自白を引き出すため、病気の母を沼で溺れさせようとした。
彼女の祖母を突き飛ばしたと再び濡れ衣を着せられたとき、彼は群れの全員の前で私を平手打ちし、跪けと命じた。

かつて私を守ってくれた男が、なぜ狡猾な女狼に目を眩まされ、私を最も苦しめる存在になったのか、理解できなかった。

決定打となったのは、彼の呪いが再発したときだった。
彼は私に無理やり体を求めようとし、リラが部屋に入ってきた途端、私が彼を陥れようとしたと非難した。
その日、私は私たちの絆を断ち切り、ライバルの群れへと去った。
そこでは、幼馴染で――私にとって再会の運命の相手である彼が、六年間もの昏睡状態から目覚めたばかりだった。",1,ct-v1-genius|genius|天才|天才
nrv_9e65360831641648f8725135,"[""RAW_LANGUAGE_SCOPE_V1"",""[\""number\"",\""19\""]"",[""null""]]",穿书后我嫁给病娇大佬,"简介：
人家穿越你也穿越，可妥妥的妹子一枚，穿进男频文里是怎么回事？
还是个虐男主，辱男主，最终不得好死的女配？
呵呵，呵呵……
惹不起我还躲不起了？
宋怀真一字真言：逃！
齐少元双眼泛红：真真，你不要我了吗？
宋怀真咽下口水：别，你别这样，我害怕……
妈妈，我想回家！",2,ct-v1-male-audience|male-audience|男性向|男频 ;; ct-v1-time-travel|time-travel|穿越|穿越
nrv_a0ba2794ea63d035851a6cf1,"[""RAW_LANGUAGE_SCOPE_V1"",""[\""number\"",\""11\""]"",[""string"",""印尼""]]",Cachtice Castle : Blood Countess de Ecsed,"Kisah ini dituliskan dengan latar belakang sejarah seorang wanita bangsawan kelas atas pada abad ke-15 di Eropa Timur, saat ini  letak Cachtice Castle berada di dekat kota Bratislava, Slovakia. 

Tokoh-tokoh nyata yang berada dalam sejarah seperti Elizabeth Bathory de Ecsed, Raja Matyas, Gyorgy Thurzo, dll., berdampingan dengan tokoh fiksi seperti Benca, Lorant, Arpad, Ivett, Gustav, dll. 

Atas laporan dari berbagai pihak termasuk pendeta Lutheran Istvan Magyari, serta saksi-saksi lain, Raja Matyas memerintahkan Gyorgy Thurzo untuk melakukan penyelidikan terhadap Countess Elizabeth Bathory de Ecsed, dia dinyatakan bersalah, termasuk mereka yang membantu kegiatan pembunuhan gadis-gadis muda secara sadis tersebut.

Dorka (Doratia Dentez), Anna Darvula, juga suster Illona Joo dan Johanness Ujvari, mendapatkan hukuman mati dari Raja Matyas, sedangkan Countess Elizabeth Bathory de Ecsed yang berstatus bangsawan, memiliki kekebalan terhadap hukuman mati. Maka dia ditahan di dalam kastilnya sendiri dengan hanya diberi sedikit celah untuk bernafas, dan makanan.

Pada 21 Agustus 1614, Countess Elizabeth Bathory de Ecsed, meninggal dunia, ditandai dengan makanan yang tidak disentuhnya sama sekali. Maka setelah diperiksa, Countess Elizabeth Bathory de Ecsed, ditemukan sudah tidak bernyawa. Hingga saat ini, Countess Elizabeth Bathory de Ecsed, sering disebut sebagai Blood Countess, atau putri berdarah yang disinyalir telah membunuh lebih dari 600 gadis perawan dalam upayanya untuk menjadi tetap muda belia, dengan melakukan ritual mandi darah gadis perawan.

Kisah kekejaman maupun kegiatan ritual sex bebas yang dilakukan di dalam kastil Countess Elizabeth Bathory de Ecsed, tercatat dalam sejarah kelam Roman Empire di Hongaria. Namun kisah ini hanyalah fiksi dengan latar belakang kekejaman sang putri berdarah yang menjadi inspirasi terhadap kisah vampire di Eropa.

",1,ct-v1-vampire|vampire|吸血鬼|vampire
nrv_a0e7a41057c7080f000832f1,"[""RAW_LANGUAGE_SCOPE_V1"",""[\""number\"",\""6\""]"",[""string"",""法语""]]",Quand le Sucre Cache la Trahison,"J'étais Élodie, pétrie de talent, au sommet de ma carrière de pâtissière. Le concours du Meilleur Ouvrier de France devait être le couronnement de mes années de dévouement. Mon chef-d'œuvre de sucre et de chocolat, fruit de mes rêves, attendait les juges.

Mais ce jour de gloire s'est transformé en cauchemar absolu. Un juge a goûté ma création, puis il s'est fige. Son visage est devenu rouge, puis bleu. Il s'étouffait, asphyxié.

Le chaos a éclaté. J'ai été accusée de fraude et de mise en danger de la vie d'autrui pour un allergène non déclaré retrouvé dans ma pièce montée. Bannie de ma profession, livrée à l'opprobre public. Mon propre père, sans un regard en arrière, m'a reniée publiquement.

Laurent, mon mari, et Camille, mon apprentie adorée, l'air affligé, ""me soutenaient"" dans ma chute. Cinq années de misère, de petits boulots et de larmes ont suivi. J'étais une paria.

Pourquoi moi ? Qui aurait eu une telle cruauté ? Je m'accrochais à l'illusion du soutien de mon mari, de mon fils Théo et de Camille, me disant que j'étais forte.

Jusqu'à cette nuit où la vérité, brutale, m' a giflée en pleine face. Une vidéo sur une tablette. Mon fils Théo, enfant, demandant : « Papa, est-ce que tante Camille était contente que je sabote le dessert de Maman pour qu'elle gagne ? » Et la réponse cinglante de mon mari : « Ta mère est égoïste. Elle a eu ce qu'elle méritait. »

Mon monde s'est effondré. Mon fils. Mon mari. Camille. Ceux que j'aimais le plus m'avaient regardée souffrir pendant cinq ans, alors qu'ils étaient les architectes de ma destruction. La douleur a embrasé une rage vengeresse glaciale.",1,ct-v1-chef|chef|厨师|chef
nrv_a16fefd3a7611cda3402bc8c,"[""RAW_LANGUAGE_SCOPE_V1"",""[\""number\"",\""3\""]"",[""string"",""英语""]]",Charlie's Mysteries,"“There was this brouhaha at school. They found the body of a student Dad. She was in the library and her throat had been slit. However, there did not appear to be any other marks on her body or any other clue. I am scared Dad.” ",2,ct-v1-student|student|学生|student ;; ct-v1-tragic-ending|tragic-ending|悲剧结局|be
nrv_a1b97afdf029c3b987e8a86d,"[""RAW_LANGUAGE_SCOPE_V1"",""[\""number\"",\""3\""]"",[""string"",""英语""]]",Becoming an Israeli,"Jemma is a being without origin until she becomes an Anigal and is the only daughter of business moguls. She has more than an identity but is she cut out for this?


Israel isn't the most comprehensive but isn't a dullard either. He is smart enough to know when his other half crosses his path with her thick afro, brown skin and a mighty sass and ass.


 Life would finally have some spice.",1,ct-v1-happy-ending|happy-ending|圆满结局|He
nrv_a3b87fa180c704691f50516b,"[""RAW_LANGUAGE_SCOPE_V1"",""[\""number\"",\""19\""]"",[""null""]]",重生后黑化，皇叔轻点宠,"封家贵女，尊世子妃之位，却被落了个夫君宠妾毒妻、身痴子亡的下场！
睁开眼，她是白家痴傻嫡女，受尽世人欺辱、唾弃与残害！
去侯府参加自己葬礼，没想到，璟王带着凯旋的将士来抢她的棺椁！
顺着灵柩带走的，还有一封为她求得的休书！
白英华藏在暗处，咬牙迈进，她要把一笔笔血债亲手讨回来！
当年草长莺飞，纸鸢提诗，却误了一段姻缘。
今生，顾璟云手指寸寸拂过她的面容：“祝你，千秋为凰。祝我，得偿所愿！”",1,ct-v1-legitimate-daughter|legitimate-daughter|嫡女|嫡女
nrv_a3e3da186d45a5ee9ec72e32,"[""RAW_LANGUAGE_SCOPE_V1"",""[\""number\"",\""3\""]"",[""string"",""英语""]]","My Life, Their Show","My life was simple. I worked double shifts at a greasy diner, aching from cleaning. I handed over every cent to my supposedly struggling parents. I believed their stories about hardship. I believed in my mom's messy divorce. I believed my sister lived far away. This was my duty.

Then, strange comments started flashing in my vision. They were like overlays on a screen. ""LOL, he's not even trying to hide it anymore."" My world spun. ""Her 'dad' is an actor."" Was my whole life a social experiment?

The truth hit harder than any physical blow. My ""broke"" family lived in a mansion. They were raking in money from my misery. My sister, Jessie, whom I thought was miles away, was complicit. She deliberately lured me into a trap. I was mugged. My arm was broken. My college dreams were shattered. Their betrayal was undeniable, a physical ache.

How could they? How could my own family turn my entire existence into a performance? They profited from my pain and poverty for strangers. The coldness that settled in me was absolute. Every act of kindness, every sacrifice, had been a lie.

Their cruel show demanded I stay trapped. They even tried to buy my silence. They offered me luxury if I covered for Jessie. They thought I was still their 'manageable' victim. But they were wrong. With a hidden recording and newfound resolve, I looked them in the eye. I demanded my freedom. This wasn't just my story anymore; it was my fight.",3,ct-v1-betrayal|betrayal|背叛|betrayal ;; ct-v1-entertainment-industry|entertainment-industry|娱乐圈|actor ;; ct-v1-divorce|divorce|离婚|divorce
nrv_a4881f624916b202370ff436,"[""RAW_LANGUAGE_SCOPE_V1"",""[\""number\"",\""19\""]"",[""null""]]",不死战帝,"[最火新书]
美女一箩筐。
一次穿越，成就一段传奇。
大学生龙寒毕业后成为一名程序猿，一次偶然机会穿越到了武者的世界，为了探寻这个未知的世界，他一步步的走上了不死战帝的巅峰！",2,ct-v1-student|student|学生|学生 ;; ct-v1-time-travel|time-travel|穿越|穿越
nrv_a4b6858007f1454a5d5799a8,"[""RAW_LANGUAGE_SCOPE_V1"",""[\""number\"",\""5\""]"",[""string"",""葡语""]]",Mais que uma Vingança: Um acordo bilionário,"Victor Corte Real, um bilionário ambicioso e calculista, cruzou o caminho de uma jovem que estava à beira do desespero. Sem ter para onde ir com a irmã caçula, Clarice foi encurralada por seus problemas financeiros e acabou recebendo uma proposta tentadora:
- Um casamento por conveniência? - Clarice arqueou a sobrancelha, incrédula.
- Estou oferecendo uma solução para os seus problemas! - Mantendo o semblante austero, Victor salientou. 
- Tem certeza disso? - Ela sustentou seu olhar. 
- Mas não se iluda, isso não tem nada a ver com amor.
O que começou com um acordo bilionário logo se transformou em um jogo de poder, no qual traições, segredos e algo mais do que uma vingança podem mudar o destino dos dois.
O casamento por conveniência pode acabar revelando muito mais do que ambos planejavam.

❛ ━━━━･❪ ❁ ❫ ･━━━❜

Este romance é uma adaptação do livro Entre o Amor e o Ódio da autora Yana Shadow. 
O livro contém cenas para +18. Aprecie sem moderação!
",1,ct-v1-romance|romance|言情|romance
nrv_a5885fab0e58f98d8eb3fcb2,"[""RAW_LANGUAGE_SCOPE_V1"",""[\""number\"",\""19\""]"",[""null""]]",系统之学霸重来,"学渣重生变学霸，男神打包带回家！
男神你走开，只要不打扰我学习，晚上我就让你嘿嘿嘿～
",1,ct-v1-rebirth|rebirth|重生|重生
nrv_a62522edfdf16dcd6b146a3a,"[""RAW_LANGUAGE_SCOPE_V1"",""[\""number\"",\""3\""]"",[""string"",""英语""]]",Something Beautiful,"Jayden is a typical bad boy who just wants to sleep with all girls in school until he falls in love with Tolani, a girl he has always disliked but then, Tolani is his best friend's girlfriend.",1,ct-v1-happy-ending|happy-ending|圆满结局|he
nrv_a6fdb153947b5973c6bfa5fc,"[""RAW_LANGUAGE_SCOPE_V1"",""[\""number\"",\""20\""]"",[""null""]]",最強背黑鍋系統,"什麼！仙皇被殺？老子幹的！
　　
　　靈丹妙藥被偷？我就是那個小偷！
　　
　　聽說前些天一位美若天仙的仙子內衣被偷了，是的沒錯，就是老子幹的！
　　
　　打穿越到玄幻世界，主角就一直在背黑鍋，玄幻世界所有的壞事都是他幹的。
　　
　　什麼？找我背黑鍋？先拿點靈丹妙藥來再說，順便我再完成一下系統的任務，這個鍋，我背了。
　　
　　總有一天，我唐天要成為玄幻世界的背黑鍋之王，但是所有人都對我奈何不得！",1,ct-v1-time-travel|time-travel|穿越|穿越
nrv_a75d068da2d163510b8425de,"[""RAW_LANGUAGE_SCOPE_V1"",""[\""number\"",\""20\""]"",[""null""]]",絕代靈帝,"天才少年慘遭意外，
可誰知因禍得福，開啟傳奇人生，
除惡霸，救美女，
煉仙丹，盜仙器，
當驚天陰謀浮出水面，
一個個強敵陸續出現，
等待他的又是一個怎樣的場面......",1,ct-v1-genius|genius|天才|天才
nrv_aa57bee302f9a5e47f7a77de,"[""RAW_LANGUAGE_SCOPE_V1"",""[\""number\"",\""6\""]"",[""string"",""法语""]]",Fragments d'un Amour Brisé,"Dans un mariage arrangé dicté par les affaires familiales, Célestine découvre peu à peu des sentiments sincères pour Heath, son mari distant et mystérieux. Malgré son indifférence, elle s'accroche à leurs instants d'intimité et choisit de croire en lui, même quand les rumeurs de tromperies se multiplient. Mais le vernis se fissure brutalement lorsque sa meilleure amie lui apporte des preuves irréfutables : Heath mène une double vie. Entre amour aveugle et doute déchirant, Célestine voit son univers commencer à vaciller.
La vérité éclate d'une manière brutale : surprise en plein flagrant délit, Heath avoue qu'il ne l'a jamais aimée et réclame le divorce. Brisée, Célestine retourne chez son père et tente de recoller les morceaux de sa vie, portée par l'amitié indéfectible de Kate. Un voyage à Hawaï devient alors le point de départ d'une nouvelle page : elle y rencontre Paul, un homme attentionné qui lui redonne confiance et espoir. Lentement, elle se reconstruit, jusqu'à envisager un avenir radieux auprès de lui, loin des fantômes de son passé.
Mais le destin n'en a pas fini avec elle. Au moment où son bonheur semble enfin assuré, Heath réapparaît de façon spectaculaire, prêt à tout pour la reconquérir. Son retour inattendu plonge Célestine dans un tourbillon de confusion : entre un amour brisé, des blessures encore vives et un fiancé qui l'aime sincèrement, elle se retrouve prisonnière d'un triangle dangereux. Le passé va-t-il reprendre ses droits, ou choisira-t-elle de se tourner définitivement vers l'avenir ?",1,ct-v1-divorce|divorce|离婚|divorce
nrv_abc71ce6ca37410dc33caeb9,"[""RAW_LANGUAGE_SCOPE_V1"",""[\""number\"",\""11\""]"",[""string"",""印尼""]]",Dari Omega yang Ditolak menjadi Ratu Raja Alpha,"Pasangan takdirku, Raditya, dan aku sedang mempersiapkan Upacara Ikatan Suci kami, sebuah sumpah di hadapan Dewi Bulan yang akan mengikat jiwa kami untuk selamanya.

Tapi sebuah pesan batin menghantam benakku—sebuah kenangan yang dijadikan senjata, dikirim oleh saudari angkatnya, Eva. Di dalamnya, Eva bergelung manja dalam pelukan Raditya sementara orang tuanya, sang Alpha dan Luna, tersenyum penuh restu.

Selama dua minggu berikutnya, aku dipaksa memainkan peran sebagai mempelai Omega yang memuja. Dia akan berbohong tentang ""urusan darurat kawanan"" untuk berlari menemuinya, meninggalkanku sendirian di butik gaun pengantin sementara Eva mengirimiku penglihatan tentang perselingkuhan mereka.

Orang tuanya merampas proyek yang telah kucurahkan jiwa dan ragaku selama dua tahun, memberikannya pada Eva sebagai hadiah. Mereka menyebutku Omega berdarah lemah, tidak pantas untuk putra mereka.

Sementara itu, Eva mengirimiku rekaman audio Raditya yang berjanji padanya bahwa Eva-lah yang akan mengandung pewarisnya yang kuat, bukan aku.

Mereka semua mengira aku adalah pion menyedihkan yang bisa dibuang kapan saja dalam permainan licik mereka. Mereka menungguku hancur.

Mereka tidak tahu bahwa aku diam-diam adalah pewaris kawanan paling kuat di benua ini. Dan aku sudah mengatur agar Upacara Ikatan Suci kami disiarkan secara global, mengubah hari sakral mereka menjadi panggung untuk penghinaan terbesar mereka.",1,ct-v1-werewolf-luna|werewolf-luna|Luna（狼人女首领）|Luna
nrv_abd7b81fe8c316e29c4048c6,"[""RAW_LANGUAGE_SCOPE_V1"",""[\""number\"",\""4\""]"",[""string"",""西语""]]",Entre telas y secretos,"Victoria Ríos es una de las mujeres más poderosas del mundo de la moda. CEO de Maison Ríos, un imperio construido con elegancia, perfección y exigencia absoluta, es admirada, temida y envidiada. Pero detrás de su imagen impecable, hay una mujer embarazada, agotada, sola y atrapada en un mundo donde hasta el aire parece tener precio.

Una noche, harta del control y del encierro de su equipo de seguridad, Victoria escapa. Cambia sus tacones por zapatillas y se pierde entre las calles anónimas de la ciudad. Termina embriagada en un bar cualquiera y despierta al amanecer recostada junto a un vagabundo en un parque olvidado por el lujo. Sin preguntas, sin juicios, él le ofrece algo que nadie le había dado en mucho tiempo: paz.

Esa noche, que parecía insignificante, desencadenará una serie de eventos inesperados. Porque ese hombre, envuelto en mantas y silencio, guarda secretos que podrían derrumbar o redirigir el rumbo de la vida de Victoria. Y cuando el pasado y el presente se mezclen, cuando el poder y la vulnerabilidad choquen, ambos descubrirán que a veces lo más valioso se encuentra justo donde nadie mira.
",1,ct-v1-wealthy-ceo|wealthy-ceo|豪门总裁|CEO
nrv_ac116004d851add02c91727d,"[""RAW_LANGUAGE_SCOPE_V1"",""[\""number\"",\""11\""]"",[""string"",""印尼""]]",Dia Memilih Anak Rahasianya Daripada Calon Anak Anjing Kami,"Kupikir pernikahanku yang sudah berjalan lima tahun dengan Emilio, seorang CEO perusahaan teknologi, adalah pernikahan yang sempurna. Akulah arsitek dari kehidupan indah kami, menunda karierku yang gemilang demi mendukungnya mencapai puncak.

Ilusi itu hancur berkeping-keping saat sebuah email muncul di layarnya: undangan untuk pembaptisan putranya. Seorang putra yang tidak pernah kuketahui keberadaannya, dengan seorang selebgram sebagai ibunya.

Perselingkuhan itu terungkap di depan umum saat sebuah pesta gala yang diadakan untuk menghormatiku. Bocah laki-laki itu berlari ke arah Emilio, memanggilnya ""Ayah"" dan menuduhku mencoba merebutnya. Untuk melindungi putranya, Emilio mendorongku. Aku terjatuh, kepalaku terbentur, dan saat aku sadar di ranjang rumah sakit, aku mendengar kabar bahwa aku telah keguguran bayi yang baru saja kuketahui ada di dalam kandunganku.

Dia tidak pernah datang. Dia meninggalkanku yang bersimbah darah di lantai demi menenangkan putra dan selingkuhannya, mengabaikanku, pernikahan kami, dan anak kami yang telah tiada tanpa menoleh sedikit pun.

Beberapa hari kemudian, selingkuhannya mengirim beberapa orang untuk menghabisiku. Mereka mendorongku dari tebing ke dalam air yang bergolak di bawah. Tapi aku selamat. Aku membiarkan dunia percaya bahwa aku sudah mati saat aku menerima beasiswa arsitektur bergengsi di Zurich. Sudah waktunya bagi Elana Thomas untuk mati, agar aku akhirnya bisa hidup.",1,ct-v1-wealthy-ceo|wealthy-ceo|豪门总裁|CEO
nrv_ac1aefb6dd6bf41ba6f6b413,"[""RAW_LANGUAGE_SCOPE_V1"",""[\""number\"",\""20\""]"",[""null""]]",棄後也搶手：第一皇后,"她是一名獲獎的設計師，葉蘭玲。陰差陽錯無意間按動機了獎盃上的機關而穿越，醒來時發現自己是丞相之女賀蘭靈，先是遇到一個逼婚的老爹，又遇到一個冷面皇帝，大婚之夜她便被打入冷宮，以後的日子她該何去何從？
他是一代帝王，佐源。冷傲、霸道，政治婚姻的束縛讓他對這個皇后心生厭惡，與皇后大婚之夜將皇后打入冷宮，不讓任何人與她交往以與世隔絕枯寂的生活來懲罰皇后……
他是一個太子 ，方天戟。英俊瀟灑，溫潤爾雅，國家裡的所有女人都為他而傾倒，面對女人們的投懷送抱，他並不介意，但沒有一個是他真正喜歡……
他是一代毒王，舍翎子。施毒無數，練習的起源卻是因為家族的仇恨……
三個男人一台戲，當這四個人的感情交織在一起又會上演怎樣的大戲？",3,ct-v1-crown-prince|crown-prince|太子|太子 ;; ct-v1-emperor|emperor|皇帝|皇帝 ;; ct-v1-time-travel|time-travel|穿越|穿越
nrv_acb2e3d7b93fdedb433aaf60,"[""RAW_LANGUAGE_SCOPE_V1"",""[\""number\"",\""5\""]"",[""string"",""葡语""]]",Submisso Ao Seu Amor,"Vendo o namorado flertando com outra mulher, Gabrielle não conseguiu conter a raiva e o enfrontou. Na disputa, ela foi empurrada para trás e prestes a cair. No entanto, ela caiu num abraço quente envolvendo suas costas e um perfume familiar de perfume.
O homem que a segurou era Alston, o CEO da empresa onde ela fez uma entrevista. 
Ela pensou que era o primeiro encontro deles, mas era o reencontro para ele. Ele estava sentindo falta dela há anos.
Agora que ele tinha outra chance de tê-la, ele nunca a deixaria ir dessa vez.",1,ct-v1-wealthy-ceo|wealthy-ceo|豪门总裁|CEO
nrv_acbda11414a632a97d263e06,"[""RAW_LANGUAGE_SCOPE_V1"",""[\""number\"",\""20\""]"",[""null""]]",養狐爲妃：高冷攝政王夫君,"東晉攝政王冰顏玉姿，風華傾世，據說愛慕他的女子可繞東晉皇城三圈有餘！ 東晉攝政王位高權重，喜怒無常，據說某只幼狐闖入他的浴池居然沒死！ 東晉攝政王身有潔癖，不沾女色，據說唯獨寵愛那只幼狐，甚至抱狐睡覺！ 賊老天！你坑姐！姐是人啊！卻讓姐穿越成狐整天被美男調戲玩耍？ 既然如此，姐就吃你、喝你、用你、玩你、睡你……
",1,ct-v1-time-travel|time-travel|穿越|穿越
nrv_ad43e5cfc00d3569191bafea,"[""RAW_LANGUAGE_SCOPE_V1"",""[\""number\"",\""8\""]"",[""string"",""意大利语""]]",Ho nascosto il suo erede al mio Alpha,"Per due anni sono stata la moglie segreta e disprezzata dell'Alpha Demetri, unita a lui solo da un matrimonio di dovere. Proprio quando ho scoperto di essere incinta del suo erede, credevo che il nostro legame potesse finalmente diventare reale.

Ma prima che potessi mostrargli il referto medico, il suo primo amore, Isadora, è tornata nel branco. Lui mi ha abbandonata quella stessa notte, portandola a vivere sotto il nostro stesso tetto e impregnando i suoi vestiti del profumo di lei.

Per strada, Isadora si è gettata di proposito dalla sua sedia a rotelle, urlando e incolpandomi di averla spinta.

Senza farmi mezza domanda, Demetri ha scatenato la sua furia da Alpha e mi ha scaraventata violentemente contro una ringhiera di ferro.

Mentre il sangue iniziava a colare tra le mie gambe e un dolore lancinante mi squarciava il ventre, lui l'ha sollevata con infinita dolcezza, lanciandomi uno sguardo carico di odio puro.

""Se le succede qualcosa, ti distruggerò.""

Giacevo sul cemento freddo, lottando per non perdere il nostro bambino, mentre guardavo mio marito allontanarsi con la donna che amava davvero. Perché la Dea della Luna mi aveva incatenata a un compagno che era pronto a uccidermi pur di proteggere le bugie della sua amante?

Quando mi sono svegliata nella clinica, con il battito del mio cucciolo miracolosamente ancora intatto, l'ultima brace di speranza si è trasformata in cenere. Ho strappato le prove della mia gravidanza, ho bloccato il nostro legame mentale e ho deciso di fuggire per sempre.",1,ct-v1-werewolf-luna|werewolf-luna|Luna（狼人女首领）|Luna
nrv_add0af722cd03ab2a12f70a4,"[""RAW_LANGUAGE_SCOPE_V1"",""[\""number\"",\""19\""]"",[""null""]]",狂暴升级系统,"沧澜大陆，万灵修武
成道者，碎星河，破苍穹，动乾坤。
地球的游戏天才秦霜因怒摔键盘而被电死，魂穿异界，获升级系统辅助，千百万部小说主角的技能任挑选。自此，搅风云，弑天骄，战万族，傲视天地。
这是一条狂暴的升级之路……",1,ct-v1-genius|genius|天才|天才
nrv_ae1de435cf6d90a88dffa212,"[""RAW_LANGUAGE_SCOPE_V1"",""[\""number\"",\""4\""]"",[""string"",""西语""]]",Siempre serás mía,"Alexander regresó a Río de Janeiro después de cinco años viviendo en Francia. El CEO se sorprendió al encontrar a su ex con un hijo. Nicole no estaba preparada para un enfrentamiento con Alexander. Durante años, ella cuidó al pequeño Alex y se ocupó del trabajo con la esperanza de escapar del pasado. Sin embargo, el destino le devolvió lo que aún trataba de olvidar. Después de años de no saber nada del hombre que la abandonó, ella no reveló los motivos que la llevaron a ocultar la existencia del niño.
En busca de la verdad, el Doctor Alexander Bittencourt intenta acercarse con la esperanza de redimirse de los errores del pasado. Pero, hay una barrera construida por el egoísmo y la posesividad.
 
¿Podrían el tiempo o las omisiones destruir el amor verdadero?
A veces el destino nos reparte una jugada extraña y cambia los caminos de la vida
 
El libro Siempre serás mía cuenta la historia romántica y sensual de dos jóvenes enamorados que fueron separados por las desgracias de la vida. Un drama lleno de deseo y pasión, pero con un pasado misterioso y un abismo de dolor.
 
",2,ct-v1-doctor|doctor|医生|Doctor ;; ct-v1-wealthy-ceo|wealthy-ceo|豪门总裁|CEO
nrv_aea6c0c01edf701396604d77,"[""RAW_LANGUAGE_SCOPE_V1"",""[\""number\"",\""19\""]"",[""null""]]",绝色萌妃:王爷宠妻无度,"前一世她因爱错人而被渣男贱女算计惨死，临死许下毒誓若有来世，他定要让二人生不如死，永不得翻身，上天怜悯，她愿望成真。重生归来，她已不再是她，虐渣男斩贱女，分分钟让他们后悔变人。
无奈她心冷如冰，却抗不过他柔情似火。
某女：“王爷，我是杀手，你是尊贵的王爷，身份悬殊，请你放尊重些。”
王爷：“你躺到我床上时，可想过身份悬殊？”
某女：“……”她当时不过是受伤昏迷，错睡了一下他的床而已。",1,ct-v1-rebirth|rebirth|重生|重生
nrv_afe44b81e567fe78a1549f96,"[""RAW_LANGUAGE_SCOPE_V1"",""[\""number\"",\""19\""]"",[""null""]]",殿下，本后有喜了,耸立百年的宫殿在烈火中倒塌，大周公主坠楼而亡，举国覆灭！重生一世，安瑾成了敌国丞相府的大公子，女扮男装深入敌后步步为营。虐渣男，斗国师，揭开灭国真相。化身护国公主，安瑾要光复大周国的荣光，却被人锁住了手脚。“王爷，您抱错了人吧？”“没错，本王刚刚验过，货真价实！”安瑾气疯，想咬死这色胚。世子惨败前来求饶，直接被安瑾一脚踹开。“哪来的狗东西，别脏了本公子的鞋！”王爷瞧着世子的惨样淡淡一笑：“拖出去喂狗！”至此，王爷便在宠妻的道路上，一去不复返了。皇后：“相公，为妻要去闯荡江湖！”皇帝：“娘子稍等，等朕把皇位传给太子，朕陪你一起去闯，如何？”太子：“坑爹的父母！”,3,ct-v1-crown-prince|crown-prince|太子|太子 ;; ct-v1-princess|princess|公主|公主 ;; ct-v1-emperor|emperor|皇帝|皇帝
nrv_afeee39dff4f2808033e3b3c,"[""RAW_LANGUAGE_SCOPE_V1"",""[\""number\"",\""19\""]"",[""null""]]",萌宝联结：总裁爹地宠爆了,【团宠+萌宝+男女互宠】被 好‘闺蜜设计意外失了清白，苏沫狼狈回家，亲爸为事业要把她送给秃顶老男人，她果断逃走，六年后，苏沫带着萌宝蜕变归来，誓要把害她的人统统踩在脚下，这时某个尊贵显赫，呼风唤雨的霸道男人把她压在墙角。苏沫脸色通红：“盛总，请你自重。”这时男人身后冒出一个和她儿子们一模一样的萌宝，不满道：”爹地，你到底行不行？不行就我来。“苏沫目瞪口呆，什么？这男人是孩子们的亲爹？？？,1,ct-v1-ensemble-darling|ensemble-darling|团宠|团宠
nrv_b1b8706d16a776ba6fd670d5,"[""RAW_LANGUAGE_SCOPE_V1"",""[\""number\"",\""3\""]"",[""string"",""英语""]]",The Paranormal All-Stars Presents,"Around the mid-2010's, Mab De Narra created a social media group that was meant to be a place where people can share their personal paranormal and supernatural experiences without the fear of being judged by others. They could even find others who can help them with their paranormal questions, spiritual issues, and supernatural problems on this page.

Meanwhile, she was eventually included in The Paranormal All-Stars, where she is able to help even more puzzled and troubled individuals. And by sharing these cases and experiences through this book, we hope to help more to not fear what they don't know...

...but to see beyond what their senses tell them.

After all, there's always more to these things than meets the eye.",1,ct-v1-tragic-ending|tragic-ending|悲剧结局|be
nrv_b308dcca8c0ef84fd2945f2c,"[""RAW_LANGUAGE_SCOPE_V1"",""[\""number\"",\""20\""]"",[""null""]]",邪王的金牌蛇妃,"
她,二十一世紀皇帝級殺手,無情無愛無心.一朝身死,淪為雲府醜顏花癡廢柴女.

再睜眼,廢柴的身軀注入了王者之魄,殺伐狠絕,嗜血殘暴.身懷馭蛇之能,坐擁逆天神器,她已不再是人人可欺的她!

一不小心,惹上某隻妖孽.妖孽太傾城,腹黑狡詐又牛逼,某女繞牆,默默遁走.某隻妖孽坐在牆頭:「女人,你逃不掉了.」

廢柴逆天,妖孽追隨,後面還跟著一羣蛇寶寶,且看一代馭蛇女皇君臨天下,如何變得牛叉叉!
",1,ct-v1-emperor|emperor|皇帝|皇帝
nrv_b47b075bb3e700bad3d9df13,"[""RAW_LANGUAGE_SCOPE_V1"",""[\""number\"",\""4\""]"",[""string"",""西语""]]",El Alfa y su pareja rechazada,"La vida era un lecho de rosas para Debra, la hija del Alfa, hasta que tuvo una aventura de una noche con Caleb. Estaba segura de que él era su pareja designada por la Diosa de la Luna. Pero este hombre odioso se negó a aceptarla.

Pasaron semanas antes de que Debra descubriera que estaba embarazada. Su embarazo fue una vergüenza para ella y para todos los que amaba. No sólo ella fue expulsada, sino que su padre también fue perseguido por los usurpadores. Afortunadamente, sobrevivió con la ayuda de la misteriosa Manada Espina.

Pasaron cinco años y Debra no supo nada de Caleb. Un día sus caminos se volvieron a cruzar. Ambos estaban en la misma misión: llevar a cabo investigaciones secretas en el peligroso pueblo de Roz por la seguridad y la posteridad de sus respectivas manadas.

Caleb todavía se mostraba frío con ella. Pero con el paso del tiempo, se enamoró perdidamente de ella. Intentó compensar el abandono de Debra, pero la chica ya no lo quería. Estaba empeñada en ocultarle que tenían una hija y también en hacer una ruptura limpia.

¿Qué les deparaba el futuro a los dos mientras viajaban por el pueblo de Roz? ¿Qué tipo de secretos encontrarían? ¿Caleb se ganaría el corazón de Debra y conocería a su adorable hija?

¡Descúbralo!",1,ct-v1-werewolf-luna|werewolf-luna|Luna（狼人女首领）|Luna
nrv_b4966dce54450dc51d3ea6b4,"[""RAW_LANGUAGE_SCOPE_V1"",""[\""number\"",\""20\""]"",[""null""]]",穿越後，我每天都在掉馬,"步穀菱穿越到架空古代，在系統的無情壓迫下每天不是在做好事，就是在去做好事的路上。她查過凶，破過案，扶過老奶奶，救過重傷漢。誰知重傷漢不是普通人，而是傳說中冷血暴戾、獨斷專行的梁國皇帝桓宇文！
步穀菱：“皇上還是專心治理天下，我只是路過……”
桓宇文邪魅一笑：“你，不就是孤的天下嗎？”",1,ct-v1-emperor|emperor|皇帝|皇帝
nrv_b50cba0cb4784021b5f76fd7,"[""RAW_LANGUAGE_SCOPE_V1"",""[\""number\"",\""3\""]"",[""string"",""英语""]]",The Mafia's little pet,"""Take off your fucking dress,"" he ordered, stepping closer and leading me toward the shower room.

I backed away, covering my body with my arms. ""No. Please, no.""

He spun me around and pinned me against the wall. He unzipped my dress, pulling it down from my waist while his hands slid over my back. He leaned in close, whispering hot in my ear, ""You're fucking mine. Even your ugly body is mine.""

She was broken-abused and dreaming of a fresh start on her 18th birthday. All she wanted was to run away, but he wasn't about to let her go.

She'd been sold to the most dangerous man alive. Paying off her father's debt was the excuse on the surface.

But the real truth:
 He was obsessed. 
They were obsessed.

Three powerful men fighting over one little pet-Mila.",1,ct-v1-happy-ending|happy-ending|圆满结局|he
nrv_b5620f95b3e83d018b933e68,"[""RAW_LANGUAGE_SCOPE_V1"",""[\""number\"",\""3\""]"",[""string"",""英语""]]",A Virgin For The Mafia Prince ,"Elena's world takes a wild spin when the rugged Mafia prince, Dante, chooses to wed her over her cousin, Antonia. Facing her abusive family's wrath for allegedly enchanting the mafia prince, Elena's heart remains loyal to her true love, Isaac, whom she plans to escape with.

Against her wishes, Dante seals their marriage fate, leaving Elena helpless. Yet, Dante's love for her is boundless, until a sudden twist frames her for betrayal. Unfazed, Dante turns cold and ruthless, opting to marry her cousin.

As Dante's cruelty escalates, a shocking revelation unveils the truth behind the false accusation. But it's too late – Elena's heart, once warmed by their love, turns icy. Despite Dante's desperate attempts to mend their shattered connection, the wounds of betrayal threaten to forever shatter their once-promising love story.",2,ct-v1-betrayal|betrayal|背叛|betrayal ;; ct-v1-family|family|家庭|family
nrv_b5768224cb782170dc344b88,"[""RAW_LANGUAGE_SCOPE_V1"",""[\""number\"",\""6\""]"",[""string"",""法语""]]",Sous le regard de la déesse ,"Sous une lune pleine d'argent, un hurlement traversa les cieux, résonnant à travers la forêt silencieuse. Cora, une jeune femme au regard perçant, se tenait au bord du ruisseau. Elle scrutait les ombres qui dansaient sous la lumière de la lune, ses sens éveillés, chaque fibre de son être en alerte.

Elle sentait la présence de Sinclair avant même de l'apercevoir. Ce n'était pas seulement l'odeur familière de la forêt qui l'annonçait, mais la force magnétique de son aura, celle d'un alpha, inébranlable et autoritaire. Sinclair émergea des ombres, ses yeux dorés captant la lumière lunaire d'une manière presque surnaturelle. Le loup en lui rugissait pour s'affirmer, et pourtant, il la fixait avec un mélange de douceur et de résolution, comme s'il cherchait une approbation qu'elle seule pouvait lui offrir.

« Cora, murmura-t-il d'une voix rauque, c'est toi que la Déesse a choisie pour être ma Luna. »

Un frisson la traversa. Ce rôle sacré, protectrice et guide des âmes égarées de la meute, n'était pas une simple responsabilité. C'était un lien forgé par la Déesse elle-même, une union qui transcendait le monde des mortels et liait leurs âmes pour l'éternité.

Pourtant, Cora doutait. Depuis des générations, la malédiction hantait leur lignée, comme une ombre planant sur chaque héritière de la meute. Elle sentait le poids des espoirs de son clan, mais aussi la menace des ennemis tapis dans l'ombre, prêts à défier son droit à ce titre.

Sinclair avança d'un pas, son regard intense fixé sur elle. « J'ai confiance en toi, Cora. Ensemble, nous protégerons la meute et honorerons la volonté de la Déesse. »

Sous la lumière de la lune, un pacte silencieux se forma entre eux, et Cora comprit qu'il n'y aurait plus de retour en arrière.

",2,ct-v1-werewolf-luna|werewolf-luna|Luna（狼人女首领）|Luna ;; ct-v1-werewolf-alpha|werewolf-alpha|Alpha（狼人首领）|alpha
nrv_b66ab738e8638a213ac5da01,"[""RAW_LANGUAGE_SCOPE_V1"",""[\""number\"",\""16\""]"",[""string"",""德语""]]",Dem Biest geopfert: Die wolflose Gefährtin,"Heute war die prächtige Hochzeit meines Vaters, des Alphas, mit einer Frau, die kaum älter war als ich – ausgerechnet am Todestag meiner leiblichen Mutter.

Als wolflose Tochter war ich ohnehin der Schandfleck des Rudels, doch meiner neuen Stiefmutter reichte das nicht. Sie zerstörte absichtlich die Halskette meiner Mutter, mein letztes Andenken.

Als ich wütend aufschrie, schlug mir mein eigener Vater hart ins Gesicht.

„Du wirst lernen, deine neue Luna zu respektieren"", knurrte er kalt.

Ich weigerte mich, schwor mich vor allen von dieser Familie los, und die Strafe folgte sofort: Mein Vater verurteilte mich zum Tode.

Er schickte mich als Tribut an den verfluchten Lykaner-König, ein Monster, dessen inneres Biest jede Wölfin gnadenlos in Stücke riss. Meine Schwester lächelte triumphierend, als man mich in den dunklen Gefangenenwagen zerrte, denn niemand kehrte jemals vom Black Mountain Court zurück.

In den kalten Kerkern des Schlosses wartete ich auf mein grausames Ende, bis die Wärterin mir höhnisch verriet, warum der König mordete: Es war der Geruch des weiblichen Wolfsgeistes, der ihn in den blutigen Wahnsinn trieb. Sie lachte und nannte mich einen geschmacklosen Defekt, ohne zu ahnen, was das wirklich bedeutete.

Ich hatte keinen inneren Wolf und somit keinen Geruch.

Als man mich in die dunklen Gemächer der Bestie stieß und die schweren Türen verriegelte, wartete ich auf das tödliche Brüllen, doch es blieb totenstill. Aus den Schatten starrten mich nur verwirrte Augen an, denn der Fluch wirkte bei mir nicht – und genau das würde meine Waffe werden, um meiner Familie die Hölle auf Erden zu bereiten.",1,ct-v1-werewolf-luna|werewolf-luna|Luna（狼人女首领）|Luna
nrv_b6bd189dd507e9dfca1590c4,"[""RAW_LANGUAGE_SCOPE_V1"",""[\""number\"",\""16\""]"",[""string"",""德语""]]",Das Verlorene Rudel,"Vor sechs Jahren habe ich alles dem Jungen gegeben, der meine Welt in Brand gesetzt hat – mein Herz, meinen Körper, mein Vertrauen. Am nächsten Tag verschwand er ohne ein Wort. 

Seitdem war das Leben nicht freundlich zu mir. In derselben Woche, in der ich mein neugeborenes Kind nach Hause brachte, begrub ich meine Eltern. Mit nur achtzehn Jahren wurde ich Mutter und zugleich die Vormundin meiner fünfzehnjährigen Schwester und kämpfte ums Überleben unter der Last all dessen. Als ich schließlich dachte, ich hätte Stabilität in einem liebevollen Ehemann gefunden, stellte ich fest, dass er ein Doppelleben mit einer anderen Frau führte. 

Jetzt reagiert mein Sohn Jaxon rebellisch, ist wütend auf die Welt und trägt Wunden, die ich nicht heilen kann. Wieder ein Anruf von der Schule, diesmal wegen eines Schulverweises. Ich wusste, wir konnten nicht länger so tun, als wäre alles in Ordnung. Wir brauchten einen Neuanfang. 

Ich hätte nie erwartet, dass dieser Neuanfang mich in eine verschlafene Bergstadt führen würde, die ein gefährliches Geheimnis birgt... oder zu ihm. 

Denn diese Stadt grenzt an ein verborgenes Rudel von Wolfswandlern, und ihr Alpha ist niemand anderes als der Junge, der vor sechs Jahren verschwunden ist. 

Der gleiche Junge, der nicht weiß, dass er mir mehr hinterlassen hat als ein gebrochenes Herz...

Er hat mir seinen Sohn hinterlassen. 

Warnung! Diese Geschichte ist ein Reverse-Harem und enthält explizite Szenen, einschließlich BxB-Inhalten. ",1,ct-v1-werewolf-alpha|werewolf-alpha|Alpha（狼人首领）|Alpha
nrv_b7153eafad8c412efa12f806,"[""RAW_LANGUAGE_SCOPE_V1"",""[\""number\"",\""14\""]"",[""string"",""韩语""]]",삶의 끝자락에서 배신을 당하다,"“넌 쓸모 없는 존재야. 쓰레기나 주워 먹어.”

양아버지의 목소리는 칼날처럼 차가웠다. 그는 자신의 체액에 절여진 더러운 과일 껍질을 억지로 내 앞에 들이밀었다.

나는 필사적으로 몸부림쳤다. 벗어나야 했다. 하지만 그는 내 손목을 부러뜨렸다.

눈물이 뺨을 타고 흘러내렸고, 공포와 절망이 나를 집어삼켰다.

""멈춰!""

그때, 문가에서 낮지만 단호한 목소리가 울려 퍼졌다.

그곳엔 한 남자가 서 있었다.

분노로 물든 눈빛, 그리고 압도적인 존재감... 무리의 우두머리 에두아르도였다.

양아버지는 순간 얼어붙었다. 그의 눈에 공포가 스쳤다.

나는 그 틈을 놓치지 않고 비틀거리며 남자의 뒤로 달려가 몸을 숨겼다.

“어떻게 자신의 딸에게 이런 짓을 할 수 있지?”

알파의 목소리는 낮았지만, 그 안에 서릿발 같은 분노가 서려 있었다.

양아버지는 대답하지 않았다. 단지 마지막으로 나를 노려보곤, 문을 쾅 닫고 사라졌다.

그제야 나는 무너지듯 에두아르도의 품에 안겼다.

그는 부드럽게 내 등을 두드리며 위로했다. “이제 괜찮아. 그는 다시는 널 해칠 수 없어.”

그의 손길은 따뜻했다. 그 순간, 나는 처음으로 누군가에게 보호받는 기분을 느꼈다.

시간이 흘러, 나는 그의 루나가 되었다. 그리고 우린 영원히 함께할 거라 믿었다.

하지만, 그 믿음은 우리의 10주년 기념일에 산산이 부서졌다. 그의 첫사랑이 돌아온 것이다.

그는 나를 버리고 그녀에게로 갔다. 그 대가로 우리의 첫 아이는 생명을 잃었다.

그럼에도 그는 담담했다. “괜찮아. 언젠가 또 다른 아이가 생길 거야.”

하지만 그는 몰랐다. 내가 이미 은 중독에 걸려 있었다는 것을.

그리고 이제 내게 남은 시간은 겨우 66일뿐이었다.",1,ct-v1-horror|horror|恐怖|공포
nrv_b946d9248a696e016070bfc7,"[""RAW_LANGUAGE_SCOPE_V1"",""[\""number\"",\""20\""]"",[""null""]]",嫡女策：權王傾天下,"她是穿越而來的鬼魅閻羅，重活一世，她只想恣意隨性的活一生。
但天不遂人願。
一紙婚書，她被親父逼著為她人替嫁。
一場刺殺，她與未婚夫婿捲入權鬥陰謀。
原本想金蟬脫殼不問世事，卻不曾想——
恩師失蹤，下落不明，無名人追殺，她無處可逃。
為活命，她藏匿侯府，隻身入局，查清真相。
才知她身世成謎，註定做不了閒雲野鶴之人。
所幸有一人，始終伴她身旁。
“你不想要這天下，我便不爭，你想要，我便為你取來。”",2,ct-v1-time-travel|time-travel|穿越|穿越 ;; ct-v1-substitute-marriage|substitute-marriage|替嫁|替嫁
nrv_b96f05020b5a0f80252e63a7,"[""RAW_LANGUAGE_SCOPE_V1"",""[\""number\"",\""6\""]"",[""string"",""法语""]]",L'épouse divorcée choyée par le magnat,"Pendant trois ans, Cathryn et son mari Liam ont vécu un mariage sans intimité. Elle croyait que Liam se noyait dans le travail pour leur avenir. 

Mais le jour où sa mère est décédée, elle a découvert la vérité : il la trompait avec sa demi-sœur depuis leur nuit de noces. 

Elle a abandonné tout espoir et a demandé le divorce. Les moqueries ont suivi, elle reviendrait en rampant, disaient-ils. 

Cependant, les choses se sont avérées tout à fait contraires : Liam était à genoux sous la pluie. 

Lorsqu'un journaliste a demandé Cathryn si elle envisageait de se remettre avec lui, elle a haussé les épaules. « Il n'a aucune estime de soi et ne fera que me harceler sans cesse. »

Un magnat puissant a passé un bras autour de ses épaules. « Quiconque convoite ma femme en paiera le prix. »",1,ct-v1-divorce|divorce|离婚|divorce
nrv_b9d5920eeb3fda38e899997b,"[""RAW_LANGUAGE_SCOPE_V1"",""[\""number\"",\""3\""]"",[""string"",""英语""]]",SEVEN KNIGTH,"
""I know you are wondering why you are so special and who you really are.If you want to know the source of your powers come to the 9t warehouse at 7b vile estate by 9:00pm . I will be waiting."" 
Mysterious message popped up on seven different people phones at the same time . As they found out the reasons of there supernatural powers . They must work together to protect the humans and supernatural realm from the evil Viamper King.",2,ct-v1-supernatural|supernatural|灵异|supernatural ;; ct-v1-tragic-ending|tragic-ending|悲剧结局|be
nrv_bbc26742b9e34b35cdca04d3,"[""RAW_LANGUAGE_SCOPE_V1"",""[\""number\"",\""3\""]"",[""string"",""英语""]]","Nine Rejected Marriages, I Wed My Ex's Rival","Amelia sat alone at the City Marriage Bureau, watching the clock tick down to closing time.

Fifteen minutes before the doors shut, a phone call shattered her last flicker of hope. Her fiancé, Kayson, wasn't coming. He had abandoned their wedding registration because Kamila-her stepsister-had twisted her ankle.

It was his ninth broken promise.

When Amelia returned home, there was no comfort. Her biological mother sneered at her humiliation, shielding the stepsister while ordering Amelia to apologize to Kayson.

""Who would she marry without Kayson?"" her mother mocked. ""Let's see how long she survives out there without his money.""

Meanwhile, Kayson arrogantly dismissed her absence. Finding out she had vanished, he just laughed it off with his assistant.

""It's just a tantrum to force my hand,"" Kayson smirked. ""She still can't live without me.""

After nine years of absolute devotion, she was nothing but a convenient placeholder to the man she loved, and a worthless joke to her own family. The suffocating weight of their betrayal finally snapped something inside her.

She packed a single suitcase, threw away nine years of anniversary gifts, and permanently blocked Kayson's number.

Standing in the freezing wind, she pulled out her phone and dialed the private number of Kayson's biggest, most ruthless rival.

""Mr. Thornton, what you said seven months ago... does the offer to marry me still stand?""

Ten minutes later, a sleek black Maybach pulled up to the curb.",3,ct-v1-betrayal|betrayal|背叛|betrayal ;; ct-v1-family|family|家庭|family ;; ct-v1-happy-ending|happy-ending|圆满结局|He
nrv_bcaeb917d4eaa0e914b7bf5f,"[""RAW_LANGUAGE_SCOPE_V1"",""[\""number\"",\""4\""]"",[""string"",""西语""]]",Entre las redes,"Romance en tiempos modernos. Los personajes se caracterizan por no tener nombres ni mucha descripción física,  ya que mi intención es que puedas imaginar a Esa persona especial, y así tu imaginación te brindará una experiencia nueva.",1,ct-v1-romance|romance|言情|Romance
nrv_bdab21cdbe0617ee03121ff1,"[""RAW_LANGUAGE_SCOPE_V1"",""[\""number\"",\""3\""]"",[""string"",""英语""]]",Love's Limit,"Because of the mysterious disappearance of his best friend, Uri Wayne has to ask for the help of Alex Dominic - the captain of the FBI task force team who is a talented man but cold, domineering and enigmatic.


From there, Uri discovers a shocking secret: another influence exists parallel to humanity, possessing thousands of times stronger than humans. They are cruel, barbaric, and loveless. It's the Vampire World.


Since then, Uri's peaceful life has been turned upside down. Like fate was destined, he and Alex would not stop being entangled. Two seemingly unrelated people are caught up in the whirlpool of crime and intrigue.


A cruel conspiracy was meticulously planned.


Who is the person behind it all?


When love between humans and vampires is taboo, will love be great enough to defeat all limits?!


When night falls, that's when a crime is most obvious...


",3,ct-v1-crime|crime|犯罪|crime ;; ct-v1-tragic-ending|tragic-ending|悲剧结局|be ;; ct-v1-happy-ending|happy-ending|圆满结局|he
nrv_bdc4cd4f619c63c0bd65d947,"[""RAW_LANGUAGE_SCOPE_V1"",""[\""number\"",\""5\""]"",[""string"",""葡语""]]",O Novo Começo da Namorada Invisível,"Depois de três anos sendo a namorada boazinha e invisível do meu namorado CEO de tecnologia, Eduardo, eu finalmente o deixei. Então Bruno Freitas, seu rival charmoso, entrou na minha vida, determinado a me usar para tirar Eduardo do sério.

Mas em uma gala de tecnologia, Eduardo me encurralou, declarando publicamente seu amor e exibindo um ""anel de compromisso"" que ele alegava ter comprado para mim semanas atrás.

Ele fez isso logo depois que sua paixão de colégio, Janete, anunciou o noivado deles, e um pouco antes de me acusar de humilhá-lo.

Ele insistiu que seus sentimentos por Janete eram uma ""fantasia de juventude"" e que eu era sua ""âncora"", sua ""estabilidade"". Ele disse que me amava.

Mas eu me lembrava da verdade. Eu me lembrava do pequeno pássaro de madeira, esculpido à mão, que ele havia feito uma vez.

Um presente que ele me fez enviar para Janete anos atrás, junto com um bilhete de amor que ele mesmo ditou.

E eu sabia que sua confissão desesperada não era amor. Era controle de danos.",1,ct-v1-wealthy-ceo|wealthy-ceo|豪门总裁|CEO
nrv_be6eddaa970d620d395bfe1f,"[""RAW_LANGUAGE_SCOPE_V1"",""[\""number\"",\""3\""]"",[""string"",""英语""]]",The Mastery of the Air,"According to the Preface: ""This book makes no pretence of going minutely into the technical and scientific sides of human flight: rather does it deal mainly

with the real achievements of pioneers who have helped to make aviation what it is to-day."" According to Wikipedia: ""William Gordon Claxton DSO, DFC & Bar (June 1, 1899–September 28, 1967) was a Canadian World War I flying ace credited with 37 victories. He became the leading ace in his squadron.""",1,ct-v1-happy-ending|happy-ending|圆满结局|He
nrv_beed7d752cc4b73f32d9c954,"[""RAW_LANGUAGE_SCOPE_V1"",""[\""number\"",\""3\""]"",[""string"",""英语""]]",Breaking The Mafia Lord's Golden Cage,"I stood next to the most dangerous man in Chicago, smiling for the cameras while my phone vibrated against my leg. I was the perfect mafia wife—a well-dressed pet in a gilded cage.

But the message on my screen shattered everything. It was a photo of my husband, Dante, with his assistant, Jade. She wasn't just straddling him; she was wearing the shark tooth bracelet—a sacred war trophy Dante swore was locked in our safe.

He lied to my face when I asked about it. Then came the video.

I watched as he told her I was ""barren"" and a ""failing appliance"" he planned to shelf once she gave him a son. After two years of trying for a baby, he was mocking my pain to his mistress.

He thought I would just cry. He thought a black Amex card and a trip to Paris would buy my silence. He believed I was too weak to survive without his protection.

He was wrong.

I didn't just leave. I took his grandmother's wedding ring to a jeweler and made him melt it down with a blowtorch until it was nothing but an ugly lump of gold.

Then, I sent his darkest secrets to the FBI.

It was time for Elena Paletti to die.",1,ct-v1-happy-ending|happy-ending|圆满结局|He
nrv_c0d8b5a38f640da4f38698eb,"[""RAW_LANGUAGE_SCOPE_V1"",""[\""number\"",\""6\""]"",[""string"",""法语""]]",La Vengeance impitoyable de la mère brisée,"Beverley venait de signer le certificat de décès de son fils de six ans, mort sur la table d'opération lors d'une intervention de routine.

Pendant qu'elle appelait désespérément son mari, le milliardaire Ellwood Stevenson, le ciel de Manhattan s'illuminait de feux d'artifice. Il célébrait à grands frais la sortie d'hôpital du fils de sa maîtresse, Kaleigh.

Lorsqu'elle lui annonça la mort de leur enfant, Ellwood éclata de rire. Persuadé qu'elle cachait le petit par jalousie pour attirer l'attention, il l'accusa d'être folle et pathétique. Pire encore, pour satisfaire les fausses larmes de Kaleigh, il chassa Beverley dans un blizzard mortel. C'est aux urgences, après avoir frôlé l'hypothermie, qu'une infirmière terrifiée lui révéla l'atroce vérité.

« Ils ont sous-dosé l'anesthésie de votre fils pour garder ses tissus viables... il était réveillé pendant l'opération. »

L'intervention n'était pas un accident, c'était un sacrifice. Ellwood avait laissé torturer et tuer leur propre enfant pour offrir un « cadeau » au fils de la femme qu'il idolâtrait. Cette même Kaleigh qui s'était lâchement approprié le sauvetage héroïque de Bogota, un acte que Beverley avait elle-même accompli au péril de sa vie sept ans plus tôt. Le chagrin écrasant s'évapora, instantanément remplacé par une rage glaciale.

Elle ne rentrerait pas chez elle pour pleurer. Beverley signa les papiers du divorce en renonçant à l'intégralité de la fortune des Stevenson. Puis, elle s'assit à la table du plus grand rival de son mari, prête à réduire son empire en cendres.",1,ct-v1-divorce|divorce|离婚|divorce
nrv_c1ca73cada4d3d998deab3c2,"[""RAW_LANGUAGE_SCOPE_V1"",""[\""number\"",\""19\""]"",[""null""]]",妖孽擒妻：巡抚大人，别乱来,"这还有天理吗，就因为他是妖孽，她就要百般拒绝他，好不容易好事将成，又卷入后宫争斗。她面对的是一个个身份地位没法拼的高傲公主。
惹上致命的仇恨……
还有他曾经的风花月事旧情人……
他面对的却是君王的危险，明里暗里的对他的心上人谢殷勤。
好事不成，坏事又来，又迁上一个，他是天下第一剑，武功了的，对他家的人儿更是虎视眈眈……
怎么办，众人情迷一团乱……",1,ct-v1-princess|princess|公主|公主
nrv_c222cd0769a12f8cf429949a,"[""RAW_LANGUAGE_SCOPE_V1"",""[\""number\"",\""19\""]"",[""null""]]",玄幻：我的炼器物品有亿点强,"白玄穿越到玄幻世界，觉醒了全能炼制系统！
在全能炼制系统中，神器、灵丹、大阵.……
其他人皓首百年难得一件，在白玄手上都可以一键炼制！
没有兵器，白玄亲自炼制可成长型如意金箍棒；
别人的丹药舍不得吃，白玄每天拿来当糖豆；
远古大阵无人能破，白玄一键炼制克制阵法！
别人没的他有，别人有的他优。彻底搞崩了所有人心态！
最终。
在这以武道为尊的世界，白玄凭借着全能炼制系统，走上了一条不一样的修炼大道，令众生膜拜！！",1,ct-v1-time-travel|time-travel|穿越|穿越
nrv_c38017edf4946772d199aa2c,"[""RAW_LANGUAGE_SCOPE_V1"",""[\""number\"",\""3\""]"",[""string"",""英语""]]",Marrying The Wounded King: My Ex's Regret,"I stood in the center of the rose garden, convinced the Underboss of the East Coast was finally going to defy his father and put a ring on my finger.

Instead, Desmond walked toward me holding another woman's hand.

""Dallas,"" he said, his voice devoid of emotion. ""This is Chelsea. My fiancée.""

He told me it was just business, a merger to secure shipping routes. He expected me to stay in the shadows as his mistress, his ""pet canary.""

When I refused to be his dirty little secret, his family sold me like cattle to Kennedy Simmons, the crippled Don of the West Coast, just to get rid of me.

But the ultimate betrayal happened the night before I left.

On the family yacht, Chelsea pushed me overboard. I screamed for help in the freezing dark water.

I watched Desmond dive in.

I reached out for him, but he swam right past me.

He chose to save his wealthy fiancée, the ""asset,"" and left me to drown.

In that moment, the girl who loved him died.

I realized his brother Antone, who I thought was my friend, was just a stalker using me to get close to Chelsea. I was nothing but collateral damage to the people I had worshipped.

I didn't die that night. I boarded the plane to Seattle with a frozen heart.

They thought they were selling me to a monster. They didn't realize they were handing me a King.

The next time the Morgans saw me, I wasn't their victim.

I was the woman coming to burn their empire to the ground.",3,ct-v1-betrayal|betrayal|背叛|betrayal ;; ct-v1-family|family|家庭|family ;; ct-v1-happy-ending|happy-ending|圆满结局|he
nrv_c3d22f72e023892da4ff190b,"[""RAW_LANGUAGE_SCOPE_V1"",""[\""number\"",\""14\""]"",[""string"",""韩语""]]",죽었다가 다시 살아난 날,"서아라의 숨통이 조여왔다. 가슴이 거대한 족쇄에 짓눌리는 듯했다.
여섯 살배기 아들, 이준이가 공포에 질려 새하얗게 굳은 얼굴로 엄마를 바라봤다.

아나필락시스 쇼크.
상황은 급격히 악화되고 있었다.

그녀는 남편 박지훈의 이름을 힘겹게 내뱉으며 119에 전화하라고 애원했다.
“엄마가 숨을 못 쉬어요!” 이준이가 전화기에 대고 울부짖었다.
하지만 내연녀 최유라와 ‘인맥 관리’ 중이던 지훈은 그저 ‘공황장애’일 거라며 대수롭지 않게 넘겼다.
몇 분 뒤, 그가 다시 전화를 걸어왔다. 아라를 위해 불렀다던 구급차는 이제 겨우 발목을 ‘삐끗했을’ 뿐인 유라에게로 향하고 있었다.

아라의 세상이 산산조각 났다.
작은 가슴에 영웅심이 불타오른 이준이는 도움을 청하러 밖으로 뛰쳐나갔지만, 그대로 차에 치이고 말았다.
끔찍한 충돌음.
그녀는 제 비극 속의 유령처럼, 구급대원들이 작고 부서진 아이의 몸을 하얀 천으로 덮는 것을 지켜봤다.
지훈이 유라를 선택했기 때문에, 그녀의 아들이 죽었다.
세상이 무너지는 절망.
끔찍한 공포.
뼈를 깎는 죄책감.
이준이의 마지막 모습이 뜨거운 낙인처럼 영혼에 새겨졌다.
어떻게 아빠가, 남편이, 이토록 괴물같이 이기적일 수 있을까?
쓰디쓴 후회가 영혼을 잠식했다.
최유라. 언제나 최유라였다.

그 순간, 아라의 눈이 번쩍 뜨였다.
그녀는 거실 바닥에 쓰러져 있었다.
살아있는 이준이가 건강한 모습으로 달려왔다.
이건 끔찍하고도, 불가능한 두 번째 기회였다.
그 파멸적인 미래는 결코 일어나지 않을 것이다.
그녀는 자신의 삶을 되찾고, 아들을 지키고, 그들에게 죗값을 치르게 할 것이다.",1,ct-v1-horror|horror|恐怖|공포
nrv_c49310aa6a6a7471d8e4b082,"[""RAW_LANGUAGE_SCOPE_V1"",""[\""number\"",\""5\""]"",[""string"",""葡语""]]",A Garota Invisível e o Milionário,"Uma história de segredos, paixões proibidas e uma luta pelo que mais importa.
Beatriz Sosa viveu a vida inteira nas sombras, lutando para manter seu irmão doente seguro e garantir a sobrevivência de sua mãe. Ele trabalha incansavelmente no mundo subterrâneo da elite de Villa Esperanza, onde os ricos sentem que são donos de tudo, até mesmo das almas de outras pessoas. No entanto, quando sua vida chega ao fundo do poço, uma oferta tentadora chega de Eduardo Moura, o arrogante herdeiro da poderosa família Moura.
Ele não a vê como uma serva, mas como uma ferramenta. Uma peça-chave em seu intrincado jogo de poder e traição.
Eduardo, dono de um império familiar e de um futuro marcado pela riqueza, oferece a ela uma oportunidade única: ser seus olhos e ouvidos na mansão, tornar-se sua confidente secreta em troca do que Beatriz mais precisa: dinheiro, remédios e proteção para o irmão. Um preço alto, sem dúvida. Mas o que ele não sabe é que essa oferta pode destruir o que resta de sua dignidade.
Entre corredores luxuosos, segredos obscuros e um amor que desafia todas as regras, Beatriz deve decidir até onde está disposta a ir. Até que ponto você pode arriscar seu coração e alma por um futuro melhor?
Em uma história de classe, ambição e uma paixão sem limites, Beatriz e Eduardo se verão presos em um turbilhão de emoções, decisões impossíveis e uma atração que pode mudar tudo.
A Garota Invisível e o Milionário é um romance que desafia os limites do amor e da traição, onde cada passo pode ser o último, e o preço do amor é mais alto do que qualquer um deles jamais imaginou.",1,ct-v1-romance|romance|言情|romance
nrv_c5fcc25852510e8a1d1646c6,"[""RAW_LANGUAGE_SCOPE_V1"",""[\""number\"",\""3\""]"",[""string"",""英语""]]",Wired For His Betrayal,"The cold silver wires felt like ice against my skin, a stark contrast to the familiar warmth of my lab.

Three years of my life, three years of marriage, were supposed to lead to our shared triumph, not this.

Not me strapped to a chair in our penthouse, the neural interface humming ominously as it pressed against my temple.

This was Mark' s project, but it was my creation.

The MindSync algorithm was my soul, coded into existence.

I, Ava Green, a software engineer who believed in technology that could connect people, had designed it to personalize user experience on a level never seen before.

I gave it to my husband, Mark, the brilliant tech CEO I loved, the man I thought loved me.

He re-engineered MindSync to extract a user\'s deepest desires, their most private emotional data, turning human feeling into a commodity he could monetize for unparalleled market control.

And I never knew.

 ""Ava, Sophia\'s condition is agonizing,""  he said, his voice flat.  ""Only your personalized MindSync can truly help her. Your emotional core is the key."" 

He didn\'t look at my tears.

He watched the monitor, tracking the progress of the extraction.

The machine whirred to life, and a piercing pain shot through my skull.

It felt like my thoughts were being ripped out one by one, my memories shredded, my feelings siphoned away into the humming device.

Tears streamed down my face.

 ""Mark, why?""  I begged, my voice cracking.

He looked at me like I was a piece of hardware.

When it was over, he detached the wires.

I slumped in the chair, a hollowed-out shell.

The vibrant world of emotions I once lived in was gone, replaced by a gray, empty void.

He handled the glowing data chip with more care than he had ever shown me.

I became a shadow, following him from a distance, a desperate attempt to stay connected to the last piece of myself.

Without the MindSync core, my cognitive functions were degrading.

My mind would fray, my thoughts would unravel, and soon I would be a vegetable.

Mark never offered to help.

 ""You\'re not human, how could you possibly understand her pain?""  he said, his voice sharp.

Three years of marriage, and in his eyes, I was just a tool.

I managed to get inside the building, my movements stiff and uncoordinated.

I found them in the lobby.

Sophia, seeing me, feigned surprise and shrank into Mark\'s arms.

 ""Can I have my MindSync back?""  I asked, my voice thin.

 ""That\'s just a shell now, it' s useless to you,""  he said dismissively.  ""It' s for the greater good."" 

My last hope, my only chance.

My decision was made.

I would take back what was mine.",2,ct-v1-happy-ending|happy-ending|圆满结局|He ;; ct-v1-marriage|marriage|婚姻题材|marriage
nrv_c642a05fe8afcf3dbf481231,"[""RAW_LANGUAGE_SCOPE_V1"",""[\""number\"",\""3\""]"",[""string"",""英语""]]",Phoenix Reborn: The Peerless Fourth Lady,"In her previous life, she was married to the Crown Prince since youth, and ruled over the six palaces for more than 10 years. In the end however, she met her demise at the betrayal of her younger sister and a fire burned everything to ashes.


The phoenix is nirvana, reborn in fire, peerless elegance. 
Waving her hands she commanded the clouds and rain, inside the General's camp advancing step by step; 
Of the men in this world, just who can move that rusting heart? 
At the end of the dream, who will become her lifelong companion.

A painting of blood-drenched lands, how can it rival the cinnabar between your brows*.

(*TN: Cinnabar is a similar color to blood, and cinnabar between the brows symbolizes beauty. This line is an allegory to conquest versus beautiful women)",2,ct-v1-betrayal|betrayal|背叛|betrayal ;; ct-v1-crown-prince|crown-prince|太子|Crown Prince
nrv_c66b8eb80e6e51b3fca22aba,"[""RAW_LANGUAGE_SCOPE_V1"",""[\""number\"",\""4\""]"",[""string"",""西语""]]",Arquitecto en sombra,"Era el arquitecto estrella de ""Estudio Cénit"", una empresa que levanté de la nada con mi prometida, Isabela. Nuestras vidas parecían un sueño, hasta que hallé un error fatal en el diseño de Leo, el protegido inepto de Isabela.

Al revelar que su negligencia causaría el colapso de un rascacielos, Isabela me humilló públicamente, exigiendo que me convirtiera en la sombra de Leo.

Me negué.

Le devolví el anillo y renuncié a nuestra firma.

El golpe más duro llegó después: ¡Isabela había vaciado mis cuentas bancarias durante ocho años enteros! Estaba en la miseria.

Leo y ella se burlaron de mi desgracia, me acusaron falsamente de espionaje y difamaron mi nombre, destruyendo mi reputación y mi futuro.

¿Mi prometida, la mujer que amaba, me había apuñalado así?

Mi esfuerzo, mis sueños, mi vida entera, reducidos a cenizas por su traición y ambición.

La incredulidad se tornó en una rabia helada.

¿Cómo pudo ser tan cruel?

En mi hora más oscura, recordé la propuesta de Ricardo Vega, el poderoso CEO de ""Vértice Global"", la firma de arquitectura líder mundial.

Le hice una llamada.

""Estoy listo"", le dije, sellando mi resurgimiento y el inicio de mi venganza.",1,ct-v1-wealthy-ceo|wealthy-ceo|豪门总裁|CEO
nrv_c6d41bc417942d7b6d5a2ef6,"[""RAW_LANGUAGE_SCOPE_V1"",""[\""number\"",\""3\""]"",[""string"",""英语""]]",Outcast of the Unions ,"Sisters; Ainsley and Ashton live blissfully unaware of the war until their father, a covert Union soldier, brutally murders their mother.
Forced to flee, the sisters become outcasts, abandoned and alone. Their lives take a drastic turn when Alfie, a soldier, rescues them. Under his guidance, Ainsley and Ashton undergo rigorous training, transforming into skilled fighters ready to take on the Unions. 
Will they forgive their father?
How will they fight their enemies?",1,ct-v1-military|military|军旅|soldier
nrv_c78c470f29a353565c84312e,"[""RAW_LANGUAGE_SCOPE_V1"",""[\""number\"",\""3\""]"",[""string"",""英语""]]",FORBIDDEN PLEASURE,"This book is a compilation of short erotic stories which includes forbidden romance, dominating & Submissive romance, erotic romance and taboo romance, with cliffhangers. This book is a work of fiction and any resemblance to persons, living or dead, or places, events or locales is purely coincidental.This Erotic collection is loaded with hot, graphic sex! It is intended only for adults over the age of 18 and all characters are represented as 18 or over.
",2,ct-v1-mature-content|mature-content|成人向内容|erotic ;; ct-v1-romance|romance|言情|romance
nrv_c9bad565098666339b327119,"[""RAW_LANGUAGE_SCOPE_V1"",""[\""number\"",\""5\""]"",[""string"",""葡语""]]","Tarde Demais, Meu Ex Herdeiro da Máfia","Meu noivo há sete anos, o herdeiro de uma dinastia do crime organizado, alegou ter amnésia três semanas antes do nosso casamento, esquecendo apenas de mim. Então, eu o ouvi rindo em uma videochamada, chamando isso de ""passe livre"" perfeito para dormir com uma influenciadora antes de se amarrar.

Ele exibia seu caso, me abandonou com um braço quebrado após um acidente de carro forjado para salvá-la de um arranhão, e planejou me deixar sem teto. Ele me chamou de sua ""propriedade"", uma boneca com a qual ele podia brincar e colocar de volta na prateleira quando terminasse.

Ele pensou que eu estaria esperando por sua ""recuperação milagrosa"". Em vez disso, eu desapareci, deixando para trás seu anel e um bilhete simples: ""Eu me lembro de tudo. Eu também.""",1,ct-v1-crime|crime|犯罪|crime
nrv_c9dac14b1ea272bd3f1a2b71,"[""RAW_LANGUAGE_SCOPE_V1"",""[\""number\"",\""4\""]"",[""string"",""西语""]]",El amor tardío del Alfa,"Observé cómo el doctor tiraba mi médula ósea, que acababa de extraerme, a la basura. 

Justo cuando estaba a punto de hablar, escuché voces provenientes de la habitación contigua. 

""La venganza número noventa y siete, y esa mujer estúpida, Vanessa Price, realmente cree que Timothy fue envenenado y se apresuró a donar su médula ósea"". 

""Esa mujer le robó el campeonato a Bryanna en aquel entonces. Espera y verás. Timothy se vengará de Vanessa tres veces más. Estará rogando por piedad"". 

Timothy Oliver, por quien sacrificaría todo, escuchaba tranquilamente a sus amigos relatar sus tormentos contra mí. 

Me vi obligada a rebuscar en la basura en busca de un anillo que nunca existió y a enfrentar el frío en solemne oración ante la estatua de la Diosa de la Luna. Y mi competencia de piano fue arruinada... 

Timothy planeó meticulosamente cien actos de venganza contra mí en los últimos cuatro años para desahogar la ira de su madrastra, Bryanna Oliver. 

No fue hasta que desenterró mi cuerpo sin vida y el informe de la prueba de embarazo en una mina de plata derrumbada que verdaderamente se lamentó. 

Ahora era el momento de que yo contraatacara por el engaño en nombre del amor. ",2,ct-v1-werewolf-luna|werewolf-luna|Luna（狼人女首领）|Luna ;; ct-v1-doctor|doctor|医生|doctor
nrv_c9f184be8fa7f45ac1b2c106,"[""RAW_LANGUAGE_SCOPE_V1"",""[\""number\"",\""3\""]"",[""string"",""英语""]]",LIFE AND DEATH HOLDER,"Kali once said, ""be careful who you trust. Remember, demon was once an angel.""

...

Manuel Kagura Anastacio is a simple and family oriented guy. His fate in mortal world which is the earth was a big misfortune, because first, when he was born, his father died. Second, he became the center of bullying because of his physical appearance that called ugly. Third, he confessed to his best friend then, he was rejected by his best friend. After that rejection, accident happened and cause him to die. Then, he went to the place called Purgatory - where all the soul being judge whether they go to Paradiso or Impyerno. As he wake up, he met his guardian angel named Guardian Toki, and find out to be his attorney in Purgatory. As the destiny start to play with him, Manuel Kagura Anastacio was given a chance to live again and reincarnate to Mundo da Fantasia where magic(Hold) exist. Together with Guardian Toki, they will fight against the creatures with evil intentions and eliminate them. But before they reincarnate, the ruler of Purgatory, which is Supreme Dea Justo, was given a new name for Manuel Kagura Anastacio into Sephtis Kali, also given a new name for Guardian Toki into Vita Guia and given a title THE TWINS OF PURGATORY

What adventure awaits to Kali ang Guia?

How they manage to fight and eliminate evil deeds?

How will they encounter love in the midst of their adventure?

",3,ct-v1-family|family|家庭|family ;; ct-v1-adventure|adventure|冒险|adventure ;; ct-v1-happy-ending|happy-ending|圆满结局|he
nrv_cb9b830f2ab2acf85df3b254,"[""RAW_LANGUAGE_SCOPE_V1"",""[\""number\"",\""3\""]"",[""string"",""英语""]]",Mind-Link's Lie: Love's Cruel Deception,"For seven years, my husband Kerr Chapman' s every cruel word and cold shoulder was translated by a mysterious ""Mind-Link Notification"" as a twisted expression of love. It told me his dismissals were ""tests of obedience,"" his neglect a sign of ""profound commitment."" I believed it, sacrificing my dignity and self for a love I thought was just hidden.

Then, after he kicked me out late one night, I crashed my car. Lying injured in the hospital, I expected him to finally break. Instead, he arrived with my university rival, Gina Parker, who openly mocked me and claimed Kerr had been with her.

Kerr stood by, defending Gina, even as she deliberately broke a cherished drawing of my deceased mother and then fabricated a story that I attacked her. He carried her out, leaving me alone, his words echoing: ""It's a thing, Chloe. You hurt a person over a thing.""

The Mind-Link notification flashed, trying to justify his betrayal as ""a test of my unconditional love."" But for the first time, its words felt like a monstrous lie, a sick justification for his cruelty.

I stared at the blue box, the words blurring through my tears. The love it described wasn't love. It was a cage. And I finally, finally saw the bars. I had to get out.",2,ct-v1-betrayal|betrayal|背叛|betrayal ;; ct-v1-happy-ending|happy-ending|圆满结局|he
nrv_cce29833cfe8a23769f4f77c,"[""RAW_LANGUAGE_SCOPE_V1"",""[\""number\"",\""6\""]"",[""string"",""法语""]]",Un Compagnon Offert a la Luna,"Un jeune Alpha plein d'espoir, ne s'attendait pas à se retrouver dans une situation aussi périlleuse. Lorsqu'il a été offert à Lyra Michaelson, la Luna de la meute, il a tout d'abord été rempli de colère et de confusion. Comment une telle décision avait-elle pu être prise à son insu ? Mia, avec sa beauté envoûtante et son aura puissante, avait captivé son attention lors d'une rencontre fortuite des années auparavant. Mais cette obsession qu'elle avait pour lui, née d'un accident tragique qui avait coûté la vie à sa mère, le laissait perplexe. Était-il vraiment son compagnon destiné, ou n'était-il qu'un pion dans un jeu beaucoup plus grand qu'il ne pouvait l'imaginer ?
La promesse de Mia était simple, mais troublante : une année pour lui faire découvrir l'amour, sinon il serait libre de partir. Chaque jour, elle le couvrait de cadeaux somptueux et de gestes romantiques, tentant de le séduire tout en imposant des règles strictes qui l'étouffaient. Marc se demandait : était-ce là un véritable amour qu'elle cherchait à éveiller, ou un contrôle dissimulé derrière une façade de passion ? La tension entre eux devenait palpable, chaque moment partagé étant teinté de jeu psychologique. Comment pourrait-il résister à la séduction de Mia, tout en gardant la maîtrise sur sa propre vie ?
À mesure que les jours passaient, Marc ne pouvait s'empêcher d'être attiré par le monde intense et dangereux que Mia représentait. Ses émotions se heurtaient à la logique, et il se retrouvait à la croisée des chemins. Se laisserait-il aller à cette passion torride qui lui faisait vibrer le cœur, ou chercherait-il un moyen de s'échapper avant que les chaînes de Mia ne se resserrent trop autour de lui ? Chaque regard, chaque sourire de sa part le troublait davantage, et les questions tourbillonnaient dans son esprit : Lyra était-elle vraiment capable d'amour, ou n'était-elle qu'une manipulatrice au charme irrésistible ?
Alors que la date fatidique approchait, un autre mystère s'installait. Les signes d'une grossesse se faisaient sentir chez Lyra, et Alex se retrouvait face à une révélation bouleversante. Comment pourrait-il gérer une situation aussi complexe ? La promesse de Lyra de lui donner des petits loups le laissait partagé entre l'angoisse et l'excitation. Était-il prêt à embrasser ce rôle de père, tout en naviguant dans les eaux tumultueuses de leur relation ? Les enjeux devenaient de plus en plus élevés, et Alex devait se décider : plonger dans cette passion irrésistible avec Lyra ou fuir avant que tout ne lui échappe.
",1,ct-v1-werewolf-alpha|werewolf-alpha|Alpha（狼人首领）|Alpha
nrv_cd35514b129cf9506ddfdf2f,"[""RAW_LANGUAGE_SCOPE_V1"",""[\""number\"",\""20\""]"",[""null""]]",無敵霸主系統,"【火爆玄幻熱書】
秦霄意外穿越，身上伴隨著一個超強系統，從此走上狂踩敵人，狂收美女的幸福生活！
好看的玄幻新書，更新最快的玄幻熱文！",1,ct-v1-time-travel|time-travel|穿越|穿越
nrv_cd96210ebc9980013b2bcccc,"[""RAW_LANGUAGE_SCOPE_V1"",""[\""number\"",\""20\""]"",[""null""]]",醫女狂妃：世子大人心尖寶,世代書香，千金嫡女，家族卻皆稱她安星月痴傻，瘋魔，猶如災星。她被爹娘所厭棄，祖輩。不喜，堂姐算計，未婚夫背叛，死於中秋佳節，闔家團結之時。重生於兵荒馬亂間，被天降的冷麵少年寧西華所救。“星月，這世人，無人能救你，只有你自己，但我可以幫你。”她不再將希望寄託於家族，卻將秘密一點點的揭開。家族的腌臢，長輩的恩怨憑什麼要讓她一力承擔？軟禁祖母，通緝堂姐和渣男，將整個家族握在手中。一朝滅門慘案，家族盡毀。她握著僅有的線索前往京城，得知伴她左右，護她周全的少年已要另娶。“西華君，既然你無情，休怪我無義，今日你囚我入府，我必會斷了你的路。”“星月啊，分明是你拐了我，難道不該我找你算賬？”重生一世，她的路依然不好走啊！,3,ct-v1-betrayal|betrayal|背叛|背叛 ;; ct-v1-legitimate-daughter|legitimate-daughter|嫡女|嫡女 ;; ct-v1-rebirth|rebirth|重生|重生
nrv_ce86468b49ae3489ada87817,"[""RAW_LANGUAGE_SCOPE_V1"",""[\""number\"",\""20\""]"",[""null""]]",御妖：我的寵物全是衝主逆獸,妖魔世界，人類和妖魔共存，靠馴服妖魔對戰，生活，冒險。還有專門培育妖魔訓練師的學校。藏鋒穿越妖魔世界，獲得提示系統。通過提示，得知稀有妖魔在哪，如何捕捉，如何進行隱藏進化。從此，訓練師學院中，多了一個奇蹟傳說。,1,ct-v1-time-travel|time-travel|穿越|穿越
nrv_cec271b64f20ebe7b0601cdd,"[""RAW_LANGUAGE_SCOPE_V1"",""[\""number\"",\""6\""]"",[""string"",""法语""]]",L'Ombre d'Ann : Mon Héritage de Vengeance,"À cinq ans, j'ai été arrachée à mon foyer, réduite à la valeur d'une marchandise pour de sordides trafiquants.

Dans les ténèbres d'une cave, j'ai rencontré Ann, celle qui est devenue ma sœur d'infortune, ma lumière dans l'obscurité.

Elle m'a tout appris sur sa famille fortunée, les Moore, et leurs secrets intimes, y compris le médaillon familial qu'elle m'a confié, un symbole de notre survie.

Quand elle s'est sacrifiée pour me laisser une chance de m'échapper, je n'ai gardé qu'une promesse silencieuse : survivre, et un jour, venger.

Les Palmer, un couple de fermiers corses impitoyables, m'ont adoptée, ou plutôt, réduite en esclavage, me donnant un nouveau nom, Juliette, et des années de coups et de labeur.

Pendant treize ans, j'ai enduré, veillant sur le médaillon d'Ann, attendant mon heure.

Quand les Moore sont arrivés, cherchant leur fille perdue, Cécilia, mon cœur a battu la chamade : c'était le moment.

Mais ma tortionnaire, Mme Palmer, m'a enfermée, et j'ai entendu leur propre fille, Addie, tourmenter mon enfance, livrer les secrets d'Ann que je lui avais confiés, se faisant passer pour l'héritière.

Les Moore, froids et calculateurs, ont emmené Addie, payant une fortune aux Palmer, me laissant derrière, à encaisser les coups, le cœur rongé par la défaite.

Alors que les Palmer attendaient leur argent, Addie est revenue, brisée, rejetée comme un chiffon inutile par les Moore qui avaient découvert l'imposture.

C'est là, face à M. Moore enragé cherchant sa véritable fille, que je suis sortie de l'ombre, les mots d'Ann sur les lèvres, le médaillon à la main.

Je me suis présentée comme Cécilia Moore, la défunte, mais j'ai vu dans leurs yeux une froide lueur : un moyen de sauver leur autre fille, Carole, pas un enfant perdu.

Je n'étais qu'une ""banque de sang sur pattes"".

La douleur, le rejet, l'horreur de comprendre qu'Ann était affaiblie par leurs prélèvements avant même d'être kidnappée, ont fait monter en moi une fureur glaciale.

Ils ont osé me vider de ma moelle osseuse, sans anesthésie, sans vérification, juste pour Carole, qui, ironiquement, a rejeté le don.

Alors, tandis qu'ils me croyaient inconsciente, j'ai volé leur carnet noir, j'ai photographié chaque page de leurs décennies de crimes.

J'ai envoyé la bombe aux journalistes, programmant l'explosion pour le jour des résultats ADN officiels.

Et ce jour est arrivé.

Dans le bureau du médecin, j'ai attendu, calme, alors qu'ils apprenaient que je n'avais aucun lien de parenté avec eux.

C'est à cet instant précis que la porte s'est ouverte sur une horde de journalistes, l'écran de la tablette révélant les pages de leur cahier de crimes.

M. Moore, de rage, m'a attrapée, un couteau sous ma gorge.

Son regard se vide quand ma voix s'élève, non pas pour l'accuser, mais pour lui révéler la vérité glaçante : « Je ne suis pas votre fille. Votre vraie fille, Cécilia, est morte il y a des années. Elle s'appelait Ann. »

J'ai mis des mots sur l'indicible : la chanson, la cicatrice, le médaillon, et comment la véritable Ann, affaiblie par leurs propres prélèvements pour Carole, avait péri en me protégeant.

Une infirmière entra, le visage grave, annonçant la mort de Carole.

M. Moore s'est effondré, tout perdu.

L'empire Moore s'est écroulé, les coupables incarcérés, mais Ann a été vengée.

Libre, mais seule, j'ai tourné la page.

Un jour, un chef de Paris, M. Evans, cherchait sa fille disparue.

Le test ADN a confirmé ce que mes yeux savaient déjà : j'avais un père.

Pour la première fois, j'ai pleuré, non de douleur, mais de soulagement, serrée dans des bras aimants.

Aujourd'hui, Juliette Evans, j'ai une famille, un nouveau foyer, et la paix d'une âme enfin retrouvée.",2,ct-v1-horror|horror|恐怖|horreur ;; ct-v1-chef|chef|厨师|chef
nrv_cef8dbbc83feacaf7bb2de5d,"[""RAW_LANGUAGE_SCOPE_V1"",""[\""number\"",\""3\""]"",[""string"",""英语""]]",Craving The Forbidden ,"🔞 Contents are highly explicit.

""Today, I'll teach you, Nick, how to make a woman cum effortlessly."" She tells Nick. 

Turning to Isla, the hot sexologist says, ""Today, your fantasy will become a reality. Ready?""
**
The forbidden fruit, they say, has the sweetest taste, so this collection of hot, steamy ales is here to satisfy your cravings and keep your desires flaring. 

The book contains completely unconventional stories that break inhibitions. Filled with love, passion, and forbidden cravings, the book will leave you wet and needy with each new page you turn to. 
Want a taste of the forbidden fruit? Dive in.",1,ct-v1-fantasy|fantasy|奇幻|fantasy
nrv_cf9364f69d373c7d99a2b905,"[""RAW_LANGUAGE_SCOPE_V1"",""[\""number\"",\""3\""]"",[""string"",""英语""]]",Wuthering height,"Wuthering Heights is a classic novel by Alex Emmanuel.
The novel delves into themes of love, revenge, and the destructive power of obsession. Heathcliff is consumed with his love for Catherine, and his revenge against those who stood in the way of their relationship. As the story unfolds, it becomes clear that Heathcliff's desires have driven both himself and those around him to madness and destruction.

The novel also explores the class divide and social norms of the time period, with Heathcliff's lowly origins being one of the key factors in his inability to have a proper relationship with Catherine, who comes from a wealthy and respectable family.

Overall, Wuthering Heights is a haunting and intense novel that explores the darker sides of human nature. Its themes and characters continue to resonate with readers today.",2,ct-v1-family|family|家庭|family ;; ct-v1-revenge|revenge|复仇|revenge
nrv_cfc4eb29817d9551651b0eb3,"[""RAW_LANGUAGE_SCOPE_V1"",""[\""number\"",\""15\""]"",[""string"",""菲律宾语""]]",Seducing My Baby's Father,"What would you do if the only person who keeps you going every second of every day was taken away from you?

""I'll seduce him,"" she answered. ""Not only to reclaim what is rightfully mine, but also to make him feel the same pain I felt the day he took my son away from me.""",1,ct-v1-happy-ending|happy-ending|圆满结局|he
nrv_d10e887ca7e70d4ac0b9d7fe,"[""RAW_LANGUAGE_SCOPE_V1"",""[\""number\"",\""20\""]"",[""null""]]",開局十萬火槍兵:明末崛起!,"21世紀青年攜帶武器兌換系統魂穿至大明最後一個倒黴太子朱慈烺的身上,本著既來之則安之的原則,在這個亂世當中,穿越男用系統兌換的各類熱武器指點江山揮斥方遒.
南下剿滅南明,老子才是大明正統,什麼福王潞王?
北方追殺建奴至西伯利亞.
西至歐羅巴,東至美洲大陸,有誰不服?不服的上火槍兵.
集大明舉國之力,打造超一流世界大國,七大洲四大洋四大艦稱雄海外,六大總督殺盡一切膽敢抗天者!
讓明軍威武的聲音響徹海內外!
",2,ct-v1-crown-prince|crown-prince|太子|太子 ;; ct-v1-time-travel|time-travel|穿越|穿越
nrv_d2807fa5d8e179a47831d199,"[""RAW_LANGUAGE_SCOPE_V1"",""[\""number\"",\""3\""]"",[""string"",""英语""]]",The Mack Daddy Gangster Bodyguard,"Lin Huai is hired as a bodyguard to a young and beautiful heiress at her university, but this mission is more than it seems. He'll be facing black-hearted bullies, underworld bosses, assassins, and all sorts of danger. But if they think any of that will stop Lin Huai, they're in for a surprise. Using his astounding fighting skills, he'll stand up for what is right, defend the helpless, and still find time to flirt with beautiful girls along the way.",2,ct-v1-tragic-ending|tragic-ending|悲剧结局|be ;; ct-v1-happy-ending|happy-ending|圆满结局|He
nrv_d31e997dd23a739fc7820ab7,"[""RAW_LANGUAGE_SCOPE_V1"",""[\""number\"",\""20\""]"",[""null""]]","絕色狂妃:王爺,來入贅","
雲輕狂前世為第一殺手,高貴冷豔,嗜血無雙.

重生後她卻成了東霄國雲家第一廢柴,奇醜無比,低賤如蟻.

後母毒辣,嫡姐陰狠,庶妹囂張,就連個丫鬟也能往她頭上踩!

強魂再世,誰還敢說她是天生廢物?

豔傾天下,傭兵在手,焚天大陸最為狂傲尊貴的男人寵她上天,驕傲不羈的東霄太子視她為夢中女神,五大神獸甘願為她倒水捶背.

某妖孽企圖翻身做主人,將她壓在身下殷勤地笑道:「承蒙雲爺收留,小的一定裡裡外外都把雲爺伺候好了......」

雲輕狂冷笑,一掌拍飛之:「妖孽,我一心向往把異界鬧個雞飛狗跳,你能滾一邊別妨礙爺麼?」

且看廢柴如何完美逆襲,醜女如何變身女神,雲爺如何寵冠後宮,手執妖孽,笑傲天下!
",2,ct-v1-crown-prince|crown-prince|太子|太子 ;; ct-v1-rebirth|rebirth|重生|重生
nrv_d49b7f10bc8f52278a183481,"[""RAW_LANGUAGE_SCOPE_V1"",""[\""number\"",\""3\""]"",[""string"",""英语""]]",Bound By The Legacy Pact: My Protector,"The crystal chandeliers of the Plaza Hotel screamed money, framing the wedding of Chelsea Grimes and Julian Davidson as the ultimate corporate merger. But as the officiant prepared to unite two of the city's most powerful dynasties, the heavy double doors didn't just open-they exploded inward.

Gideon Combs stood in the wreckage, a man in a frayed trench coat and grime-caked boots, looking like a stain on a pristine canvas. He wasn't there to object; he was there to enforce a ""Legacy Pact,"" coldly informing the bride that her debt to a dead man hadn't been fulfilled and she didn't get to walk away.

In seconds, the ballroom turned into a butchery as Gideon dismantled elite bodyguards with nothing but a broken wine bottle, eventually sending the groom flying into a tower of shattering champagne glass. When the military arrived, the room expected a firing squad, but instead, a four-star General snapped a sharp salute to the ""vagrant,"" calling him a national asset. My family, the Singletons, saw this as a threat rather than a salvation; when I chose to stand by Gideon, my own grandmother stripped me of my keys, my cards, and my inheritance, casting me out into the pouring rain.

I couldn't wrap my head around why the world's most powerful men trembled at the mention of Gideon's mentor, or what secret was etched into the black iron ring on his finger. I had traded my billionaire lifestyle for a man who looked like a drifter but fought like a god, and I had no idea if he was my protector or my ultimate ruin.

As we stood on the sidewalk with nothing but twelve dollars and the clothes on our backs, Gideon's phone buzzed with a half-million-dollar bounty already active on the dark web. He didn't flinch; he just looked at the shadows closing in and whispered.

""Game on.""",3,ct-v1-military|military|军旅|military ;; ct-v1-family|family|家庭|family ;; ct-v1-happy-ending|happy-ending|圆满结局|He
nrv_d4d5063c6fcec66e21b6cd4e,"[""RAW_LANGUAGE_SCOPE_V1"",""[\""number\"",\""3\""]"",[""string"",""英语""]]",The Discarded Wife Is A Mafia Queen,"I am the wife of Dante Moretti, a powerful Mafia Underboss. But in secret, I am ""Spettro,"" the phantom architect who built his entire encrypted bootlegging empire.

On my birthday, I came home to find him gifting our five-year-old daughter the exact plush toy he had violently slapped out of my hands months ago. Only this time, he was giving it to his mistress, Adriana, to present as her own.

""Auntie Adriana is a million times better than Mommy.""

My daughter's innocent words pierced my heart, while Dante coldly dismissed my presence, treating me like an unwelcome stranger interrupting their perfect family. He mocked my mothering, allowed his mistress to sever my desperate phone calls with my child, and weaponized his power to break our daughter's spirit just to spite me. He sneered that my only purpose was to stay quiet, absolutely certain I would crawl back the second my allowance ran dry.

He thought I was just a weak, submissive wife who had lost everything. He didn't realize that the empire he arrogantly ruled was entirely built on my stolen brilliance.

I left my diamond ring on the table, violently slashed our ancient blood oath in half, and walked out of his gilded cage forever.

Sitting in a cold warehouse, I placed my hands on my telegraph machine and initiated the Ghost Protocol to permanently paralyze his entire criminal network.

The era of playing the dutiful wife was over. I am Donna Falcone, and the vendetta has just begun.",2,ct-v1-family|family|家庭|family ;; ct-v1-happy-ending|happy-ending|圆满结局|he
nrv_d5846ea4c98bd37bd1087f35,"[""RAW_LANGUAGE_SCOPE_V1"",""[\""number\"",\""15\""]"",[""string"",""菲律宾语""]]",Treaty with an Accardi,"Desiderius Accardi a 29 years old single dad and a billionaire business man who never believe in love. He never experience falling in love and he doesn't want to fall in love either. His twins' wanted to have another sibling and he spoils them a lot that's why he decided to find a surrogate mother.


Elviera Suave, 21 years old under graduate, she came from a poor family and she wanted to do everything for her parents. She decided to stop going to school for the meantime, so she went to the city and looked for a job, she got rejected numerous times and finally! An agency offered her to be a nanny.",3,ct-v1-family|family|家庭|family ;; ct-v1-tragic-ending|tragic-ending|悲剧结局|be ;; ct-v1-happy-ending|happy-ending|圆满结局|He
nrv_d5a0a132bade22e49d23f000,"[""RAW_LANGUAGE_SCOPE_V1"",""[\""number\"",\""19\""]"",[""null""]]",无上帝尊,"无上至尊雷诺，转世成为凡间废太子，觉醒太古神族血脉，开启变异孽龙武魂！ 
血脉神通，治疗、吞噬皆可升级！ 
武魂狂暴，龙瞳破虚妄，龙爪碎虚空！ 
这一世，雷诺携无尽神通、无上威能，斗苍穹，御万界，成无上帝尊！",1,ct-v1-crown-prince|crown-prince|太子|太子
nrv_d6a8f79506918e641830b5e7,"[""RAW_LANGUAGE_SCOPE_V1"",""[\""number\"",\""3\""]"",[""string"",""英语""]]",Hunted Down: The Detective Stories of Charles Dickens,"Charles Dickens (1812-1870) has produced some of the most memorable writings in the English language, including such well known works as &quot;A Christmas Carol, Sketches by Boz, A Tale of Two Cities, Oliver Twist, Daivid Copperfield, Great Expectations, and The Pickwick Papers.
Dickens is famous for the characters he created and his descriptions. A man of tremendous energy, he spent hours a day walking the London streets from which his characters and scenes came.
Most of Dickens' work was in magazine serial form. Quiet Vision publishes not only Dickens' well known works but also many of his lesser known but still well crafted works.",1,ct-v1-happy-ending|happy-ending|圆满结局|he
nrv_d70d59641dcb21fe01239849,"[""RAW_LANGUAGE_SCOPE_V1"",""[\""number\"",\""15\""]"",[""string"",""菲律宾语""]]",Namia Fuevo (The girl who was born with dignity),"A woman will fight for justice, justice that can never be forgiven by reciprocal love. And a man who can't move on, in one thing. But how can this be done properly if something is forcing to stop? This is love. Love that can't be covered, even resentment. But all of this can be stopped because of the man's arranged marriage.",3,ct-v1-arranged-marriage|arranged-marriage|包办婚姻|arranged marriage ;; ct-v1-tragic-ending|tragic-ending|悲剧结局|be ;; ct-v1-marriage|marriage|婚姻题材|marriage
nrv_d7658a8ba3cd7ab45777dc2d,"[""RAW_LANGUAGE_SCOPE_V1"",""[\""number\"",\""3\""]"",[""string"",""英语""]]",The Standard Bearer,"A book iron-grey and chill is this that I have written, the tale of times when the passions of men were still working like a yeasty sea after the storms of the Great Killing. If these pages should chance to be read when the leaves are greening, they may taste somewhat unseasonably in the mouth. For in these days the things of the spirit had lost their old authority without gaining a new graciousness, and save for one man the ancient war-cry of &ldquo;God and the Kirk&rdquo; had become degraded to &ldquo;The Kirk and God.&rdquo;",1,ct-v1-tragic-ending|tragic-ending|悲剧结局|be
nrv_d9aa3f969d5878363ad836ff,"[""RAW_LANGUAGE_SCOPE_V1"",""[\""number\"",\""3\""]"",[""string"",""英语""]]",The Debt of Deception,"My bank account was a graveyard of numbers, each one a testament to my crushing debt.

One hundred and fifty-two thousand, four hundred and eighty-one dollars and sixty-two cents, to be exact.

It all started when Jennifer Chavez, my ex-colleague, whispered about an impending grid collapse.

I believed her. I drained credit cards, took out high-interest loans, and filled my Portland apartment with freeze-dried food and solar generators.

Then Jennifer posted from Bali, ""#blessed.""

The grid never went down. My life, however, did.

Eviction notices piled up, and my phone wouldn't stop buzzing with collection calls.

I hated Jennifer. I hated her effortless success while I stared at a mountain of useless survival gear, suffocating under my own stupidity.

Just when I considered oblivion, my obnoxious upstairs neighbor, Sweet_Caroline, shrieked, ""I make more money in one of these livestreams than you probably make in a month.""

Something snapped.

What if I gave them an apocalypse?",2,ct-v1-apocalypse|apocalypse|末世|apocalypse ;; ct-v1-tragic-ending|tragic-ending|悲剧结局|be
nrv_d9bfda749b49212d3185c418,"[""RAW_LANGUAGE_SCOPE_V1"",""[\""number\"",\""3\""]"",[""string"",""英语""]]",Montezuma's Daughter,"A series of misadventures lead Englishman Thomas Wingfield to join a Spanish expedition to New Spain. There he witnesses the first meeting between the conquerers and the natives, and the many abuses of the latter at the hands of the former. He marries the daughter of a native king, only to see his native family killed. He wreaks his revenge before returning to England.",3,ct-v1-family|family|家庭|family ;; ct-v1-revenge|revenge|复仇|revenge ;; ct-v1-happy-ending|happy-ending|圆满结局|he
nrv_d9f45eb977263c1348d0029e,"[""RAW_LANGUAGE_SCOPE_V1"",""[\""number\"",\""4\""]"",[""string"",""西语""]]",Lazos de Sangre y Corse,"Un aristócrata maldito. Una científica proscrita. Un secreto que aúlla bajo la luz de la luna.

Lord Alistair Thorne es el soltero más codiciado de Londres, pero hay algo oscuro en su interior: una maldición que lo transforma en bestia cada luna llena. No dispuesto a ceder a su lado salvaje, recurre a Eleanor Vance, una experta en remedios prohibidos que no le teme a los monstruos.

Atrapados tras los muros de la mansión Thorne, Eleanor emplea alquimia y plata para mantener al lobo a raya, mientras Alistair lucha por no dañar a la única mujer que lo ha visto sin su fachada. En el oscuro sótano, entre el dolor de sus huesos y el alivio que traen las pócimas, surge un amor tan intenso como arriesgado.

No obstante, en el Londres victoriano, el verdadero peligro no radica solo en su transformación, sino en ser descubierto. Mientras Scotland Yard está al acecho, ambos se darán cuenta de que la cura más difícil de encontrar es la que puede sanar un corazón maldito.",1,ct-v1-werewolf-luna|werewolf-luna|Luna（狼人女首领）|luna
nrv_dab243e5c350651b4c56b1b6,"[""RAW_LANGUAGE_SCOPE_V1"",""[\""number\"",\""3\""]"",[""string"",""英语""]]",BROUGHT BY ALPHA DECLAN ,"She  was young, happily lived with her parents, they made her  strive to work hard.

She had a fiance, and they were to get married. 

 Right in front of her eyes her parents were brutally murdered, right on her eyes.

She could clearly remember their scream that  night as they died. 

Who was she??

Aeris Vern.

She had the beauty and everything but then the only thing she lacked was her wolf.

Her wolf refused to surface. 

She kept blaming her wolf for not surfacing and believed the Alpha of Ember wolves murdered her parents for that reason. 


Declan Theon. Alpha of Embers Wolves was a dominant and intimidating alpha, feared by all.

He was feared by the packs in the Seven Grounds of Luna Athena which housed the seven pack of wolves. 

Embers Wolves was the mightiest. Declan ruled them all. 

But then in every good living place, there must always be a villain to ruin it. 

And the villain of this pack.. Was Tharros. 

He was a god of evil, who wanted blood, he was a blood thirsty god, unlocked by.. Declan himself. 

In a fit to win over his evil brother, Declan released Tharros with the promise to grant his wish and  Tharros's wish was to consume the entire Seven grounds of Luna Athena. 

Declan couldn't let that happen and he waged war with the god. 

He won but he couldn't defeat Tharros and in order to avoid the loss of lives, he started sacrificing wolf girls to Tharros. 

And now was another dark time for the sacrifice to be conducted. 

He needed a girl.. A girl with a wolf. 

Aeris decided to take revenge.

She was going to end Alpha Declan.

Fate or was it a curse... That on the night of the full moon, when a virgin would be picked for Declan to offer as a sacrifice to the God of Nekroth.. Tharros.

He saw her.",2,ct-v1-revenge|revenge|复仇|revenge ;; ct-v1-happy-ending|happy-ending|圆满结局|He
nrv_dcf7667a94c80b5d763bb826,"[""RAW_LANGUAGE_SCOPE_V1"",""[\""number\"",\""20\""]"",[""null""]]",掌上歡：戰王盛寵小醫妃,"她本是神醫世家傳人，卻意外穿成了爹不疼娘早逝的相府嫡長女。
穿越當日，便被誣陷成謀害侯府夫人的真兇。她力挽狂瀾，扭轉乾坤，自證清白。
她以為困境結束，卻不知她將面對的，是無盡深淵。
堂堂相府嫡女，過得四面楚歌，人人都能踩她一腳。
父親不管她的死活，繼母妹妹們以折磨她為樂，渣男未婚夫一心想踩著她往上爬，就連一母同胞的親弟弟，也是個吃裡扒外的東西！
於是她開始鬥渣男，虐繼母，收拾弟弟妹妹。
她在虐渣路上過得風生水起，卻不知何時招惹上戰王殿下。她幹壞事，他放風，她要殺人，他挖坑。
她終於忍不住了，“戰王殿下，我要想滅了這不公的人世，你也要幫嗎？”
他一臉無懼，“只要你在我身邊，縱然天下，我也能給你。”",2,ct-v1-legitimate-daughter|legitimate-daughter|嫡女|嫡女 ;; ct-v1-time-travel|time-travel|穿越|穿越
nrv_dd8e7869a64f6c743d1212bd,"[""RAW_LANGUAGE_SCOPE_V1"",""[\""number\"",\""3\""]"",[""string"",""英语""]]",Ms. CEO vs. Mr. CEO,"Alexandra Yang was simple but a terrible woman. Timothy Huang was also a terrible man. They fated to meet but will Timothy fall for her when he knew that Alexandra Yang was a more terrible than him?  She is a leader of underground organization, a lawyer and a CEO too? ",2,ct-v1-lawyer|lawyer|律师|lawyer ;; ct-v1-happy-ending|happy-ending|圆满结局|he
nrv_de506c550495b6f58df453bf,"[""RAW_LANGUAGE_SCOPE_V1"",""[\""number\"",\""6\""]"",[""string"",""法语""]]",La vengeance d'une âme retrouvée,"La dernière chose que j'ai sentie, c'est la main rugueuse de mon père sur mon front fiévreux.

Mes poumons brûlaient dans l' hospice miteux, alors que mes parents, rongés par le remords, murmuraient des excuses.

Vingt ans s'étaient écoulés depuis qu'Antoine, mon frère adoptif, m'avait vendue pour quelques billets, me laissant seule face à l'horreur.

Lui était devenu un chef étoilé, et Sophie, sa jumelle, avait hérité de tout ce qui aurait dû être à moi.

J'ai fermé les yeux dans un dernier souffle.

Puis, une lumière violente, un son assourdissant.

J'ai ouvert les yeux brusquement.

J'étais dans ma chambre d'enfant, mes mains étaient petites et lisses.

J'avais de nouveau dix ans.

La porte s'est ouverte à la volée.

C'était Antoine.

« Ils sont insupportables ! »

Sa voix était aiguë, pleine de colère.

« Papa a encore refusé de m'acheter la nouvelle console. Il dit qu'on n'a pas assez d'argent, que la boulangerie marche à peine. Je ne peux pas vivre comme ça, Amélie ! C'est une vie de pauvres ! »

Je le regardais, le cœur battant à tout rompre.

C'était lui.

Le monstre qui avait détruit ma vie, juste là, devant moi.

Mon corps a commencé à trembler, non de peur.

Mais de haine.

« J'ai un plan. On va partir d'ici. Loin. On trouvera une vie meilleure. Tu viens avec moi, n'est-ce pas ? »

Dans ma vie précédente, j'avais hoché la tête.

J'étais naïve, je lui faisais confiance, et il m'avait vendue à la première occasion.

Cette fois, c'était différent.

Je connaissais la fin de l'histoire.

Je me suis redressée sur mon lit, une froide détermination m' envahissait.

« Non. »

Le mot est sorti, sec et clair.

Plus fort que je ne le pensais.",2,ct-v1-horror|horror|恐怖|horreur ;; ct-v1-chef|chef|厨师|chef
nrv_de6b8ed10d44798a323a5d36,"[""RAW_LANGUAGE_SCOPE_V1"",""[\""number\"",\""11\""]"",[""string"",""印尼""]]",Mantan Jadi Bos,"Karena tidak mau menjadi istri keempat dari direktur tempatnya bekerja, Alula harus menerima bahwa dirinya dipecat dari perusahaan itu. Parahnya lagi, dia dipecat tanpa mendapatkan pesangon. 

Alula sangat kesal karena dipecat dengan cara tidak terhormat. Padahal Alula harus bekerja untuk membantu perekonomian keluarganya setelah ayahnya meninggal.  Meski ibunya membuka warung kecil di kampung, ia tetap merasa bertanggung jawab untuk membantu perekonomian keluarga, apalagi saudara kembarnya masih duduk di bangku SMA.

Atas rekomendasi teman Alula, ia pun kembali mendapatkan pekerjaan. Sayangnya, CEO/bos di tempat Alula bekerja adalah mantan pacar Alula.  Dulu Alula memutuskan hubungan mereka tanpa alasan yang jelas.

  Menjadi CEO/bos dari  Alula tentu saja merupakan kesempatan emas bagi mantan pacar Alula untuk membalas dendam atas lukanya.

Alula yang awalnya sudah melupakan sang mantan, lambat laun mulai merasakan kembali benih-benih cinta yang dulu pernah ada, meskipun sang mantan sering membuatnya kesal, dan sakit hati. 

  Akankah Alula siap menerima balas dendam dari mantannya?",1,ct-v1-wealthy-ceo|wealthy-ceo|豪门总裁|CEO
nrv_df6e7b09ede37afb88701300,"[""RAW_LANGUAGE_SCOPE_V1"",""[\""number\"",\""3\""]"",[""string"",""英语""]]",NOT A SAINT,"HAVING a prosperous rich lifelike, money, luxury, beauty and brain, most men are drooling over her. Celestine Rain Alcazar has been fraught,  living in a lie. When she's living in a cage, no freedom from the things she wanted to be, that money can't buy—true happiness she desired the most.
Her mom put her on a pedestal, closing into edge and arranged her for a marriage with a beast-like Ezekiel Formosa. Her mom doesn't know her deepest secrets between her sheets, hiding her true identity including the mystery of being Not A Saint.
Immerse in a fantasy life, Celestine unraveled about her true color adamant that Ezekiel wasn't the guy for her. But what if the person she loved been cheating on her with her fiancé, Ezekiel, and caught it red-handed. Would she forgive and forget or this is her start of vengeance on men?",3,ct-v1-fantasy|fantasy|奇幻|fantasy ;; ct-v1-tragic-ending|tragic-ending|悲剧结局|be ;; ct-v1-marriage|marriage|婚姻题材|marriage
nrv_dfceb7cbd9b02aa8740ccf1f,"[""RAW_LANGUAGE_SCOPE_V1"",""[\""number\"",\""20\""]"",[""null""]]",好運六零,"劉伊伊，代號椿鬼，原本是世界末日颶風基地得基地長，因爲喪屍王喪命，重生到類似地球平行空間的Z國，她不僅繼承了自己原來的異能，而且還多了一股莫名的神祕力量，由此開啓了在六七十年代撿撿撿，買買買，吃吃吃的蘇爽生活，本文是超級爽文，女豬腳有超級金手指。
  本以爲是一個種田流，沒想到竟然遇到了各種妖魔鬼怪，看來這個看似和平的世界也存在危險，她覺得有必要好好看看這個世界。",1,ct-v1-rebirth|rebirth|重生|重生
nrv_e079309d15a7a2bfddc69ca0,"[""RAW_LANGUAGE_SCOPE_V1"",""[\""number\"",\""20\""]"",[""null""]]",婉後傳,"元鼎元年，蕭家庶房長女蕭婉奉旨入宮.
三年之後，蕭家正房嫡女入宮，一族無二妃，她蕭婉是就此認命還是搏上一搏？
拼了性命生下的孩子，卻成為後宮的棋子，她蕭婉是選擇反抗還是順從？
原以為可以信賴的親信，轉眼間卻成了宮妃，而她卻是被栽贓陷害打入冷宮，她是選擇在冷宮孤老，還是放棄一切，重新踏上這條不歸路？
當她終於站在這後宮的至高位上，卻覺得內心淒涼，親情，愛情，友情，她最後到底還擁有什麼？
後宮四十載，什麼是世家女的悲哀，什麼又是她蕭婉的悲哀？",1,ct-v1-legitimate-daughter|legitimate-daughter|嫡女|嫡女
nrv_e0de2e491ca34a9c96b25e38,"[""RAW_LANGUAGE_SCOPE_V1"",""[\""number\"",\""3\""]"",[""string"",""英语""]]",Falling For My Step-brother ,"When her mother marries a billionaire businessman, nineteen-year-old Lauren Parker is forced into a new life filled with private jets, penthouse rules, and one impossible housemate-Ronan Pitts, her cold and arrogant new stepbrother.

He's everything she's not: rich, emotionally guarded, and painfully attractive. From the moment they meet, sparks fly-but not the good kind. Ronan wants nothing to do with her, and Lauren is determined to keep her distance. But the more they're thrown together, the harder it becomes to deny the tension simmering beneath the surface.

Living under the same roof, desire turns dangerous, and boundaries blur. Secrets unravel and emotions spiral, Lauren finds herself torn between what's right... and what her heart wants most. She knows falling for him is wrong, but some temptations are too strong to resist.",1,ct-v1-happy-ending|happy-ending|圆满结局|He
nrv_e0ec23c5200600298f466f63,"[""RAW_LANGUAGE_SCOPE_V1"",""[\""number\"",\""19\""]"",[""null""]]",都市异能高手,"《都市异能高手1》之异形魔兽战场.上
全系列讲述：7个普通都市男女，以平凡之躯，对抗生活中各种光怪陆离的奇幻事件。
秘书溶化，助理爆炸，以命换命，友情燃烧，爱情激荡，透明人来袭，机器公敌，尖端科技，东方赶鬼，西方驱魔，妖怪潜行……难道凡人只有死？
看异能高手翻云覆雨，对抗外星怪物入侵，拯救人类于末世之中！",3,ct-v1-apocalypse|apocalypse|末世|末世 ;; ct-v1-fantasy|fantasy|奇幻|奇幻 ;; ct-v1-secretary|secretary|秘书|秘书
nrv_e15b80f983b5702e3514059e,"[""RAW_LANGUAGE_SCOPE_V1"",""[\""number\"",\""6\""]"",[""string"",""法语""]]","Vœux brisés, l'implacable vengeance du sang","Pendant sept ans, j'ai investi la fortune de ma famille dans l'entreprise de mon mari, Chris, le Groupe Moreau. Puis, sa maîtresse, le Dr Camille Luna, a délibérément saboté l'opération de routine de mon père, le laissant branché à des machines qui le maintenaient artificiellement en vie.

Ils m'ont enfermée dans la chambre d'hôpital, une cage dorée, pendant que Chris ignorait mes appels frénétiques. Camille est apparue, un sourire cruel aux lèvres, me révélant une vérité terrifiante : chaque crise de ma vie – la mort de ma mère, un accident de voiture presque mortel, et même la fausse couche de ce que je croyais être notre bébé – tout avait été orchestré par eux.

« Il était avec moi à chaque fois », a-t-elle ricané. « Tu n'étais qu'un obstacle. »

Ils ont assassiné mon père en débranchant son assistance respiratoire sous mes yeux, tout ça parce que j'ai refusé de signer une décharge innocentant Camille de son crime. Chris m'a ensuite fait interner, m'a fait prélever mon sang pour leurs futurs projets de GPA, et a fait annuler notre mariage pour l'épouser.

Il pensait m'avoir effacée, m'avoir brisée complètement.

Mais il avait oublié le contrat de mariage sur lequel mon père avait insisté. Un contrat qui me laissait 25 % du Groupe Moreau. Maintenant, armée de ce dernier cadeau de mon père, je ne pleurerai pas. Je me vengerai.",2,ct-v1-crime|crime|犯罪|crime ;; ct-v1-werewolf-luna|werewolf-luna|Luna（狼人女首领）|Luna
nrv_e16b379a090db7a8be45f25e,"[""RAW_LANGUAGE_SCOPE_V1"",""[\""number\"",\""3\""]"",[""string"",""英语""]]",Medical Sage: My Crazy X-ray Vision,"He is a doctor with the magical X-ray Vision, the underground world's first-class military king. After married a super beauty, he returned to the city to become her protector!",3,ct-v1-military|military|军旅|military ;; ct-v1-doctor|doctor|医生|doctor ;; ct-v1-happy-ending|happy-ending|圆满结局|He
nrv_e2f01687c608141ca84fa87b,"[""RAW_LANGUAGE_SCOPE_V1"",""[\""number\"",\""22\""]"",[""string"",""土耳其语""]]",Trafik Kazasından Sonra: Dünyanın En Zengininin Tek Mirasçısı Oldum,"He Zongran tam bir işkolikti. Gayrimeşru bir çocuk olarak yükselmişti ve tüm dikkati, He Gayrimenkul İmparatorluğu'ndaydı.

Üç yıllık evlilikleri boyunca, Lin Wei her zaman onun gelmesini beklemek zorundaydı.

Onu beklediği randevular, unutulan yıldönümleri, tek başına gittiği hamilelik kontrolleri… Hatta kürtaj masasında bile, yalnız başınaydı.

Ama sonunda beklediği şey, He Zongran’ın başka bir kadın için düzenlediği görkemli doğum günü partisinin canlı yayını oldu.

Kalbi paramparça olan Lin Wei, ölümcül bir zincirleme trafik kazası geçirdi. Her şey onun arabanın içinde can verdiğini düşündürtecek kadar feciydi.

Ölümün kıyısından dönen Lin Wei ise, kimsenin tahmin edemeyeceği bir kaderle karşılaştı: Dünyanın en zengin insanının tek ve gerçek varisi olduğu ortaya çıktı.

Memleket topraklarına ayak bastığı o an, içten bir yemin etti: He Zongran’a, yaşattığı her acıyı bin katıyla ve kalbine bir hançer gibi saplayarak iade edecekti.",1,ct-v1-happy-ending|happy-ending|圆满结局|He
nrv_e3b4acf0ad4688e9d69346ac,"[""RAW_LANGUAGE_SCOPE_V1"",""[\""number\"",\""6\""]"",[""string"",""法语""]]","Monsieur le PDG, votre Ex-Femme est une Avocate","Trois années de silence, de soumission et d'effacement. Puis un départ. Un divorce inattendu, signé dans l'arrogance, avec la certitude qu'elle reviendrait. Mais derrière la douceur apparente, une autre femme se cachait : une stratège, une guerrière. Depuis des années, elle préparait son moment, tapie dans l'ombre, prête à attaquer là où ça ferait le plus mal.
L'homme qu'elle a quitté se croit intouchable, entouré d'une nouvelle compagne et d'alliés faussement loyaux. Il ne voit pas que l'avocate engagée contre lui dans une affaire colossale n'est autre que son ancienne épouse, masquée sous un pseudonyme, déterminée à le faire tomber. Ce qu'elle découvre dans les dossiers renforce sa volonté : ce n'est plus une revanche sentimentale, c'est une réparation. Il a détruit sa famille. Elle détruira son empire.
Le jour du procès, il ne reconnaît pas celle qui se tient devant lui. Pas avant qu'elle retire ses lunettes, qu'elle prenne la parole et que le masque tombe. En un instant, il perd tout : pouvoir, contrôle, illusions. Elle ne reste pas pour savourer sa victoire. Elle ne veut ni chaos, ni spectacle. Elle voulait sa liberté. Et elle l'a reprise.

",1,ct-v1-divorce|divorce|离婚|divorce
nrv_e3c8b8ea307cb55f75a9911f,"[""RAW_LANGUAGE_SCOPE_V1"",""[\""number\"",\""20\""]"",[""null""]]",女扮男裝進男寢，做反派們的小團寵,"【無固定CP+穿書+腦洞爽文+女扮男裝+團寵】
顧嵐穿越成爲女扮男裝的原書炮灰，住進全是病態美男的宿舍。
白天顧嵐是學校裏的團寵校草，晚上則是輪流進入不同舍友的位面，不知不覺就從位面原女主手裏，將他們搶了回來。
雙重人格病人/醫生，「只要你能活下來，兩個我，都是你的。」
殯儀館美豔老板，「我好喜歡你的骨骼，死了之後送給我呀。」
被改造過的可愛正太，「你是姐姐，還是哥哥？」
玩世不恭風流少爺，「我好想你的一切，都有我。」
流離在世界之外的神明，「歡迎來到我的世界，你不聽話，我就將你鎖起來。」
同時，還有很多美女也對她情竇暗生。
顧嵐十分無奈，「我只是想打臉個反派……」",1,ct-v1-time-travel|time-travel|穿越|穿越
nrv_e47f944eb5e420aae6960463,"[""RAW_LANGUAGE_SCOPE_V1"",""[\""number\"",\""11\""]"",[""string"",""印尼""]]",SUAMI JANTANKU,"Hanya untuk pembaca dewasa dengan rating usia 21+

Kakak beradik Brian Teja Kusuma dan Thalita Teja Kusuma tak pernah menyangka bahwa mereka akan terjebak dalam pernikahan kilat dengan orang yang baru mereka kenal dalam hitungan hari.

Sebuah prasyarat untuk memenangkan tender mega proyek pembangunan resort di pulau dewata membuat Brian harus mencari istri kontrak, sedangkan adiknya tanpa diduga harus berurusan dengan rival bisnisnya karena one-night-stand saat ia mabuk di nightclub.

Dua gadis yang masih belia harus menjalani kehidupan pernikahan instan bersama dua suami ganteng nan perkasa yang usianya jauh di atas mereka. Adakah cinta hadir setelah pernikahan di atas kertas itu? Ataukah mereka harus mengakhiri hubungan suami istri tersebut usai mega proyek kedua pria itu selesai?

Temukan jawabannya hanya di novel karya terbaru Agneslovely2014, Suami Jantanku. Selamat membaca!",1,ct-v1-one-night-stand|one-night-stand|一夜情|one-night-stand
nrv_e5337c838f8c845e327d0ef4,"[""RAW_LANGUAGE_SCOPE_V1"",""[\""number\"",\""15\""]"",[""string"",""菲律宾语""]]",Hiding The CEO's Twins,"Shanbri is just a simple girl but her boyfriend Kenji Yael is a billionaire CEO. 

Despite that, they still love each other unconditionally. Until one day, Shanbri found out that Kenji Yael is already engaged to another girl. 

Shanbri got hurt so she decided to leave her boyfriend and go to a far place but before that, she gave herself to Kenji Yael as a token of her love for him. 

Later she found out that she got pregnant with Kenji Yael's child but she decided to hide it from him. 

But, after 4 years they saw each other again because Kenji Yael will be the new boss of Shanbri.

Will they clear the misunderstandings in their past? Will Kenji Yael know the secret of Shanbri? Will they fight for their love? And, finally have a happy ending with their twins. 
",2,ct-v1-tragic-ending|tragic-ending|悲剧结局|be ;; ct-v1-pregnancy|pregnancy|孕期|pregnant
nrv_e5e55df5640dd2eb73d0ad43,"[""RAW_LANGUAGE_SCOPE_V1"",""[\""number\"",\""4\""]"",[""string"",""西语""]]",ES A TI A QUIEN AMO,"Aleska Castillo Lumbardi, es una joven que de la noche a la mañana, sintió que su mundo se vino de cabeza, cuando le diagnosticaron un Adenoma Hipofisario, (en su caso, tumor benigno, pero también riesgoso,  alojado en la glándula pituitaria, debajo del cerebro y encima de los conductos nasales) ella, al descubrir todo el proceso de la enfermedad que padecería, se encierra en un mundo depresivo y culmina la relación que tiene con su novio de toda la vida, inventándose una mentira, para alejarlo.

Sebastián Ghill Freetman, cinco años después, descubre la mentira de Aleska y su enfermedad, pero ahora, él está casado con la mejor amiga de su ex novia y pronto será padre. Sin embargo, no puede abandonar a la mujer que tanto ama, mucho menos al descubrir que ella, piensa dejarse morir y desde ese momento su decisión es firme, sin importarle nada más en la vida que,  Aleska Castillo Lumbardi; demostrándole que no importa su apariencia física, ni su impedimento visual, su amor por ella, es tan intenso que es incondicional. 

Caleb  Hanks Freetman, Fue un niño de la calle, que a los diez años, lo abandonaron muy enfermo en un hospital de Massachusetts. Allí en el piso de Oncología pediátrica, conoció a la mujer más maravillosa del mundo, Ashley Freetman; quien lo adoptó, aún siendo ella una chica muy joven, que lo ayudó a enfrentarse con esa terrible enfermedad, que es el cáncer y con su dependencia por las drogas. Hoy día Caleb, es un hombre que ama, a su gran familia adoptiva, pero día a día, se enfrenta a una  gran realidad; ama intensamente a la novia de su hermano, quien además, es la hermana de su madre adoptiva. Caleb, huyéndole a su tormentoso amor,  a tomado la decisión de casarse con una chica, quien también le robará el corazón, pero de otra manera. Caleb, descubrirá con Luna, un amor lleno de tranquilidad, pero la lujuria y la pasión que siente con Samantha, siempre lo llamará, invitándolo no solo a traicionar a su hermano, sino a toda su familia.  

Samantha Freetman Kridmman, es una chica que se siente realizada en la vida, pero sentimentalmente está confundida, por la sencilla razón que su amor está compartido con dos hermanos, de paso; uno de ellos fue adoptado, no solo por su hermana, quien lo hizo con su esposo de una manera legal, sino que sus padres, también adoptaron sentimentalmente a Caleb, convirtiéndola a ella en familia adoptiva y legal, del hombre que le tiene las hormonas aceleradas y los celos a punto de estallar, con la noticia de su matrimonio. Samantha, desea huir de ambos hombres, para no causar daño alguno, pero ese deseo solo queda en su pensamiento, porque con solo verlos, siente que sus piernas se inclinan solas y solo desea devorar, lo que tanto quiere tener, para siempre. 

Ninguno de ellos  cuenta, con el hecho que no podrán controlar los impulsos de su corazón, y que a estas dos parejas, se les inclina el destino, haciéndolos gritar con fuerza:

ES A TÍ A QUIEN AMO. 

",1,ct-v1-werewolf-luna|werewolf-luna|Luna（狼人女首领）|Luna
nrv_e704afbfa33807a2e916fc1c,"[""RAW_LANGUAGE_SCOPE_V1"",""[\""number\"",\""3\""]"",[""string"",""英语""]]",An African Millionaire,"Charles Grant Blairfindie Allen was born on February 24th, 1848 at Alwington, near Kingston, Canada West (now part of Ontario). Home schooled until 13 when his family moved to England, Grant was to become a highly regarded science writer who branched out to a fiction career and became enormously popular. His work helped propel several genres of fiction and whilst his career was short it was enormously productive. Grant's scientific background enabled him to root much of his work in a plausibility that was denied to others. He had little fear in challenging a society that treated women as second class citizens and creating best sellers from such works. On October 25th 1899 Grant Allen died at his home in Hindhead, Haslemere, Surrey, England. He died just before finishing Hilda Wade. The novel's final episode, which he dictated to his friend, doctor and neighbour Sir Arthur Conan Doyle from his bed appeared under the appropriate title The Episode of the Dead Man Who Spoke in 1900.",3,ct-v1-doctor|doctor|医生|doctor ;; ct-v1-family|family|家庭|family ;; ct-v1-happy-ending|happy-ending|圆满结局|He
nrv_e7ac103ba3d1fc234a681bc3,"[""RAW_LANGUAGE_SCOPE_V1"",""[\""number\"",\""3\""]"",[""string"",""英语""]]",Burning The Syndicate For My Broken Girl,"I was the daughter of a powerful Mafia Capo, but behind the grand estate doors, my parents treated me like a defective asset.
My only comfort in this brutal world was a stray kitten named Tangerine.
When my mother found out, she threw my kitten into a dumpster, and my father whipped my back with a heavy metal belt buckle for daring to shed a tear.
I fled to the Syndicate Academy for sanctuary, only to find everyone staring at me in terror.
My mother had weaponized our family's power.
She broadcasted forged medical documents to the entire underworld, diagnosing me with severe schizophrenia and violent delusions.
""She is completely detached from reality,"" my mother lied to the public.
No one believed my bloody wounds, and the Academy ordered me to be sent back to my abusers to be locked away forever.
I wasn't sick, I was just terrified of them.
Why did a system built on ""honor"" protect monsters who gaslit their own blood and called it discipline?
Stripped of all hope, I threw myself off the roof of the Academy to escape them.
But my story didn't end when my broken body hit the cold cobblestones.
Floating above my own corpse, I watched Dante, the most ruthless boss in the Syndicate, pick up my fractured phone.
He uncovered the truth, rescued my surviving kitten, and turned his lethal gaze toward my parents.
""I will protect your truth, even if I have to burn this whole city to the ground.""",3,ct-v1-family|family|家庭|family ;; ct-v1-mafia|mafia|黑帮|Mafia ;; ct-v1-happy-ending|happy-ending|圆满结局|He
nrv_e83c113a314a0a4bdd6860b0,"[""RAW_LANGUAGE_SCOPE_V1"",""[\""number\"",\""3\""]"",[""string"",""英语""]]",The Actor's Contract,"Hi there.  By now, you know about the boys.

Those guys who are too handsome to miss ... too cocky to ignore ... and far too dangerous to get involved with.

And you probably figured out ... these stories are not officially about them.

Not completely.  

It's about us.  Girls like me.

The ones who don't mean to get pulled in.  The ones who know better ... but still fall in love.  The ones who should have walked away ... but didn't. 

I wish I could say I was different.  That I saw it coming.  That I made the smart choice.

I didn't.

So here I am.  Aria Thompson.  The next girl.

Next one to fall for a San Francisco Boy.

Enrique Lucio Blackburn.
Famous actor.
 International model.
 Renowned playboy.
 Beautiful, broken ... and completely unreachable.

Big mistake.

People think they know him.  They see the smirk. The fame. The endless string of women.
They don't see the truth.

He turned himself into a robot. Untouchable. Emotionless.

Enrique Blackburn is allergic to love.

And me?  I walked straight into his world with a contract in my hand and desperation in my chest.  

My sister needed treatment.  And he needed to fix his reputation.

So we made a deal.
Fake girlfriend.
Public appearances.
Perfect photos.
No sex.
No love.
No relationship.

Simple, right?

Yeah ... not even close.

Because the line between fake and real can get blurred very quickly.

He started to matter.  And despite the consequences, I let him take my breath and steal my heart. I have everything to win, but so much more to lose.    

So the real question isn't whether I can survive this deal ... but can I make the man who feels nothing ... feel everything?  Can I turn fiction into something real?

And most importantly ... can I make him say the words?",2,ct-v1-playboy|playboy|花花公子|playboy ;; ct-v1-happy-ending|happy-ending|圆满结局|He
nrv_e845e2f5372c5714c534affb,"[""RAW_LANGUAGE_SCOPE_V1"",""[\""number\"",\""20\""]"",[""null""]]",奉旨二嫁:嫡女醫妃,"一朝穿越,醫毒雙絕的頂級僱傭兵竟成廢柴癡女醜八怪.
兩番設計,她被狼心狗肺的未婚夫夥同惡女踹進深淵.
被逼至集癱瘓,中毒,內傷,腦疾於一身的墨蒼雲的洞房,邪王冷笑,「想怎麼死?」
她手捏喜帕銀針,緩緩而笑,「王爺想怎麼活?」
*
「不好了!王妃要拆皇家寺院了!」
「累到王妃怎麼辦?去,幫她拆!」
「主子!不好了!王妃要闖宮中禁地!」
「去,把禁地開啟,讓王妃隨意參觀!」
「主子!不好了!王妃要揍皇上!」
「去,攔著大內密探,讓王妃揍得開心點!」
眾人憂心忡忡:「主子,這樣真的好嗎?」
",1,ct-v1-time-travel|time-travel|穿越|穿越
nrv_e90f5925253f3fecfb526355,"[""RAW_LANGUAGE_SCOPE_V1"",""[\""number\"",\""4\""]"",[""string"",""西语""]]",Amor Verdadero Tardío,"Sofía Herrera llevaba tres años en la hacienda del Capitán Alejandro Vargas, tres años intentando que ese hombre frío y distante la mirara.

Él, su supuesto ""disciplinador"", solo la veía como la hija rebelde que debía ser domada, ignorando sus sentimientos más profundos.

La última gota que colmó el vaso llegó una noche.

Ver a su hermanastra Lucía salir de la oficina de Alejandro, con el pelo revuelto y los labios hinchados, fue la prueba definitiva de su fracaso, un puñal directo a mi corazón.

A partir de ese instante, las humillaciones se sucedieron sin tregua.

Fui acusada de indecencia por usar su baño, y él me castigó con severidad, mientras a Lucía la trataba con ternura.

Luego, durante la fiesta patronal, una serpiente nos mordió a ambas, pero Alejandro no dudó en dar el único antídoto a Lucía, que apenas tenía un rasguño, dejándome a las puertas de la muerte.

Y como si no bastara, Lucía quemó la única fotografía de mi madre, la última conexión que tenía con ella, y Alejandro, ciego ante su manipulación, me dejó bajo la tormenta, exigiendo disculpas.

¿Cómo podía ser tan ciego?

¿No veía Alejandro la falsedad y los celos de Lucía, quien siempre lograba arrebatarme todo, desde la atención de mi padre hasta la posibilidad de su afecto?

La humillación era insoportable, el sentimiento de ser un estorbo, abrumador.

Fue entonces cuando tomé la decisión más drástica de mi vida.

Con voz firme, llamé a mi padre.

""He decidido casarme con un ranchero de pueblo.""

Pedí una cuantiosa dote, no para mi boda, sino para no volver a molestarles nunca más.

Estaba lista para un futuro incierto, con un desconocido, solo para escapar de aquella agonía.",1,ct-v1-happy-ending|happy-ending|圆满结局|He
nrv_e9689e8d94063d24e08277b9,"[""RAW_LANGUAGE_SCOPE_V1"",""[\""number\"",\""6\""]"",[""string"",""法语""]]",Brûler son monde de mensonges,"Mon mari, Dax, était froid et distant, obsédé par son ex, Frida. Sa négligence m'a coûté notre premier enfant. Puis, les manigances de Frida m'ont coûté le poste de mes rêves.

Quand je suis retombée enceinte, Dax m'a abandonnée en pleine agonie pour se précipiter au chevet de Frida pour une égratignure insignifiante. Cette fois, je n'ai pas seulement perdu le bébé, j'ai failli mourir.

Il ne m'a même pas rendu visite à l'hôpital. À la place, il a été photographié en train de réconforter Frida, son « unique grand amour ».

Sa mère a finalement révélé la vérité : la loyauté de Dax provenait d'un souvenir d'enfance déformé. Il croyait avoir sauvé Frida d'un événement traumatisant, une dette qu'il se sentait obligé de lui payer à vie.

Mais alors que j'étais brisée, un de mes propres souvenirs a refait surface. Un entrepôt sombre. Un garçon bienveillant qui m'a sauvée. Une promesse murmurée. Ce n'était pas Dax. Toute sa dévotion pour Frida était bâtie sur un mensonge.

Maintenant, il se tient sur le pas de ma porte en Argentine, suppliant pour une seconde chance après que j'ai demandé le divorce. Il ne sait pas que je connais son secret. Et je suis sur le point de réduire son monde en cendres.",1,ct-v1-divorce|divorce|离婚|divorce
nrv_e9f2600874c77ba95c0c6a2d,"[""RAW_LANGUAGE_SCOPE_V1"",""[\""number\"",\""4\""]"",[""string"",""西语""]]","Él la salvó, yo perdí a nuestro hijo","Durante tres años, llevé un registro secreto de los pecados de mi esposo.

Un sistema de puntos para decidir exactamente cuándo dejaría a Damián Garza, el despiadado Segundo al Mando del Consorcio de Monterrey.

Creí que la gota que derramaría el vaso sería que olvidara nuestra cena de aniversario para consolar a su ""amiga de la infancia"", Adriana.

Estaba equivocada.

El verdadero punto de quiebre llegó cuando el techo del restaurante se derrumbó.

En esa fracción de segundo, Damián no me miró. Se lanzó a su derecha, protegiendo a Adriana con su cuerpo, dejándome a mí para ser aplastada bajo un candelabro de cristal de media tonelada.

Desperté en una habitación de hospital estéril con una pierna destrozada y un vientre vacío.

El doctor, pálido y tembloroso, me dijo que mi feto de ocho semanas no había sobrevivido al trauma y la pérdida de sangre.

—Tratamos de conseguir las reservas de O negativo —tartamudeó, negándose a mirarme a los ojos—. Pero el Dr. Garza nos ordenó retenerlas. Dijo que la señorita Villarreal podría entrar en shock por sus heridas.

—¿Qué heridas? —susurré.

—Una cortada en el dedo —admitió el doctor—. Y ansiedad.

Dejó que nuestro hijo no nacido muriera para guardar las reservas de sangre para el rasguño insignificante de su amante.

Damián finalmente entró en mi habitación horas después, oliendo al perfume de Adriana, esperando que yo fuera la esposa obediente y silenciosa que entendía su ""deber"".

En lugar de eso, tomé mi pluma y escribí la última entrada en mi libreta de cuero negro.

*Menos cinco puntos. Mató a nuestro hijo.*

*Puntuación Total: Cero.*

No grité. No lloré.

Simplemente firmé los papeles del divorcio, llamé a mi equipo de extracción y desaparecí en la lluvia antes de que él pudiera darse la vuelta.",1,ct-v1-doctor|doctor|医生|doctor
nrv_ea1162ef6352625c1ba3bd3c,"[""RAW_LANGUAGE_SCOPE_V1"",""[\""number\"",\""3\""]"",[""string"",""英语""]]","Beyond Her Lies, My True Destiny","The scholarship trophy, the culmination of years of relentless effort, was almost in my grasp.

Then the world tipped sideways, and Madison' s tear-streaked face appeared, her trembling finger pointing directly at me.

""She cheated,"" her voice echoed, accusing me of plagiarism in front of the entire faculty and student body.

That was the final blow in the ruthless campaign Madison, my seemingly innocent roommate, had waged against me ever since we moved in.

She' d subtly undermined my grades, isolated me from friends with ""worried"" lies about my sanity, and now, she' d orchestrated the destruction of my future.

Expelled, my name dragged through the mud, the shame a suffocating weight-I ended it all on a cold, rainy night, unable to bear the torment.

But then, a sharp poke jolted me awake.

""Chloe? Are you awake?"" Madison stood over me, holding a textbook, wearing that same vacant, innocent look I once fell for.

Professor Miller' s class. This was it. The very beginning of her calculated destruction.

Rage, pure and blinding, surged through me.

I snatched the textbook from her, tossed it, and pulled the covers over my head, my voice flat, ""Figure it out yourself.""

The silence that followed was deafening. She was confused.

I had a second chance. And this time, I wasn't just going to survive. I was going to make Madison pay for every single tear.",1,ct-v1-student|student|学生|student
nrv_ea79806ef4fdefba508803bf,"[""RAW_LANGUAGE_SCOPE_V1"",""[\""number\"",\""3\""]"",[""string"",""英语""]]",When Family Turns To Cruelty,"The last thing I remember was the gnawing hunger, locked in the shed by my parents who believed my adopted sister' s outrageous lie.

""I'm a time-traveler!"" Britney had shrieked, claiming I'd ruined our family in a past life and killed them.

My own parents, without a single question, bought her story, seeing her as a savior and me, their biological child, as a monster.

They bound me, broke my limbs, and left me for dead in our dark, dank basement, all to ensure Britney got everything I had worked for.

How could they be so blind, so cruel, so willing to believe a fantasy over their own daughter?

Then, I opened my eyes to sunlight, my body whole, only to hear Britney' s cheerful voice from downstairs, alive, on the very day she claimed to be a time-traveler.",2,ct-v1-fantasy|fantasy|奇幻|fantasy ;; ct-v1-tragic-ending|tragic-ending|悲剧结局|be
nrv_eb05c2506f31ce1939049116,"[""RAW_LANGUAGE_SCOPE_V1"",""[\""number\"",\""19\""]"",[""null""]]",探险之寻找萤异草,"      首先介绍一下小说里的主人公吧　何澈-一名大学生，一个没事的时候玩玩游戏　打打篮球的大一新生。
     十五年前的一别，已经从曾经流着鼻涕的小鬼长成了如今帅气的大男孩。
     十五年前的一别，你还是那个有点害羞却十分要强的女孩，你知道吗？你的笑容一直给我似曾相识的味道。
     谢谢我们的相遇。谢谢心中一直不曾抹去的温柔。以后的时光，我希望我们可以一起从容的走下去。
     在以后的探险中，一起冲过无数磨难，甚至经历生死，终于想起来你是谁。原来我们早就见过，原来不是后会无期，原来并不是等不到你。
     宫洋-与何澈同宿舍的游戏迷…他们被迫无奈参加了一次探险，却不知道自己已深陷无数麻烦与艰险之中。
     欧阳一一，骨灰级的电脑高手，在以后的文章中，大家就可以看到人家是怎么玩电脑的。。。
     深入丛林、翻越大山、进入不见底的海洋只为探寻一个古老的传说……",1,ct-v1-student|student|学生|学生
nrv_eb5459d93df0c78f4ea2e577,"[""RAW_LANGUAGE_SCOPE_V1"",""[\""number\"",\""3\""]"",[""string"",""英语""]]",My Nasty Ex-girlfriend ,"Ethan is a businessman with a secret. His calm life gets shaken up when his ex, Madison, shows up out of the blue. She has surprising news: she's pregnant and has been caught up in a mess created by a guy named Aaron. Aaron is mean and greedy, and he has been pulling the strings in both their lives.

When Ethan finds out about Aaron's lies and shady dealings, he decides it's time to fight back. As Ethan digs deeper, it becomes clear that Aaron won't back down easily. He starts making threats, making things even scarier for Ethan and Madison.

With danger closing in, Ethan and Madison have no choice but to team up. They have to tackle lies and old hurts while trying to stay safe. As they work together, feelings that they thought were gone start bubbling up again. But trust is hard to find.

As the plot thickens, Ethan and Madison's battle against Aaron heats up. They face unexpected twists and confront their pasts. They must figure out if they can truly break free from Aaron or if the scars from their past will keep them trapped. Their fight isn't just about stopping Aaron; it's about taking control of their lives and their future.
",2,ct-v1-happy-ending|happy-ending|圆满结局|he ;; ct-v1-pregnancy|pregnancy|孕期|pregnant
nrv_eb95d876bd678c1cba165e9e,"[""RAW_LANGUAGE_SCOPE_V1"",""[\""number\"",\""19\""]"",[""null""]]",我，妖神，万物之主,"身具圣眼却被算计挖取，传承人皇血脉仍沦为宗门弃徒。
且看一介废柴如何逆天而行，踏天庭逗九天玄女，乱魔界镇压至尊女王；笑主十道轮回，亲掌诸天沉浮。",1,ct-v1-xianxia|xianxia|仙侠修真|宗门
nrv_ebbf73b502b976202bab2f75,"[""RAW_LANGUAGE_SCOPE_V1"",""[\""number\"",\""3\""]"",[""string"",""英语""]]",The Reverberator,"The reading-room of the Hotel de l&rsquo;Univers et de Cheltenham was none too ample, and had seemed to Mr. Dosson from the first to consist principally of a highly-polished floor on the bareness of which it was easy for a relaxed elderly American to slip. It was composed further, to his perception, of a table with a green velvet cloth, of a fireplac&#101; with a great deal of fringe and no fire, of a window with a great deal of curtain and no light, and of the Figaro, which he couldn&rsquo;t read, and the New York Herald, which he had already read.",1,ct-v1-happy-ending|happy-ending|圆满结局|he
nrv_ebe9c53345b3c13f4b3e8c8d,"[""RAW_LANGUAGE_SCOPE_V1"",""[\""number\"",\""3\""]"",[""string"",""英语""]]",The Scarlet Letter,"Delve into The Scarlet Letter, Nathaniel Hawthorne's meditation on human alienation and its effect on the soul in this story set in seventeenth-century Massachusetts and be dazzled by literature.

In Nathaniel Hawthorne's dark novel, The Scarlet Letter, a single sinful act ruins the lives of three people. None more so than Hester Prynne, a young, beautiful, and dignified woman, who conceived a child out of wedlock and receives the public punishment of having to always wear a scarlet ""A"" on her clothing.

She refuses to reveal the father of her child, which could lighten her sentence. Her husband, the aptly-named Roger Chillingworth, who Hester thought had died in a shipwreck but was actually being held captive by Native Americans, arrives at the exact moment of her deepest public shaming and vows to get revenge. Her lover, Arthur Dimmesdale, remains safely unidentified, but is wracked with guilt.

Though originally published in 1850, the story is set in seventeenth-century Massachusetts among Hawthorne's Puritan ancestors. In The Scarlet Letter, he created a story that highlighted both their weaknesses and their strengths. His knowledge of their beliefs and his admiration for their way of life was balanced by his concerns about their rigid and oppressive rules.

Complete and unabridged, this elegantly designed, clothbound edition features an elastic closure and a new introduction by Mike Lee Davis.",3,ct-v1-revenge|revenge|复仇|revenge ;; ct-v1-tragic-ending|tragic-ending|悲剧结局|be ;; ct-v1-happy-ending|happy-ending|圆满结局|he
nrv_ec280a8bc96be190f2f7c994,"[""RAW_LANGUAGE_SCOPE_V1"",""[\""number\"",\""20\""]"",[""null""]]",穿成鬼醫王妃後，我帶崽卷翻王府,"一紙皇命，她被迫嫁入攝政王府，還未站穩腳跟，便慘遭謀害香消玉殞。​
她本是 21 世紀聲名赫赫的醫學博士，精通醫毒之術，卻意外穿越成將門棄女。
重生後卻發現已懷有身孕，腹中孩兒還是不被承認的孽種，她改頭換面，再遇他已不識眼前人。
她翻手為風，覆手為雨，一把手術刀，一把丹藥便可化解不治之症。　　
　　早已聲名遠揚的她，被皇帝重用，卻被姨娘庶妹處處踩踏，還有個眼瞎心盲的父親，還有那些個到處蹦噠，噁心人的跳蚤，好嘛！那就鬥綠茶，虐庶妹，過得風生水起。
當她得知救命恩人，被二皇子拉攏不成，反陷害砍頭，只得以身入局，卻不曾想，高高在上的他，親自下場，將恩人李代桃僵。
　　她雙手環胸，冷睨著對方。
　　“王爺這是何意？”
　　“咳！我只是替娃他娘處理後事。”",3,ct-v1-emperor|emperor|皇帝|皇帝 ;; ct-v1-rebirth|rebirth|重生|重生 ;; ct-v1-time-travel|time-travel|穿越|穿越
nrv_ecc120ef50c1bbbc60d26784,"[""RAW_LANGUAGE_SCOPE_V1"",""[\""number\"",\""3\""]"",[""string"",""英语""]]",The Player Wants Me?!,"Sequel To ""My Bestfriends, The Players And I"". 

You should probably read that first but it isn't necessary but for it to make more sense. 

""So you know who I am then?"" He asked, smirking.

""Most people do. But yes, you're Kian Wilde. The Bad boy. The Player. The Heart breaker."" I say and he smirked.

""Nice to know what you think of me as"" he says with a wink.

""That isn't what I think of you"" I smirk back, returning the wink.

""What do you think of me then?"" He asked with a small smirk.

""Oh you know. It isn't what most of the girls would say."" I say with a small giggle. His smirk widens.

""I'd say you were an absolute asshole, A manwhore, A jerk who needs to learn that using girls gets you nowhere in life."" I say giving him a sweet smile.

The smirk on his face, dropped. 

Issabelle Evans.

 She is popular, she is pretty, she is nice. She has boys dropping at her feet but since her previous boyfriend, she is scared of getting close to boys.

Ryder Evans. 

He is popular, he is good looking, he is nice. Girls are lining up to be with him but he doesn't really care about having a girlfriend though, he just cared about looking and protecting his twin sister, Issabelle.

Kian Wilde. 

He is the player, the bad boy, the player of the school. He has girls queuing to be with him, like Ryder. He was also gorgeous.

When he notices Issabelle for the first time, he thinks she is beautiful.

With heart break, dark daunting pasts and bright, fun futures, Kian and Issabelle find themselves finding themselves getting closer and closer.

Closer than ever.",2,ct-v1-tragic-ending|tragic-ending|悲剧结局|be ;; ct-v1-happy-ending|happy-ending|圆满结局|He
nrv_ef9e18e5601f5f1eecfd9ecb,"[""RAW_LANGUAGE_SCOPE_V1"",""[\""number\"",\""19\""]"",[""null""]]",盛世医妃：皇叔宠妻无度,"某日，皇后扶墙呕吐！
皇上大怒：“朕从未碰过你，你肚子里的孽种是谁的？”
皇叔霸道搂过皇后，剑眉一挑：“是本王的，你有意见？”
前世她权谋算计，只为助他登上大位，结果换来的却是满门抄斩，就连她和腹中未出生的孩儿也未曾幸免于难！
重生一世，她只为复仇而来，手撕绿茶虐渣，毁他帝王之路！
复仇途中，顺便搭上他那瘸腿又眼瞎的皇叔，做他的皇婶！",2,ct-v1-revenge|revenge|复仇|复仇 ;; ct-v1-rebirth|rebirth|重生|重生
nrv_efaac14ec07a10fa0214528a,"[""RAW_LANGUAGE_SCOPE_V1"",""[\""number\"",\""19\""]"",[""null""]]",万界神尊,"万千世界，各族争锋；亿万天才，群雄逐鹿。
遭人陷害而死的赵若尘逆天改命，重回十六岁。
这一世，他势必要弥补所有遗憾，再次追逐武道巅峰，亲手谱写一曲热血沸腾的传奇史诗！",1,ct-v1-genius|genius|天才|天才
nrv_efbbf9e3c61d3baf96537af0,"[""RAW_LANGUAGE_SCOPE_V1"",""[\""number\"",\""19\""]"",[""null""]]",重生影后：宫少宠妻超级甜,夏末影胸大无脑这是人尽皆知的事情，可突然间，胸没有变小，脑子却开始究极进化，硬是从傻白傻进化成带嗜血的眼镜蛇，跌破众人眼镜。前世，她被人设计，名声尽毁，还进了监狱，父亲自杀，母亲瘫痪，弟弟离婚并跟自己断绝关系。今生，她携带仇恨归来，一步步地将当年自己所遭受的全部还给他们。她要坐上影后的宝座，成为万人敬仰的人。只是人算不如天算，竟然会收获大BOSS一枚……,1,ct-v1-divorce|divorce|离婚|离婚
nrv_eff5d93c6a7d380883e8b3c5,"[""RAW_LANGUAGE_SCOPE_V1"",""[\""number\"",\""20\""]"",[""null""]]",網遊之淺笑傾城,"    她怕，怕大神發火，
    她驚，因爲不管怎麼小心翼翼，
    犯錯的總是自己。
    她愛，莫名其妙的的想要跟在
    他身邊一輩子。
    她又覺得好笑，因爲天下無敵，
    遇不到對手的大神，
    竟然被我一個小小奶媽給奶死了！

    她只不過是想好好玩一個遊戲，
    想玩出點名堂而已，卻不料被卷入現實
    恩怨的風波裏，出生在普通家庭的她，
    在遊戲裏因愛被困祕境，卻不料意外獲得
    神祕寶箱，成爲榜上唯一， 一個有名的頂
    尖毒藥醫。
    ～
    當虛擬網遊戀情 發展到現實中時 又會怎樣？
    ～～～～～～～～～～～～～～～～～～～～
   
   《網遊之淺笑傾城》爲你展現一段不一樣的網遊故事",1,ct-v1-family|family|家庭|家庭
nrv_f0129da751a2ed3cc98e3aef,"[""RAW_LANGUAGE_SCOPE_V1"",""[\""number\"",\""4\""]"",[""string"",""西语""]]",Amor En Los Últimos 30 Días.,"Isabella Rossi, casada por conveniencia con el ""aburrido"" Martín Giménez, vivía presa de su ira y desprecio, anhelando su libertad y a su ""gran amor"", Facundo.

Ella lo humillaba públicamente y lo engañaba sin pudor, deseando fervientemente un divorcio.

Lo que Isabella no sabía era que Martín, el hombre al que ella consideraba un estorbo, la había amado desde la infancia y estaba muriendo lentamente de cáncer de páncreas.

Cuando él le ofreció el divorcio con ""cinco promesas"", ella las aceptó con fastidio, sin comprender que eran los últimos gestos de un alma moribunda.

En el día crítico de la ratificación del divorcio, Martín no se presentó, y el doctor Benavides, su amigo íntimo, le reveló la devastadora verdad: Martín había fallecido esa misma mañana.

El médico desveló que su difunto esposo era el enigmático ""Cardenal Solitario"", el compositor de folk cuyas melancólicas canciones ella admiraba sin saber que cada nota era un lamento por ella.

Además, le expuso que su adorado Facundo Almada no era más que un farsante endeudado, un oportunista que la había manipulado.

El peso del arrepentimiento la aplastó al comprender la magnitud de su ceguera: había humillado y despreciado al único hombre que la amó de verdad, impulsándolo a una muerte solitaria mientras ella abrazaba una mentira.

¿Cómo pudo ser tan cruel, tan ciega al amor incondicional que le ofrecían?

Consumida por el remordimiento y la rabia, Isabella se vengó de Facundo, encarcelándolo hasta la muerte, lo que la llevó a una impactante confesión pública y a la cárcel.

Tras cumplir su condena, se encontró con una nueva y amarga revelación del doctor: todos los ""signos de amor"" que había atesorado eran artificios suyos para que su penitencia fuera completa e ineludible.

Así, Isabella quedó condenada a una vida de aislamiento, perseguida por el recuerdo del amor que destruyó, mientras la inmortal música de Martín, ""El Cardenal Solitario"", resuena por siempre en la memoria de todos.",1,ct-v1-doctor|doctor|医生|doctor
nrv_f21af6a3763b7b5adcd94887,"[""RAW_LANGUAGE_SCOPE_V1"",""[\""number\"",\""3\""]"",[""string"",""英语""]]",The Hidden Medical Genius: Healing My Crippled Mafia Boss,"One wedding. Two brides. A lethal trap.
My stepsister got the sparkling gown and the Mafia’s golden heir.
I got a five-dollar dress and a dying groom.
My father traded me away to seal a silent assassination, selling me to Damien Carlisle—a paralyzed, disfigured warlord whose enemies were eagerly waiting for sepsis to claim his life.
""He won't last a month,"" my stepsister mocked, pouring wine down my back. ""Enjoy being a widow, dear sister.""
Stranded in a cold, decaying manor with a dying man and traitorous servants, I was expected to weep and perish in the dark.
They made one fatal mistake.
The weak, pathetic girl they trampled on is gone. In her place stands a soul back from another world—armed with supreme medical tech, lethal toxin mastery, and the V-9 AI system.
I opened my medical bag and looked at the sleeping beast beside me.
They sent me here to die with a crippled outcast.
Instead, I’m going to build an Emperor—and tear their world apart piece by piece.",1,ct-v1-emperor|emperor|皇帝|Emperor
nrv_f222b6530b65810a9ab004b0,"[""RAW_LANGUAGE_SCOPE_V1"",""[\""number\"",\""3\""]"",[""string"",""英语""]]",Just One Kiss,"▪️BFF ROMANCE▪️


""You don't need a boyfriend Kaelyn, I told you, you have me..."" Zayn said huskily.

Wanting to make sure that I understood his intent, I found myself saying, ""I remember, but you'd also remember that I said that I wanted a real boyfriend."" 

""I wasn't joking, I plan to show you this summer just how serious I am about us,"" he confessed, while looking into my eyes.

                                        **** 

Kaelyn was facing a problem that most teenagers had to deal with. 

Falling in love for the first time! 

To make things even more complicated, the object of her affection was Zayn, her twin brother's best friend. 

Hell, he was hers as well! 

The Arnauld twins have known Zayn Maalouf their whole lives. But along the way, platonic love turned into something more. 

Kaelyn battles with her emotions as she does not know whether to confess her feelings or continue to admire him from afar. 

During their summer vacation, just before their 18th birthday, Zayn comes up with a proposition for them both. 

Would it bring them closer or tear them apart? 



🔅Rated PG16: Contains thematic issues, sexual content and language. ",3,ct-v1-young-adult|young-adult|青少年|teenagers ;; ct-v1-romance|romance|言情|ROMANCE ;; ct-v1-happy-ending|happy-ending|圆满结局|he
nrv_f2395ddce8ff5270e6bb671b,"[""RAW_LANGUAGE_SCOPE_V1"",""[\""number\"",\""3\""]"",[""string"",""英语""]]",Marriage Secrets: Taming the secret Mafia Queen ,"""Your bravery is admirable, General. Pity it will be your last day,"" She purred, her voice laced with venom as it echoed through the phone.

Silence met her words, and with a satisfied smirk, she placed the phone back on the table.
Reaching for her wine glass, she took a sip savoring the taste of revenge.

Raven's eyes shifted to the man standing before her. His rigid posture betrayed his fear as she issued her next command.

""Kill him slow and messy. Make a little video of it""
A devilish smile crept into her face as she imagined the scene.

*****
Lelia Morin, an accomplished businesswoman known for her philanthropic endeavours, had a reputation of being kind, generous and virtuous.

Crowned as the Nation's woman"", she was an epitome of beauty and grace.

One fateful night, her judgment clouded with alcohol leading her into a night of passion with a mysterious man.

Reid Donovan awoke to the unexpected sight of a stunning woman beside him, and due to the circumstances and the strange attraction he had with her.

He decided to take responsibility for his actions by marrying her.


Little did they know that both of them were harbouring secrets. 

A secret like Reid Donovan being an undercover General sent to investigate the Moran family. Which is unknown to the world it's her family.

These hidden truths were more dangerous than they could ever imagine.

As their lives begin to intertwine, these secrets threaten to ruin their lives, risking everything they hold dear.

Will they be able to conquer and confront those secrets or will the secrets end up pushing them deep into its abyss.",2,ct-v1-family|family|家庭|family ;; ct-v1-happy-ending|happy-ending|圆满结局|he
nrv_f26f0e1ec115cdfec38308a9,"[""RAW_LANGUAGE_SCOPE_V1"",""[\""number\"",\""19\""]"",[""null""]]",网游火影之大筒木归来,一朝穿越，竟然穿越到了全民登陆火影的全民火影时代！？这个世界的人们竟然可以凭借登录器，登陆火影，来修炼忍术，变强自己！？一觉醒来，穿越者叶青发现这个登录器，竟然可以在开局的时候，选择火影世界里的种族！于是一上来，穿越者叶青便选择了大筒木一族，成为了大筒木的少族长！碾压忍界，回收尾兽！,1,ct-v1-time-travel|time-travel|穿越|穿越
nrv_f2fa231451dbb14952453621,"[""RAW_LANGUAGE_SCOPE_V1"",""[\""number\"",\""6\""]"",[""string"",""法语""]]",Vœux brisés: Le retour éclatant de l'héritière secrète,"Clementine avait passé deux ans à jouer l'épouse parfaite et soumise du milliardaire Donovan Bray.

Jusqu'au soir où elle a découvert qu'elle n'était classée dans ses dossiers que comme un « actif collatéral ». Un simple outil acheté pour rendre son ex, Gisela, jalouse.

Lorsqu'elle a osé se rebeller, la fureur de Donovan a explosé. Dans la violence de la dispute, elle a fait une chute terrible dans les escaliers de marbre de leur penthouse.

À son réveil à l'hôpital, le médecin lui a annoncé qu'elle venait de perdre le bébé qu'elle portait depuis six semaines.

Mais le véritable coup de grâce est venu du couloir.

À travers la porte entrouverte, elle a entendu son mari parler d'une voix glaciale.

« Ça ne change rien. C'était probablement mieux ainsi. »

Il a même menti à son ami en affirmant qu'elle était désormais définitivement stérile, balayant la mort de leur enfant comme un simple problème résolu.

Allongée dans le silence de sa chambre, le corps meurtri et l'âme en miettes, Clementine a senti une fureur ardente remplacer son désespoir. Donovan la croyait faible, fauchée et entièrement à sa merci.

Il ignorait qu'elle possédait vingt-sept millions de dollars sur un compte secret.

Il ne savait pas qu'elle était « C. », la créatrice anonyme de la marque de haute joaillerie la plus exclusive au monde.

Dès sa sortie de l'hôpital, elle a rédigé la demande de divorce et a bloqué la carte de crédit illimitée qu'il utilisait. Le jeu de l'épouse docile était terminé, l'heure de la vengeance avait sonné.",1,ct-v1-divorce|divorce|离婚|divorce
nrv_f3577195240613b7037487f1,"[""RAW_LANGUAGE_SCOPE_V1"",""[\""number\"",\""15\""]"",[""string"",""菲律宾语""]]",CARRYING THE CEO'S CHILD,"Growing up in a broken family makes Kiara's life miserable and unlivable. Living with his father's new family forced her to do everything, just to be a good daughter in his eyes. She chose to be a home-school girl just to prove herself and to fit in with her father's family. Not until her stepmother framed her for sleeping with a random guy. 



Afraid and confused, she ran away, without knowing who the guy was she slept with. But all of the sacrifices and the image she built slowly crumple when she finds out that she's pregnant with someone else's baby. 



What will happen if she finds out that she's carrying the ceo's child? And worst of all, he's already off limits.  

 

",2,ct-v1-family|family|家庭|family ;; ct-v1-happy-ending|happy-ending|圆满结局|he
nrv_f394f51311892b1b72085d3d,"[""RAW_LANGUAGE_SCOPE_V1"",""[\""number\"",\""3\""]"",[""string"",""英语""]]",Shadow Scent,"Sarka didn't know what was wrong with him. Ever since he got an eye donor from someone else, he felt strange things started to come to him one by one. Like being able to see scary ghosts, being attacked by nightmares all night long that make him wake up in the middle of the night, until the most awkward and strange thing, every nightmare that comes, he always finds someone's name written in blood in his personal notebook.

Actually, what is going on? Sarka's mind wondered. His fear grew when the names of the people written in blood in his notebook, the next day died tragically.",1,ct-v1-happy-ending|happy-ending|圆满结局|he
nrv_f3fe031e08d80586f1d014db,"[""RAW_LANGUAGE_SCOPE_V1"",""[\""number\"",\""5\""]"",[""string"",""葡语""]]",I Do It For You,"Uma história de paixão, traição e redenção se desenrola em meio às sombras da tranquila cidade de Evergreen. Kaeller, um homem que viu sua vida ser destroçada quando perdeu brutalmente sua esposa, deixa a Flórida para trás e parte em busca de um recomeço nas profundezas da floresta de Evergreen. Ele anseia por solidão e renovação, longe do peso de seu passado.

Azaléa, por outro lado, escapou de um casamento marcado por traições e mentiras, encontrando em Evergreen um refúgio para sua alma ferida. Ambos estão determinados a iniciar uma nova fase de suas vidas, mas o destino tem outros planos.

Um desentendimento inesperado coloca Kaeller no caminho da máfia, forçando-o a retornar a um mundo que ele queria esquecer. Ele é coagido a trabalhar novamente para a máfia, aceitando um acordo que o manterá afastado de Azaléa, mas a um custo alto.

Enquanto isso, Azaléa cruza com Heyder, um homem charmoso e misterioso que entra em sua vida por encomenda do dono da máfia. Heyder é o melhor detetive do estado do Colorado, coagido a colaborar com uma missão que envolve Azaléa. O objetivo era simples: vigiar Kaeller e, se ele falhasse com a máfia novamente, Heyder deveria eliminá-la. No entanto, Heyder não contava com o turbilhão de emoções que surgem em seu coração, deixando-o dividido entre o dever e o amor.

""I Do It For You"" é uma trama cativante de escolhas difíceis e segredos sombrios, onde três almas feridas buscam a redenção e o amor. Em meio a um jogo perigoso de traições e lealdade, os personagens aprenderão que o verdadeiro amor é capaz de transcender as ameaças mais obscuras e desafios inesperados.

Neste envolvente romance, Kaeller, Azaléa e Heyder enfrentam uma batalha contra o tempo e a máfia, mas descobrirão que o amor pode ser a força mais poderosa de todas.",1,ct-v1-romance|romance|言情|romance
nrv_f4742692a67101a6f2c2e313,"[""RAW_LANGUAGE_SCOPE_V1"",""[\""number\"",\""20\""]"",[""null""]]",嬌妻養成守則,"男主寵女主，寵成小公主



餘生死了……

死前匆忙的梳妝打扮了一番，倉促的飯都沒顧得上吃

穿着妥當心滿意足又急不可耐的去死

像懷春少女急着去會小情人一樣



---你叫什麼名字？

---餘生

---嗯，很好聽的名字

---姓餘的女人生的，餘生，多餘的餘

---不是多餘，是餘生請多指教



你會喜歡我嗎，不會啊，那我教你好了。



上面那矯情兮兮的文案是那個狗慫寫的，真是胡幾把亂扯！



明明就是個心機凱臭不要臉的從小拐個媳婦回家養，然後媳婦長大重生了再養一遍的垃圾故事，講得那麼文藝小清新。



---良心排雷-使用指南---



1.青梅竹馬童養媳，重生



2.女主不小白，雙商在線



3寵文，妻控，從小寵到大

4.每天更新時間18:00之前，坑品有保障，有事會請假。",2,ct-v1-princess|princess|公主|公主 ;; ct-v1-rebirth|rebirth|重生|重生
nrv_f4b4b266d6a312edbfb76938,"[""RAW_LANGUAGE_SCOPE_V1"",""[\""number\"",\""19\""]"",[""null""]]",相女惊华,"丞相！ 
你与将军文武勾结欺君罔上女扮男装上朝朕忍了，你骂朕是智障朕也忍了，你戏弄邻国亲王朕好不容易忍了，你辜负朕妹妹的芳心朕咬碎了牙忍着，你企图嫁人当朕的舅妈做朕的长辈朕最后忍你一次。你居然要把一个个丑女塞进朕的后宫？八嘎呀路！你给朕滚过来！ 
什么？你居然是和朕一起穿越过来的同学？好吧朕原谅你了。 
但是你不能连朕梦中的皇后都和朕抢吧！ 
你把朕的皇后抢走了，朕娶你啊？ 
好主意，虽然你长得没有朕的皇后好看，朕再忍忍吧。 
可是你居然嫌弃英俊潇洒的朕？ 
丞相你等着，我们俩的账好好算算！",1,ct-v1-time-travel|time-travel|穿越|穿越
nrv_f53a55012dd5a9f7ab7fe384,"[""RAW_LANGUAGE_SCOPE_V1"",""[\""number\"",\""19\""]"",[""null""]]",御妖：我的宠物全是冲主逆兽,妖魔世界，人类和妖魔共存，靠驯服妖魔对战，生活，冒险。还有专门培育妖魔训练师的学校。藏锋穿越妖魔世界，获得提示系统。通过提示，得知稀有妖魔在哪，如何捕捉，如何进行隐藏进化。从此，训练师学院中，多了一个奇迹传说。,2,ct-v1-adventure|adventure|冒险|冒险 ;; ct-v1-time-travel|time-travel|穿越|穿越
nrv_f5515f9a71f46e5e861de647,"[""RAW_LANGUAGE_SCOPE_V1"",""[\""number\"",\""20\""]"",[""null""]]",學醫後，我成爲億萬富翁！,"爲救女友，林天右手落下殘疾。
沒想到，換來的卻是女友和好兄弟的背叛。
萬念俱灰下，林天遇到了改變他一生的人——傳奇醫生，柳一刀。
他不僅成爲了絕世名醫的弟子，還繼承了柳博士的巨額財富。
從此，林天一路逆襲，專治各種不服，走上人生巔峯。",1,ct-v1-betrayal|betrayal|背叛|背叛
nrv_f5e7825c5521f66f1f26bcee,"[""RAW_LANGUAGE_SCOPE_V1"",""[\""number\"",\""5\""]"",[""string"",""葡语""]]",A última Pedrom,"Rejeitada pelo pai, ela descobre o verdadeiro sentido de família.
Com um sorriso fácil tudo leva a crer que é uma ingênua e sucumbirá as maldades que passam na mente de Demom, um homem que teve o destino traçado por seu pai e seu consigleire, que anos mais tarde foi o responsável pela morte do mesmo.

Mas a vida desta garota foi traçada com base em segredos, e a cada reviravolta ele descobrirá algo sobre a sua inimiga..., ódio e amor a linha mais tênue que ja foi traçada.
Vamos embarcar nesta história, vamos do inicio ao fim do livro ver os descaminhos que eles vão enfrentar.

Trata-se de uma obra é um romance dark.",1,ct-v1-romance|romance|言情|romance
nrv_f61a0c163e7c65237b0f3845,"[""RAW_LANGUAGE_SCOPE_V1"",""[\""number\"",\""19\""]"",[""null""]]",王爷小心：此女有毒,"前世，她和他相爱相守，却双双被渣男陷害而死。
重生，他已经忘记前世之事，不知道她到底是谁，在婚后相处日久之中，他终于对她重新重燃爱火。
重生一世归来，她斗贱妾，踩渣男，风生水起中重获爱情。",1,ct-v1-rebirth|rebirth|重生|重生
nrv_f8229a39d78b21b025a3f014,"[""RAW_LANGUAGE_SCOPE_V1"",""[\""number\"",\""19\""]"",[""null""]]",重生之妖孽倾天下,石晓彤从来没有想过自己有一天会重生回到自己小时候，自己上辈子活的痛苦万分，亲人的离世，丈夫的背叛，活着比死了还痛苦，自己多年信佛终得到上天的眷顾，这一世自己要好好把握机会，亲人们，你们别走，我来保护你们，让那些卑鄙的小人见鬼去吧，穷怕什么，我有头脑，有优势，咱们全家一起奔小康。呀，碰到了各路美男，老娘现在无心爱情，都靠边站，死缠烂打，好吧，老娘见招拆招……,1,ct-v1-betrayal|betrayal|背叛|背叛
nrv_f877ea4b71ad396ab0d48878,"[""RAW_LANGUAGE_SCOPE_V1"",""[\""number\"",\""20\""]"",[""null""]]",妖妃撩冷王,"別人一穿越都是公主或者是嫡女的身份，不愁吃穿的，怎麼一輪到我就是丫鬟的命？
生氣生氣，不行，好歹老娘當初也是天下第一美，一定要拐個王爺或者是世子爺才行，不然怎麼在這封建的古代立足？
“安沫，你別帶球跑啊！本王都說了王妃的位置只能是你一個人的？”
我不跑才傻，這都已經是第三胎了，難道還給你湊個籃球隊不成？
“夫君，你去找小老婆吧，我給你錢！”
“安沫，你再這樣，為夫要生氣了，你又不是不知道為夫對其他女人不能玩鼓掌的遊戲！”
.....讀者企鵝群：593686091",3,ct-v1-legitimate-daughter|legitimate-daughter|嫡女|嫡女 ;; ct-v1-princess|princess|公主|公主 ;; ct-v1-time-travel|time-travel|穿越|穿越
nrv_f89d13bfb0fe0b6ba64f6801,"[""RAW_LANGUAGE_SCOPE_V1"",""[\""number\"",\""6\""]"",[""string"",""法语""]]",Folie meurtrière,"Au cours de l'automne 2014, une série de meurtres ébranle la capitale française. En moins d'un mois, trois prostituées, appartenant à un réseau de proxénétisme, sont brutalement assassinées. Sur chaque scène de crime se trouve une empreinte de main ensanglantée. Alors que la lieutenante de police Patricia Monroe et ses collègues mènent des enquêtes nuit et jour, Débora Logan, une journaliste ayant surnommé le criminel « le Tueur à la Main Rouge », semble s'intéresser de trop près à l'affaire. Quelque temps après un quatrième homicide, Débora se retrouve captive. Dès lors, une course contre la montre s'enclenche entre le meurtrier et Patricia qui tente de la sauver. Ainsi, les motivations de l'assassin, liées au passé de ses proches et susceptibles de mettre sa famille en danger, ne resteront pas un secret pour la jeune femme.


À PROPOS DE L'AUTEUR


Féru de la littérature policière, Logan Lambert s'évade dans cet univers qui, au-delà de l'aspect de la résolution d'enquête, l'emmène à s'identifier aux personnages de l'histoire. Avec Folie meurtrière, il propose un récit de parents, d'amis et de policiers dévoués qui ont pour objectif de trouver un équilibre entre la justice et la sécurité dans un monde périlleux.",2,ct-v1-crime|crime|犯罪|crime ;; ct-v1-assassin|assassin|刺客|assassin
nrv_f8bdec5b9e9319eb0ba1288d,"[""RAW_LANGUAGE_SCOPE_V1"",""[\""number\"",\""19\""]"",[""null""]]",龙镇山河,前世他为大荒龙皇阁之主，一代绝世龙皇；浩劫重生之后，他以一介布衣之身，补丹田，炼真身，修龙脉，筑龙魂，携旷世秘笈《龙皇经》步步登顶龙修大道。灭邪神，战八荒；屠邪魔，踏九霄。龙皇一出四海惊，真经临世苍穹动！无尽狂战风雷荡，龙卧皇阁镇山河！,1,ct-v1-rebirth|rebirth|重生|重生
nrv_f9240bddb4689830dab8a930,"[""RAW_LANGUAGE_SCOPE_V1"",""[\""number\"",\""19\""]"",[""null""]]",枕上蜜宠：腹黑影帝请投降,"上一世她任打任骂只是他的玩偶，付出了真心得到的却是他的一句你只是我的玩物而已。

这一世她穿越而来不想重蹈覆辙，谁知他也穿梭而来，不想放手的他究竟要怎样对她，而她又该何去何从。",1,ct-v1-time-travel|time-travel|穿越|穿越
nrv_f92de25cd52b808109d411c7,"[""RAW_LANGUAGE_SCOPE_V1"",""[\""number\"",\""3\""]"",[""string"",""英语""]]","Love Letter, Public Shame","The crumpled note in my locker felt like a ticking time bomb.

It was a love letter, addressed to me, Chloe, from a handwriting I didn't recognize.

But before I could even process it, Principal Albright, hawk-eyed and always on the prowl, spotted a corner peeking from my pocket.

""What is that, Ms. Davis?"" she demanded, her voice cutting through the hall.

I was caught, forced to hand over the painfully private confession.

She read it, her face hardening into a mask of disgust, then folded it neatly and tucked it into her own pocket.

""My office. After school,"" she said, her heels clicking like a death knell.

Dread coiled in my stomach, but a sliver of relief, too-at least it would be private.

I was wrong.

Ms. Albright, perched behind her mahogany desk like a queen on her throne, deemed the letter ""poetic"" and ""overly emotional,"" a ""distraction"" that derailed ""promising students.""

Then she dropped the bomb: I would be reading it aloud, for everyone, at the Parent-Teacher Meeting tomorrow night.

It wasn't a choice; it was a command, a public shaming she framed as a ""teachable moment.""

My blood ran cold.

Her voice, now dripping with self-righteous conviction, painted the letter as a ""serious problem,"" a ""symptom of a lack of focus,"" a ""derailment of academic career.""

She demanded I not only read it, but identify the author.

She was turning a tender, private sentiment into a weapon, attempting to break me and publicly humiliate some anonymous boy.

But Ms. Albright, so certain in her rigid worldview, had no idea just how spectacularly her plan was about to backfire.

She had no idea that the ""problem"" boy she wanted to expose, the one whose heartfelt words she was about to use as a performance of moral superiority, was her own son.

Ethan Albright. Her perfect, valedictorian, star-athlete son.",1,ct-v1-tragic-ending|tragic-ending|悲剧结局|be
nrv_f948b62041effffeb5391ee0,"[""RAW_LANGUAGE_SCOPE_V1"",""[\""number\"",\""20\""]"",[""null""]]",傾城毒妃；邪王榻上輕寵,她本是二十一世紀王牌特工，一朝穿越成了將軍府大小姐。結果父母過世，財產被二叔二嬸吞噬，就連未婚夫也被自家白蓮花妹妹欲奪去，這就算了，還搞各種暗殺偷襲的！居然自己撞到老娘槍口上來了！好！很好！看她怎麼絕地反擊！讓渣男渣女吃不了兜著走！本以為能舒適的過個土豪日子，結果報應來了！“九王爺這是幹啥，說好了君子動口不動手，您怎麼一塊動了！”“我在動我的女人人有毛病？”。。。“這輩子你只能做我的女人，給我生一堆的孩子！不用感動，這...是本王分內之事。”凰北夏：“...”感動你大爺！        ,1,ct-v1-time-travel|time-travel|穿越|穿越
nrv_fa01c5d363719c8a29645543,"[""RAW_LANGUAGE_SCOPE_V1"",""[\""number\"",\""19\""]"",[""null""]]",医妃：新婚夜，短命王爷他疯狂撩我,【医妃+空间+替嫁+甜宠+男强女更强】一代天才医者带着神秘空间穿越到一个崭新的世界，成了替亲妹妹出嫁冲喜的工具人王妃。王府里有人想她死，娘家有人要她命，就连皇宫里也有人看她不顺眼。她的好妹妹，不是你自己当初要姐姐替你出嫁的吗，怎么现在看着王爷活蹦乱跳的，就想除掉姐姐，自己上位了？朝中大臣设计陷害，还要在耳边搞阴谋论。何沉烟：“王爷，有人觊觎我~”楚骁：“走开！王妃只能是我一个人的。”,3,ct-v1-sweetness|sweetness|甜宠|甜宠 ;; ct-v1-genius|genius|天才|天才 ;; ct-v1-substitute-marriage|substitute-marriage|替嫁|替嫁
nrv_fb24721f8149c9be3566a2ff,"[""RAW_LANGUAGE_SCOPE_V1"",""[\""number\"",\""22\""]"",[""string"",""土耳其语""]]",Kaderin Seçimi: Sevilmez Dedikleri Adamla Evlendi,"Sude, kız kardeşi yerine geçerek kötü şöhretli, çirkin görünüşlü ve sorunlu bir geçmişe sahip bir adamla evlendi.

Düğün gününde damadın kendi ailesi bile onu yalnız bıraktı, kasaba halkı ise bu evliliğin çökeceğinden emin bir şekilde fısıltılar ve alaylarla onları izledi.

Ancak Sude'nin kariyeri hızla yükselişe geçti ve aralarındaki aşk günden güne daha da derinleşti.

Daha sonra, büyük bir organizasyonda, dünyaca ünlü bir holdingin CEO'su maskesini çıkardı. Ortaya çıkan yüz, Sude'nin kocasından başkası değildi ve herkesi şok etti.

***

Arda, ailesinin dayattığı bu eşe ilgi duymuyordu ve onun kaçıp gitmesini umarak kimliğini gizlemişti.

Fakat Sude'nin gerçekten gitmeye hazırlandığını gördüğünde, Arda'nın soğuk ve kontrolcü tavrı bir anda çöktü. Onu kollarına çekip alçak bir sesle fısıldadı: ""Lütfen gitme, Sude. Bana bir öpücük ver, sana dünyanın kapılarını açayım.""",1,ct-v1-wealthy-ceo|wealthy-ceo|豪门总裁|CEO
nrv_fc09444e1b980d358d2683c6,"[""RAW_LANGUAGE_SCOPE_V1"",""[\""number\"",\""3\""]"",[""string"",""英语""]]",King's Revenge: Reborn In The Slum,"Ruling his land with all his heart, he did no wrong but ended up falling his reign for a sin he never did. 

""Your Majesty, Do you have any last words for your people?""

Being humiliated like a criminal who purged innocents, do he really deserve to recieve such disgrace?

“Your homeland whom you loved… your people whom you cherished… your knights and warriors whom you sharpened… such a great present to receive…”

Not a curse to bless upon them who have wronged him, not a words begging for his life, on his last breathe, the king accepted his fate.

'I have gave them what I can give. What kind of a ruler am I if I would hurt those whom I serve?'

With the hands of his own child, the prince of the kingdom, his life ended in a flash. The last thing he can hear was the shouting of people, celebrating as if it was something to look forward. As he saw such sight… his eyes lit no light of hope… 

Huff huff huff

“Good thing you are finally awake, hurry up before the others empty the bins”

“Where… am I?“
",2,ct-v1-warrior-protagonist|warrior-protagonist|战士主角|warriors ;; ct-v1-happy-ending|happy-ending|圆满结局|he
nrv_fd06403847bcd28bd140cadc,"[""RAW_LANGUAGE_SCOPE_V1"",""[\""number\"",\""3\""]"",[""string"",""英语""]]",The Immortals Awaited Mate,"On your 18th birthday, you don't get cake; you get cursed!"" 

Riley's life suddenly fell apart on his 18th birthday when he turned into a werewolf during his game. 

Confused and lost, he was told he no longer belonged to the world he's always known. 

He never believed in a supernatural world and planned his escape, but what he doesn't know is that he is already bound to three immortals. 

The lycan, Dragon, and Vampire, who is not planning on letting him go

Riley does not plan on staying either.


",3,ct-v1-vampire|vampire|吸血鬼|Vampire ;; ct-v1-supernatural|supernatural|灵异|supernatural ;; ct-v1-happy-ending|happy-ending|圆满结局|he
nrv_fd0d9bb80be6406d9d891bda,"[""RAW_LANGUAGE_SCOPE_V1"",""[\""number\"",\""3\""]"",[""string"",""英语""]]",Catch You,"Moving back home was the plan. Starting fresh was the plan.
Fascinating the most stunning guy ever was not.

Amelia's life turned upside down when he started pursuing her. He was stubborn, rugged and used to getting what he wanted. From the moment Theo saw the mystery in her eyes, there was something that pulled him in. And he had never been afraid to fight.

With her baggage and walls built high, she was adamant on not letting him get what he most wanted, her.

But maybe, just maybe, he was the salvation she'd always needed.",1,ct-v1-happy-ending|happy-ending|圆满结局|he
nrv_fd6c17d7df855371dfb70ce4,"[""RAW_LANGUAGE_SCOPE_V1"",""[\""number\"",\""3\""]"",[""string"",""英语""]]","My Heart, My Vengeance","I spent three years locked away by my husband, Ethan, in a soundproof panic room.

My legs, shattered in the ""accident"" he orchestrated, were useless.

He stole my songs, my career, my life, and gave them to Chloe, a talentless fraud he built into a star.

Then, they wheeled me out-a prisoner displayed for the ""happy family"": Ethan, Chloe, and my son, Leo.

Leo, who looked at me like a monster, holding Chloe's hand and calling her ""mom.""

Ethan ordered me to confess to plagiarism, to blame my own ""jealousy"" for his intricate web of lies that destroyed me.

But the ultimate cruelty came later.

Chloe, supposedly dying from a heart condition, needed a transplant.

""You're a match,"" Ethan stated, his voice devoid of emotion.

""You will donate your heart to Chloe.""

It wasn't a request; it was my execution.

My heart for hers, the last piece of me carved out and given to the woman who stole my life.

As the scalpel touched my skin, Chloe whispered, ""This is for stealing my life, you bitch.""

I closed my eyes, uttering one word to the mysterious ""Pact"" I made years ago.

Then, I left my body to die.

Yet, I woke up.

Not gone, but back.

And the Pact whispered a new bargain: return to stop Ethan, who, shattered by my death, was becoming a true monster.

The deal was clear: save him and save my sister.

I stepped back into hell, but this time, the chains were broken, and I was ready to fight.",2,ct-v1-family|family|家庭|family ;; ct-v1-happy-ending|happy-ending|圆满结局|he
nrv_fd75852b4b0e1ad77bdef3a1,"[""RAW_LANGUAGE_SCOPE_V1"",""[\""number\"",\""20\""]"",[""null""]]",萬古妖皇,"

曾經他是叱詫風雲的北冥戰神,劍鋒所指無人能擋.如今卻因族人背叛險些形神俱滅,一縷殘魂落入妖獸體內.

數載之後,虛空破碎,幻世妖皇再臨萬界!

",1,ct-v1-betrayal|betrayal|背叛|背叛
nrv_fe4edaccfb44c286db707d37,"[""RAW_LANGUAGE_SCOPE_V1"",""[\""number\"",\""4\""]"",[""string"",""西语""]]",La mujer madura,"ME SIENTO COMO LA CENICIENTA. Mi amigo Datson da vueltas en 
círculo, con los brazos extendidos a los costados y la cabeza inclinada hacia 
atrás con asombro, en la entrada de la Casa Blanca, 
el hogar no ofcial del baloncesto de la Universidad de Valley, el mejor lugar de festa del campus y 
nuestras nuevas instalaciones. 
Resoplo y dejo caer mi bolso en el suelo de baldosas. ""Es un poco 
difícil imaginarte con un vestido, hombre. 
""Supongo que eso me convierte en tu hada madrina, entonces. - Joel baja 
las escaleras para saludarnos. Su padre, el decano de la universidad, 
es dueño de la casa, por lo que básicamente es nuestro hada madrina. Este 
lugar es un palacio. ""Bienvenidos chicos. 
""Esto es tan estúpido"", dice Datson, todavía asimilando todo como si 
nunca hubiera estado aquí antes. 
Solo hay cuatro habitaciones en la Casa Blanca y que te pidan que te 
mudes es un honor. Con el nuevo año escolar, dos de los 
chicos anteriores se graduaron, abriendo dos lugares. Joel vive aquí, al igual que 
nuestro otro compañero de equipo, Nathan.",1,ct-v1-campus|campus|校园|campus
nrv_fe71ec77b7aaee64ba8eaf35,"[""RAW_LANGUAGE_SCOPE_V1"",""[\""number\"",\""13\""]"",[""string"",""越南语""]]","Bị Alpha của tôi từ chối, được vương miện của tôi tuyên bố","Chồng tôi, CEO Trịnh Đức Thắng, đã tổ chức một buổi tiệc đầy tháng hoành tráng cho con trai của nhân tình. Và tôi, Giản Hồng Anh, người vợ danh chính ngôn thuận đang mang thai bốn tháng đứa con thừa kế thực sự của anh, lại là người duy nhất không được mời.

Khi tôi đến đối chất, anh ta lại đứng che chắn cho cô ta, lạnh lùng ra lệnh cho tôi cút đi.

Ả nhân tình không buông tha, cô ta cố tình xô tôi ngã. Tôi ngã xuống sàn, máu bắt đầu chảy ra từ dưới váy.

Nhưng chồng tôi, anh ta thậm chí không liếc nhìn tôi lấy một lần.

Anh ta vội vàng bế đứa con của nhân tình, lo lắng đi tìm bác sĩ, bỏ mặc tôi và người thừa kế thực sự của anh ta đang chờ chết trên sàn nhà lạnh lẽo.

Tình yêu ba năm, sự hy sinh của tôi, tất cả đã trở thành một trò cười. Hóa ra trong mắt anh ta, tôi chỉ là một cô gái mồ côi không nơi nương tựa, có thể tùy ý vứt bỏ.

Nhưng anh ta không biết, chỉ cần tôi muốn, cả thế giới này có thể là của tôi. Được thôi, Trịnh Đức Thắng, anh đã chọn con đường của mình. Vậy thì, hãy để tôi cho anh thấy, cái giá phải trả khi vứt bỏ một công chúa là gì.",1,ct-v1-wealthy-ceo|wealthy-ceo|豪门总裁|CEO
nrv_fe97a372ea3fcdbd76d53e79,"[""RAW_LANGUAGE_SCOPE_V1"",""[\""number\"",\""4\""]"",[""string"",""西语""]]",Denuncio tu Declaración de Fallecimiento,"Han pasado tres meses desde que mi marido, el torero Javier, desapareció en un encierro. Yo, Sofía, su esposa, la chef que aparcó su carrera por él, estaba destrozada, mi vida sumida en el luto y la búsqueda incesante.

Pero esta noche, en un tablao flamenco escondido de Sevilla, lo encontré. Vivo, riendo a carcajadas, brindando con su amante, Isabella, la periodista taurina.

Los oí. Oí a Javier decir que su desaparición era una farsa planeada con ella: ""Un susto y ya está. Sofía necesitaba una lección"". Mientras yo recorría hospitales y morgues con su foto, ellos se revolcaban en mi cama, bebían mi vino, se mofaban de mi dolor.

La rabia me incendió el alma, un fuego que quemaba la humillación y el engaño. ¿Cómo pudo ser tan cruel, tan calculador, tan despiadado?

En ese instante, mi corazón, antes roto, se endureció hasta convertirse en acero. Ya no habría lágrimas, solo un plan. Acababa de nacer una nueva Sofía, y mi venganza sería un plato que se serviría muy frío.",1,ct-v1-chef|chef|厨师|chef
nrv_fe99fe4dbd6a1f77cb24c734,"[""RAW_LANGUAGE_SCOPE_V1"",""[\""number\"",\""3\""]"",[""string"",""英语""]]",An English Writer,"When an inquisitive young man finds a tattered old poetry book which had slipped behind shelves at the back of a musty second-hand book shop in Rangoon/Yangon, his curiosity about the long-forgotten author is sparked. But bookworm Lin’s quest to find out more about the life of the mysterious, unheralded colonial author takes him into a labyrinth where he discovers truth and lies. When bewildered Lin accidentally loses the book, is everything lost? This suspense-filled tale reveals heart-warming surprises, and ultimately, secrets about life remembering and immortality.
The novel is mainly about the forgotten British poet/writer named C. J Richards who lived in Burma/Myanmar in colonial times and he believed himself as a Burmophile. He served as I.C.S (Indian Civil Servant) and when he retired from I.C.S service, he was a D.C (District Commissioner) and he left for England a year before Burma gained its independence in 1948. He came to Burma in 1920 to work in civil service after passing the hardest I.C.S examination. He wrote several books on Burma and contributed many monthly articles to Guardian Magazine published in Burma from 1953 to 1974 or 1975. Though he wrote several books which had much literary merit to both communities, Britain and Burma (Myanmar), people failed to recognize him. 
The story has three parts: one part is set in the contemporary Yangon  (then called Rangoon) in 2016 and 2017 context and a young literary enthusiast named “Lin” found out unexpectedly the forgotten writer's poetry book and there is surely a good deal of time gap that led him into a quest to know more about the author’s life. The setting is quite different compared to colonial Burma and independence Myanmar (Burma), early twentieth century and 2016 which is a transitional period in Myanmar. 
The writer’s life is fictionalized in the novel and most of the facts are taken from his personal stories and other reference books. It is a kind of historical novel with a twist and it has comparatively constructed the two different periods in Myanmar history to convince readers, locally and abroad more about history, authorship, humanity, colonialism, and transitional development in Myanmar today.
",2,ct-v1-suspense|suspense|悬疑|suspense ;; ct-v1-happy-ending|happy-ending|圆满结局|he
nrv_fec7d7d168edeb0bb985f348,"[""RAW_LANGUAGE_SCOPE_V1"",""[\""number\"",\""6\""]"",[""string"",""法语""]]","Brisée, mais Pas Vaincue","Assise en face de la vieille femme aux yeux troubles, Jeanne Dubois, étudiante en mode fauchée, rit presque de sa prophétie : « Tu perdras tout ce que tu aimes, à cause de celui que tu protèges le plus. »

Pourtant, en rentrant chez elle, le choc est brutal quand elle surprend son propre frère, Paul, et sa meilleure amie, Sophie, complotant pour lui voler ses créations de concours et la trahir.

L' horreur monte quand Paul l' accuse publiquement de tricherie, la faisant renvoyer de l' école pour protéger sa complice et sa propre ambition.

La déception de sa mère, les difficultés financières, et surtout l' abandon de Paul qui la laisse seule face à une agression violente, achèvent d' anéantir Jeanne.

Mais lorsqu'ils tentent d'achever leur œuvre de destruction en utilisant une magie noire indicible, la détermination de Jeanne renaît : elle ne se laissera pas faire et utilisera leurs propres armes contre eux.",1,ct-v1-horror|horror|恐怖|horreur
nrv_ff6a57d9060e383e53ec60a7,"[""RAW_LANGUAGE_SCOPE_V1"",""[\""number\"",\""3\""]"",[""string"",""英语""]]","His Unwanted Fiancée, The Rival King's Obsession","I was three days away from marrying the Underboss of the Fazio crime family when I unlocked his burner phone.

The screen glowed toxic bright in the dark next to my sleeping fiancé.

A message from a contact saved as 'Little Trouble' read: ""She is just a statue, Dante. Come back to bed.""

Attached was a photo of a woman lying in the sheets of his private office, wearing his shirt.

My heart didn't break; it simply stopped.

For eight years, I believed Dante was the hero who pulled me from a burning opera house. I played the perfect, loyal Mafia Princess for him.

But heroes don't give their mistresses rare pink diamonds while giving their fiancées cubic zirconia replicas.

He didn't just cheat. He humiliated me.

He defended his mistress over his own soldiers in public. He even abandoned me on the side of the road on my birthday because she faked a pregnancy emergency.

He thought I was weak. He thought I would accept the fake ring and the disrespect because I was just a political pawn.

He was wrong.

I didn't cry. Tears are for women who have options. I had a strategy.

I walked into the bathroom and dialed a number I hadn't dared to call in a decade.

""Speak,"" a voice like gravel growled on the other end.

Lorenzo Moretti. The Capo of the rival family. The man my father called the Devil.

""The wedding is off,"" I whispered, staring at my reflection.

""I want an alliance with you, Enzo. And I want the Fazio family burned to the ground.""",3,ct-v1-crime|crime|犯罪|crime ;; ct-v1-family|family|家庭|family ;; ct-v1-happy-ending|happy-ending|圆满结局|He
