novel_review_id,raw_language_scope,title,description,proposed_tag_count,proposed_tags
nrv_0055339e7ef550d177493456,"[""RAW_LANGUAGE_SCOPE_V1"",""[\""number\"",\""3\""]"",[""string"",""英语""]]",The Return of Tarzan,"In this second addition to Edgar Rice Burroughs' epic adventures of Tarzan, listeners will find the jungle man leaving America to visit old friends in Europe. Through spirals of action, disaster, and shipwreck, we find Tarzan and a group of travelers, including his first love Jane and his new archenemy Rokoff, back in the jungle where he was raised. Encountering even more hardship in the harsh jungle, Tarzan again fights wild animals and savage tribes in the ultimate search for secret buried treasure. This sequel to Tarzan of the Apes sheds even more light on the beloved jungle hero's life, loves, and struggles fitting into human society.",1,ct-v1-first-love|first-love|初恋|first love
nrv_01c03948ae7beea2f508bcae,"[""RAW_LANGUAGE_SCOPE_V1"",""[\""number\"",\""3\""]"",[""string"",""英语""]]",Veins Of Vengeance,"In a world where family ties bind with unbreakable chains, Zara and Damon are caught in a web of loyalty, blood feuds, and forbidden love. The moment their eyes meet, sparks ignite, but their families have been enemies for generations. Zara, the daughter of a powerful crime lord, is promised to a man she does not love, while Damon is the heir to the rival family who killed her brother. As their paths intertwine, the heat of their passion becomes the ultimate betrayal, and every stolen moment could cost them everything. In a world of vengeance and sacrifice, can love survive the storm?",3,ct-v1-crime|crime|犯罪|crime ;; ct-v1-betrayal|betrayal|背叛|betrayal ;; ct-v1-forbidden-love|forbidden-love|禁忌之恋|forbidden love
nrv_0266f51f988b103b64eacfdb,"[""RAW_LANGUAGE_SCOPE_V1"",""[\""number\"",\""3\""]"",[""string"",""英语""]]","He Broke Me, Another Man Fixed Me","My husband, the ruthless Don of the Parks family, made his choice.

When his mistress burst in screaming that her son was sick, Jackson didn't hesitate. He left me—his wife who had just been poisoned—pinned against the wall to die, rushing to comfort a child who wasn't even his blood.

That night, ""Elena Parks"" died in a fiery car crash.

I spent years rebuilding myself in France, hidden by Hamilton Nixon, a man who loved me in the shadows. I finally found peace. I finally felt free.

But Jackson found out the truth. He discovered the boy was another man's son and that his mistress had been drugging him. Instead of letting me go, his grief turned into a terrifying obsession.

He hunted me down, kidnapped me, and dragged me back to the estate that had been my prison.

I woke up tied to our marriage bed with silk ribbons.

""I'm building a garden,"" he whispered maniacally, stroking my hair as I struggled against the bonds. ""Just like you wanted. We're going to be happy.""

He thought kidnapping was a grand romantic gesture. He thought he could erase the abuse with a fresh coat of paint and forced proximity.

But he underestimated me. And he underestimated Hamilton.

After a violent rescue, I rose from the ashes not as his wife, but as a titan of industry.

Six months later, Jackson stormed the stage at my global summit. He knelt before me on live television, holding a ten-carat pink diamond, thinking he could buy my forgiveness.

""I'm ready to take you back,"" he announced to the world.

I looked at the man who had destroyed me, then at Hamilton, the man who had saved me.

I grabbed Hamilton's lapels and kissed him in front of millions.

""There is no 'us', Jackson,"" I told him into the microphone, watching his world shatter. ""You are just haunting a graveyard.""",2,ct-v1-kidnapping|kidnapping|绑架|kidnapping ;; ct-v1-marriage|marriage|婚姻题材|marriage
nrv_04314617575838746a1e2b10,"[""RAW_LANGUAGE_SCOPE_V1"",""[\""number\"",\""3\""]"",[""string"",""英语""]]",The Woman I Saved Destroyed Me,"One moment, I was crossing the street, holding my fiancée Olivia' s hand, laughing about our future.

The next, a careening black sedan was aimed right at her.

There was no time to think; I pushed her to safety, taking the hit myself.

I woke up three years later, my face a ruin, my body a stranger to me.

But the real horror began when I saw Olivia on TV-a celebrity, crying beautiful, convincing tears about her supposedly devoted fiancé, who she visited ""every day.""

She even fooled me, lying there paralyzed in my hospital bed, while I dreamed of returning to her.

After grueling surgeries and therapy, I went home to surprise her.

Instead, I found her celebrating with my best friend, Mark, who confessed they' d let my frail mother ""waste away"" and seized all my assets.

My mother, gone. My home, desecrated.

The woman I saved, the friend I trusted, had systematically destroyed everything I loved, believing I was a ""vegetable.""

My world shattered again, replaced by a burning desire for vengeance.

I was no longer the man I used to be.

I was a ghost, returned to reclaim what was mine and make them pay.",1,ct-v1-entertainment-industry|entertainment-industry|娱乐圈|celebrity
nrv_053f7e9209a10556f6ce30be,"[""RAW_LANGUAGE_SCOPE_V1"",""[\""number\"",\""20\""]"",[""null""]]",邪王盛寵：神醫嫡女囂張妃,"“娘子，你別跑，快到爲夫碗裏來~” 她本是21世紀的天才醫生，驚才絕豔，意外重生，再睜眼卻成了被人欺凌的鎮南侯府大小姐。 她本應是受盡榮寵的嫡長女，卻被庶母欺，庶妹辱，渣男虐。 當她成爲她，不再懦弱草包，眼底只剩冷意囂張，虐渣鬥庶母，大殺四方。 可那個只見一次面就將祖代相傳的正妻信物給她的男人，這麼隨便真的沒關系嗎？ 說好的不近女色高冷絕情的呢，這位世子爺您整天黏在身邊真的好嗎？
",2,ct-v1-rebirth|rebirth|重生|重生 ;; ct-v1-genius|genius|天才|天才
nrv_056c5ac7811da4a3d47caddb,"[""RAW_LANGUAGE_SCOPE_V1"",""[\""number\"",\""20\""]"",[""null""]]",萬界雜貨鋪,"（2018年最火都市爽文，完全免費閱讀）
想要太上老君煉製的極品仙丹來強身健體，補充營養嗎？
想要月老的紅線去撩妹嗎？
想要鐵扇公主同款芭蕉扇作為收藏品嗎？
想要東海龍宮爆款黑珍珠作為情人節禮物嗎？
楊凡無意間成為仙靈空間的掌控者，擁有諸天萬界各種各樣的寶貝，萬壽無疆不再是夢想，青春永駐成為標配，美女總裁投懷送抱，絕美校花紛至遝來，彪悍大小姐溫柔以待，只有你想不到，沒有我拿不出，看楊凡如何走上人生巔峰，給全世界人民漲姿勢。",1,ct-v1-princess|princess|公主|公主
nrv_05858c0f81cc7befd153a55c,"[""RAW_LANGUAGE_SCOPE_V1"",""[\""number\"",\""3\""]"",[""string"",""英语""]]",Embolden star ,"The romantic love story between Micheal. L and Rosie. Love at the first sight story; Micheal is a business tycoon while Rosie is a college student working in a fast-food restaurant after her parents kicked her out of the house after being ashamed because of her as she was imprisoned in the case of murdering a girl; who used to be her classmate. 

Did she kill someone or it was someone plan? ",1,ct-v1-student|student|学生|student
nrv_07fe888699ec164769b874a5,"[""RAW_LANGUAGE_SCOPE_V1"",""[\""number\"",\""3\""]"",[""string"",""英语""]]",I Never Hated You,"Hakim was every girl's dream at Northwest High and every guy's role model. He was hot, smart, popular, romantic and all, and every girl's dream was to get laid by him. He was living the dream life, but he had one single problem; Dante. Dante was the complete vice versa of Hakim; soft, gentle, unnoticed, innocent, and these traits drew Hakim's heart towards him, and for that reason, Hakim hated him. He hated his lingering gazes and admiring glances, and he hated that he felt the need to hold him, to protect him, and for that reason he resolved to torment Dante, making his high school days unbearable. Dante was forever scarred by him, and his heart broke into many pieces.
Now, years later, after the two drifted apart, going on to their two separate worlds, Dante builds an image for himself. He is no longer the timid, innocent boy at Northwest High, but is now a top corporate lawyer in the industry, and a fine one at that.
What happens when he is hired by a law firm and finds out that his boss is no other person but Hakim? And what happens when a workplace romance sparks between him, Hakim, Basil (a detective), and his co-worker, Cole
",2,ct-v1-lawyer|lawyer|律师|lawyer ;; ct-v1-romance|romance|言情|romance
nrv_08c4010f0f954cf11aaeea0d,"[""RAW_LANGUAGE_SCOPE_V1"",""[\""number\"",\""6\""]"",[""string"",""法语""]]",LE COMPAGNON D'ALPHA NE SAIT PAS,"Olivia Vale - Après la mort de ses parents dans un accident de voiture à l'âge de 6 ans, elle et son frère aîné, Shawn, ont dû vivre une vie compliquée dans une famille d'accueil jusqu'à ce qu'il devienne assez vieux pour subvenir seuls à leurs besoins. Aujourd'hui âgée de 18 ans, elle vit dans une bulle, ignorant les secrets qui lui sont cachés depuis 12 ans. Même si elle a une vie normale et un petit ami aimant, elle ressent une émotion grandir en elle à chaque fois qu'elle voit Kaden. Pourquoi ressent-elle une attirance envers Kaden comme elle ne l'a jamais fait avec son petit ami ? Pourquoi a-t-elle l'impression que tout autour d'elle ne va pas ?
Kaden Blake - Après que Blue Moon Pack ait perdu ses anciens Alpha et Luna, ce jeune Alpha essaie de faire avancer sa meute avec les conseils de sa Bêta. Aujourd'hui âgé de 18 ans, il est involontairement envoyé dans une université loup-garou-humain pour étudier lorsqu'il ressent soudain une attirance pour cette fille blonde. A-t-il déjà trouvé sa compagne ? Mais pourquoi a-t-elle l'air si perdue et ne le reconnaît-elle pas ? L'a-t-elle déjà rejeté ?
",1,ct-v1-werewolf-luna|werewolf-luna|Luna（狼人女首领）|Luna
nrv_093f53b0d4cfed4d1008b3e5,"[""RAW_LANGUAGE_SCOPE_V1"",""[\""number\"",\""19\""]"",[""null""]]",凤唳九州：暴君请退位,"大婚之夜，她翘首以盼的如意郎君，变成一把嗜血的刀，刺穿了她的身体，灭尽了她的九族。
唐青雁曾以为情爱便是得到，后来她错了，情爱是把利刃，让她坠入万劫不复之地。
许是上天怜悯让她一朝重生，她醒来发现，自己竟成了前世死对头他哥的新妇，只不过，她嫁过来的第一天就开始守寡。
唐青雁决定这一世要活得潇潇洒洒，先入商行，夺了京城首富的头衔，再入皇权，搅动九州乾坤。
终于成了有钱有权的富婆，唐青雁拽着某男的衣袖，鼓足勇气，“小叔，我要改嫁。”
顾修挑眉，“你生是我顾家的人，死是我顾家的鬼。”
她终于知道了上一辈子宠她、护她、为她披荆斩棘的人是他，也明白了，爱非得到而是守护。",1,ct-v1-rebirth|rebirth|重生|重生
nrv_0941679c3f6fbe79a3c47e11,"[""RAW_LANGUAGE_SCOPE_V1"",""[\""number\"",\""20\""]"",[""null""]]",狂拽冷少妖嬈妻,弄死個人然後就穿越了！唔，天理報應，因果循環？可是，我想要空調電腦熱水器，老天爺你倒是給我弄來啊！！！,1,ct-v1-time-travel|time-travel|穿越|穿越
nrv_0ba2b9878378160206a113d6,"[""RAW_LANGUAGE_SCOPE_V1"",""[\""number\"",\""3\""]"",[""string"",""英语""]]",Revenge Game,"REVENGE GAME
            🌹🌹🌹🌹🌹🌹🌹🌹🌹🌹    
               🌹SEASON 1                🌹
                🌹      CHAPTER 1      🌹  
                 🌹🌹🌹🌹🌹🌹🌹🌹
                        

     The Dining table was all beautifully set and decorated with all of her Husbands favourite Dishes. She made sure they were well prepared by the Chef. This is the night. This night was going to be the night. This night was going to be an amazing one if everything goes according to her plans. She just couldn't wait for her husband to come home.
     What is it they say again? When a woman wants something, she becomes extraordinary sweet. Lolz. Anyways that's it, she wants.... perhaps needs something from her husband tonight. Something so important and special to her. It may seem like something small to anyone but it means the world to her. And tonight she was going to make sure she gets what she wants from him tonight.
       Laura knew her hushand too well. He always gave her whatever she asked for even without making all these effort she's made tonight.
    ""Sara! Sara"" she called out to the house's Chef.
      ""Yes Ma"" the 24 years old lady answered. Her Mistress wasn't so older than her, her pretty madam was just two years older than her.
      ""Is the Juice ready just the way he likes it?"" Laura asked.
      ""Yes Ma.""
     ""Go get it"" Laura ordered and the chef nodded and left for the kitchen. Sara wondered what her Mistress was up to this night. Though it wasn't the first time her Mistress was coming up with such surprises for her husband but tonight's surprise seemed extraordinary. With all the Dishes she was asked to make and the switching off of the lights and bright candles all over the dining table. Whats up?
       Laura looked at the clock again, five minutes to seven pm. He should be on his way home. She picked up her phone and dialed the number with the caller ID 'My Heart' and on the third ring it got connected.
     ""Hey Sunshine"" his sweet loving voice said across the line.
       ""Hi Sugar. Whats up?"" She settled for the sofa in the extra large larvishing living room.
     ""Just rounding up at work""
      ""Baby?"" She was a little upset. Before he left for work this morning, she had told him about their magical night and was expecting he gets home early.
        ""I'm sorry Love. I had so much on my desk but now I'm just rounding up. Just give me forty five minutes and I would be by your side""
        ""You need to be fast Babe""
        ""I know. Just forty five_ opps forty four minutes now.""
She smilled at his silliness ""I'll wait.""
        ""Cool. Love you."" He said
        ""Love you too"" she said and disconnected.
Forty five minutes he said. He was definitely going to get home soon. Its time to get dressed up with the magical dress of the night. 'Always use Men's weakpoint to get what you want from them' her Mum would always say and that Dress, her body...... Finally, after three solid years of planning, its finally time to get what she wanted from her Dear beloved husband. She quickly ran upstairs to get dressed.
      Philip Wondered what surprise his beloved Darling Wife had for him tonight. She was always full of surprises. Two years of their marriage and she always come up with fabulous surprises. This night wasn't going to be any less.
     He just couldn't wait to get home to his Better half. With all the stress he got from work today, that surprise and his wife would make a good stress reliever.
      He sorted everything on his desk out, picked up his cell phone and briefcase and headed out of his office. He stopped by his silly secretary to give her some instructions but she was too busy laughing over a phone call with both of her legs crossed on her desk.
     ""Lola... Lola"" her boss called out but she was too busy laughing. ""Lola!""
She turned to the direction her name was coming from with fright. ""Sir!"" She jumbed up and adjusted her clothes.
      ""You do your job well. I can see that.""he said with a sarcastic tone.
     ""I'm sorry sir"" she apologised
       ""I won't be early tomorrow, cancel my early appointments""
       ""Done sir."" She answered and he left. She let out the breath she's been holding. Thank God for the kind of Boss she has. Even as he saw her in that position he didn't make a fuss out of it. She knew too well not all Bosses were like that for instance Mr Atu the company's HR officer, she knows too well what his secretary go through everyday. She doesn't wish that for herself.
       Philip knew too well that after this awesome night, he won't be coming early to work. The thirty years old CEO walked majestically into the elevator and went for the ground floor. Few of his staffs were still working even when 5pm the normal closing time had passed.
     ""Goodevening Sir"" The few he passed by greeted and as a usual he responded with a nod and sweet smile.
     ""Oh my.... He is so handsome. Sometimes I wonder if Gid created him on a different day"" Zara one of his staffs ",2,ct-v1-chef|chef|厨师|Chef ;; ct-v1-marriage|marriage|婚姻题材|marriage
nrv_0c4d1f95e99a9dd7434de480,"[""RAW_LANGUAGE_SCOPE_V1"",""[\""number\"",\""3\""]"",[""string"",""英语""]]","CRY OR BETTER YET, BEG","
WARNING! Explicit Content: BDSM and Mature Erotica. Read at Your Own Risk!

""Rape me? It's nothing new. Go ahead and do your wor-""

Her eyes flew open as she gasped for air, her face flushing instantly.

""S-son of a bi-ah... ... ahhh...""
She shut her eyes as her body trembled.

He grinned, wicked and satisfied.

""You can't even curse at me properly. Are you sure you hate me? Your body's sucking in my fingers like it's been starved.""

""That's not true, stop... ahhh...""
She cried out, tossing her head back as drool escaped her lips.

""Stop? You dared me to be my worst. At least have the backbone to endure it. In other words-try not to cum... from the fingers of the man who murdered your parents.""

""You bastard!""
She cried loudly.


-----------------
After her parents were brutally murdered, Aria was stolen away and groomed by a ruthless mafia lord-trained to be both a lethal assassin and a nymphomaniac sex doll.
She has only one mission: revenge.
She'll smile. She'll kneel. She'll obey.
 She'll play the perfect submissive... until the day she finds the man responsible for their deaths- and makes him bleed.
But everything shatters when she finds herself defenseless in the arms of her enemy.
No matter how much she fights, hates, or resists-he won't let her go.
 And worse...
 She's not allowed to die.
She can scream.
 She can cry.
 Hell-she can even beg.
But she will always be his.
 His to own.
 His to claim.
 His to break.


This book is strictly 18+ and contains dark romance elements including:

Non-consensual/Dubious consent scenes. Dangerous obsession. BDSM & psychological manipulation. Explicit sexual content
If these themes disturb you, do not proceed.
Otherwise, dive in...
 and enjoy this sinfully dark, spicy read.

",3,ct-v1-assassin|assassin|刺客|assassin ;; ct-v1-revenge|revenge|复仇|revenge ;; ct-v1-mafia|mafia|黑帮|mafia
nrv_0c5590988a7131447664aa0c,"[""RAW_LANGUAGE_SCOPE_V1"",""[\""number\"",\""11\""]"",[""string"",""印尼""]]",Putri Raja Kasino: Pembalasan,"Namaku Luna Croft. Pacarku, Smith Caldwell, menyebut dirinya ""Raja Kasino"". Setiap kali dia pergi berjudi, dia pulang dengan banyak kemenangan.

Belakangan, aku baru menyadari bahwa dia selalu memilih meja yang sama.

Dan dealer di meja itu adalah gadis impiannya yang tak tergapai, Alice Moore.

""Luna, sekarang aku seorang miliarder. Kamu sudah tidak sebanding denganku, jadi lebih baik kita akhiri saja. Alice adalah cinta sejatiku. Dia membawa keberuntungan dan kebahagiaan dalam hidupku,"" tambahnya dengan penuh keyakinan.

Aku setuju, hanya untuk melihatnya kehilangan setiap sen di meja beberapa saat kemudian.

Dia mendorongku langsung ke tangan para rentenir yang datang menagih utangnya.

""Ini pacarku. Aku menyerahkannya untuk melunasi utangku. Dia yatim piatu. Bahkan meski kalian menghancurkannya, tidak ada yang akan mengejar kalian!""

Staf kasino dan para rentenir mengurungku, tapi aku malah tidak bisa menahan tawaku.

""Suruh bos kalian keluar dan bicara denganku secara langsung,"" ucapku menuntut.",1,ct-v1-werewolf-luna|werewolf-luna|Luna（狼人女首领）|Luna
nrv_112bcf8a034ca9b746a4fffc,"[""RAW_LANGUAGE_SCOPE_V1"",""[\""number\"",\""20\""]"",[""null""]]",天命爲凰：毒醫三小姐,"她是醫毒世家傳人能掌生，可控死，一朝穿越淪落成不能修煉的傻子廢物。
且看她強勢逆襲，凰逆九天。
他是大陸最尊貴的存在，翻手雲，覆手雨，腹黑冷漠，藐視天下，一怒天下變的天尊！
當他遇見她，只是一眼，寵她，護她，助她……
月黑之夜某尊握住了沐清菱的手腕。
「菱兒你看過了本尊的身體，是要負責的……」
「這是施針……天尊」
天尊笑的春風得意，一把將沐清菱扯入懷中直接吻住了脣。",1,ct-v1-time-travel|time-travel|穿越|穿越
nrv_123a5a04af00f6cdef773211,"[""RAW_LANGUAGE_SCOPE_V1"",""[\""number\"",\""6\""]"",[""string"",""法语""]]",Sacrifiée à la Bête: La Compagne sans Loup,"Aujourd'hui, mon père, l'Alpha de notre meute, épousait une femme à peine plus âgée que moi, le jour exact de l'anniversaire de la mort de ma mère.

Lors de la fête, ma nouvelle belle-mère a délibérément brisé le collier de ma mère, mon unique souvenir.

Lorsque j'ai osé me défendre, mon père m'a violemment giflée devant tous les invités.

« Tu apprendras à respecter ta nouvelle Luna. »

J'ai alors publiquement renié cette famille qui m'a toujours traitée comme un déchet parce que j'étais une anomalie : une fille d'Alpha sans loup intérieur.

Pour me faire taire et épargner ma parfaite petite sœur, mon père m'a froidement condamnée à mort.

Il m'a envoyée comme tribut au Roi Lycan de la Montagne Noire, un monstre maudit dont la bête intérieure déchiquette sauvagement toute femelle qui l'approche.

Enfermée dans une cage et envoyée vers ce château cauchemardesque, je n'ai ressenti que de la haine.

Comment mon propre père pouvait-il m'envoyer à l'abattoir avec un tel soulagement ?

Mais avant d'être jetée dans la chambre du Roi, la gouvernante m'a révélé un détail crucial : la folie meurtrière du monstre est déclenchée par l'odeur de l'esprit des louves.

Je n'ai pas de loup intérieur, je n'ai donc absolument aucune odeur.

Poussée dans les ténèbres de l'antre du Roi pour y être massacrée, j'ai attendu le coup fatal, mais le monstre est resté figé dans l'ombre, confus par mon absence d'aura.

C'est à cet instant précis que j'ai su que je n'allais pas mourir, et que la Maison Thorne allait amèrement regretter de m'avoir abandonnée.",2,ct-v1-werewolf-luna|werewolf-luna|Luna（狼人女首领）|Luna ;; ct-v1-werewolf-alpha|werewolf-alpha|Alpha（狼人首领）|Alpha
nrv_12c878cd1fdd130dcb78d754,"[""RAW_LANGUAGE_SCOPE_V1"",""[\""number\"",\""5\""]"",[""string"",""葡语""]]",Casamento Por Vingança,"Dylan, um jovem empresário rico e poderoso, fica furioso quando a sua mulher grávida morre num acidente. Para vingar a sua morte, procura o culpado e depara-se com o pai de Darla, uma jovem que a sua mulher tinha ajudado no passado. Dylan decide vingar-se dele, casando com Darla sob contrato, mas a sua relação depressa toma um rumo inesperado, passando do ódio ao amor.
Neste thriller emocionante, descubra como um casamento vingativo pode tornar-se numa intensa e inesquecível história de amor.
""Revenge Marriage é uma história de amor cativante e cheia de suspense.",3,ct-v1-suspense|suspense|悬疑|suspense ;; ct-v1-revenge|revenge|复仇|Revenge ;; ct-v1-marriage|marriage|婚姻题材|Marriage
nrv_132d09a26f3fc6796cd2dd69,"[""RAW_LANGUAGE_SCOPE_V1"",""[\""number\"",\""4\""]"",[""string"",""西语""]]",Hasta el último latido de mi corazón,"Disponible en AMAZON!! SINOPSIS:
Cada latido es una cuenta atrás.
Para Serena Smith, llegar a la Universidad de Houston es un sueño anhelado, su única oportunidad de saborear una vida normal lejos de las miradas compasivas y el aséptico olor de los hospitales. Pero carga con una condena silenciosa: un corazón traicionero que se agota, un músculo vital que amenaza con rendirse en cualquier momento. Su plan es simple: pasar desapercibida, estudiar y aferrarse a cada precioso segundo que le queda.
Pero sus planes se hacen cenizas cuando se cruza con Kaleb Thorne.
Él es la oscuridad que acecha los pasillos del campus, un demonio tatuado de ojos azules como el hielo, cuya posesividad es tan legendaria como peligrosa. Desde el momento en que la ve, decide que será suya, una presa frágil en su mundo de caos y control.
Kaleb no tarda en descubrir el secreto que con tanto esmero Serena protege: la fragilidad que podría costarle la vida. Armado con su condena, le ofrece un pacto envenenado: ella será su novia de cara a su poderosa familia, un ángel a su lado para aplacar a sus propios demonios. A cambio, su secreto permanecerá a salvo en la oscuridad.
Atrapada en una red de mentiras y una atracción que la consume, Serena se encuentra a merced del hombre que podría, literalmente, romperle el corazón. Cada roce es un riesgo, cada beso un desafío a su destino. Kaleb es su tormento y su más adictiva tentación, una fuerza que podría tanto reanimarla como darle el golpe final.
¿Podrá sobrevivir a su posesiva oscuridad el tiempo suficiente para recibir el corazón que la salve? ¿O será Kaleb quien reclame lo que le queda, arrastrándola con él hasta el último latido de su corazón?

ADVERTENCIA
Esto no es un cuento de hadas, es una historia de posesión. Un Dark Romance para lectores maduros.
El protagonista no es un héroe. Sus actos no se romantizan, se exponen en toda su cruda oscuridad.
Este libro contiene:

-Lenguaje y escenas sexuales explícitas.

-Chantaje, manipulación y violencia.

-Temas sensibles sobre enfermedades terminales.

-Un protagonista moralmente ambiguo.

Si buscas un romance convencional, cierra este libro.
Has sido advertido.",2,ct-v1-campus|campus|校园|campus ;; ct-v1-romance|romance|言情|Romance
nrv_138086c1d19a70772dd5b413,"[""RAW_LANGUAGE_SCOPE_V1"",""[\""number\"",\""19\""]"",[""null""]]",重生：傲世狂妃,"她是人人都钦佩的无敌杀手，黑夜暗卫，绝代风华的她为了自己的主人不爱红妆爱武装。
可是，主人成功之际， 竟然是自己血葬之时。
看着那些人狰狞的表情，将自己一遍遍凌辱，她痛恨至极。
自己誓死效忠，倾心相守换来的竟然是这蚀骨的背叛。
心有不甘，她自己掏心掏肺，然后投入江河。 
凤凰涅槃，她满腹仇恨，只为手刃仇人。
重生初遇时，才知道，自己竟然一开始就认错了主人。
那么这一次，自己会比他们还要残忍，还要狠毒，要让那些，凌我欺我之人沦入万劫不复。

只是三皇子殿下，你现在好歹也是皇上了，他们说我妖媚惑主，霸占朝纲，你就一点都没有意见？",1,ct-v1-betrayal|betrayal|背叛|背叛
nrv_13e4707abf52166639ed3129,"[""RAW_LANGUAGE_SCOPE_V1"",""[\""number\"",\""15\""]"",[""string"",""菲律宾语""]]",Rising From Ashes: Ang Heiress na Sinubukan Nilang Burahin,"Lumaki si Maia bilang isang spoiled na tagapagmana-hanggang sa bumalik ang tunay na anak at isinabit siya, pinadala si Maia sa kulungan sa tulong ng kanyang kasintahan at pamilya.

Makalipas ang apat na taon, malaya na at kasal kay Chris, isang kilalang isinumpa, inakala ng lahat na tapos na si Maia. Di nagtagal, natuklasan nilang siya pala ay isang sikat na alahas na tagagawa, dalubhasang hacker, tanyag na chef, at top na game designer.

Habang nagmamakaawa ang dating pamilya niya para sa tulong, ngumingiti ng kalmado si Chris. ""Mahal, umuwi na tayo."" Noon lamang naunawaan ni Maia na ang kanyang ""walang silbi"" na asawa ay isang bantog na negosyante na minahal siya mula pa noong simula.",1,ct-v1-chef|chef|厨师|chef
nrv_159938e783517710c3a9dddb,"[""RAW_LANGUAGE_SCOPE_V1"",""[\""number\"",\""3\""]"",[""string"",""英语""]]",Daughter's Revenge,"One night, Stella returned home and found her parents brutally murdered. Together with her sisters, Maria and Gloria, they called the police to seek justice.

Things didnt go as planned when they realized that the police were not genuinely helping them. Feeling betrayed, they decided to rely on themselves.

After much thought, Stella decided to move into the murderers house with her sisters. She had one goal in mind - Revenge!

After moving in, she met other members of the murderers family. The discourteous and inconsiderate daughter & the amiable and charismatic son.

Then, Stella realized that her journey of revenge was not as easy as she had thought.

Love, revenge, betrayal, crime, jealousy and much more, all found in one book. 
Daughters revenge is a must read for everyone!
",2,ct-v1-crime|crime|犯罪|crime ;; ct-v1-betrayal|betrayal|背叛|betrayal
nrv_17e96b9afa1a672796e0c609,"[""RAW_LANGUAGE_SCOPE_V1"",""[\""number\"",\""5\""]"",[""string"",""葡语""]]",Tentação pecaminosa: Playboy bilionário implora meu retorno,"Iris cresceu de uma criança órfã para a filha adotiva da família Stewart aos dez anos, encontrando carinho na bondade de seu tio nominal Vincent. 

Sete anos depois, ela se tornou sua amante secreta. Quando o noivado de Vincent foi anunciado, os boatos se espalharam sobre o CEO mulherengo finalmente se estabelecendo. 

Mas apenas Iris conhecia a extensão de sua natureza fria e dissimulada. Iris se apaixonou por Vincent e, em meio às lágrimas, implorou: ""Case-se comigo,""  apenas para ser recebida com sua recusa gélida. 

Derrotada, ela aceitou a proposta de um advogado, causando alvoroço público. Então, no dia de seu casamento, Vincent suplicou desesperadamente: ""Não se case com ele...""",1,ct-v1-wealthy-ceo|wealthy-ceo|豪门总裁|CEO
nrv_186259adfded1f9a90cc0d40,"[""RAW_LANGUAGE_SCOPE_V1"",""[\""number\"",\""3\""]"",[""string"",""英语""]]",Valentina's Revenge ,"
""Just do it. Please."" I begged, I was desperate and I needed to get my release. 

""You'll get punished for this Valentina."" He held me in a way that I could not turn to face him, his voice was dark. 

""Then just punish me now, I don't mind and I won't regret it tomorrow."" I pleaded but I only heard him sigh. 

""I didn't want to do this."" He said in a low voice and my imagination bloomed...

***

Valentina is betrayed by her husband and her best friend, she finds out their dirty plan and how oblivious she had been for the past three years of her life. Her life is ruined, she is completely destroyed and left with no other option, she seeks solace from the forbidden source – The deadly Mafia Lord. She would do anything to make them have a taste of their medicine. 
",2,ct-v1-mafia|mafia|黑帮|Mafia ;; ct-v1-regret|regret|追悔|regret
nrv_193d95fb9973b29d0955c542,"[""RAW_LANGUAGE_SCOPE_V1"",""[\""number\"",\""5\""]"",[""string"",""葡语""]]",Por baixo da sua máscara feia,"Elliana era a filha feia e desprezada da família, enquanto sua meia-irmã, Paige, era admirada por todos e estava prestes a se casar com Cole, um CEO. 

Para surpresa de todos, no dia de casamento, foi Elliana quem subiu no altar. 

Enquanto todos se perguntavam por que a mulher feia foi escolhida, Elliana os surpreendeu ao revelar suas verdadeiras identidades: magnata das finanças, médica lendária, especialista da IA... 

Mais tarde, Cole postou uma foto impressionante de Elliana sem maquiagem. ""Minha esposa não precisa da aprovação de ninguém.""",1,ct-v1-wealthy-ceo|wealthy-ceo|豪门总裁|CEO
nrv_19ec30e3cbf499cb37fc7216,"[""RAW_LANGUAGE_SCOPE_V1"",""[\""number\"",\""6\""]"",[""string"",""法语""]]",La revanche de la Luna brisé ,"Sous les dorures d'un bal lunaire, la vie de Luna Kylie s'effondre. Son mari, l'Alpha Graham, oublie ses serments et expose sa trahison devant toute la meute en embrassant Zoé, son amour d'enfance. Humiliée, la jeune femme endure la douleur mystique du lien brisé - ce châtiment réservé aux loups trahis. Jadis promise à un avenir glorieux, unie à Graham par la bénédiction de la Déesse de la Lune, elle voit tout s'écrouler : son mariage, son autorité et sa dignité. Tandis que Zoé s'installe ouvertement à la place qui lui revient, la meute entière se détourne d'elle. Seule, Kylie tente de comprendre pourquoi l'amour s'est mué en poison, et sent naître en elle une force nouvelle : celle d'une Luna trahie, mais pas détruite.

Sa douleur se transforme peu à peu en détermination. Graham, aveuglé par Zoé et la fausse promesse d'un héritier, rejette toute loyauté envers sa compagne légitime. Pourtant, Kylie refuse de s'effacer. Soutenue par quelques fidèles, elle retrouve l'instinct de la louve qu'elle était : fière, rusée, et prête à reprendre son pouvoir. Lorsqu'elle apprend la venue d'un Alpha redouté, Logan Hanks, frère de sa meilleure amie, elle comprend que le destin lui offre une échappatoire. L'homme incarne tout ce que Graham n'est plus : autorité, maîtrise et clairvoyance. Leur première rencontre bouleverse l'équilibre des forces - deux Alphas se jaugent, mais c'est entre Logan et Kylie qu'un lien nouveau, intense et dangereux, commence à se tisser.

Au fil des jours, l'humiliation laisse place à la stratégie. Logan propose à Kylie un pacte : il l'aidera à briser son mariage et à récupérer sa meute, en échange d'un an à ses côtés en tant que Luna. Derrière ce contrat se cachent des désirs inavoués et une attraction irrésistible. Tandis que Graham s'enfonce dans la trahison et que Zoé révèle sa cruauté, Kylie se relève, prête à réécrire sa propre légende",1,ct-v1-werewolf-alpha|werewolf-alpha|Alpha（狼人首领）|Alpha
nrv_1be31fc4edf3219f5a5ce9ff,"[""RAW_LANGUAGE_SCOPE_V1"",""[\""number\"",\""11\""]"",[""string"",""印尼""]]",Pasangan Tak Diinginkannya: Serigala Putih Rahasia,"Selama sepuluh tahun, aku hidup sebagai Omega yang lemah dan tak berdaya. Satu-satunya kebahagiaanku adalah putriku yang cerdas, Mutiara. Aku telah mengikat jati diriku yang sebenarnya—seekor Serigala Putih yang perkasa—untuk melindunginya dari musuh-musuh keluargaku. Saat dia memenangkan program magang yang sangat didambakan di Dewan Internasional, kupikir kehidupan tenang kami akhirnya aman.

Tapi seminggu kemudian, aku menemukannya terkulai di sudut sekolahnya, terikat oleh tali perak yang membakar kulitnya. Impiannya dihancurkan oleh Cindy, putri Alpha dari kawanan kami.

""Si rendahan ini pikir dia bisa mencuri posisiku,"" cibir Cindy. ""Posisi magang yang sudah diamankan oleh ayahku, sang Alpha, untukku.""

Duniaku hancur berkeping-keping. Alpha itu adalah suamiku, Vincent—pasangan takdirku selama sepuluh tahun. Saat aku menghubunginya melalui ikatan suci kami, dia menepis kepanikanku dengan kebohongan manis, bahkan saat aku menyaksikan Cindy dan teman-temannya menyiksa anak kami demi kesenangan mereka.

Pengkhianatan terbesar datang saat selingkuhannya, Ivana, memamerkan kartu Pasangan Alpha—""kartuku"", yang telah Vincent berikan padanya. Vincent datang hanya untuk menyangkal mengenalku di depan semua orang, sebuah dosa yang menghancurkan ikatan kami. Dia menyebutku penyusup dan memerintahkan para prajuritnya untuk menghukumku. Saat mereka memaksaku berlutut dan memukulku dengan perak, dia hanya berdiri dan menonton.

Tapi mereka semua meremehkanku. Mereka tidak tahu tentang liontin yang kuberikan pada putriku, atau kekuatan kuno yang terkandung di dalamnya. Saat pukulan terakhir mendarat, aku membisikkan sebuah nama ke saluran tersembunyi, menagih sumpah yang dibuat keluargaku beberapa generasi yang lalu. Beberapa detik kemudian, helikopter militer mengerubungi gedung, dan Garda Dewan Agung menyerbu ruangan, membungkuk hormat padaku.

""Luna Larasati,"" komandan mereka mengumumkan, ""Garda Dewan Agung siap menerima perintah Anda.""",2,ct-v1-werewolf-luna|werewolf-luna|Luna（狼人女首领）|Luna ;; ct-v1-werewolf-alpha|werewolf-alpha|Alpha（狼人首领）|Alpha
nrv_1c4cf86d4898063e0d5c2ab4,"[""RAW_LANGUAGE_SCOPE_V1"",""[\""number\"",\""3\""]"",[""string"",""英语""]]",The Billionaire's Blueprint ,"One night. One mistake. One billionaire who won't let her walk away.

When Bella Bluefield agrees to a spontaneous night out, she never expects to wake up next to Xavier Louis - the cold, ruthless CEO of LV Group with a reputation as unbreakable as his empire. It was supposed to be a one-night stand. But weeks later, when she shows up at his office for a job interview... their worlds collide.

And then she drops a bombshell:
""I'm pregnant, sir.""

What starts as an impossible situation spirals into a high-stakes war of secrets, sabotage, and shattered loyalties. With powerful enemies closing in - including Bella's own manipulative mother - and a multi-billion-dollar scandal threatening Xavier's legacy, the line between business and desire begins to blur.

As love ignites, betrayal strikes - and someone wants Bella silenced.

Forever.

In a world where every choice could cost them everything, Bella must decide if she's strong enough to fight for her child, her truth... and the man who just might break her heart.
",3,ct-v1-betrayal|betrayal|背叛|betrayal ;; ct-v1-one-night-stand|one-night-stand|一夜情|one-night stand ;; ct-v1-pregnancy|pregnancy|孕期|pregnant
nrv_1e253e6b5e2a8c43ba823571,"[""RAW_LANGUAGE_SCOPE_V1"",""[\""number\"",\""5\""]"",[""string"",""葡语""]]",O calor do Inefavel,"Hera Medeiros, a ""princesinha dos vinhos"" da renomada Doce Desejo, é a combinação perfeita de elegância e rebeldia. Advogada e relações públicas, sua vida em Nova York é um luxo com motos de alta velocidade e um coração livre. No entanto, por trás da fachada polida, Hera anseia por algo que toque sua alma de forma indizível.
Heitor Carini, o imponente CEO da agência de modelos New Face, é a personificação do poder e da sedução. Um playboy irredutível, com músculos definidos e olhos verdes que não deixam ninguém indiferente, Heitor vive sob suas próprias regras, onde o controle é a palavra-chave e as emoções são um luxo dispensável.
Quando os caminhos de Hera e Heitor se cruzam, o choque é inevitável. Duas almas de mundos iguais, mas perspectivas opostas, colidem em uma dança de atração proibida e paixão avassaladora. Ela se torna a perdição e o mundo dele, desafiando sua couraça e revelando anseios escondidos. Ele se transforma em seu ar, o fôlego que ela nunca soube que precisava, levando-a a limites que transcendem o físico. Em meio a encontros tórridos e segredos que vêm à tona, eles precisarão enfrentar seus próprios demônios e desafiar o que significa amar, descobrindo que o inefável pode ser a chave para a superação e para um amor que arde na alma.",2,ct-v1-playboy|playboy|花花公子|playboy ;; ct-v1-wealthy-ceo|wealthy-ceo|豪门总裁|CEO
nrv_20ee161cc68c48ae5d6015aa,"[""RAW_LANGUAGE_SCOPE_V1"",""[\""number\"",\""3\""]"",[""string"",""英语""]]",Rootabaga Stories,"""Takes the home-bred American fantasy of The Wizard of Oz even further &#8230; An old favorite, which no American child should miss."" &#8213; School Library Journal.""These stories out of the Rootabaga Country&#8230; have taken root in American soil &#8212; they are here to stay."" &#8212; New York Herald Tribune.""Glorious for reading aloud."" &#8213; The New York Times Book Review.In the village of Liver-and-Onions, there was a Potato Face Blind Man who used to play an accordion on the corner near the post office. The sometime narrator of these tales, he transports readers and listeners to Rootabaga Country, where the railroad tracks go from straight to zigzag, the pigs wear bibs, and the Village of Cream Puffs floats in the wind, looking like a little hat that you could wear on the end of your thumb. Carl Sandburg, the beloved folk chronicler and three-time Pulitzer Prize winner, invented these stories for his own daughters. Populated by corn fairies, circus performers, and such memorable characters as Poker Face the Baboon, Hot Dog the Tiger, and Gimme the Ax, Rootabaga Country is built with the homespun poetry of the American frontier. The stories' inspired nonsense &#8212; loaded with rhythm, humor, and tongue-twisting names &#8212; fires the imagination and pulls at the heartstrings. This edition features the charming original illustrations by Maud and Miska Petersham.",2,ct-v1-fantasy|fantasy|奇幻|fantasy ;; ct-v1-comedy|comedy|喜剧|humor
nrv_2196521d114a7b8976400d87,"[""RAW_LANGUAGE_SCOPE_V1"",""[\""number\"",\""20\""]"",[""null""]]",鬥破宅門：農家貴女,"
推薦迷花新文《農家世子妃》

她，是鳳城首富杜府的嫡女，卻也是鳳城人人唾棄的女子。姨母鳩佔鵲巢，對她趕盡殺絕，卻無人憐憫，只道活該二字。

她，二十一世紀的豪門聯姻的犧牲品，卻也是智商高達一百八的天才女。但她變成她後——

杜伊眼眸深處寒光乍起，身居鄉野，韜光養晦多年，只為了讓欠她的人，十倍奉還。

他，紫陽國權勢滔天的攝政王，看著眼前的三歲小奶娃，越看越眼熟，忍不住跟在其後一探究竟。

當她遇上他，面對自家兒子放大版的面孔，會是怎樣的精彩對決？
",2,ct-v1-legitimate-daughter|legitimate-daughter|嫡女|嫡女 ;; ct-v1-genius|genius|天才|天才
nrv_2294d7814fddaa1139aa5ef3,"[""RAW_LANGUAGE_SCOPE_V1"",""[\""number\"",\""15\""]"",[""string"",""菲律宾语""]]",The Fearless Girl,"Lady M ang school kung saan pumapasok si Mia at ang tatlo n'yang kaibigan. Napapalingon ang mga kalalakihan kapag dumadaan si Mia sa harap nila. Pero si Mia ay kinakatakutan sa paaralan nila.Tingin pa lang kabahan ka na. Mia is a very dangerous woman dahil isa lang naman s'yang leader sa grupo. She is an assassin/agents.

“Hoy Mia! Hindi lang pala masama ang ugali mo dahil isa ka ring mang-aagaw ng boyfriend."" Galit na sigaw ni Rica kay Mia sabay hablot sa buhok ni Mia habang nakatalikod ito sa kan'ya.

“Fuck!"" sabi ni Marco.

“The hell!"" sabi rin ni Rico.

“Patay!"" sabay na sabi nina Rose at Santi.

“Bitaw!“ sabi ni Mia kay Rica na kalmado ang boses.

“At sino ka sa akala mo na kakatakotan ko? Tapos na ang pagpapakitang tao ko sa harap mo Mia. Total inagaw mo na rin naman ang boyfriend ko sa akin, ipapakita ko sayo ang tunay na ako."" singhal ni Rica habang hawak pa rin ang buhok ni Mia.

“Stop it Rica!"" awat ni Gabby rito.

“No Gabby! She deserves it. Inagaw ka n'ya sa akin!""

“Isa, dalawa, pagsisisihan mo Rica kapag hindi mo bibitiwan ang buhok ko! Im warning you Rica.

“Girl, bumitaw ka na kung ayaw mong matulog ng mahaba-haba,"" sabay tawa ni Rose.

“Ayaw mo talaga ha!“ Umikot si Mia kay Rica sabay hawak ng mahigpit sa kamay ni Rica na may hawak ng buhok n'ya at hinawakan nito ang leeg ni Rica. 

“Aray! Bitaw! Bitaw na Mia!"" pagmamakaawa nito kay Mia.

“Next time Rica kilalanin mo muna ang kakalabanin mo,!"" sabay bitaw sa leeg ni Rica.

“Shit! Bakit nahimatay si Rica?"" tanong ni Marco

“Two weeks pa ang gising n'yan kapag sa Hospital n'yo dinala."" natatawang sabi ni Santi.

“Pero kapag sa Clinic n'yo lang dadalhin iyan———tigok yan."" segunda ni Rose.

“Walang gamot ang Clinic natin dito sa ginawa ni Mia na lason. Adios guys."" Pahabol na sabi ni Rose sabay talikod nila ni Santi sa mga lalake.





Bakit nga ba naging isang assassin si Mia? 

Ang Ama n'ya ay isang Mafia Boss at ang Ina n'ya ay isang magaling na agent.

Magkakaroon kaya ng lakas ng loob si Gabby upang aminin ang nararamdaman n'ya kay Mia kong s'ya mismo ay takot rito?


",2,ct-v1-assassin|assassin|刺客|assassin ;; ct-v1-mafia|mafia|黑帮|Mafia
nrv_23b5fde0bc00c0917dbddc0e,"[""RAW_LANGUAGE_SCOPE_V1"",""[\""number\"",\""6\""]"",[""string"",""法语""]]",L'Éclat du Dragon,"Le jour de notre dixième anniversaire de mariage, l'air de notre appartement parisien était lourd.

Julien, mon mari, n'était pas là, comme d'habitude.

Dix ans de mariage, mais nous n'avions jamais été vraiment mariés.

Je le croyais allergique à ma peau, naïve que j'étais, j'acceptais cette vie étrange.

Ce soir-là, j'avais préparé une surprise, un nouveau bijou pour lui, espérant changer quelque chose.

Arrivée à son restaurant étoilé, « Le Sceptre », j'ai entendu des voix de son bureau.

Celle de Julien, et celle de Chloé Martin, sa sommelière.

« Ce bébé arrive bientôt, c' est notre troisième ! » entendis-je Chloé dire, puis exiger : « Je veux les ""yeux de dragon"" de Camille. »

Mon sang s'est glacé lorsque Julien a répondu : « D'accord. Camille ne représente rien. Elle n'est qu'un outil. »

Le mot ""outil"" a résonné, me lacérant le cœur.

Je suis rentrée chez moi, fantasque, puis Julien est apparu, me demandant de prêter les ""yeux de dragon"" à Chloé pour sa promotion.

J'ai découvert qu'il m'avait fait élever ses propres enfants illégitimes, ceux de Chloé.

Le choc était tel que j'ai craché du sang, sentant ma vie s'échapper.

Deux jours plus tard, il m'a volé mes ""yeux de dragon"" alors que je dormais, me laissant vide et brisée.

Ma santé déclinait, les rumeurs orchestrées par Julien et Chloé me salissaient, me dépeignant comme folle et inapte.

Pendant que j'écrivais l'acte de divorce, Chloé est entrée, s'est moquée de ma faiblesse, et a brutalement brisé mes deux mains, détruisant mon art et mon gagne-pain.

Julien, loin de me défendre, l'a crue, m'a qualifiée de ""folle"" et m'a condamnée à rester enfermée, promettant de me garder comme épouse, ""par magnanimité"".

J'ai été publiquement humiliée, jugée par la Guilde des Joailliers, accusée d'agression et de folie.

Mes mains étaient en charpie, ma dignité piétinée, et mon âme se déchirait devant tant de mensonges.

Pourquoi une telle haine ? Pourquoi cette trahison totale ?

Alors que j'attendais mon exil forcé, Léa, ma fidèle assistante, a tenté de me faire évader.

Chloé les a découvertes, et dans un accès de rage impuissante, j'ai vu Chloé tuer Léa devant mes yeux.

C'est à ce moment que tout a basculé. Ma rage a réveillé une force ancienne en moi.

J'ai signé l'acte de divorce avec mon propre sang, scellant la fin de ma vie d'avant et le début de ma vengeance.

J'ai sauté de la falaise, non pas pour mourir, mais pour renaître.",1,ct-v1-divorce|divorce|离婚|divorce
nrv_23c522ce953d180833144592,"[""RAW_LANGUAGE_SCOPE_V1"",""[\""number\"",\""3\""]"",[""string"",""英语""]]",Blood and Motive ,"""Manuel Salazar, you are under arrest for the disappearance  of Mrs. Cassidy Jones,"" the police officer said as he handcuffed me.
 
Manuel Salazar is a sex worker, a male prostitute who fucks the wives of the most popular men in Manhattan. He was the last person to see Cassidy alive after they spent the night at their usual spot, but he didn't kill her; he was being framed, but who would believe him?
 
No body, no murder weapon, just a hotel room covered in blood and his DNA all over.
He has to prove his innocence or risk going to prison for a crime he didn't commit.
His lawyer Jill Baker is one of the best criminal attorneys in New York, and she suspects foul play, she is his only chance to walk away acquitted of all charges.
 
The clock is ticking. Will they solve
this crime in time?

",2,ct-v1-crime|crime|犯罪|crime ;; ct-v1-lawyer|lawyer|律师|lawyer
nrv_246f00aa2f2589f088f1cc46,"[""RAW_LANGUAGE_SCOPE_V1"",""[\""number\"",\""13\""]"",[""string"",""越南语""]]",Màn thứ hai của vũ công ba lê,"Đêm tôi nhảy cầu Long Biên, Đoàn Tường Nguyên đã tái sinh.

Tôi tỉnh lại trong một mùi thuốc khử trùng nồng nặc. Ánh sáng trắng trên trần nhà bệnh viện đâm vào mắt tôi, khiến tôi phải nheo mắt lại. Mọi thứ mờ ảo, giống như một giấc mơ vừa tan vỡ.

""Minh Anh, em tỉnh rồi!""

Một giọng nói quen thuộc, run rẩy vì vui mừng xen lẫn đau đớn, kéo tôi ra khỏi sự mông lung. Đoàn Tường Nguyên, người đàn ông tôi yêu từ thuở thiếu thời, đang nắm chặt tay tôi. Khuôn mặt anh tuấn của anh hốc hác, đôi mắt sâu thẳm đầy những tơ máu, và bộ râu lởm chởm mọc quanh cằm cho thấy anh đã không chăm sóc bản thân trong nhiều ngày.

Anh ghì chặt tay tôi, những ngón tay của anh lạnh ngắt. ""Tốt quá rồi, em cuối cùng cũng tỉnh lại. Em có biết em đã làm anh sợ đến mức nào không?""

Tôi nhìn anh, cảm giác ấm áp và an toàn quen thuộc lan tỏa trong lòng. Đây là Tường Nguyên của tôi, người luôn ở bên cạnh tôi. Tôi mỉm cười yếu ớt.

""Em xin lỗi... đã làm anh lo lắng.""

Anh lắc đầu nguầy nguậy, mái tóc rối bù. ""Không, là lỗi của anh. Tất cả là lỗi của anh. Nếu anh không..."" Anh đột nhiên dừng lại, cắn chặt môi như thể đang cố nuốt lại những lời tự trách. Anh cúi xuống, hôn lên trán tôi, một nụ hôn dịu dàng nhưng ẩn chứa sự run rẩy không thể che giấu.

""Anh sẽ không bao giờ để em rời xa anh nữa. Không bao giờ.""

Đúng lúc đó, cửa phòng bệnh mở ra. Trợ lý của anh, Tuấn, bước vào, vẻ mặt đầy lo lắng. ""Chủ tịch, cuộc họp hội đồng quản trị sắp bắt đầu rồi. Mọi người đã đợi ngài hơn một tiếng đồng hồ.""

Tường Nguyên thậm chí không thèm quay đầu lại. ""Hủy hết đi.""

""Nhưng, thưa chủ tịch,"" Tuấn cố gắng thuyết phục, ""Đây là cuộc họp về dự án Vịnh Hạ Long, cực kỳ quan trọng...""

""Tôi nói hủy hết!"" Giọng Tường Nguyên đanh lại, lạnh như băng. ""Từ giờ trở đi, không có gì quan trọng hơn Minh Anh. Tập đoàn có sụp đổ tôi cũng không quan tâm.""

Tuấn tái mặt, không dám nói thêm lời nào, vội vàng cúi đầu rồi lùi ra ngoài, khép cửa lại một cách nhẹ nhàng.

Tường Nguyên quay lại với tôi, sự lạnh lùng trên mặt anh tan biến ngay lập tức, thay vào đó là sự dịu dàng vô hạn. ""Em có muốn ăn gì không? Anh cho người chuẩn bị cháo nhé? Hay em muốn ăn súp? Anh đã gọi đầu bếp giỏi nhất từ Pháp về, cả một đội ngũ chuyên gia dinh dưỡng hàng đầu thế giới cũng đang trên máy bay tới đây. Họ sẽ chăm sóc cho em.""

Tôi cảm thấy choáng ngợp trước sự quan tâm thái quá của anh, nhưng trái tim lại ngập tràn ngọt ngào. Anh luôn như vậy, luôn muốn dành cho tôi những điều tốt nhất trên đời.

Tôi khẽ lắc đầu, cố gắng ngồi dậy. ""Em không sao, chỉ hơi mệt thôi.""

Khi tôi chống tay lên giường để nâng người lên, một cơn đau buốt đột ngột xuyên qua cánh tay phải của tôi. Tôi kêu lên một tiếng, và tấm chăn mỏng trượt xuống, để lộ ra thứ không nên tồn tại.

Không phải là một cánh tay bằng xương bằng thịt.

Mà là một cánh tay giả bằng kim loại, sáng bóng và lạnh lẽo dưới ánh đèn bệnh viện.

Cổ họng tôi nghẹn lại. Không khí như bị rút cạn khỏi lồng ngực. Tôi nhìn chằm chằm vào cánh tay giả, rồi nhìn sang cánh tay trái. Tấm chăn trượt xuống hoàn toàn. Cả hai cánh tay của tôi... đều đã biến mất. Thay vào đó là hai khối kim loại vô hồn.

""A... AAAAAA!""

Tiếng hét của tôi xé tan sự im lặng trong phòng. Nó không giống tiếng người, mà giống tiếng kêu thảm thiết của một con thú bị thương. Ký ức kinh hoàng của vụ tai nạn xe hơi ập về như một cơn sóng thần. Chiếc xe tải mất lái, tiếng kim loại va chạm chói tai, và cảm giác đau đớn tột cùng trước khi mọi thứ chìm vào bóng tối.

Đôi tay của tôi. Đôi tay của một họa sĩ tranh lụa. Đôi tay đã vẽ nên cả thế giới của tôi. Chúng đã bị hủy hoại.

Tôi là Khang Minh Anh, họa sĩ lụa được mệnh danh là thiên tài. Những bức tranh của tôi được ví như có linh hồn, và đôi tay tôi là công cụ để tạo ra những linh hồn đó. Giờ đây, công cụ đó đã mất. Sự nghiệp của tôi, ước mơ của tôi, tất cả đã chấm dứt.

Tất cả là do Tào Mai Hiền.

Cái tên đó hiện lên trong đầu tôi như một lời nguyền độc địa. Cô ta là một kẻ theo đuổi cuồng tín của Tường Nguyên, một kẻ tâm thần đã cố ý gây ra vụ tai nạn để hủy hoại tôi.

""Minh Anh, bình tĩnh lại!"" Tường Nguyên ôm chầm lấy tôi, giọng anh đầy hoảng loạn. ""Nghe anh nói, mọi chuyện sẽ ổn thôi. Anh đã tìm được những chuyên gia giỏi nhất, họ sẽ tạo ra đôi tay giả tốt nhất cho em...""

""Cút đi!"" Tôi gào lên, dùng đôi tay giả lạnh lẽo đó đẩy anh ra. ""Cô ta đâu? Tào Mai Hiền đâu rồi?""

Ánh mắt Tường Nguyên lóe lên một tia căm hận tàn độc. ""Anh đã nhốt cô ta lại. Anh sẽ khiến cô ta phải trả giá cho những gì đã làm với em. Anh sẽ khiến cô ta sống không bằng chết.""

Nghe thấy vậy, một phần trong tôi cảm thấy hả hê. Nhưng một phần khác lại dấy lên một nỗi bất an mơ hồ. Tường Nguyên nói rằng anh sẽ trả thù cho tôi, nhưng kể từ sau vụ tai nạn, tôi nghe loáng thoáng từ các y tá rằng anh gần như ngày nào cũng đến ""thăm"" Tào Mai Hiền trong căn biệt thự ở ngoại ô nơi anh giam giữ cô ta.

Tại sao anh phải đến đó thường xuyên như vậy? Để hành hạ cô ta ư? Hay còn vì một lý do nào khác?

Trong lúc tâm trí tôi rối bời, tôi vô tình lướt điện thoại và truy cập vào một diễn đàn trực tuyến ẩn danh mà tôi hay ghé thăm. Một bài đăng mới lập tức thu hút sự chú ý của tôi.

Tiêu đề: ""Tôi đã cướp được người đàn ông của kẻ thù, và giờ anh ấy yêu tôi đến điên cuồng.""

Người đăng bài, với nickname ""Bướm Đêm"", kể một câu chuyện kỳ lạ. Cô ta nói rằng mình yêu một CEO giàu có, nhưng anh ta đã có một cô bạn gái thanh mai trúc mã là ""bạch nguyệt quang"" (ánh trăng sáng). Vì vậy, cô ta đã tạo ra một vụ tai nạn, hủy hoại ""bạch nguyệt quang"" đó. CEO ban đầu đã giam cầm cô ta để trả thù, nhưng dần dần, anh ta lại bị thu hút bởi sự ngang tàng và điên cuồng của cô ta.

Trái tim tôi như bị một bàn tay vô hình bóp nghẹt. Câu chuyện này... sao lại giống chuyện của tôi đến vậy?

Bài đăng tiếp tục: ""Anh ấy nói rằng anh ấy hận tôi, nhưng mỗi ngày anh ấy đều đến thăm tôi. Anh ấy mang cho tôi những món ăn ngon nhất, dù sau đó lại hất đổ chúng đi. Anh ấy nhìn tôi bằng ánh mắt vừa căm ghét vừa khao khát. Tôi biết, anh ấy đã yêu tôi rồi.""

Tôi đọc đi đọc lại những dòng chữ đó, toàn thân run rẩy. Không thể nào. Đây chỉ là sự trùng hợp thôi.

Nhưng rồi, một dòng cuối cùng trong bài đăng đã đánh sập hoàn toàn thế giới của tôi.

""Hôm nay, anh ấy mang cho tôi một chiếc kẹp tóc hình con bướm bằng kim cương. Anh ấy nói, con bướm này cũng giống như em, dù bị giam cầm trong lồng vẫn cố chấp vỗ cánh. Anh ấy nói, anh ấy đã bị sự cố chấp của tôi đánh bại.""",1,ct-v1-wealthy-ceo|wealthy-ceo|豪门总裁|CEO
nrv_26b5c5d78cd5e61c4d1bb350,"[""RAW_LANGUAGE_SCOPE_V1"",""[\""number\"",\""19\""]"",[""null""]]",盛世惊凰：嫡女皇妃要逆天,"“你的存在就是我的耻辱！”南宫景不明白身为兵部尚书府的当家主母为什么这么容不下她这个庶女，还没来得及问清楚原因就一命呜呼。
　　南宫景也没想到她这个不明不白的冤魂连阎王都不收，转一圈居然又回到到了兵部尚书府，只不过，岁月倒流在了她十二岁那年。
南宫景是兵部尚书府庶女，却被当家主母各种嫌弃最后用一张手绢亲手送她归西。重生之后才明白，从头到尾就是一个阴谋。
上天给了她机会将一切疑团慢慢解开……
",1,ct-v1-rebirth|rebirth|重生|重生
nrv_2842d9e99dc2f0be7286a22a,"[""RAW_LANGUAGE_SCOPE_V1"",""[\""number\"",\""3\""]"",[""string"",""英语""]]",Vows in the Shadows,"She signed a contract to survive. She never expected to fall for the devil himself.

Amanda Holson's quiet life as a gallery assistant shatters when she's forced into a contract marriage with Leonardo Castelli-a billionaire whose name is whispered in the shadows of New York's underworld. Ruthless, powerful, and dangerously captivating, Leonardo is a man who always gets what he wants.

At first, Amanda is just another piece in his game. But as the lines blur between duty and desire, she begins to see the man behind the cold, calculated mask. Secrets unravel, enemies close in, and soon, Amanda must decide: can she trust the man who owns her... or will loving him cost her everything?

In a world where love is a weakness and power is everything, can their hearts survive the darkness?",2,ct-v1-contract-marriage|contract-marriage|契约婚姻|contract marriage ;; ct-v1-marriage|marriage|婚姻题材|marriage
nrv_284a6fd85c0d3109f03f0fb2,"[""RAW_LANGUAGE_SCOPE_V1"",""[\""number\"",\""19\""]"",[""null""]]",娇宠医妃：短命王爷缠不休,【医妃+空间+替嫁+甜宠+男强女更强】一代天才医者带着神秘空间穿越到一个崭新的世界，成了替亲妹妹出嫁冲喜的工具人王妃。王府里有人想她死，娘家有人要她命，就连皇宫里也有人看她不顺眼。她的好妹妹，不是你自己当初要姐姐替你出嫁的吗，怎么现在看着王爷活蹦乱跳的，就想除掉姐姐，自己上位了？朝中大臣设计陷害，还要在耳边搞阴谋论。何沉烟：“王爷，有人觊觎我~”楚骁：“走开！王妃只能是我一个人的。”,3,ct-v1-sweetness|sweetness|甜宠|甜宠 ;; ct-v1-genius|genius|天才|天才 ;; ct-v1-substitute-marriage|substitute-marriage|替嫁|替嫁
nrv_28d9fe24f7e2f34adac76477,"[""RAW_LANGUAGE_SCOPE_V1"",""[\""number\"",\""8\""]"",[""string"",""意大利语""]]","Luna Rifiutata, Rivendicata dal Re","Ero un'orfana senza-lupo, tollerata nel Branco solo come caso di carità. La mia unica speranza era Braydon, il mio migliore amico e protettore, che mi aveva giurato che la mia mancanza di un lupo non importava.

Ma la notte in cui divenne Alpha, mi umiliò davanti a tutti. Scelse la figlia di un Alpha alleato come sua Luna, cancellandomi con una risata, per poi esigere che restassi la sua obbediente e patetica bestiolina domestica.

Disperata e in fuga, feci l'impensabile. Incontrai l'uomo più terrificante del continente, il Re dei Lycan Dallas Marshall, e lo pregai di sposarmi. Firmai un contratto vincolante, vendendo la mia anima e la mia libertà in cambio del suo nome e della sua protezione assoluta. Quando Braydon lo scoprì, impazzì di rabbia, minacciando di uccidere il mio nuovo marito pur di trascinarmi di nuovo nel suo inferno.

Credevo di aver barattato una prigione con una gabbia dorata, finendo nelle mani di un mostro spietato a cui serviva solo una finta moglie. Non capivo perché mi avesse comprato un anello inestimabile, né perché i suoi occhi neri mi fissassero con un'ossessione così predatrice e possessiva.

Finché Braydon non osò usare una collana rubata dal cadavere di mia madre per cercare di ricomprarmi. Quel pomeriggio, il Re dei Lycan mandò in bancarotta l'intero Branco Hyde in poche ore, mi intrappolò contro una libreria e, con un ringhio feroce, mi disse che valevo più di qualsiasi regno. Lì capii di non aver firmato per uno scudo, ma di aver risvegliato un dio che mi aspettava da sempre.",1,ct-v1-werewolf-alpha|werewolf-alpha|Alpha（狼人首领）|Alpha
nrv_295d4bfb830c10dc8d0d592f,"[""RAW_LANGUAGE_SCOPE_V1"",""[\""number\"",\""3\""]"",[""string"",""英语""]]",The Voyage of the Beagle ,"The Voyage of the Beagle is the title most commonly given to the book written by Charles Darwin and published in 1839 as his Journal and Remarks, bringing him considerable fame and respect. This was the third volume of The Narrative of the Voyages of H.M. Ships Adventure and Beagle, the other volumes of which were written or edited by the commanders of the ships. Journal and Remarks covers Darwin's part in the second survey expedition of the ship HMS Beagle. Due to the popularity of Darwin's account, the publisher reissued it later in 1839 as Darwin's Journal of Researches, and the revised second edition published in 1845 used this title. A republication of the book in 1905 introduced the title The Voyage of the ""Beagle"", by which it is now best known.",1,ct-v1-adventure|adventure|冒险|Adventure
nrv_29dd5013a5c4989536c94c70,"[""RAW_LANGUAGE_SCOPE_V1"",""[\""number\"",\""20\""]"",[""null""]]",逆天小毒妃,"南宮離，二十一世紀藥師世家之女，採藥喪命，魂穿異界大陸，附身同名同姓少女身上。 什麼，此女廢柴，懦弱無能？沒關系，左手《丹毒典》，右手通天塔，毒丹在手，巨塔在側，誰若囂張，讓誰遭殃。 尼瑪，太子悔婚，轉賜廢物王爺？姐要逆天，虐死你們這羣渣。 廢柴變天才，懦女變毒女，邪王守護，遍走天下！
",2,ct-v1-crown-prince|crown-prince|太子|太子 ;; ct-v1-genius|genius|天才|天才
nrv_2a46617f81908f68f64e227a,"[""RAW_LANGUAGE_SCOPE_V1"",""[\""number\"",\""4\""]"",[""string"",""西语""]]",Al Faro del Amor,"""Estaremos casados por sólo un mes. Después de eso, nos divorciaremos de inmediato"".

A pesar de que su bisabuelo había arreglado su matrimonio antes de nacimiento, él no creía que una mujer tan informal y movida como ella merecía ser su esposa.

Poco sabían en aquel entonces que estaban destinados a estar juntos. Hiram, el CEO joven y apuesto que nunca sintió atracción por ninguna mujer, y Rachel, la belleza que de alguna manera traía mala suerte a todos los hombres con los que salía, se casaron, contra todo pronóstico. ¿Qué será de su vida de matrinomio?",1,ct-v1-wealthy-ceo|wealthy-ceo|豪门总裁|CEO
nrv_2af0b9b4b60cc651175c4ae6,"[""RAW_LANGUAGE_SCOPE_V1"",""[\""number\"",\""20\""]"",[""null""]]",毒妃萌寶：腹黑王爺賴上門,"二十一世紀警花蘭若漓穿越了，成護國郡主府不受寵的嫡女。
遭遇負心漢拋棄，娘死爹不疼，繼母庶妹坑，外帶癡傻沒心智，最可惡的是被人染指生了野孩子！這身份也是絕了！一個字慘……
他堂堂軒王心甘情願跑來頂這個綠帽子。
“娘親，那個俊逸的哥哥要當我爹。”
“不可，小包子趕緊逃。”
“美人，帶著我的種去哪？我不介意多生幾個，如何？”",2,ct-v1-legitimate-daughter|legitimate-daughter|嫡女|嫡女 ;; ct-v1-time-travel|time-travel|穿越|穿越
nrv_2e1cec709165a7c01d509d19,"[""RAW_LANGUAGE_SCOPE_V1"",""[\""number\"",\""19\""]"",[""null""]]",傲世狂妃：倾城天下,一代霉女因父亲败光家底，走投无路之下，她被债主推下山崖，无意中进入明山玄境，获得了绝世神功。一次偶然的相遇，她有幸得到皇帝的宠爱，被封为后宫娘娘。山中的麻雀变凤凰，一入京都震天下。昔日的废材，一跃变成风华绝代的皇后。卷入宫斗，她将对手踩在脚下。脚踢天下贪官，拳打乱臣贼子。亲自带兵，征战天下，手握天下兵权，权倾朝野无人敌。且看她如何覆雨翻云，只手遮天，叱咤风云？,1,ct-v1-emperor|emperor|皇帝|皇帝
nrv_30274660fca983d7edaf6310,"[""RAW_LANGUAGE_SCOPE_V1"",""[\""number\"",\""20\""]"",[""null""]]",重生後，我被腹黑侯爺寵翻了,"上一世，謝家三房淪落為謝家的搖錢樹，謝芷柔更成為謝家攀附皇室的棋子，最終落得個滿門抄斬的結局。而這一切的罪魁禍首真是她嫡親的祖母、伯父……重生歸來，這一世，她護三房，鬥謝家，再將太子拉下馬！為了不讓三房重蹈覆轍，她陰狠算計，步步為營。
他，風流小侯爺，人前花心浪蕩，人後為她掃除陰謀暗算，陪她與太子暗中博弈，更為她披甲上戰場。
這一世，看她如何書寫錦繡繁華。",1,ct-v1-crown-prince|crown-prince|太子|太子
nrv_30665770b00ef6e5095537e6,"[""RAW_LANGUAGE_SCOPE_V1"",""[\""number\"",\""11\""]"",[""string"",""印尼""]]",En-PD154,"Di arena pertarungan, setelah perjuangan mati-matian melawan lawan, akhirnya aku meraih kehormatan sepuluh kemenangan berturut-turut.

Berbalik, aku mendengar kekasih dari tunanganku, yang merupakan cinta pertamanya, merangkul lengannya sambil menertawakan aku,

""Wanita kasar, ceroboh, dan tidak berkelas tinggi, tidak pantas untukmu?""

Aku refleks menatap Roderick, berpikir dia akan memberi pelajaran keras atas kata-kata kasar itu.

Namun, pria yang kemarin masih lembut dan penuh perhatian kepadaku, kini membelai lembut kepala wanita itu, tersenyum kecil, ""Kamu cemburu, ya?"" ""

Tenang saja, di hatiku hanya ada kamu.""

Melihat mereka berdua dengan bebasnya bermesraan, hatiku perlahan menjadi dingin.

Kasar, rendah, dan tidak berkelas tinggi?

Aku tersenyum sinis, lalu menghubungi ayahku, sang bos mafia: ""Ayah, tunda pernikahan ini. Aku ingin memilih pasangan yang lain.""

Tenang saja, di hatiku hanya ada kamu.""",1,ct-v1-mafia|mafia|黑帮|mafia
nrv_3074564e7505fe5699b1a189,"[""RAW_LANGUAGE_SCOPE_V1"",""[\""number\"",\""6\""]"",[""string"",""法语""]]",Les liens  de l'amour ,"***Prologue:***

Je suis assis dans ce restaurant en fixant depuis déjà 30 minutes la porte par laquelle est sortie la femme de ma vie. Je n'arrive pas encore à croire ce qui m'arrive en ce moment, je baisse mes yeux et je regarde à nouveau les papiers du divorce qu'elle a posés devant moi afin que je les signe. J'ai beau réfléchir, je n'y arrive vraiment pas. C'est vraiment une mauvaise blague.

 ",1,ct-v1-divorce|divorce|离婚|divorce
nrv_334eef50fa07da9832a22980,"[""RAW_LANGUAGE_SCOPE_V1"",""[\""number\"",\""20\""]"",[""null""]]",海島求生：我在巨龜背上建家園,"海洋生物專業的辛陽一覺醒來，穿越到末日浩劫後的世界。
陸地下沉，海洋升高，一座座神秘的海島出世！
浩劫從未停止，唯有海島之上的種種寶物、機緣，才能帶給人類生存的機會。
華夏區第一天才辛陽，為尋得“東海瓊珠”為父治病，毅然登上“死地”石龜島！
石龜海島，光怪陸離，凡踏足者，九死一生！
【神獸訓練系統】啟動，辛陽成功締結第一隻契約神獸——蓬萊神鱉，踏上求生征程！
解決溫飽問題的同時，還要時刻防範抵禦來自其他種族的威脅。
因此，建立一個牢不可破的家園堡壘是重中之重！
當辛陽征服這整座島之後卻發現，這僅僅只是一個開始？！
碧藍晶體之謎，末日浩劫背後的真相……該何去何從？",2,ct-v1-genius|genius|天才|天才 ;; ct-v1-time-travel|time-travel|穿越|穿越
nrv_353f362ab64ea2d5100a277e,"[""RAW_LANGUAGE_SCOPE_V1"",""[\""number\"",\""19\""]"",[""null""]]",豪门惊梦：隐婚总裁宠不停,冷绍霆，商界权贵，跨国企业的执行总裁，长相俊美，性格温和，是很多女人做梦都想嫁的男人！但这都是冷绍霆出车祸，变成植物人之前。简一诺，简氏企业千金，名牌大学毕业，性格温和，长相甜美，还有一个相恋三年的男朋友。但这都是简父病重，简家破产，背负数亿债务之前。一纸结婚协议，曾经的名门千金躺在冰冷的手术台上，出卖子宫，为植物人冷绍霆代孕生子。就在她以为余生只能陪着植物人度过时，冷绍霆竟然清醒了……而他看到她的第一句话就是：“离婚！”,1,ct-v1-divorce|divorce|离婚|离婚
nrv_35c4763f69baf728745c6e91,"[""RAW_LANGUAGE_SCOPE_V1"",""[\""number\"",\""20\""]"",[""null""]]",神醫醜妃：腹黑王爺別太撩,"現世紀的醫學天才，一朝穿越，不僅樣貌醜陋，還要嫁給瘸子王爺。
哪知，她這白撿的相公，風流倜儻英俊瀟灑，不忍見紅顏薄命，且看她如何以身爲藥引，解美人身上百種毒……",2,ct-v1-genius|genius|天才|天才 ;; ct-v1-time-travel|time-travel|穿越|穿越
nrv_36e911fd9800c737052c4870,"[""RAW_LANGUAGE_SCOPE_V1"",""[\""number\"",\""19\""]"",[""null""]]",山海间,人之所知，莫若其所不知。一曲琴音，将陆吾与太子长琴牵绊在一起，一场战役，又令二人天地相隔，遥遥相望。常言道：有缘终会相逢，只是相逢不识君。跌宕起伏的命运，最终只化为一句“你来了，我等你很久了。”你永远都不知道，这世间到底有多奇妙……于九州之中汝南之北，有一间阁楼，其名山海间。里面藏着一切你想不到却会是你所需要的东西。口嫌体正直攻×双面不靠谱受,1,ct-v1-crown-prince|crown-prince|太子|太子
nrv_387f62ad6137aa84662cb29a,"[""RAW_LANGUAGE_SCOPE_V1"",""[\""number\"",\""19\""]"",[""null""]]",继承农田后，被小将军缠上了,"末世的异能大佬，一朝穿越，竟成了小可怜。
父母早逝和妹妹们相依为命，却被亲奶叔伯迫害，卖给了村里有名的流浪汉。
异世强者林听怎甘如此，她手握空间，赚钱发家，扶摇直上，脚踩渣渣，拳揍极品……
携手英武不凡的小将军，活得风生水起！",2,ct-v1-apocalypse|apocalypse|末世|末世 ;; ct-v1-time-travel|time-travel|穿越|穿越
nrv_39055a47b98042a1308ab40e,"[""RAW_LANGUAGE_SCOPE_V1"",""[\""number\"",\""19\""]"",[""null""]]",凤鸣天下：冷情王妃太妖娆,"她是顶级杀手，一朝穿越，成为丞相府的九小姐，从此以后，斗恶仆、闹王府、闯皇宫，不亦乐乎！
可是半路杀出一个王爷，天天求撩，天天求撩。
看在王爷的颜值上，她只能勉为其难的撩一撩了……",1,ct-v1-time-travel|time-travel|穿越|穿越
nrv_3a073042ef17407be3a1ab33,"[""RAW_LANGUAGE_SCOPE_V1"",""[\""number\"",\""6\""]"",[""string"",""法语""]]",La mariée éconduite épouse le Capo impitoyable,"J'étais à trois jours d'épouser le bras droit du clan Fazi quand j'ai déverrouillé son téléphone prépayé.

L'écran brillait d'une lueur toxique dans l'obscurité, juste à côté de mon fiancé endormi.

Un message d'un contact enregistré sous le nom de « Petite Peste » disait : « Ce n'est qu'une statue, Dante. Reviens au lit. »

En pièce jointe, une photo d'une femme allongée dans les draps de son bureau privé, portant sa chemise.

Mon cœur ne s'est pas brisé ; il a simplement cessé de battre.

Pendant huit ans, j'ai cru que Dante était le héros qui m'avait sortie d'un opéra en flammes. Pour lui, j'ai joué le rôle de la parfaite et loyale Princesse de la Mafia.

Mais les héros n'offrent pas de diamants roses rarissimes à leurs maîtresses tout en donnant des répliques en oxyde de zirconium à leurs fiancées.

Il ne s'est pas contenté de me tromper. Il m'a humiliée.

Il a défendu sa maîtresse en public face à ses propres hommes. Il m'a même abandonnée sur le bord de la route le jour de mon anniversaire parce qu'elle avait simulé une urgence de grossesse.

Il me croyait faible. Il pensait que j'accepterais la fausse bague et le manque de respect parce que je n'étais qu'un pion politique.

Il avait tort.

Je n'ai pas pleuré. Les larmes sont pour les femmes qui ont le choix. Moi, j'avais une stratégie.

Je suis allée dans la salle de bain et j'ai composé un numéro que je n'avais pas osé appeler depuis dix ans.

« Parle », a grondé une voix rocailleuse à l'autre bout du fil.

Lorenzo Moretti. Le Capo du clan rival. L'homme que mon père appelait le Diable.

« Le mariage est annulé », ai-je murmuré en fixant mon reflet.

« Je veux une alliance avec toi, Enzo. Et je veux que le clan Fazi soit réduit en cendres. »",1,ct-v1-mafia|mafia|黑帮|Mafia
nrv_3a20c905f26ddc55eb79e810,"[""RAW_LANGUAGE_SCOPE_V1"",""[\""number\"",\""19\""]"",[""null""]]",女相,本作品已经烂尾，请搜索嫡女国师观看，谢谢,1,ct-v1-legitimate-daughter|legitimate-daughter|嫡女|嫡女
nrv_3a45f1411931510817bb8971,"[""RAW_LANGUAGE_SCOPE_V1"",""[\""number\"",\""3\""]"",[""string"",""英语""]]",Moonlit Reawakening ,"In a world where the supernatural and the human realms collide, Claud's life as a mountain werewolf was brutally cut short during a fierce battle against forest werewolves, only to be resurrected a century later by two unsuspecting humans, Stacie and Elijah. As Claud awakens from death, he embarks on a perilous journey to uncover the fate of his family and former pack, all while grappling with the profound changes that have reshaped the world he once knew.
Reunited with his mother, Claud learns of the forest werewolves' relentless quest for dominance, a quest fueled by ruthless tactics and a determination to annihilate the mountain werewolves once and for all. ",2,ct-v1-supernatural|supernatural|灵异|supernatural ;; ct-v1-werewolf|werewolf|狼人|werewolf
nrv_3b69b74370dda60b88973ca0,"[""RAW_LANGUAGE_SCOPE_V1"",""[\""number\"",\""5\""]"",[""string"",""葡语""]]",Mamãe e Seu Admirador Misterioso,"Eliana caiu na armadilha de sua melhor amiga e acabou dormindo com um estranho. Cinco anos depois de ter dado à luz os gêmeos, ela voltou e conseguiu um emprego no Grupo Moran, onde conheceu Maurice, o CEO.
Maurice era um empresário notável, no entanto, ele vivia uma vida dupla. Além de ser Maurice, ele também desempenhou o papel de Preston.
O destino uniu os dois novamente e os envolveu em uma emocionante história de amor. Tudo ficou mais complicado quando Eliana encontrou Preston mais uma vez, o homem com quem ela havia dormido anos atrás. Agora que dois homens estavam atrás dela, como ela escolheria?
Quando Eliana descobriria o segredo da identidade de Maurice? Quando Maurice saberia que já tinha dois filhos? Como Eliana enfrentaria esse homem quando um dia toda a verdade viesse à tona? Venha descobrir.",1,ct-v1-wealthy-ceo|wealthy-ceo|豪门总裁|CEO
nrv_3bb4fa2063a23c2102c7f3c8,"[""RAW_LANGUAGE_SCOPE_V1"",""[\""number\"",\""3\""]"",[""string"",""英语""]]",Rekindling Joel's Heart ,"""Cecile..."" The words felt heavy, and they added to the intensity of the atmosphere around them.

""Joel...?"" Cecile's voice wavered as she stared at him, eyes brimming with unshed tears. How could she not have known? How could she have hoped for something more between them... more than friendship? How could she?

""I don't feel the same for you..."" His words sliced through the air, like fiery knives piercing her already wounded heart.

""You...?"" Cecile's breath hitched, and the tears she'd been holding back began to fall in large drops, blurring her vision.

""I'm sorry..."" His words were thick with regret as he turned his gaze away from her, looking out at the vast sea before them, unable to face her pain.

""My heart only beats for her... for Jemmy..."" Cecile's world came crashing down, the confession cutting deeper than the loss of her own sister ever had.

""I hate you!"" She stood up abruptly, her anger and hurt driving her to run off, leaving Joel behind in the thickening silence.

Joel stood there, paralyzed, unable to follow her, the ghosts of the past haunting every inch of his being. Guilt overwhelmed him-he had never meant to hurt her, never meant to make her cry.


---

Joel Maverick has always been haunted by the loss of his first love and the trauma of his past. Even when Cecile Grayson, a lady who loved and cared for him deeply, came into his life, he couldn't accept her love. Instead, he pushed her away, hurting her in the process.

Now, the question arises: Can Joel let go of the past? Can he heal and open his heart to someone else? Or will the memories of Jemmy and the weight of his troubled past keep him locked in an endless cycle of heartbreak and distrust?

Read this book to find out.

"" Rekindling Joel's Heart "" by Queenebunoluwa15


",2,ct-v1-first-love|first-love|初恋|first love ;; ct-v1-regret|regret|追悔|regret
nrv_3e4d66c4424e76032aa448ff,"[""RAW_LANGUAGE_SCOPE_V1"",""[\""number\"",\""19\""]"",[""null""]]",重生之一品郡王妃,"前世，她是性情纯善的千金大小姐。
一朝嫁入深宅大院，辅佐夫君上位，成为一人之下万人之上的朝中近臣，她却在刚刚产子之后，便亲眼目睹了最爱的夫君和自己的庶妹，恩爱无双，缠绵悱恻。
直到自己被陷害枉死、儿子被夫君亲手摔死，她才幡然醒悟，明白了后母、庶妹和夫君给的“宠爱”背后的真相。
一场背叛，一朝重生，她回到豆蔻年华，心藏智谋，胸怀才略。
沉着冷静，化解危机于无形，保护母亲和兄长；
奇谋巧计，敌人让她痛三分，她以十分痛还之！
她翻云覆雨中，将自己的命运掌握在自己的手上！
他是风华绝代的郡王，权势倾天下，财富可敌国，运筹帷幄，天下尽在掌握之中，却独为她一人倾心，携她之手，共赏江山如画。",1,ct-v1-betrayal|betrayal|背叛|背叛
nrv_408d102adab46e1da4865a41,"[""RAW_LANGUAGE_SCOPE_V1"",""[\""number\"",\""19\""]"",[""null""]]",异界纵横之我有一套三国杀,"       李凡在于朋友面杀时，神奇穿越到异世界，在这陌生的召唤世界，李凡发现自己有一套不全的三国杀，可以召唤三国人物为自己所用。
     也因意外融合了孙策的灵魂。
        且看李凡如何让那些三国的武将谋士再次发挥出光芒。
        虎牢关下吕布化身为神，再现神威。
        诸葛观星，预测天下大事。
        白马义从公孙瓒，低于外族，所向披靡。
        陷阵之至，我乃长山赵子龙。
        横跨黄河，腰系铃铛，锦帆贼手拿大刀，笑傲与长江之上。
        更有锦囊妙计，南蛮入侵，万箭齐发，无懈可击。
      李凡冷眼看着这个世界。身穿铠甲，左手青釭右手仁王，头戴白银狮子，腰跨连弩，脚下踩着八卦阵。身后更有五虎，五子，江东群雄。
       这个世界，本不像眼中那么简单。
",1,ct-v1-time-travel|time-travel|穿越|穿越
nrv_41c3c7a2aeb17146e40e5ea0,"[""RAW_LANGUAGE_SCOPE_V1"",""[\""number\"",\""19\""]"",[""null""]]",纯阳帝尊,玄元大陆，一代穿越者古阳被第一天才一掌拍的失去意识，晕厥醒来发现自己重生，古阳带着悔恨与教训，开启了新一次的逆天人生。,3,ct-v1-rebirth|rebirth|重生|重生 ;; ct-v1-genius|genius|天才|天才 ;; ct-v1-time-travel|time-travel|穿越|穿越
nrv_42ac3849cd7021ffea56899a,"[""RAW_LANGUAGE_SCOPE_V1"",""[\""number\"",\""3\""]"",[""string"",""英语""]]","Mine, But Not ","Abigail and Dominic Walter are polar opposites, each deeply ensconced in personal goals, making them seem like two people who could never tolerate one another. Dominic is a beta of his pack, a werewolf who tries to balance his duties with the love of hockey. He's carefree, wanting only to live his life, but pressure from his pack to find his true mate weighs heavily on him. He reluctantly accepts finding a mate, though having no interest in love, while pursuing his dream of being a professional hockey player.
He meets Abigail Harper, hell breaks loose when Dominic decides to take a drunken Abigail home. Both feeling misunderstood, they end up developing a rivalry. Yet fate keeps pulling them together.Their constant run-ins eventually lead to a tentative friendship.
 However, the undeniable sexual chemistry between them becomes increasingly difficult to ignore, prompting them to explore their attraction while maintaining the façade of just friends.
As this arrangement develops, one wonders can their relationship change from physical desire into genuine love?",1,ct-v1-werewolf|werewolf|狼人|werewolf
nrv_44cd5400881b0514f4ac4e81,"[""RAW_LANGUAGE_SCOPE_V1"",""[\""number\"",\""3\""]"",[""string"",""英语""]]",The Tides of Fate,"""In a tale of love, betrayal, and vengeance, Princess Ocean must navigate the treacherous waters of palace politics to claim her rightful place on the throne. After discovering her true identity, Ocean is thrust into a world of royal intrigue, where her stepmother, Queen Eleanor, will stop at nothing to secure the throne for her own daughters. But Ocean's fate takes a dramatic turn when she falls for her personal guard, a forbidden love that blossoms into a passionate affair. As the queen's schemes threaten to tear them apart, Ocean must choose between her heart and her heritage. With courage and determination, she embarks on a perilous journey to reclaim her birthright, gathering allies and armies along the way. But as the battle for the throne reaches its climax, Ocean must confront the dark secrets of her past and the treachery that has haunted her family for years. Will she emerge victorious, or will the cost of her revenge be too high to pay? Dive into a world of medieval drama, romance, and adventure as Ocean fights for her crown and her happiness in this epic tale of a princess's quest for justice and love.""

",3,ct-v1-betrayal|betrayal|背叛|betrayal ;; ct-v1-adventure|adventure|冒险|adventure ;; ct-v1-forbidden-love|forbidden-love|禁忌之恋|forbidden love
nrv_4549b23bc3cbd09cd7e3aa71,"[""RAW_LANGUAGE_SCOPE_V1"",""[\""number\"",\""6\""]"",[""string"",""法语""]]",Une destinée inattendue ,"

Cora et Sinclair : Une Destinée Inattendue

Cora était une louve-garou belle, gentille, forte et pleine d'esprit. Elle a assisté, impuissante, au massacre de sa famille et de sa meute par une autre meute... la meute du Croissant de Sang. Son père était l'alpha, et sa mère, la luna. Cora a juré de venger la mort de sa famille et de sa meute, la meute des Ombres d'Argent. Pour cela, elle a choisi de devenir une louve solitaire, prête à tout pour accomplir sa vengeance.

Sinclair, quant à lui, est l'alpha des alphas. Sa meute, la meute des Loups Obscurs, est l'une des plus puissantes au monde. Sinclair est connu pour sa cruauté, son goût pour la guerre et son cœur de pierre. À 26 ans, être sans compagne est inconcevable dans la communauté des loups-garous. Tout le monde pensait que la déesse de la lune faisait bien de ne pas lui donner d'âme sœur... du moins, c'est ce qu'il croyait.

Cora et Sinclair se rencontreront-ils un jour ? Ils ignorent que la déesse de la lune a un plan pour eux...

Ce que la déesse de la lune a en réserve
Alors que Cora traque sans relâche la meute du Croissant de Sang, elle tombe par hasard sur le territoire de Sinclair. Leur rencontre est explosive, marquée par la méfiance et la colère. Sinclair, intrigué par cette louve solitaire au regard déterminé, ne peut s'empêcher de ressentir une connexion inexplicable. Cora, de son côté, est déstabilisée par l'aura puissante de cet alpha redouté.

Mais lorsque la vérité éclate – qu'ils sont liés par le lien sacré des âmes sœurs –, leur monde bascule. Cora, qui a juré de ne jamais s'attacher à un alpha, et Sinclair, qui croyait ne jamais mériter de compagne, doivent faire face à une réalité qui les dépasse.

La déesse de la lune a-t-elle orchestré leur rencontre pour une raison plus grande que leur vengeance et leur solitude ? Ensemble, pourront-ils surmonter leur passé douloureux et accepter ce lien qui les unit, ou bien leur destinée les mènera-t-elle à une confrontation inévitable ?

Une seule chose est sûre : leur histoire ne fait que commencer...


",2,ct-v1-werewolf-luna|werewolf-luna|Luna（狼人女首领）|luna ;; ct-v1-werewolf-alpha|werewolf-alpha|Alpha（狼人首领）|alpha
nrv_464691f712fb5bec0312f068,"[""RAW_LANGUAGE_SCOPE_V1"",""[\""number\"",\""19\""]"",[""null""]]",农门贵妻，拐个王爷来种田,"穿越到古代名声狼藉的农家女身上，不仅多了个高冷相公，还无痛生娃了？
顾灵一撸袖子，既来之则安之。
养养娃，种种田，发家致富奔小康，小日子也能过得美滋滋。
可是，她发现……她那便宜相公似乎身份不一般？",1,ct-v1-time-travel|time-travel|穿越|穿越
nrv_4707a070cb59d1c7106146d1,"[""RAW_LANGUAGE_SCOPE_V1"",""[\""number\"",\""5\""]"",[""string"",""葡语""]]","Renascida: Meu Sacrifício, Sua Eterna Culpa",", eu sou Colleen Hoover, pronta para mergulhar nesta cirurgia emocional brutalmente sincera. Sem rodeios, sem floreios, apenas a dor crua e a jornada de Carla. Vamos começar.

Por dez anos, fui a esposa que Maurício desprezava. Uma cardiologista brilhante, mas invisível para o homem que amava, presa em um casamento arranjado que só me trouxe indiferença e dor.

Em minha vida passada, tudo terminou em tragédia. Ele me culpou pela morte de Luna, seu verdadeiro amor, e me odiou por isso.

""Eu te odeio, Carla. Eu te odeio por ter tirado Luna de mim.""

Essas foram suas últimas palavras para mim antes que um acidente de carro me levasse, com o coração partido por seu desprezo.

Eu morri carregando a dor de um sacrifício inútil, sem que ele jamais soubesse que eu tentei salvá-lo da verdade sobre a traição de Luna.

Mas, ao abrir os olhos, não estou mais em um leito de hospital. Voltei ao dia do meu casamento. Uma voz me deu uma nova chance: consertar os três maiores arrependimentos de Maurício. Para libertá-lo, preciso salvá-la, mesmo que isso custe minha nova vida. E desta vez, eu vou garantir que ele viva com o peso da minha escolha para sempre.",1,ct-v1-werewolf-luna|werewolf-luna|Luna（狼人女首领）|Luna
nrv_472af27cd33c7b93bf669944,"[""RAW_LANGUAGE_SCOPE_V1"",""[\""number\"",\""6\""]"",[""string"",""法语""]]","Mon Ex, Ma Patronne","J'étais architecte, marié depuis cinq ans à Éléonore.

Je veillais sur son père, gravement malade, à l'hôpital.

C'était notre anniversaire de mariage, mais ma femme célébrait avec un autre homme.

Elle organisait une fête somptueuse pour Antoine, son amour de jeunesse, à Bordeaux.

La couverture de Paris Match hurlait la vérité : Éléonore radieuse, dans les bras d'Antoine.

Mon beau-père, convalescent d'une opération à cœur ouvert, a vu la photo.

La douleur dans ses yeux, non chirurgicale, fut saisissante.

Il m'a tendu un chèque : « Julien, quitte-la. Fais-le pour toi. Tu es meilleur qu'elle. »

Elle, mon épouse, croyait cette humiliation publique n'être qu'une énième tentative pour attirer son attention.

Elle a même osé me demander de cuisiner pour elle et son amant.

Son arrogance démesurée m'était insupportable.

Mais pour la première fois, son drame ne m'atteignait plus ; seule subsistait une clarté glaciale.

La permission de son père fut la force dont j'avais besoin.

Dès l'hôpital, j'ai appelé mon avocat.

Ce divorce pour faute, citant son adultère public, n'était pas un jeu.

C'était la vraie fin, et elle ne l'avait pas vu venir.",1,ct-v1-divorce|divorce|离婚|divorce
nrv_47a953748cd65a406a2d121f,"[""RAW_LANGUAGE_SCOPE_V1"",""[\""number\"",\""20\""]"",[""null""]]",異界花心神醫,他一朝覺醒，卻發現靈魂穿越，轉世成為一個沒落貴族，他將展開怎麼的歷程，能否帶領家族崛起異世？,1,ct-v1-time-travel|time-travel|穿越|穿越
nrv_4865cafc58ebb87a01f055eb,"[""RAW_LANGUAGE_SCOPE_V1"",""[\""number\"",\""20\""]"",[""null""]]",農家小商女,"商界女王離奇穿越，化為農家小女，一睜眼就遭遇渣男退婚，刁婦欺辱！
蘇雪袖子一擼就是幹，決定掙錢養家，極品親戚上門挑釁通通滾蛋。
壟斷經濟一家獨大，攜家帶口奔小康，順便拐個帥哥回家暖榻。
柳如風：“娘子，我下碗面給你吃吧？
蘇雪：“什麼面？”
某男害羞：“我的心裡面。”
房內春色濃，相公請輕寵。",1,ct-v1-time-travel|time-travel|穿越|穿越
nrv_494b03f2f3824d682c359f68,"[""RAW_LANGUAGE_SCOPE_V1"",""[\""number\"",\""3\""]"",[""string"",""英语""]]",Bloody Love,"Vivian Harrison used to be an ordinary nurse at the hospital, but she had the rare Rh-negative blood type. 

Three years ago, she saved the life of the king of the underworld, Archie Palmer, who had been on the brink of death, with her blood. From that moment on, she had completely fallen for him. 

However, when Archie awoke, he just coldly handed her a marriage contract. ""I never owe anyone a favor.""

The marriage, in the name of repaying a favor, became a gilded cage that confined Vivian for three years. 

Archie made Vivian his wife, yet he gave all his tenderness and devotion to a vivacious and innocent woman-Cassie Fuller. 

He would drive across half the city on a stormy night just to stay with Cassie because she was afraid of the dark. 

He would spend a fortune at an auction to acquire a piece of priceless jewelry, because Cassie said she liked it. 

Yet, all he ever offered Vivian was endless indifference and suspicion. 

When Cassie suffered even the slightest grievance, he would unhesitatingly lay all the blame on Vivian and even torment and punish Vivian in the cruelest ways. ""Your blood disgusts me as much as you do, Vivian.""

Later, when Vivian took a fatal bullet for him and lay bleeding on the ground, he walked coldly past her, holding the frightened Cassie in his arms, without sparing Vivian even a glance. 

At that moment, Vivian finally understood that this marriage was nothing but a joke from the start. 

She decided that she would no longer play along with Archie. 

But when Vivian, her body battered and broken, resolutely left Archie, and Archie, who had always claimed he never loved Vivian, for the first time felt his eyes sting, and frantically searched for her all over the world. ",1,ct-v1-marriage|marriage|婚姻题材|marriage
nrv_49924af8cc9d8819c4ca6639,"[""RAW_LANGUAGE_SCOPE_V1"",""[\""number\"",\""20\""]"",[""null""]]",夫人又在吊打白蓮花了,"上輩子慕微希被人當猴耍，又是連累養父，又是拖累親爺爺，甚至還把自己的命搭進去。
重生之後，她麻溜地悄悄認祖歸宗，順道着一路挫挫挫，把渣男賤女陰謀詭計全部一鍋端！
白蓮花挑拔離間？打！
綠茶故意生事？打！
聖父是非不分？打！
渣男反咬一口？打！
渣渣們被她虐得死去活來準備反抗，慕大小姐揮揮衣袖回家繼承富可敵國的家業！
是的，我就是你們仰望的存在！
夜先生從認識慕微希之後很久才發現，自己在她眼中就是個工具人。
明明把她寵上了天，在她心中竟然還比不過她的金手指當鋪系統？
夜先生略施小計將她困在懷中。
是時候重振夫綱了！",1,ct-v1-rebirth|rebirth|重生|重生
nrv_4a317c95eba8c8f0089fe05d,"[""RAW_LANGUAGE_SCOPE_V1"",""[\""number\"",\""20\""]"",[""null""]]",做回首富親閨女，我嬌寵了反派大佬,"前世姜檀兒錯信渣渣，慘遭挖眼割舌，生生地被制成標本。
親眼看到她曾視若敝履的瘋批男人，爲她瘋狂復仇。
一朝重生，虐渣男吊打假千金，做回首富親閨女，全家的團寵，護父母哥哥們周全。
校園裏，衆人發現「校草」頭號粉頭爬牆了。盯上了出身骯髒，性格暴戾的瘋批「校渣」。
校渣打架，她撩袖就上；校渣逃課，她諄諄地善誘；校渣生病，她抱抱……
姜檀兒勵志把瘋批美人養得根正苗紅，後來發現把人給養歪了！
後來，姜檀兒爆紅成娛樂圈的國民妹妹，直播中表示：十八歲時的白月光死了。
正當全網送哥哥給她湊對嗑CP時，急紅了眼的男人出現，將小姑娘按在牆角。
「小檀兒，哥哥是不是你死了的白月光？」
",1,ct-v1-rebirth|rebirth|重生|重生
nrv_4ab452b99f46be4ec076556d,"[""RAW_LANGUAGE_SCOPE_V1"",""[\""number\"",\""15\""]"",[""string"",""菲律宾语""]]",Threesome Lover (Tagalog),"Lineah's a good niece and hardworking person. Since she was a child she knew, something is missing and her heart felt empty. 


She shut herself from intimate relationship, she never had one but it will all change when she found out she's not blood related to his known aunt. 


In her journey of searching her identity and real parents she found herself caught up in a steamy romance with the two brothers who promised to help her in exchange of hot nights.",1,ct-v1-romance|romance|言情|romance
nrv_4d5e4548f2bada329cf90c1d,"[""RAW_LANGUAGE_SCOPE_V1"",""[\""number\"",\""19\""]"",[""null""]]",擒鬼斋之黄帝十五镜,一本百鬼录，一柄七星翩，黄帝集天下珍稀之物所铸的十五面古铜镜之中隐藏的到底是什么！从巫蛊盛行的苗疆之地，各大鲜为人知的道术宗门，迷雾重重的云陵，以即离奇的平行空间收集到的古镜不只那么简单！,1,ct-v1-xianxia|xianxia|仙侠修真|宗门
nrv_4e6c7d211d4a2c7fb82b1bcf,"[""RAW_LANGUAGE_SCOPE_V1"",""[\""number\"",\""19\""]"",[""null""]]",田园蜜宠：我家娘子不好惹,"穿越了，叶知秋刚刚发现自己成了一个贫寒人家的女子，便要被卖出去。
窝囊父亲，软包子娘，凶狠的奶奶，势利的叔叔婶婶，这个家是没法待了。
可是，叶知秋怎么也想不到，在这沈家里有个更可恶的家伙。这个男人简直是腹黑到了极致，偏偏什么事情他都算准了，让叶知秋怎么也摆脱不了。",1,ct-v1-time-travel|time-travel|穿越|穿越
nrv_50c177b1a368a3272b16e2dd,"[""RAW_LANGUAGE_SCOPE_V1"",""[\""number\"",\""19\""]"",[""null""]]",超级作死宝箱系统,"当无数天骄还在为突破境界而闭关苦修
诸天势力还在为了点儿神兵仙丹打的头破血流时
毫无背景的苏锦却在怀抱着绝世美人，骑着混元圣兽，火锅吃的不亦乐乎，顺便再吊打下全世界
随手点开一个从天而降的宝箱：
恭喜宿主获得幽冥魔宗圣女肚兜一块！
真武大陆上流传着一句警世真言：宁惹天帝，莫惹苏锦",1,ct-v1-xianxia|xianxia|仙侠修真|境界
nrv_523d430ea4bd23283313b7c0,"[""RAW_LANGUAGE_SCOPE_V1"",""[\""number\"",\""3\""]"",[""string"",""英语""]]",Born of Dust and Fire,"Born of Dust and Fire

She craved freedom. He was forged by it.

In the blistering heart of a mythic desert, where time itself bows to nature's fury, a mysterious rider emerges-part man, part legend. Jack is no ordinary cowboy; with a wild mustang beneath him and a wolf-like beast at his side, he traverses a savage land that recognizes no weakness.

Ellie Harrington, spirited and defiant, returns to her family's ranch only to discover secrets buried deeper than the desert's bones-secrets that bind her to Jack in ways she never imagined. But Jack's past is more than mysterious; it's dangerous. Whispers of his supernatural strength, his eerie control over wild creatures, and the burning yellow light in his eyes all point to something ancient stirring beneath his calm exterior.

As tensions rise and a volatile gunslinger sets his sights on him, Jack is drawn toward a fate that could either redeem or destroy him. Caught between myth and man, love and legend, Ellie must decide how far she'll go to stand beside the one who might not be entirely human.

Born of Dust and Fire is a sweeping tale of romance, frontier myth, and the untamed spirit of the wild-where loyalty is fierce, bullets fly faster than truths, and not all legends are born... some are made in silence.",2,ct-v1-supernatural|supernatural|灵异|supernatural ;; ct-v1-romance|romance|言情|romance
nrv_53a554f3799736f604ff4e12,"[""RAW_LANGUAGE_SCOPE_V1"",""[\""number\"",\""20\""]"",[""null""]]",穿越後我成了殘廢醫妃,"她是現代的頂級特工，醫術高超。一朝身死，穿越到古代成為尚書府雙腿殘廢的嫡女。
娘親早逝，姨娘處心積慮陷害，庶妹嫉恨，祖母偏心，危機四伏中。
好在便宜爹還靠得住......
阮明煙一聲冷哼，廢物？你們統統都是廢物！
小巷裡，她不經意路過，陰差陽錯救了世子的命。
原以為可以獲得潑天富貴，卻不想招來一次次麻煩。
“唉！玉佩還你，你別為難我一個殘疾人！”阮明煙白了一眼。
“晚了！”李承翊冷眸微微眯起......",1,ct-v1-legitimate-daughter|legitimate-daughter|嫡女|嫡女
nrv_54b905293327d97201583fc6,"[""RAW_LANGUAGE_SCOPE_V1"",""[\""number\"",\""5\""]"",[""string"",""葡语""]]",Meu nome é Lucy,"Romance LGBT (Transgênero)

Lucy nunca foi um garoto. Vivendo presa como um pássaro em gaiola dentro de seu próprio corpo, a garota tinha a sensação de sufocamento todas às vezes que ouvia lhe chamarem por Jeon Woojin. 
Sentia-se constantemente triste por não poder mostrar-se verdadeiramente ao mundo e, principalmente, à sua família. Porém, Lucy ainda sonhava em voar, em conquistar seu espaço no mundo e ser livre para ser quem realmente era. E foi pensando assim que ela não desistiu de lutar, passando por dezenas de problemas e enfrentando diversos preconceitos para alcançar o que mais desejava: sua liberdade e identidade.
",1,ct-v1-romance|romance|言情|Romance
nrv_5737deb815b285e2903f5fb9,"[""RAW_LANGUAGE_SCOPE_V1"",""[\""number\"",\""15\""]"",[""string"",""菲律宾语""]]",A Timeless Love,"""Why do I feel that I am the intruder in my own story?""

Abigail knew from the start that the love she chose will come to an end soon once her husband's first love will come back. Pero bilang isang martyr siya at iniisip ang pagkakaroon ng ama ng kanilang anak, pinili niyang sumugal. For the past years that they've been living on one roof, she tried her best to make Alexander fall in love with her.

Pero hindi na ata talaga mangyayari. Until Lauren came back to the picture. Naramdaman na niya ang matagal na takot. Iiwan na sila ni Xander. Pero hanggang sa dulo ay sinubukan niya pa rin ang lahat, huwag lang sila iwan ng asawa.

Now that she learn Xander will never choose them, would she still stay for the sake of their daughter, or will learn to unlove him?
",1,ct-v1-first-love|first-love|初恋|first love
nrv_593038fec252fcb7c0351834,"[""RAW_LANGUAGE_SCOPE_V1"",""[\""number\"",\""3\""]"",[""string"",""英语""]]",Sinful Desires: Fatal bonds,"Zero came to the Academy as a rogue, a nobody, easy to mock and easy to break.
But when Eliana, the Alpha heir betrothed, orders him to dress up for the student ball, the whole hall laughs...
until Aldric sees Zero trembling, clutching the hem of the gown, big eyes shining with humiliation.

From that night on, Aldric can't look away.

Behind closed doors, he's the one who coaxes Zero into dress-up again, softly at first, then with a hunger he can't hide.
And when Zero blushes and whispers,
 ""I'm not a girl...""
Aldric only smirks and steps closer.

""Then I'll treat you like the boy you are. Strip.""

But Aldric isn't the only one who wants him.

Seraphiel, the cold, beautiful Vampire Lord who holds Zero's past in chains, returns for what he claims is his.
A deadly love rival.
A forbidden bond.
A war waiting to ignite.

Between an Alpha who wants to protect him
and a vampire who wants to possess him,
Zero must choose...

Even though his heart has already chosen once.

Sinful Desires: Fatal Bonds
A rogue caught between two monsters...
one who wants him.
One who owns him.
",3,ct-v1-vampire|vampire|吸血鬼|Vampire ;; ct-v1-student|student|学生|student ;; ct-v1-heir|heir|继承人|heir
nrv_5a88d05ca5e96d380ade7802,"[""RAW_LANGUAGE_SCOPE_V1"",""[\""number\"",\""3\""]"",[""string"",""英语""]]",THE BARON'S PET ,"


I fell in love with a murderer. And not just that. He was the most notorious crime lord in the whole country - a kidnapper, robber, con artist. Donovan Valerio Barone was that, and more. 


He smiled when he caused me pain, but killed whoever looked at me twice. 


I was his captive, but in many ways than one, I was enslaved by my desires, and by the circumstances that surrounded our meeting. 


Everyone in the city knew The Baron was as handsome as he was vicious and ruthless. 


No one crossed him and lived to tell of it. No one but me. And in return, he owned me, body and soul. 


I had thought my life would be like a puppet's, but when Donovan smiled, in his eyes was the promise to burn the world down for me, and hold me in his arms while doing it.


",1,ct-v1-crime|crime|犯罪|crime
nrv_5ab3544c538640d88ed4430f,"[""RAW_LANGUAGE_SCOPE_V1"",""[\""number\"",\""3\""]"",[""string"",""英语""]]",The Reader Behind My Words ,"

Genre: Romantic coming-of-age / High school literary romance
Themes: Invisibility, identity, emotional intimacy, self-expression, being seen, vulnerability, creative partnership, quiet love.

Core Premise
Purity Osinachi is a quiet, introspective high school student who believes invisibility is safety. She lives on the margins of her school life-observing, writing privately, never speaking unless necessary. Words are her refuge, not her voice.

Oliver  Rex is equally invisible in a different way-a boy whose inner world is loud with stories but muted in real life. He publishes anonymous writing online as an escape, never expecting anyone to truly read or understand him.
When Purity comments on one of Ethan's anonymous stories for the first time, a bond forms-entirely through words. Neither knows the other's identity. What begins as a safe, faceless connection grows into emotional intimacy, while in real life, they unknowingly pass each other daily in the same school corridors.
The novel follows their parallel lives-online and offline-as they move from anonymity to recognition, from silence to expression, and from invisibility to courage.

Plot Arc Breakdown

ACT I – Invisibility (Chapters 1–4)
The world before being seen
Purity is introduced as a girl who survives by staying unnoticed. She reads more than she speaks, feels deeply, but hides it well.
Ethan is introduced through his anonymous writing-a quiet boy pouring his pain and longing into words no one seems to notice.
Purity reads Ethan's work online and, after much hesitation, leaves her first comment.
Their anonymous conversation begins-tentative, careful, emotionally raw.
In school, they exist near each other without realizing their connection, reinforcing the dramatic irony.
The theme of safety vs. isolation is established.
Key tension:
Connection feels safe because it's anonymous-but it can't stay that way forever.

ACT II – Recognition Without Names (Chapters 5–8)
Two souls growing closer without faces
Purity and Ethan's online bond deepens. They share fears, writing, philosophies, and emotional truths.
Both begin to feel less invisible through each other.
In real life, subtle familiarity begins-shared glances, similar handwriting, mirrored thoughts.
Purity starts to feel torn between the safety of anonymity and the desire to be known.
Ethan struggles with the fear that revealing himself could destroy the one place he feels understood.
Key tension:
They are emotionally intimate but physically strangers. The risk of discovery grows.

ACT III – Collision (Chapters 9–12)
When two worlds start to overlap
Their real-life interactions increase-group work, shared spaces, and quiet moments charged with unspoken connection.
They unknowingly influence each other's writing and thinking in both worlds.
An emotional turning point occurs when they realize-through words, patterns, or moments-that the person they trust online may be closer than they think.
The reveal (or near-reveal) happens carefully, without drama-built on emotional recognition rather than shock.
They confront the truth: the person who understands them most is someone they've been overlooking.
Key tension:
Can emotional intimacy survive reality?

ACT IV – Visibility (Chapters 13–14)
Being seen, together
Purity and Ethan choose to collaborate openly in a school writing showcase.
This act forces Purity to step out of invisibility and Ethan to stand beside someone publicly.
Their writing exposes their shared themes-silence, loneliness, and courage.
The applause brings validation-but also scrutiny, rumors, and doubt.
Purity faces the fear of losing herself in visibility.
Ethan proves his love is not possessive but supportive.
Key tension:
Being seen brings both affirmation and vulnerability.

ACT V – Ownership of Self (Final Chapters)
Choosing visibility without losing identity
Purity learns that being seen does not erase her-it reveals her.
She establishes boundaries, rejecting outside projections and expectations.
Ethan confronts the responsibility of loving someone without overshadowing them.
External challenges (family pressure, school politics, anonymous admirers, and rivalry) test their trust.
They choose each other not as a hiding place but as partners who honor individuality.
The novel ends not with perfection but with confidence: two people no longer afraid to exist fully.

Final message:
Love does not save you.
It stands beside you while you learn to save yourself.


Character Arcs

Purity Osinachi
Starts: Silent, self-contained, afraid of being noticed
Journey: She  learns that her voice has power and deserves space
Ends: Seen, confident, unafraid to exist openly without shrinking.

Oliver Rex
Starts: Anonymous, emotionally guarded, unseen
Journey: Learns to attach his voice to his presence
Ends: Grounded, visible, loving without controlling.
",2,ct-v1-student|student|学生|student ;; ct-v1-romance|romance|言情|romance
nrv_5b2709834cc21b820158e3ae,"[""RAW_LANGUAGE_SCOPE_V1"",""[\""number\"",\""20\""]"",[""null""]]",馭夫有道，嬌妻誠可撩,"重生後的周沐卿一朝從人畜無害的周家三小姐，變成了滿腹心計的小女人，看似算計實則為了自保。奈何全族命運不是靠她一個女子能夠逆轉的，就在自己深陷風雨之中，差點迷失自我之時，這個死死跟在她身後的許沫晟，成了她黑暗道路上的燭火。
“天真爛漫留給你，血雨腥風就該我來闖。”說罷，許沫晟手中的長劍垂在一側，將周沐卿死死護在身後。",1,ct-v1-rebirth|rebirth|重生|重生
nrv_5c840d7f1e7beffe76fefabb,"[""RAW_LANGUAGE_SCOPE_V1"",""[\""number\"",\""19\""]"",[""null""]]",空间修仙：重生师姐要逆天,"她因根骨平凡而遭受歧视。
桑郁卿死在了精于算计的师妹手上。
一朝重生，不管是师父的偏心、还是同门的冷待，都拦不住她狂热的复仇计划。
然而她越是深入了解，越是察觉师父并非表面看起来那般冷情。
与此同时，桑郁卿的身边也出现了一个来历神秘的男子墨书意对她百般照料。
有贴心知己固然是好，但为何他看起来和师父有些相似？
云衍：那是因为墨书意，就是为师。
桑郁卿（惊吓脸）：噫？！
",1,ct-v1-revenge|revenge|复仇|复仇
nrv_5ce3be6d65983e11ebd52891,"[""RAW_LANGUAGE_SCOPE_V1"",""[\""number\"",\""5\""]"",[""string"",""葡语""]]",O divórcio não me tornou sua ex,""" - Um ano! Um maldito ano sendo sua esposa sem ser nada pra você! - cuspi as palavras, segurando o choro com os dentes. - E agora você acha que pode simplesmente... continuar existindo na minha vida?
Ace me olhou com aquela calma de quem sempre venceu sem precisar lutar. Mas não seria assim dessa vez.
- Eu nunca te impedi de ir, Luna. Você que ficou esperando algo que eu nunca prometi.
- Eu fiquei porque achei que... que talvez você me enxergasse. Que em algum momento eu deixaria de ser só sua obrigação. Agora não adianta mais, estou conseguindo esquecer você.
Ele se aproximou até que seu calor encostasse no meu corpo.
- Então por que você ainda treme quando eu chego perto?
- Porque você me dá medo... - sussurrei sem forças.
- Será? Será isso mesmo? ou é porque você sabe que se eu encostasse em você uma única vez... - sua voz desceu de tom, quente e provocante - ...você nunca mais conseguiria ir embora.""
Luna Bexter amava Ace Montesino há muito tempo. Achava que tinha sorte ao se tornar sua esposa em um casamento de conveniência, mas após o fim do período de um ano Luna se cansa de esperar que os sentimento de Ace mudem e decidi ir embora. 
Será realmente possível seguir em caminhos separados?",1,ct-v1-werewolf-luna|werewolf-luna|Luna（狼人女首领）|Luna
nrv_5f29640c98dc3e966a0e217a,"[""RAW_LANGUAGE_SCOPE_V1"",""[\""number\"",\""20\""]"",[""null""]]",重生六零：馮嬌嬌發家記,"末世來了，馮嬌嬌穿了！
重生到這個吃不飽穿不暖的六零年代，馮嬌嬌是激動的，吃不飽咱不怕！有空間！更何況最愛的兒子們跟着自己一起穿了！空間裏面的糧油米面吃一輩子也吃不完！
可當面前這些的家人把好吃的都留給她時，馮嬌嬌就決定讓這些偏心眼的家人過上吃飽穿暖，滿嘴流油的生活！
生活富足了，但是還差個孩子爹，馮嬌嬌又開始了給孩子們拐個爹的理想。
「嗨，帥哥，約個嗎？」看着這個年代最美的軍裝綠的帥哥，人高，膚白，臉帥，肩上的星星也不少！給兒子們當爹夠格！
「嗯，走吧！」
馮嬌嬌懵逼的跟着這軍哥哥見了家長，領了證，有種上了賊船的感覺，不知道現在跑路來不來得及 ？美色誤人啊！！！

顧家小少爺顧灝天因爲被前妻背叛，使得家人落難下放改造，很討厭女的！
可對上那雙囂張挑釁的眼睛，淪陷了！
一眼定情，撩撥了我就別想跑",2,ct-v1-betrayal|betrayal|背叛|背叛 ;; ct-v1-apocalypse|apocalypse|末世|末世
nrv_60c7715a66853c4d768ee03e,"[""RAW_LANGUAGE_SCOPE_V1"",""[\""number\"",\""11\""]"",[""string"",""印尼""]]",RAHASIA AYAH ANAKKU,"CERITA DEWASA!
21+++ HOT BUT SMOOTH.
Kania yang sedang dirundung masalah demi masalah tidak ingin  melawan saat Nick Sebastian menggandengnya dan memperkenalkan dia sebagai kekasih CEO tampan tersebut walau akhirnya pola berulang, dia menerima semua hujatan, dia pasrah saat mereka harus meneruskan sandiwara mereka hingga malam magis di apartement Nick mengubah hidupnya!",1,ct-v1-wealthy-ceo|wealthy-ceo|豪门总裁|CEO
nrv_62301fad908c98bbaebcd9ef,"[""RAW_LANGUAGE_SCOPE_V1"",""[\""number\"",\""3\""]"",[""string"",""英语""]]",Pampered By The Rival Mafia Boss,"Ten years ago, I saved the life of New York’s most dangerous mob boss with a sewing kit. I gave Ethan Reed my youth, my loyalty, and my heart.

But the moment his ex-girlfriend Chloe returned, I became disposable.

It didn't matter that she had abandoned him. It didn't matter that she poisoned me, killing the unborn child Ethan didn't even know we had.

When Chloe needed a kidney transplant due to her drug abuse, Ethan didn't protect me. He strapped me to a gurney.

""It's just one kidney, Ava. You owe me.""

He harvested my organ to save the woman who murdered his heir. And when he was done, he decided I was a loose end.

He dragged me to the edge of a bridge in the pouring rain.

""This is how it ends,"" he said, his eyes devoid of love. ""A tragic suicide.""

He pushed me into the freezing water, watching me drown to secure his happy ending.

He thought I was dead. He thought the canary had sung its last song.

But he forgot one thing. I was the chemist who built his empire.

When his greatest rival pulled me out of the river, I didn't pray for salvation. I prayed for revenge.

Three months later, I walked into his charity gala on the arm of his enemy, wearing a white suit and a smile sharp enough to cut glass.

Ethan dropped to his knees when he saw me.

But I wasn't there to forgive him. I was there to burn his house down.",2,ct-v1-revenge|revenge|复仇|revenge ;; ct-v1-heir|heir|继承人|heir
nrv_660937814ec9ebd2af605366,"[""RAW_LANGUAGE_SCOPE_V1"",""[\""number\"",\""3\""]"",[""string"",""英语""]]",The Detectives of Ywair: Shadows Rising,"The city's skyline is alive with ominous, swirling clouds. Way Zang, who was severely injured in an explosion during a drug bust years ago, awakens from a vegetative state. He finds that his teammates have long since perished, and the world sees him as a disgraced dead man. Determined to clear his name at any cost, his awakening coincides with a series of bizarre and high-profile crimes in Ywair City: a wealthy heir who freezes himself to death in a walk-in freezer, an assassin run over on the highway, a string of missing boys and girls over the years, and crime scenes hiding mysterious fingerprints... All clues point to some enigmatic substance.

Chiang Lee, the Deputy Commander of the Criminal Investigation Division in Ywair City Police Department, is the son of a tycoon. With a knack for witty banter and over a decade of police experience, Chiang has a keen eye and formidable skills. With the assistance of Way, who was once a renowned criminal investigation expert, Chiang gets closer to the lair of a major drug lord as they crack each case. Will Way succeed in avenging his fallen teammates and clear his name of the dark allegations? The story is packed with suspense, thrilling and tightly woven, with waves of climaxes. 
",3,ct-v1-crime|crime|犯罪|crime ;; ct-v1-assassin|assassin|刺客|assassin ;; ct-v1-criminal-investigation|criminal-investigation|刑事侦查|Criminal Investigation
nrv_669d90a83b80156c4b0351ac,"[""RAW_LANGUAGE_SCOPE_V1"",""[\""number\"",\""19\""]"",[""null""]]",医妃狠绝色,林墨染身为御医世家的第九代传人却不想被迫卷入了各方势力的争斗之中，并引发了与傀儡皇帝发生了一系列的爱恨情仇。,1,ct-v1-emperor|emperor|皇帝|皇帝
nrv_685383f923f8e0ed68112b48,"[""RAW_LANGUAGE_SCOPE_V1"",""[\""number\"",\""19\""]"",[""null""]]",女配有喜：皇叔喜当爹,"穿越成恶毒女配的白玥瑶，头等大事就是拒领重生回来的女主递过来的盒饭！你重生，我穿越，谁还不是头顶光环的小姐姐？划重点，敲黑板，言情标配的王爷男主是我娃的爹！
　　穿越女配有点惨，
　　花样盒饭全新款。
　　拐个男主喜当爹，
　　打怪带飞道晚安！",3,ct-v1-rebirth|rebirth|重生|重生 ;; ct-v1-romance|romance|言情|言情 ;; ct-v1-time-travel|time-travel|穿越|穿越
nrv_6cfc7cbcdd4ec99f4c24f209,"[""RAW_LANGUAGE_SCOPE_V1"",""[\""number\"",\""3\""]"",[""string"",""英语""]]",Camp-fire and Wigwam,"Classic adventure novel. According to Wikipedia: ""Edward Sylvester Ellis (April 11, 1840 &#8211; June 20, 1916) was an American author who was born in Ohio and died at Cliff Island, Maine. Ellis was a teacher, school administrator, and journalist, but his most notable work was that that he performed as author of hundreds of dime novels that he produced under his name and a number of noms de plume. Notable works by Ellis include The Huge Hunter, or the Steam Man of the Prairies and Seth Jones, or the Captives of the Frontier. Internationally, Edward S. Ellis is probably best known for his Deerhunter novels widely read by young boys up to the 1950s (together with works by James Fenimore Cooper and Karl May). In the mid-1880s, after a fiction-writing career of some thirty years, Ellis eventually turned his pen to more serious works of biography, history, and persuasive writing.""",1,ct-v1-adventure|adventure|冒险|adventure
nrv_6d422ce9beb2bd663c558d1a,"[""RAW_LANGUAGE_SCOPE_V1"",""[\""number\"",\""19\""]"",[""null""]]",步步婚宠 总裁的蜜制爱人,他是B市楚氏之后，她是宋家不被重视的女儿，年纪轻轻便嫁给了他。结婚两年，她在这场如坟墓的婚姻里痛苦挣扎，他却从来没有正眼看过她一眼。她以为他误会了她什么，直到那个女人回来，他抱着那个女人怒斥她的狠毒——“宋淼，你曾害死了我们的孩子，这两年都是你该得到的惩罚！”————一场阴谋，他将她推入了另一个男人的怀里。那个男人，不仅是霍氏的继承人，更是B市翻手为云覆手为雨的男人。他说：“我不养情人不养小蜜，不会跟别的女人聊天。”他一步一步强势的进入她的生活，更强势的进入她的心。当她终于明白了什么，才发现他早已在她的生活中布下情网，再也无法自拔。,2,ct-v1-misunderstanding|misunderstanding|误会|误会 ;; ct-v1-heir|heir|继承人|继承人
nrv_6f527f52cd8b8a376e32b314,"[""RAW_LANGUAGE_SCOPE_V1"",""[\""number\"",\""3\""]"",[""string"",""英语""]]",Marrying His Rival: The Ex-Fiancé's Nightmare,"I was the ""Caged Canary"" of the underworld, a biological asset designed to merge two crime families. My fiancé, Bryant Barnes, didn't love me. He loved the power I brought, and he loved his mistress, Kalia.

The night Kalia broke into my penthouse and stomped on my hand, crushing the bones and my fashion career, Bryant didn't help me. He told the police she was my guest and warned me not to embarrass him with a cast.

That was just the beginning. When Kalia lied about feeling unsafe, Bryant dangled me off a balcony. When she faked a kidnapping, he locked me in an industrial freezer for six hours until I turned blue. And when I fell into the marina, he swam right past me to save her, leaving me to drown in the freezing water.

He destroyed my body and my dignity for a woman who was stealing my designs and faking a pregnancy. He thought I was just a broken obligation he could discard.

But he made a fatal mistake. He didn't make sure I was dead.

I dragged myself out of the water and made a call to his greatest rival.

On the night of our grand merger, I walked onto the stage wearing royal blue instead of white. I rolled up my sleeve to reveal the scars he gave me, looked him dead in the eye, and grabbed the microphone.

""I hereby terminate my engagement to Bryant Barnes. And I am proud to announce my betrothal to the true King of this city.""",3,ct-v1-crime|crime|犯罪|crime ;; ct-v1-royalty|royalty|王室|royal ;; ct-v1-kidnapping|kidnapping|绑架|kidnapping
nrv_6fbb4c101f69fd813e1d412d,"[""RAW_LANGUAGE_SCOPE_V1"",""[\""number\"",\""6\""]"",[""string"",""法语""]]","C'était trop tard, je regrette","Chômage , l'impatience, secte, sacrifice humain, Richesse, Regret, Pardon, mort ,Dieu, Résurrection ... seront les parcours de John dans cette Histoire. 

En effet John est un homme de 37 ans marié à Rose. Pour plusieurs raisons John sera entraîné par son ami Abel , dans une secte jusqu'au moment où il voudra ressortir après une condition qu'il refusera d'honorer. John réussira t-il à sortir vivant de ce combat ?? Ou bien il perdra ça vie ??

A SUIVRE....
.
",1,ct-v1-regret|regret|追悔|Regret
nrv_721ea7e64ed07522df25b6d9,"[""RAW_LANGUAGE_SCOPE_V1"",""[\""number\"",\""6\""]"",[""string"",""法语""]]",Mienne ,"« Tu n'appartiens qu'à moi », grogne-t-il. Je le regarde, effrayée. Ses yeux sont devenus noirs, avec une lueur dorée. Il me plaque contre le mur et commence à m'embrasser dans le cou. « Je sens son odeur sur toi », gronde-t-il. Je suis sous le choc et je ne sais pas quoi dire. « Mais... ».
-----------------------------------------------------------------------------------------------

Olivia ne sait pas à quoi s'attendre lorsqu'un jeune Alpha de la meute la plus puissante vient rendre visite à sa petite ville. Surtout quand il finit par s'installer dans la même maison qu'elle et enseigner dans son lycée. Pourquoi a-t-elle dû le rencontrer alors qu'elle était avec un autre garçon ? Le garçon pour lequel elle avait vraiment le béguin. Cet Alpha est très possessif et sexy, mais il peut parfois être agaçant. Va-t-elle finalement le choisir ? 

Ryder Lupei est un adolescent insouciant qui se trouve être l'Alpha de la meute la plus puissante qui soit : la meute de Moon Crest. Son père l'envoie aux États-Unis pour retrouver un vieil ami. Ce qu'il ne savait pas, c'est qu'il allait rencontrer l'âme sœur qu'il n'avait jamais vraiment souhaitée. Il vit avec elle et lui donne des cours. Elle est pleine de surprises et lui fait toujours des choses inattendues. Il l'aime. Avec un autre garçon qui tente de capter son attention, parviendra-t-il un jour à la conquérir ?",1,ct-v1-werewolf-alpha|werewolf-alpha|Alpha（狼人首领）|Alpha
nrv_729added0ab1eb20680e89cd,"[""RAW_LANGUAGE_SCOPE_V1"",""[\""number\"",\""3\""]"",[""string"",""英语""]]",The Shattered trust ,"

In the quaint suburban neighborhood of Willowbrook, the Winslow family seemed to embody the epitome of perfection—a successful lawyer, a talented artist, and an adorable ten-year-old daughter. However, behind the facade of a picture-perfect family lay buried secrets that threatened to unravel their tranquil lives.

James Winslow, a once-troubled soul, had left his dark past behind. But when a sinister midnight caller rekindles the flames of his criminal history, he is plunged into a perilous web of blackmail and deception. Fearful for his family's safety, James finds himself following the caller's instructions, caught in a dangerous game that seems to have no end.

As James struggles to protect his loved ones, his wife Emily's intuition kicks in, and she becomes determined to uncover the truth. Her investigation leads her to shocking revelations about her husband's past, leaving her torn between her love for him and the need for justice.

In the face of mounting threats, an unexpected ally emerges in the form of Detective Alex Turner, a seasoned investigator with a penchant for solving intricate cases. Together, they race against time to confront the blackmailer and expose the sinister figure seeking vengeance.

In a final showdown of wits and courage, the Winslow family must overcome their darkest fears and shattered trust to bring the truth to light. As the stakes rise and their bond is tested, they learn that the power of love and resilience can conquer even the most malevolent of forces.

""Shattered Trust"" is a gripping thriller that weaves a tale of redemption, resilience, and the unbreakable trust that emerges from facing the darkest of secrets together. Join the Winslow family as they navigate a treacherous journey to protect their family and confront the past that threatens to consume them.",2,ct-v1-lawyer|lawyer|律师|lawyer ;; ct-v1-redemption|redemption|救赎|redemption
nrv_73a33c197958f6ea2d601858,"[""RAW_LANGUAGE_SCOPE_V1"",""[\""number\"",\""20\""]"",[""null""]]",醜妃逆襲：戰神王爺寵瘋了,"古藥世家傳人楚晚妤，一手醫術活死人肉白骨，敢從閻王手裡搶命；一粒丹藥萬人相求，可治天下百病！
沒想到一朝穿越，竟成了遠近聞名的第一醜女，還生撲了威震天下的戰神王爺。
天崩開局？沒事！
且看她如何逆風翻盤！
搶婚？她讓繼妹當眾摔個狗吃屎，奪回嫁妝鎖死這對狗男女！
懦弱？她手撕渣爹，腳踩毒婦，把綠茶白蓮花按在地上摩擦！
貌醜？她醫好臉上毒斑，改頭換面成了驚豔四座的絕世美人！
昔日相府醜女一路逆襲，成了眾人高攀不起的存在。
就連某人也對自家王妃動了心，鐵血戰王秒變寵妻狂魔。
寶寶殺人他遞刀，寶寶一笑他折腰，寶寶……可惜寶寶心裡沒有他。
楚晚妤：“滾！和離！男人只會影響姐搞事業的速度。”
蕭離鏡委屈：“不行！第一次給了你，你必須對本王負責！！”",1,ct-v1-time-travel|time-travel|穿越|穿越
nrv_780b96af0c9eab5475767a87,"[""RAW_LANGUAGE_SCOPE_V1"",""[\""number\"",\""3\""]"",[""string"",""英语""]]",The Ageless Pact: A Twin's Adventure,"In the mystical realm of Eldoria, twins Arianna and Tristan find themselves thrust into a perilous adventure that will test their courage, unravel secrets, and challenge their very identities. When their peaceful lives are shattered by an unexpected invasion, the twins must flee their castle home, pursued by mysterious assailants.

Guided by the enigmatic Alaric, a seasoned adventurer with a shadowy past, the group embarks on a treacherous journey through untamed lands, where danger lurks at every turn. As they traverse the ancient landscapes, they uncover a web of deception, betrayal, and political intrigue that threatens the very core of Eldoria.

Within their midst, an alluring attraction blossoms between Arianna and Alaric, but an age gap creates an additional layer of complexity, fueling conflicting emotions within their group. The twins' extraordinary powers, combined with Alaric's rugged charm, become their only weapons as they face enemies both seen and unseen.

Time is of the essence as the group races against sinister forces seeking to overthrow the kingdom's rightful ruler. As they navigate a maze of treachery and schemes, the siblings must question the loyalty of those around them, never knowing who to trust. Can they untangle the threads of deceit and betrayal before it's too late?

""The Ageless Pact: A Twin's Adventure"" is an enthralling medieval tale of twins on a quest for truth, where their bond is tested in the face of perilous adversaries. Suspense and adventure intertwine with the allure of an attractive and enigmatic character, weaving a spellbinding narrative that will leave readers captivated until the very last page.",2,ct-v1-betrayal|betrayal|背叛|betrayal ;; ct-v1-age-gap-romance|age-gap-romance|年龄差恋爱|age gap
nrv_798687a165b85bb40340f391,"[""RAW_LANGUAGE_SCOPE_V1"",""[\""number\"",\""3\""]"",[""string"",""英语""]]",Trapped: Bloody Rose,"""Do you feel that, Rose?"" He asked in a gruff tone. ""The effect I have on you is real. Don't deny it. Don't deny me.""
Rose's cheeks burn with shame, even though she pushed her bosom more into his hand, seeking the pleasure she knew he could give her.

Then, she recalled that they were in a restaurant, and stilled at once, eyes wide, heart thudding wildly, and breathless.
""We're in a bar,"" she told him, her protest sounding weak even to her own ears.
""A desert one,"" he chuckled.

She turned around, and saw that the restaurant was indeed vacant, save for them, and Enzo and Stefan who were standing by the door, their backs to them. It was rush hour, and that couldn't have happened, even if the food was terrible - and it wasn't.
She understood immediately that the divillish man sitting next to her, who starred in all her fantasies as of late, had ensured that they would have the privacy they needed.
For a ruthless mafia boss, he sure could be considerate.

... ... ... ... 

When Rose meets a mafia boss on one of her night shifts, she thinks he is a peculiar and unpleasant patient whom she would do well to avoid... Little does she know that that encounter is but the beginning to a tumultuous passionate chapter of her life. 
Risking everything for the man shouldn't be an option... And yet, she soon finds herself caught in his web of sin, desire, and obsession.",1,ct-v1-mafia|mafia|黑帮|mafia
nrv_7c9c47364b51ba7a9699a144,"[""RAW_LANGUAGE_SCOPE_V1"",""[\""number\"",\""19\""]"",[""null""]]",哟西，不许玩亲亲,"一个活泼开朗的女生，遇到冷漠无情的男人，为了一场友情，为了一场游戏，他们走到了一起。
   绝版帅哥，有着整个校园的绝版迷。
   一场计谋，一场误会。一场失散，让他们的感情越来越远。
   三个男人，一个女人。从不爱到爱，从过去到现在。
   守护，同情，自残。他一直都是这么的温柔。
   三年前依旧如此，三年后依旧无法改变。
   这是事实，无法改变的事实！一场爱到死的事实。",2,ct-v1-campus|campus|校园|校园 ;; ct-v1-misunderstanding|misunderstanding|误会|误会
nrv_7cb8b6e53aa584fc2c892a20,"[""RAW_LANGUAGE_SCOPE_V1"",""[\""number\"",\""16\""]"",[""string"",""德语""]]","Verheiratet mit meinem Boss, dem Undercover-Milliardär","Meine Schwägerin wollte mich für eine Vermittlungsgebühr an einen brutalen Straßenschläger verkaufen.

Um diesem Albtraum zu entkommen, griff ich mir vor der City Hall einen wildfremden Mann und heiratete ihn auf der Stelle.

Ich dachte, es wäre nur ein Stück Papier zu meinem Schutz, aber als meine Familie davon erfuhr, warfen sie mich ohne einen Cent auf die Straße.

Mein neuer Ehemann, Drake, war ein pleitegegangener Uber-Fahrer, der gerade gesperrt worden war und ein verrostetes Auto fuhr.

Wir zogen in eine schimmelige, heruntergekommene Einzimmerwohnung in Brooklyn, und meine Schwägerin spuckte mir voller Verachtung vor die Füße.

„Du dumme Schlampe! Du hast dein Leben für einen bankrotten Verlierer weggeworfen!“

Wir hatten kaum Geld für Essen, und als der Schläger mich wenig später in einem Restaurant bedrängte, dachte ich, wir wären endgültig geliefert.

Doch das, was dann passierte, ließ mich völlig fassungslos und verwirrt zurück.

Mein „erbärmlicher“ Ehemann brach dem massiven Schläger in nur fünf Sekunden mit dem eiskalten Blick eines Killers das Handgelenk.

Und als sein angeblich obdachloser, bettelarmer Großvater plötzlich vor unserer Tür saß, drückte er mir beiläufig ein unbezahlbares, handgeschnitztes Silberwappen als Hochzeitsgeschenk in die Hand.

Wer genau war dieser Mann, der nachts auf meinem harten Fußboden schlief?

Ich dachte, wir wären nur zwei verzweifelte Seelen, die am absoluten Tiefpunkt der Gesellschaft ums Überleben kämpften.

Ich ahnte nicht, dass mein angeblich wertloser Ehemann in Wahrheit der skrupellose Milliardär und CEO der Wall-Street-Macht Moran Group war – und dass sein Rachefeldzug gegen alle, die mich gequält hatten, gerade erst begann.",1,ct-v1-wealthy-ceo|wealthy-ceo|豪门总裁|CEO
nrv_7d012ca169738e6b31ff4048,"[""RAW_LANGUAGE_SCOPE_V1"",""[\""number\"",\""20\""]"",[""null""]]",本王不是妻奴,"    東秦北子靖手握重兵，是個直男癌晚期患者。



    “沈若溪，女人就應該乖乖待在後院，本王受傷了你給本王包紮，本王中毒了你給本王解毒，舞弄權勢非女子所為。”



    說著便默默把自己兩軍兵符、王府大權都給了她。王府侍衛們無語擦汗



    “沈若溪，女人應該上得廳堂下得廚房，你以後要多在廚藝上下功夫。”



    廚房裡的大媽望著剛被王爺剝完的蝦殼無語凝噎。



    “沈若溪，女人就該以男人為尊。男人說一女人不能說二，你既然嫁給了本王，便什麼都得聽本王的。”



    看著面前一本正經跪在搓衣板上的某人，沈若溪：“你說的很有道理，獎勵你多跪半個時辰。”",1,ct-v1-kung-fu|kung-fu|功夫|功夫
nrv_7f3d0b7fd7819b09659eac42,"[""RAW_LANGUAGE_SCOPE_V1"",""[\""number\"",\""19\""]"",[""null""]]",翻身小妾七个夫,"太狗血了，一觉醒来，云裳发现自己穿越了！
不仅穿成了不讨喜的大小姐，还有一张“丑绝人寰”的脸！
被王爷丑拒，被丫鬟嫌弃，她乐得轻松，正好过上吃了睡睡了吃的生活。
但是为什么这么一张丑脸还能讨得这么多男人的喜欢啊？
一夜之间，上门提亲的人踏破了门槛。
难道是他们知道她人皮面具下有一张魅惑众生的脸蛋？
好吧，姐姐决定终生不嫁了——浪迹天涯乐逍遥。",1,ct-v1-time-travel|time-travel|穿越|穿越
nrv_803c904b368a6360a5a49d33,"[""RAW_LANGUAGE_SCOPE_V1"",""[\""number\"",\""6\""]"",[""string"",""法语""]]",Elle et lui,"Bonjour mes chers/chères lecteurs/trices, 
Je tiens à vous précisez que cette histoire a été entièrement imaginé, les codes habituels des histoires surnaturels ne seront pas respectés,
Merci à vous et bonne lecture.

Voici un petit résumé bref de l'histoire globale :

Il doit dirigé sur son peuple, elle doit diriger le sien. Il est l'Alpha Suprême, Elle sera Reine de son peuple, mais la Luna Suprême aussi, comment feront-ils ? Comment fera-t-t-elle?",2,ct-v1-werewolf-luna|werewolf-luna|Luna（狼人女首领）|Luna ;; ct-v1-werewolf-alpha|werewolf-alpha|Alpha（狼人首领）|Alpha
nrv_8102ab6c41f0d853f757656c,"[""RAW_LANGUAGE_SCOPE_V1"",""[\""number\"",\""19\""]"",[""null""]]",极品医圣,"母亲被陷害，叶凌天成了豪门孽种，被家族嫌弃，更有许多人想让他永远的消失！
得到神医传承之后，叶凌天开始吊打一切！
不让从医，我偏要成医界泰斗！阻碍我经商，你的产业我也要吞并！",1,ct-v1-miracle-healer|miracle-healer|神医|神医
nrv_81fd69be2df858e2b2b2b9f0,"[""RAW_LANGUAGE_SCOPE_V1"",""[\""number\"",\""19\""]"",[""null""]]",诡校迷魂,"在一所高校里，流传着诡异的传说。万蕾在一夜之间精神失常，原因不明。万蕾成绩落后，沉默寡言却十分叛逆。经常遭到老师的辱骂，冷嘲热讽。而父母因工作忙碌从小便对她疏于管教，这使得家境不错的万蕾无心学习……
 在万蕾进入精神病院后，学校出现了一连串的诡异事件。先前与万蕾关系不好的师生们纷纷遭遇奇怪的意外，非死即伤，学校中人心惶惶，更有同学传言是万蕾下了诅咒，报复那些侮辱过她的老师和同学们……
 一连串如同“死神来了”般诡异的事件持续发生，警方也介入调查。
 青涩的早恋，师生背后邪恶的交易，和复杂的家庭故事，让这些诡异的案件变得更加扑朔迷离……而学校一切的诡异事件，逐渐暴露并失去掌控的校园内部纠葛，犯罪事件，竟发生在本该清净的校园……
单纯的学生时代，是否真正纯洁？初恋一定是美好的吗？也许这世上，有着太多阴暗角落，都曾覆盖着“美好”的面具，以示众人……",3,ct-v1-crime|crime|犯罪|犯罪 ;; ct-v1-first-love|first-love|初恋|初恋 ;; ct-v1-campus|campus|校园|校园
nrv_840c866fae6f6fd395688102,"[""RAW_LANGUAGE_SCOPE_V1"",""[\""number\"",\""6\""]"",[""string"",""法语""]]",Le Grimoire du Cristal Bleu,"Fatima, gardienne de la Bibliothèque des Quatre Clés à Murra Kish, n'aurait jamais imaginé trouver l'amour... et le danger parmi les étagères anciennes.
Un mystérieux étranger, Alfonso, débarque à la recherche d'un grimoire perdu. Ce qui n'était au départ que de la curiosité se mue en romance, mais aussi en suspicion : il cache un secret royal, et elle, à son insu, est l'héritière d'un joyau ancien convoité.
Quand la trahison menace, ils doivent décider si leur amour est assez fort pour survivre au mystère, à l'ambition et aux mensonges.",2,ct-v1-royalty|royalty|王室|royal ;; ct-v1-romance|romance|言情|romance
nrv_841e3a6e49c11f5bb6ab030b,"[""RAW_LANGUAGE_SCOPE_V1"",""[\""number\"",\""6\""]"",[""string"",""法语""]]",L'Héritière Oubliée de Valois,"汽车: 好的, 我将扮演知乎短篇小说导语创作专家, 为给定的法语小说原文创作一篇符合要求的导语. 

核心要素回顾: 

   小说主题: 复仇, 身份逆转, 家族秘密, 背叛后的崛起. 

   主角: Chloé

   主要冲突: Adrien和Camille的公开羞辱和背叛 vs Chloé的冷静反击和真实身份揭露. 

   转折点: Bernard宣布Chloé是亲生女儿和唯一继承人, Adrien被剥夺继承权. 

   结局: Chloé成功复仇, 事业爱情双丰收, Adrien和Camille沦落街头. 

导语结构应用规划: 

   部分1-情境设定(Situation Setup)/正常开端(Normal Beginning): Chloé在瓦卢瓦酒庄的地位 (总经理, 主酿酒师, Adrien的妻子) , 以及她五年来的辛勤工作和取得的成就 (拯救酒庄, 创造新千年份酒, 众人赞誉) . 强调表面的成功和风光. 

   部分2-核心冲突(Core Conflict)/突发剧变(Sudden Dramatic Change): Adrien和Camille的突然出现, 公开揭露Camille怀孕, 并当众宣布Chloé的离婚和解雇. 这是对Chloé地位和尊严的毁灭性打击. 

   部分3-后果展现(Consequence Display)/情境恶化(Situation Worsening): 

       外部:  众人从赞誉转为嘲讽和蔑视, 指责Chloé是 ""暴发户"" ; Adrien和Camille的得意与羞辱 (扔钱, 言语攻击) . 保镖犹豫不决, 也侧面体现了Chloé权力的丧失. 

       内部:  Chloé的冷静是其内心强大和计划性的体现, 尽管面对羞辱, 但这种冷静本身就是一种反常. 

   部分4-不公感(Sense of Injustice)/困惑感(Confusion)/强烈情绪: Chloé的内心并未崩溃, 反而异常冷静, 甚至警告Adrien ""你不知道自己在做什么"" . 这种出人意料的冷静暗示着背后有更大的秘密和计划. 旁观者的不解和Chloé对他们的警告 ( ""你们会记住今晚"" ) . 

   部分5-故事启动点(Story Trigger)/转折(Turning Point, Plot Twist): Bernard和Hélène的到来, 以及随后的巨大揭露--Chloé是他们的亲生女儿和唯一合法继承人, Adrien是养子且被剥夺继承权. 这瞬间逆转了整个局面, 标志着Chloé的反击正式达到高潮. 

写作要点: 

   第一人称: 保持第一人称 ""Je"" . 

   法语本地化: 用词和表达符合法语文化习惯. 

   悬念和冲击力: 确保冲突和反转具有强烈冲击感. 

   节奏快: 句子不宜过长, 信息密度大. 

   字数控制: 约250词. 

好了, 开始创作. 

---",3,ct-v1-betrayal|betrayal|背叛|背叛 ;; ct-v1-heir|heir|继承人|继承人 ;; ct-v1-divorce|divorce|离婚|离婚
nrv_843be6575b12adf561c0a003,"[""RAW_LANGUAGE_SCOPE_V1"",""[\""number\"",\""6\""]"",[""string"",""法语""]]","Le Cadre du Mari, la Justice Féroce de l'Épouse","Mon mari, Alexandre Chevalier, était le procureur vedette de Lyon, l'homme qui m'avait sauvée d'un sombre passé. Du moins, c'est ce que je croyais.

Il était l'homme qui m'avait envoyée en prison, me faisant accuser d'un crime que je n'avais pas commis pour protéger son ex-petite amie, Catherine.

Mes trois années au centre pénitentiaire de Fleury-Mérogis n'ont été qu'un brouillard de béton et d'uniformes gris. La femme qui y est entrée, une graphiste à succès qui aimait son mari, y est morte. Quand j'ai enfin été libérée, je m'attendais à le voir, mais il a envoyé un assistant pour « purifier mes mauvaises ondes ».

Puis je les ai vus : Alexandre et Catherine, organisant une fête de « bienvenue » pour moi, la femme qu'ils avaient mise derrière les barreaux. Ils m'ont exhibée, m'ont forcée à boire du champagne jusqu'à ce que je saigne intérieurement à cause d'un ulcère perforé.

Alexandre, toujours le protecteur dévoué, s'est précipité aux côtés de Catherine, me laissant en sang sur le sol. Il a même falsifié mon rapport médical, attribuant mon état à l'alcool.

J'étais allongée dans ce lit d'hôpital, les derniers vestiges de l'espoir se flétrissant et mourant. Je ne pouvais pas pleurer. Le sentiment était trop profond pour les larmes. J'ai juste ri, d'un rire sauvage, désarticulé.

Je voulais le détruire. Pas la prison. Je voulais qu'il perde tout. Sa carrière. Sa réputation. Sa précieuse Catherine. Je voulais qu'il ressente ce que j'avais ressenti.",1,ct-v1-crime|crime|犯罪|crime
nrv_84c38a7820ed0e23d92f53b5,"[""RAW_LANGUAGE_SCOPE_V1"",""[\""number\"",\""19\""]"",[""null""]]",渣男和我领假证，我转身嫁他死对头,"结婚三年，苏南笙为陆时域掏心掏肺，得知自己竟是豪门秦家的小公主，她第一反应就要悄悄拿钱帮他的公司渡过难关，给他惊喜。
可谁知，却发现他们的结婚证是假的，而他真正的妻子，其实是他青梅竹马的“好哥们”。项轻轻从小和他好到穿一条裤子，即便结婚后他们也难舍难分。
她吵过闹过，陆时域却只一句轻轻就是男孩子性格罢了，就打发了她。
既然这样，呵！
苏南笙直接搬出别墅，回归秦家真千金，事业风生水起，还嫁他死对头。
再相见，知道真相的陆时域跪地悔过。
“南笙，我错了，求你回头看看我，我们才是夫妻。”
可她身边的男人却直接一把将苏南笙搂入怀中，把大红结婚证甩在他脸上。
“好好瞧瞧，到底谁和谁才是夫妻。”",2,ct-v1-childhood-sweethearts|childhood-sweethearts|青梅竹马|青梅竹马 ;; ct-v1-princess|princess|公主|公主
nrv_85442f2d836b951a42dddfce,"[""RAW_LANGUAGE_SCOPE_V1"",""[\""number\"",\""19\""]"",[""null""]]",一嫁倾国,"出逃公主的绝世爱情
一纸婚书改变了她的一生，她愤然离开，希望能找到属于自己的爱情，兜兜转转，一切仍旧回到最初。最爱的人伤她最深，原来最美的爱情就在不经意的时候。良辰美景却总是奈何天。
多少人，总是以朋友的名义爱着你；多少人，平凡守候着爱情；只愿，能在一朵花开的时间与你相遇，在最美的年华与你相爱，在最平淡的岁月里，与你相守。",1,ct-v1-princess|princess|公主|公主
nrv_85e7362ed02db13c0ad8ed44,"[""RAW_LANGUAGE_SCOPE_V1"",""[\""number\"",\""3\""]"",[""string"",""英语""]]",The U.M.I. Corp Connection,"Inspector Flaatphut is back, this time teaming up with Tiffany and a whole group of miscreants to track down a lethal drug, clones, and the world's most deadly assassin. And all because his mother came to visit.",1,ct-v1-assassin|assassin|刺客|assassin
nrv_8a14101f0879e3de0ed80e7d,"[""RAW_LANGUAGE_SCOPE_V1"",""[\""number\"",\""9\""]"",[""string"",""日语""]]",電撃婚の溺愛～社長の隠れ妻は最強ボスでした。,"【正体バレ禁止+最強ボス+電撃結婚+後に愛する+逆転劇】

伊藤家が溺愛して育てた娘が偽物だと発覚！実の娘は山奥で二十年間、辛酸をなめて育っていた。

本物の令嬢が帰ってきたが、そこには家族の温もりはなく、冷たい視線と猜疑心だけが待ち受けていた。

伊藤家の両親:「お前には私たちの血が流れているが、伊藤家のお嬢様という座にふさわしいのは、遥香だけだ」 実の兄:「俺の妹は遥香だけだ。田舎者は失せろ!」

偽の令嬢・伊藤遥香:「お姉さん、高橋家との縁談、私に譲ってくれても構わないでしょう?」

最強カリスマ・本物のお嬢様・伊藤麻衣は、無関心に吐き捨てる。「既に籍は入れた。関わるな」

高橋グループの御曹司・宗一郎は、電撃結婚した妻が「無能なヒヨコ」だと思い込んでいた。期限が来たら、さっさと離婚届を提出するつもりだった。

ある日、部下が衝撃の調査報告書を差し出した。

ゴッドハンドの神医は彼女、地下格闘技のチャンピオンは彼女、国際ハッカーランキング1位は彼女、トップレーサーは彼女、ずっと協力したいと思っていた研究所のAIの権威は彼女、港区の第一家族の唯一の跡継ぎは彼女、妹が熱狂する人気漫画家も、彼の不眠症を癒す唯一の朗読ボイスも――すべて、あの女の正体だった！

雨の夜、窓ガラスが湯気に曇る中、彼女は窓辺に押し付けられていた。

男は彼女の細く白い手首を掴み、漆黒の瞳で彼女を見つめた。「お前は、俺が知らない正体を一体いくつ持っているんだ?」

麻衣は逆に男の襟を掴み、無関心な仮面を剥ぎ取って邪悪に微笑んだ。「契約は明日切れる。離婚届、忘れずに出しなさいよ」

宗一郎：「……」

(離婚など、させると思っているのか？)",1,ct-v1-miracle-healer|miracle-healer|神医|神医
nrv_8adba95064112208a1dfb38a,"[""RAW_LANGUAGE_SCOPE_V1"",""[\""number\"",\""3\""]"",[""string"",""英语""]]",The Valley of the Moon,"A road novel fifty years before Kerouac, The Valley of the Moon traces the odyssey of Billy and Saxon Roberts from the labor strife of Oakland at the turn of the century through Central and Northern California in search of land they can farm independently—a journey that echoes Jack London's own escape from urban poverty. As London lost hope in the prospects of the socialist party and organized labor, he began researching a scientific and environmentally sound approach to farming. In his novel, it is Saxon, London's most fully realized heroine, who embodies these concerns. The Valley of the Moon is London's paean to his second wife Charmian and to the pastoral life and his ranch in Glen Ellen, the Valley of the Moon.",1,ct-v1-urban-setting|urban-setting|都市背景|urban
nrv_8de3a256d4fa5294b5c8bcbd,"[""RAW_LANGUAGE_SCOPE_V1"",""[\""number\"",\""3\""]"",[""string"",""英语""]]",Embrace the light,"""Walt..."" I looked at him, my hand trailed his chest. I was biting my lip, I need him. It felt like I need him to make me forget. It felt like a familiar thing to do. But I still wasn't sure that he wanted us to happen the way it was intended to. 

But then he cupped my jaw and kissed me. His lips touched mine, his facial hair tickled my face softly. I was opening my lips, as his thumb stroked my cheek. 

""You need to stop me, Flo, we shouldn't be doing this."" He whispered hoarsely in my ear.

*****

Supernatural steamy romance series:
1. Embrace the dark
2. Embrace the light
3. Mated to the dark lord
4. Fallen for the king 


******

Flo was abused and misused by her parents because of her ability to see the future and see the dead. 

Until one day she runs away and finds herself in Walter's protection. 

She had all the right feelings for him, but he kept pushing her away until she finally left. Then he realized that he needed her more than he knew. 

*****

Walter had been let down by the universe over and over again. He had to rebuild himself from his lowest moments several times already. 

He was trying to be strong, and he was finally happy for the first time in his life, only to be fucked up majorly as fate decided to take his wife's life before their first anniversary. 

He was rebuilding the tallest wall he had ever made, but Flo slowly tearing it apart and making him doubt himself.

*****

Will he finally have a happy ending, or will fate screw him again?

*Rated for 18+ due to strong, explicit language and sexual content*",2,ct-v1-supernatural|supernatural|灵异|Supernatural ;; ct-v1-romance|romance|言情|romance
nrv_90b3fae9c1ae8df602e06e27,"[""RAW_LANGUAGE_SCOPE_V1"",""[\""number\"",\""20\""]"",[""null""]]",快穿：拯救我方反派大佬,"
落渺沒想到，她那主宰三千世界的發小，竟然是個戀愛腦。

別人談戀愛為情，他談戀愛要命。

堂堂神尊拿了個苦情男二的劇本，為了真愛生死道消，還是抓不住人家心！

為了拯救她為愛魔瘋的發小，落渺用血肉生祭了天道，繫結了天道系統，輪迴在三千世界為他收集殘魂。

天道系統：說出來你可能不信，您的攻略目標都是三千世界的美強慘反派。你要用愛包容他，溫暖他，感化他！刷爆他的幸福值！

落渺：她現在後悔還來得及嗎？

校園大佬，鐵血暴君，冷清厲鬼，睜眼瞎的超能力者，兩面三刀的腹黑影帝……落渺終於狗完了三千世界，準備功成身退的時候，她的發小又雙叒叕黑化了！

只剩下一條虛魂的落渺扯了扯身上的鎮魂鎖，抱住了擎天柱暴躁的喊：「冷靜點！你的真愛不是我！」

懟天懟地大反派慢條斯理的她拽回來：「胡說，我從洪荒就開始惦記了你。」

落渺：……不好意思，沒看出來。

【可鹽可甜情商低到爆表的萬物之神&懟天懟地養妻專業戶天道神尊】

【談戀愛嗎？天道手把手教你那種。】　
",1,ct-v1-superpowers|superpowers|超能力|超能力
nrv_92e6fe19b2f3a9b5a67ebeaf,"[""RAW_LANGUAGE_SCOPE_V1"",""[\""number\"",\""22\""]"",[""string"",""土耳其语""]]",Boşanmadan Sonra Aşk: Gecikmiş Sevgisi,"Adam, kadından her zaman tiksinti duyuyordu. Kadın ne yaparsa yapsın, onun gözünde hiçbir zaman yeterli olmuyordu. Kadının sevgisini kazanmak için her şeyi yapmasına rağmen, adam üç yıl boyunca onun çabalarını asla takdir etmedi.

Kadın adeta bir cehennem yaşadı. Ondan ayrılmaya karar verdiğinde, kendini yeniden doğmuş gibi hissetti.

Artık erkeklerden uzak durmaya ve kariyerine odaklanmaya karar vermişti. Adam ise onun acı çekip kendisine geri döneceğini sanıyordu.

Ancak en büyük şoku, kadının kendi şirketinin rakibi olan firmanın CEO'su olarak karşısına çıkmasıyla yaşadı.

Kiminle evli olduğunu nasıl anlamamıştı? Adam, kadının birçok gizli kimliği olduğunu öğrendiğinde şok oldu.

Hepsi bir arada, saygın bir avukat, bir dahi hacker ve sektöre yön veren bir tasarımcıydı!

Her şeyden öte, adam kendini aldatılmış hissetti. Bir gün onu köşeye sıkıştırdı ve, ""Sen nesin be?"" diye bağırdı. ""Benden neleri sakladın?""

Kadın soğuk bir ifadeyle, ""Böyle bir soruyu sormaya nasıl cüret edersin?"" diye karşılık verdi. ""Seni tanımıyorum, hatırlasana?"" Kadın geri bağırdı ve yanından geçti.

Kadın, bu cevabından sonra adamın utanç içinde kaybolup gideceğini düşünmüştü. Ama büyük bir sürpriz onu bekliyordu. Bir şekilde, adam ona delicesine âşık olmuştu. Onu geri kazanmak için her yolu denemeye hazırdı.

""Tekrar evlenelim. Seni seviyorum,"" diye tutkuyla ilan etti.

Kadın ellerini beline koyarak, ""Ah, canım,"" diye cevap verdi. Üzgünüm, bu mümkün değil.""

""Ama sen benim için tek kişisin. Sensiz yaşayamam. Geçmişte yaptıklarımdan dolayı özür dilerim.""

Kadın içten bir kahkaha attı ve ona baktı. Dişlerini sıkarak her kelimeyi net bir şekilde söyledi: ""Şimdi özür dilemek için çok geç.""

Hiç var olmamış bir aşk, yeniden inşa edilebilir mi?",1,ct-v1-wealthy-ceo|wealthy-ceo|豪门总裁|CEO
nrv_944fd87f9abb2504b00f715f,"[""RAW_LANGUAGE_SCOPE_V1"",""[\""number\"",\""20\""]"",[""null""]]",我被喪屍咬了後,"神創造了這個世界，也將毀滅這個世界。
末日死神病毒爆發，一傳十，十傳百，咬來咬去，無數的人開始變成了喪屍。
江岩也被喪屍咬了，不過他不但沒有變異，反而還擁有了特殊能力。於是，一個原本的屌絲學生，開始了自己的末世之旅...",1,ct-v1-apocalypse|apocalypse|末世|末世
nrv_95bbd46f806a7a81bb0de633,"[""RAW_LANGUAGE_SCOPE_V1"",""[\""number\"",\""3\""]"",[""string"",""英语""]]",Discarded Wife: The Shadow Strategist Returns,"I stood in the center of the ballroom, watching my husband accept credit for the massacre I had meticulously planned.

To the underworld, Craig Snyder was the King, a strategic genius who had crippled the Russian mafia.

To me, he was the man who had just re-gifted my anniversary present—a Patek Philippe watch—to match the diamond bracelet dangling from his mistress’s wrist.

The Senator’s daughter, Chanel, laughed at a joke only he could hear, wearing a red dress and a look of naive adoration that used to be mine.

When I confronted him, expecting an apology, Craig didn't just dismiss me.

He slapped me across the face in front of the city's elite, the sound echoing like a gunshot.

He yanked the wedding ring off my finger, drawing blood, and placed it into Chanel’s palm, calling me a hysterical, barren relic.

Later, I found the forged documents. He had signed my name to transfer every asset we built together into his sole possession, leaving me with nothing but a hush-money check.

He thought I was just a scorned wife. He forgot that I was the architect of his empire.

So, I drove my car off a bridge.

I let the world believe I was dead. I let him mourn the woman he destroyed while I watched from the shadows, erasing his existence from my accounts.

Six months later, at the Global Crime Summit, Craig stood up with a diamond ring, ready to beg my memory for forgiveness.

But the doors opened, and I didn't walk in alone.

I walked onto the stage holding the hand of his deadliest rival, Felix Tyson.

I wasn't there to take him back. I was there to take his kingdom.",3,ct-v1-crime|crime|犯罪|Crime ;; ct-v1-mafia|mafia|黑帮|mafia ;; ct-v1-genius|genius|天才|genius
nrv_981b62087f6cfb8c2e6f7a10,"[""RAW_LANGUAGE_SCOPE_V1"",""[\""number\"",\""3\""]"",[""string"",""英语""]]",TO SATE AN ALPHA'S FURY,"A modern chef trapped in an ancient blood feud, must choose between the timeline she knows and the Alpha she loves before history repeats itself.

Can a woman from the future rewrite a destiny written in blood, or is she just the final meal for an Alpha king marked for the grave?
",2,ct-v1-contemporary-setting|contemporary-setting|当代背景|modern ;; ct-v1-chef|chef|厨师|chef
nrv_99a173481ff30ced0cf8b7e8,"[""RAW_LANGUAGE_SCOPE_V1"",""[\""number\"",\""5\""]"",[""string"",""葡语""]]","Minha Vingança, Nosso Recomeço","O cheiro de desinfetante e o 'bip' constante da máquina.

Na TV da enfermaria da prisão, o repórter falava de mim, Lucas, o promotor que matou a própria filha.

Minha Sofia. Meu mundo. Destruído pelas mãos de Isabella, a mulher que amei, e de Dona Ana, minha própria mãe.

Elas forjaram as provas, me drogaram, e eu fui condenado por um crime que não cometi.

Senti o veneno que injetei subir pelas minhas veias, um fim solitário e injusto.

Mas, de repente, uma luz! Um grito metálico!

E eu abri os olhos.

Estava de volta. Três anos no passado, no dia em que tudo começou.

Meu celular vibrou: Isabella. A mesma ligação fatídica.

Dessa vez, não.

A raiva me consumia, mais forte que a morte. Eu não era mais a vítima. Eu era o carrasco.

Quando Isabella veio com suas mentiras sobre Sofia, agarrei seu pescoço.

""Você não vai tocar na minha filha. Não de novo.""

Soltei-a, mas a fúria ardia.

Na delegacia, minha mãe fez seu show de preocupação, mas eu sabia.

Ela era parte da conspiração.

Na cela fria, eu não sentia desespero. Sentia sede de justiça.

Eu seria a espada.

O jogo tinha virado.

Eu era o caçador.",1,ct-v1-crime|crime|犯罪|crime
nrv_9acae3b72f250350c956aa0b,"[""RAW_LANGUAGE_SCOPE_V1"",""[\""number\"",\""4\""]"",[""string"",""西语""]]","Sus esposas, su traición, su redención","Como único heredero de la dinastía Garza, me presentaron tres propuestas de matrimonio. Eran de las hijas de las familias más poderosas de Monterrey: Karla, Daniela y Jimena, mis amigas de la infancia, a quienes había amado toda mi vida.

Pero mi vida se convirtió en una serie de tragedias. Me casé con ellas, una por una, y una por una, murieron protegiendo al mismo hombre: Javier Cienfuegos, el hijo del administrador de nuestra hacienda.

En su lecho de muerte, mi tercera esposa, Jimena, me confesó la devastadora verdad.

—Nosotras solo amamos a Javier.

Me dijo que se casaron conmigo por mi poder, usando el apellido Garza como un escudo para mantener a salvo y en sus vidas a su amante de baja clase.

Mis matrimonios, sus muertes… todo fue una mentira. No fui un esposo; fui un guardaespaldas, un pendejo cornudo en su trágico romance.

Pasé toda una vida como un personaje secundario y morí viejo, solo, con la lástima de la ciudad como única compañía. Mi vida entera había sido una broma cruel, y yo era el remate.

Hasta que abrí los ojos de nuevo.

Tenía veinticuatro años, de pie frente a mis padres, con las mismas tres cajas de terciopelo sobre la mesa.",1,ct-v1-romance|romance|言情|romance
nrv_9bf97e51bff36650be5039e8,"[""RAW_LANGUAGE_SCOPE_V1"",""[\""number\"",\""3\""]"",[""string"",""英语""]]",The Betrayed Wife's Ruthless Mafia Comeback,"For five years, I was the flawless wife to the heir of the De Luca empire, securing billion-dollar acquisitions to prove my worth.

But my husband, Alessandro, still paraded his mistress in our home, publicly humiliating me as a ""cold spreadsheet"" while she sneered in triumph.

It didn't stop at infidelity. When I dared to cut off her credit cards, Alessandro decided to teach me a lesson.

He allowed his mistress to secretly file down the metal clasp on my horse's saddle right before a massive public equestrian event.

My leg was completely shattered in a horrific, agonizing fall in front of hundreds of elite guests.

While I lay bleeding in the dirt, my husband didn't even glance my way. Instead, he rushed to hold his mistress, shielding her eyes from the gruesome sight.

Later, pretending to be unconscious in the infirmary, I overheard him ordering his guards.

""Get rid of the saddle. It was just a lesson to remind her who's in charge.""

He didn't just want me humiliated; he wanted me crippled and broken.

As the sterile smell of the hospital hit me, a horrifying realization set in—I was two weeks late. I was pregnant with his child.

The thought of my baby growing up in this ruthless, toxic family made my blood run cold, and the last spark of my love turned into absolute hatred.

The obedient wife died on that dirt track.

I quietly contacted his family's biggest rival and activated my secret scorched-earth protocol. It was time to burn his empire to the ground.",1,ct-v1-heir|heir|继承人|heir
nrv_9d0e6dcdc2111ef4837ba7b6,"[""RAW_LANGUAGE_SCOPE_V1"",""[\""number\"",\""19\""]"",[""null""]]",love的紫藤园,"池恩宁为了寻找记忆中的薰衣草天使来到这个海边的小镇，机缘巧合下，他应聘成为紫藤园的园艺工人，并与紫藤园的小姐“玫瑰小姐”白书沫结识。
此时，紫藤园的另一位园艺工人严俊熙出现，他竟然还是有名的贵族学院枫伊学院的学生。在这美丽的紫藤园中，可爱的小姐与这两位“长工”会发生怎样的故事呢？
人生太闲，青春太短，决定忠实于感情的他们在枫伊进入枫伊学院后又将迎来怎样的风雨，又将续写怎样的故事？
青葱岁月：请欣赏第Ⅰ卷  庄园篇
青春校园：请观看第Ⅱ卷  学园篇——情动枫伊
都市爱情：请移驾第Ⅲ卷  枫伊篇——岁月静好",2,ct-v1-campus|campus|校园|校园 ;; ct-v1-student|student|学生|学生
nrv_9e144252eedb4187906722ad,"[""RAW_LANGUAGE_SCOPE_V1"",""[\""number\"",\""9\""]"",[""string"",""日语""]]",アルファの望まぬオメガの妙薬,"三年間、私はアルファであるカイレンの秘密だった。
銀毒の呪いに蝕まれ、地獄の苦痛に苛まれる彼の身体を癒せるのは、私の肌の温もりだけ。
彼は約束した。
私が二十五歳になる誕生日までに運命の相手が見つからなければ、私を選んでくれると。

そして迎えた、二十五歳の誕生日。
彼は、別の女を連れて帰ってきた。
ペントハウスの鍵を返すよう冷たく要求し、ベッドの上に限度額のないクレジットカードを放り投げた。

「君の働きに対する対価だ」

彼の新しい恋人、リラは、人を操る天才だった。
彼女に誘拐犯の濡れ衣を着せられたとき、カイレンは自白を引き出すため、病気の母を沼で溺れさせようとした。
彼女の祖母を突き飛ばしたと再び濡れ衣を着せられたとき、彼は群れの全員の前で私を平手打ちし、跪けと命じた。

かつて私を守ってくれた男が、なぜ狡猾な女狼に目を眩まされ、私を最も苦しめる存在になったのか、理解できなかった。

決定打となったのは、彼の呪いが再発したときだった。
彼は私に無理やり体を求めようとし、リラが部屋に入ってきた途端、私が彼を陥れようとしたと非難した。
その日、私は私たちの絆を断ち切り、ライバルの群れへと去った。
そこでは、幼馴染で――私にとって再会の運命の相手である彼が、六年間もの昏睡状態から目覚めたばかりだった。",1,ct-v1-genius|genius|天才|天才
nrv_9e65360831641648f8725135,"[""RAW_LANGUAGE_SCOPE_V1"",""[\""number\"",\""19\""]"",[""null""]]",穿书后我嫁给病娇大佬,"简介：
人家穿越你也穿越，可妥妥的妹子一枚，穿进男频文里是怎么回事？
还是个虐男主，辱男主，最终不得好死的女配？
呵呵，呵呵……
惹不起我还躲不起了？
宋怀真一字真言：逃！
齐少元双眼泛红：真真，你不要我了吗？
宋怀真咽下口水：别，你别这样，我害怕……
妈妈，我想回家！",2,ct-v1-male-audience|male-audience|男性向|男频 ;; ct-v1-time-travel|time-travel|穿越|穿越
nrv_a3b87fa180c704691f50516b,"[""RAW_LANGUAGE_SCOPE_V1"",""[\""number\"",\""19\""]"",[""null""]]",重生后黑化，皇叔轻点宠,"封家贵女，尊世子妃之位，却被落了个夫君宠妾毒妻、身痴子亡的下场！
睁开眼，她是白家痴傻嫡女，受尽世人欺辱、唾弃与残害！
去侯府参加自己葬礼，没想到，璟王带着凯旋的将士来抢她的棺椁！
顺着灵柩带走的，还有一封为她求得的休书！
白英华藏在暗处，咬牙迈进，她要把一笔笔血债亲手讨回来！
当年草长莺飞，纸鸢提诗，却误了一段姻缘。
今生，顾璟云手指寸寸拂过她的面容：“祝你，千秋为凰。祝我，得偿所愿！”",1,ct-v1-legitimate-daughter|legitimate-daughter|嫡女|嫡女
nrv_a4881f624916b202370ff436,"[""RAW_LANGUAGE_SCOPE_V1"",""[\""number\"",\""19\""]"",[""null""]]",不死战帝,"[最火新书]
美女一箩筐。
一次穿越，成就一段传奇。
大学生龙寒毕业后成为一名程序猿，一次偶然机会穿越到了武者的世界，为了探寻这个未知的世界，他一步步的走上了不死战帝的巅峰！",2,ct-v1-student|student|学生|学生 ;; ct-v1-time-travel|time-travel|穿越|穿越
nrv_a4b6858007f1454a5d5799a8,"[""RAW_LANGUAGE_SCOPE_V1"",""[\""number\"",\""5\""]"",[""string"",""葡语""]]",Mais que uma Vingança: Um acordo bilionário,"Victor Corte Real, um bilionário ambicioso e calculista, cruzou o caminho de uma jovem que estava à beira do desespero. Sem ter para onde ir com a irmã caçula, Clarice foi encurralada por seus problemas financeiros e acabou recebendo uma proposta tentadora:
- Um casamento por conveniência? - Clarice arqueou a sobrancelha, incrédula.
- Estou oferecendo uma solução para os seus problemas! - Mantendo o semblante austero, Victor salientou. 
- Tem certeza disso? - Ela sustentou seu olhar. 
- Mas não se iluda, isso não tem nada a ver com amor.
O que começou com um acordo bilionário logo se transformou em um jogo de poder, no qual traições, segredos e algo mais do que uma vingança podem mudar o destino dos dois.
O casamento por conveniência pode acabar revelando muito mais do que ambos planejavam.

❛ ━━━━･❪ ❁ ❫ ･━━━❜

Este romance é uma adaptação do livro Entre o Amor e o Ódio da autora Yana Shadow. 
O livro contém cenas para +18. Aprecie sem moderação!
",1,ct-v1-romance|romance|言情|romance
nrv_a5885fab0e58f98d8eb3fcb2,"[""RAW_LANGUAGE_SCOPE_V1"",""[\""number\"",\""19\""]"",[""null""]]",系统之学霸重来,"学渣重生变学霸，男神打包带回家！
男神你走开，只要不打扰我学习，晚上我就让你嘿嘿嘿～
",1,ct-v1-rebirth|rebirth|重生|重生
nrv_a6fdb153947b5973c6bfa5fc,"[""RAW_LANGUAGE_SCOPE_V1"",""[\""number\"",\""20\""]"",[""null""]]",最強背黑鍋系統,"什麼！仙皇被殺？老子幹的！
　　
　　靈丹妙藥被偷？我就是那個小偷！
　　
　　聽說前些天一位美若天仙的仙子內衣被偷了，是的沒錯，就是老子幹的！
　　
　　打穿越到玄幻世界，主角就一直在背黑鍋，玄幻世界所有的壞事都是他幹的。
　　
　　什麼？找我背黑鍋？先拿點靈丹妙藥來再說，順便我再完成一下系統的任務，這個鍋，我背了。
　　
　　總有一天，我唐天要成為玄幻世界的背黑鍋之王，但是所有人都對我奈何不得！",1,ct-v1-time-travel|time-travel|穿越|穿越
nrv_aa57bee302f9a5e47f7a77de,"[""RAW_LANGUAGE_SCOPE_V1"",""[\""number\"",\""6\""]"",[""string"",""法语""]]",Fragments d'un Amour Brisé,"Dans un mariage arrangé dicté par les affaires familiales, Célestine découvre peu à peu des sentiments sincères pour Heath, son mari distant et mystérieux. Malgré son indifférence, elle s'accroche à leurs instants d'intimité et choisit de croire en lui, même quand les rumeurs de tromperies se multiplient. Mais le vernis se fissure brutalement lorsque sa meilleure amie lui apporte des preuves irréfutables : Heath mène une double vie. Entre amour aveugle et doute déchirant, Célestine voit son univers commencer à vaciller.
La vérité éclate d'une manière brutale : surprise en plein flagrant délit, Heath avoue qu'il ne l'a jamais aimée et réclame le divorce. Brisée, Célestine retourne chez son père et tente de recoller les morceaux de sa vie, portée par l'amitié indéfectible de Kate. Un voyage à Hawaï devient alors le point de départ d'une nouvelle page : elle y rencontre Paul, un homme attentionné qui lui redonne confiance et espoir. Lentement, elle se reconstruit, jusqu'à envisager un avenir radieux auprès de lui, loin des fantômes de son passé.
Mais le destin n'en a pas fini avec elle. Au moment où son bonheur semble enfin assuré, Heath réapparaît de façon spectaculaire, prêt à tout pour la reconquérir. Son retour inattendu plonge Célestine dans un tourbillon de confusion : entre un amour brisé, des blessures encore vives et un fiancé qui l'aime sincèrement, elle se retrouve prisonnière d'un triangle dangereux. Le passé va-t-il reprendre ses droits, ou choisira-t-elle de se tourner définitivement vers l'avenir ?",1,ct-v1-divorce|divorce|离婚|divorce
nrv_abc71ce6ca37410dc33caeb9,"[""RAW_LANGUAGE_SCOPE_V1"",""[\""number\"",\""11\""]"",[""string"",""印尼""]]",Dari Omega yang Ditolak menjadi Ratu Raja Alpha,"Pasangan takdirku, Raditya, dan aku sedang mempersiapkan Upacara Ikatan Suci kami, sebuah sumpah di hadapan Dewi Bulan yang akan mengikat jiwa kami untuk selamanya.

Tapi sebuah pesan batin menghantam benakku—sebuah kenangan yang dijadikan senjata, dikirim oleh saudari angkatnya, Eva. Di dalamnya, Eva bergelung manja dalam pelukan Raditya sementara orang tuanya, sang Alpha dan Luna, tersenyum penuh restu.

Selama dua minggu berikutnya, aku dipaksa memainkan peran sebagai mempelai Omega yang memuja. Dia akan berbohong tentang ""urusan darurat kawanan"" untuk berlari menemuinya, meninggalkanku sendirian di butik gaun pengantin sementara Eva mengirimiku penglihatan tentang perselingkuhan mereka.

Orang tuanya merampas proyek yang telah kucurahkan jiwa dan ragaku selama dua tahun, memberikannya pada Eva sebagai hadiah. Mereka menyebutku Omega berdarah lemah, tidak pantas untuk putra mereka.

Sementara itu, Eva mengirimiku rekaman audio Raditya yang berjanji padanya bahwa Eva-lah yang akan mengandung pewarisnya yang kuat, bukan aku.

Mereka semua mengira aku adalah pion menyedihkan yang bisa dibuang kapan saja dalam permainan licik mereka. Mereka menungguku hancur.

Mereka tidak tahu bahwa aku diam-diam adalah pewaris kawanan paling kuat di benua ini. Dan aku sudah mengatur agar Upacara Ikatan Suci kami disiarkan secara global, mengubah hari sakral mereka menjadi panggung untuk penghinaan terbesar mereka.",1,ct-v1-werewolf-luna|werewolf-luna|Luna（狼人女首领）|Luna
nrv_ac1aefb6dd6bf41ba6f6b413,"[""RAW_LANGUAGE_SCOPE_V1"",""[\""number\"",\""20\""]"",[""null""]]",棄後也搶手：第一皇后,"她是一名獲獎的設計師，葉蘭玲。陰差陽錯無意間按動機了獎盃上的機關而穿越，醒來時發現自己是丞相之女賀蘭靈，先是遇到一個逼婚的老爹，又遇到一個冷面皇帝，大婚之夜她便被打入冷宮，以後的日子她該何去何從？
他是一代帝王，佐源。冷傲、霸道，政治婚姻的束縛讓他對這個皇后心生厭惡，與皇后大婚之夜將皇后打入冷宮，不讓任何人與她交往以與世隔絕枯寂的生活來懲罰皇后……
他是一個太子 ，方天戟。英俊瀟灑，溫潤爾雅，國家裡的所有女人都為他而傾倒，面對女人們的投懷送抱，他並不介意，但沒有一個是他真正喜歡……
他是一代毒王，舍翎子。施毒無數，練習的起源卻是因為家族的仇恨……
三個男人一台戲，當這四個人的感情交織在一起又會上演怎樣的大戲？",3,ct-v1-crown-prince|crown-prince|太子|太子 ;; ct-v1-emperor|emperor|皇帝|皇帝 ;; ct-v1-time-travel|time-travel|穿越|穿越
nrv_acb2e3d7b93fdedb433aaf60,"[""RAW_LANGUAGE_SCOPE_V1"",""[\""number\"",\""5\""]"",[""string"",""葡语""]]",Submisso Ao Seu Amor,"Vendo o namorado flertando com outra mulher, Gabrielle não conseguiu conter a raiva e o enfrontou. Na disputa, ela foi empurrada para trás e prestes a cair. No entanto, ela caiu num abraço quente envolvendo suas costas e um perfume familiar de perfume.
O homem que a segurou era Alston, o CEO da empresa onde ela fez uma entrevista. 
Ela pensou que era o primeiro encontro deles, mas era o reencontro para ele. Ele estava sentindo falta dela há anos.
Agora que ele tinha outra chance de tê-la, ele nunca a deixaria ir dessa vez.",1,ct-v1-wealthy-ceo|wealthy-ceo|豪门总裁|CEO
nrv_acbda11414a632a97d263e06,"[""RAW_LANGUAGE_SCOPE_V1"",""[\""number\"",\""20\""]"",[""null""]]",養狐爲妃：高冷攝政王夫君,"東晉攝政王冰顏玉姿，風華傾世，據說愛慕他的女子可繞東晉皇城三圈有餘！ 東晉攝政王位高權重，喜怒無常，據說某只幼狐闖入他的浴池居然沒死！ 東晉攝政王身有潔癖，不沾女色，據說唯獨寵愛那只幼狐，甚至抱狐睡覺！ 賊老天！你坑姐！姐是人啊！卻讓姐穿越成狐整天被美男調戲玩耍？ 既然如此，姐就吃你、喝你、用你、玩你、睡你……
",1,ct-v1-time-travel|time-travel|穿越|穿越
nrv_ae1de435cf6d90a88dffa212,"[""RAW_LANGUAGE_SCOPE_V1"",""[\""number\"",\""4\""]"",[""string"",""西语""]]",Siempre serás mía,"Alexander regresó a Río de Janeiro después de cinco años viviendo en Francia. El CEO se sorprendió al encontrar a su ex con un hijo. Nicole no estaba preparada para un enfrentamiento con Alexander. Durante años, ella cuidó al pequeño Alex y se ocupó del trabajo con la esperanza de escapar del pasado. Sin embargo, el destino le devolvió lo que aún trataba de olvidar. Después de años de no saber nada del hombre que la abandonó, ella no reveló los motivos que la llevaron a ocultar la existencia del niño.
En busca de la verdad, el Doctor Alexander Bittencourt intenta acercarse con la esperanza de redimirse de los errores del pasado. Pero, hay una barrera construida por el egoísmo y la posesividad.
 
¿Podrían el tiempo o las omisiones destruir el amor verdadero?
A veces el destino nos reparte una jugada extraña y cambia los caminos de la vida
 
El libro Siempre serás mía cuenta la historia romántica y sensual de dos jóvenes enamorados que fueron separados por las desgracias de la vida. Un drama lleno de deseo y pasión, pero con un pasado misterioso y un abismo de dolor.
 
",1,ct-v1-wealthy-ceo|wealthy-ceo|豪门总裁|CEO
nrv_afe44b81e567fe78a1549f96,"[""RAW_LANGUAGE_SCOPE_V1"",""[\""number\"",\""19\""]"",[""null""]]",殿下，本后有喜了,耸立百年的宫殿在烈火中倒塌，大周公主坠楼而亡，举国覆灭！重生一世，安瑾成了敌国丞相府的大公子，女扮男装深入敌后步步为营。虐渣男，斗国师，揭开灭国真相。化身护国公主，安瑾要光复大周国的荣光，却被人锁住了手脚。“王爷，您抱错了人吧？”“没错，本王刚刚验过，货真价实！”安瑾气疯，想咬死这色胚。世子惨败前来求饶，直接被安瑾一脚踹开。“哪来的狗东西，别脏了本公子的鞋！”王爷瞧着世子的惨样淡淡一笑：“拖出去喂狗！”至此，王爷便在宠妻的道路上，一去不复返了。皇后：“相公，为妻要去闯荡江湖！”皇帝：“娘子稍等，等朕把皇位传给太子，朕陪你一起去闯，如何？”太子：“坑爹的父母！”,3,ct-v1-crown-prince|crown-prince|太子|太子 ;; ct-v1-princess|princess|公主|公主 ;; ct-v1-emperor|emperor|皇帝|皇帝
nrv_afeee39dff4f2808033e3b3c,"[""RAW_LANGUAGE_SCOPE_V1"",""[\""number\"",\""19\""]"",[""null""]]",萌宝联结：总裁爹地宠爆了,【团宠+萌宝+男女互宠】被 好‘闺蜜设计意外失了清白，苏沫狼狈回家，亲爸为事业要把她送给秃顶老男人，她果断逃走，六年后，苏沫带着萌宝蜕变归来，誓要把害她的人统统踩在脚下，这时某个尊贵显赫，呼风唤雨的霸道男人把她压在墙角。苏沫脸色通红：“盛总，请你自重。”这时男人身后冒出一个和她儿子们一模一样的萌宝，不满道：”爹地，你到底行不行？不行就我来。“苏沫目瞪口呆，什么？这男人是孩子们的亲爹？？？,1,ct-v1-ensemble-darling|ensemble-darling|团宠|团宠
nrv_b308dcca8c0ef84fd2945f2c,"[""RAW_LANGUAGE_SCOPE_V1"",""[\""number\"",\""20\""]"",[""null""]]",邪王的金牌蛇妃,"
她,二十一世紀皇帝級殺手,無情無愛無心.一朝身死,淪為雲府醜顏花癡廢柴女.

再睜眼,廢柴的身軀注入了王者之魄,殺伐狠絕,嗜血殘暴.身懷馭蛇之能,坐擁逆天神器,她已不再是人人可欺的她!

一不小心,惹上某隻妖孽.妖孽太傾城,腹黑狡詐又牛逼,某女繞牆,默默遁走.某隻妖孽坐在牆頭:「女人,你逃不掉了.」

廢柴逆天,妖孽追隨,後面還跟著一羣蛇寶寶,且看一代馭蛇女皇君臨天下,如何變得牛叉叉!
",1,ct-v1-emperor|emperor|皇帝|皇帝
nrv_b5620f95b3e83d018b933e68,"[""RAW_LANGUAGE_SCOPE_V1"",""[\""number\"",\""3\""]"",[""string"",""英语""]]",A Virgin For The Mafia Prince ,"Elena's world takes a wild spin when the rugged Mafia prince, Dante, chooses to wed her over her cousin, Antonia. Facing her abusive family's wrath for allegedly enchanting the mafia prince, Elena's heart remains loyal to her true love, Isaac, whom she plans to escape with.

Against her wishes, Dante seals their marriage fate, leaving Elena helpless. Yet, Dante's love for her is boundless, until a sudden twist frames her for betrayal. Unfazed, Dante turns cold and ruthless, opting to marry her cousin.

As Dante's cruelty escalates, a shocking revelation unveils the truth behind the false accusation. But it's too late – Elena's heart, once warmed by their love, turns icy. Despite Dante's desperate attempts to mend their shattered connection, the wounds of betrayal threaten to forever shatter their once-promising love story.",2,ct-v1-betrayal|betrayal|背叛|betrayal ;; ct-v1-marriage|marriage|婚姻题材|marriage
nrv_b5768224cb782170dc344b88,"[""RAW_LANGUAGE_SCOPE_V1"",""[\""number\"",\""6\""]"",[""string"",""法语""]]",Sous le regard de la déesse ,"Sous une lune pleine d'argent, un hurlement traversa les cieux, résonnant à travers la forêt silencieuse. Cora, une jeune femme au regard perçant, se tenait au bord du ruisseau. Elle scrutait les ombres qui dansaient sous la lumière de la lune, ses sens éveillés, chaque fibre de son être en alerte.

Elle sentait la présence de Sinclair avant même de l'apercevoir. Ce n'était pas seulement l'odeur familière de la forêt qui l'annonçait, mais la force magnétique de son aura, celle d'un alpha, inébranlable et autoritaire. Sinclair émergea des ombres, ses yeux dorés captant la lumière lunaire d'une manière presque surnaturelle. Le loup en lui rugissait pour s'affirmer, et pourtant, il la fixait avec un mélange de douceur et de résolution, comme s'il cherchait une approbation qu'elle seule pouvait lui offrir.

« Cora, murmura-t-il d'une voix rauque, c'est toi que la Déesse a choisie pour être ma Luna. »

Un frisson la traversa. Ce rôle sacré, protectrice et guide des âmes égarées de la meute, n'était pas une simple responsabilité. C'était un lien forgé par la Déesse elle-même, une union qui transcendait le monde des mortels et liait leurs âmes pour l'éternité.

Pourtant, Cora doutait. Depuis des générations, la malédiction hantait leur lignée, comme une ombre planant sur chaque héritière de la meute. Elle sentait le poids des espoirs de son clan, mais aussi la menace des ennemis tapis dans l'ombre, prêts à défier son droit à ce titre.

Sinclair avança d'un pas, son regard intense fixé sur elle. « J'ai confiance en toi, Cora. Ensemble, nous protégerons la meute et honorerons la volonté de la Déesse. »

Sous la lumière de la lune, un pacte silencieux se forma entre eux, et Cora comprit qu'il n'y aurait plus de retour en arrière.

",2,ct-v1-werewolf-luna|werewolf-luna|Luna（狼人女首领）|Luna ;; ct-v1-werewolf-alpha|werewolf-alpha|Alpha（狼人首领）|alpha
nrv_b66ab738e8638a213ac5da01,"[""RAW_LANGUAGE_SCOPE_V1"",""[\""number\"",\""16\""]"",[""string"",""德语""]]",Dem Biest geopfert: Die wolflose Gefährtin,"Heute war die prächtige Hochzeit meines Vaters, des Alphas, mit einer Frau, die kaum älter war als ich – ausgerechnet am Todestag meiner leiblichen Mutter.

Als wolflose Tochter war ich ohnehin der Schandfleck des Rudels, doch meiner neuen Stiefmutter reichte das nicht. Sie zerstörte absichtlich die Halskette meiner Mutter, mein letztes Andenken.

Als ich wütend aufschrie, schlug mir mein eigener Vater hart ins Gesicht.

„Du wirst lernen, deine neue Luna zu respektieren"", knurrte er kalt.

Ich weigerte mich, schwor mich vor allen von dieser Familie los, und die Strafe folgte sofort: Mein Vater verurteilte mich zum Tode.

Er schickte mich als Tribut an den verfluchten Lykaner-König, ein Monster, dessen inneres Biest jede Wölfin gnadenlos in Stücke riss. Meine Schwester lächelte triumphierend, als man mich in den dunklen Gefangenenwagen zerrte, denn niemand kehrte jemals vom Black Mountain Court zurück.

In den kalten Kerkern des Schlosses wartete ich auf mein grausames Ende, bis die Wärterin mir höhnisch verriet, warum der König mordete: Es war der Geruch des weiblichen Wolfsgeistes, der ihn in den blutigen Wahnsinn trieb. Sie lachte und nannte mich einen geschmacklosen Defekt, ohne zu ahnen, was das wirklich bedeutete.

Ich hatte keinen inneren Wolf und somit keinen Geruch.

Als man mich in die dunklen Gemächer der Bestie stieß und die schweren Türen verriegelte, wartete ich auf das tödliche Brüllen, doch es blieb totenstill. Aus den Schatten starrten mich nur verwirrte Augen an, denn der Fluch wirkte bei mir nicht – und genau das würde meine Waffe werden, um meiner Familie die Hölle auf Erden zu bereiten.",1,ct-v1-werewolf-luna|werewolf-luna|Luna（狼人女首领）|Luna
nrv_b6bd189dd507e9dfca1590c4,"[""RAW_LANGUAGE_SCOPE_V1"",""[\""number\"",\""16\""]"",[""string"",""德语""]]",Das Verlorene Rudel,"Vor sechs Jahren habe ich alles dem Jungen gegeben, der meine Welt in Brand gesetzt hat – mein Herz, meinen Körper, mein Vertrauen. Am nächsten Tag verschwand er ohne ein Wort. 

Seitdem war das Leben nicht freundlich zu mir. In derselben Woche, in der ich mein neugeborenes Kind nach Hause brachte, begrub ich meine Eltern. Mit nur achtzehn Jahren wurde ich Mutter und zugleich die Vormundin meiner fünfzehnjährigen Schwester und kämpfte ums Überleben unter der Last all dessen. Als ich schließlich dachte, ich hätte Stabilität in einem liebevollen Ehemann gefunden, stellte ich fest, dass er ein Doppelleben mit einer anderen Frau führte. 

Jetzt reagiert mein Sohn Jaxon rebellisch, ist wütend auf die Welt und trägt Wunden, die ich nicht heilen kann. Wieder ein Anruf von der Schule, diesmal wegen eines Schulverweises. Ich wusste, wir konnten nicht länger so tun, als wäre alles in Ordnung. Wir brauchten einen Neuanfang. 

Ich hätte nie erwartet, dass dieser Neuanfang mich in eine verschlafene Bergstadt führen würde, die ein gefährliches Geheimnis birgt... oder zu ihm. 

Denn diese Stadt grenzt an ein verborgenes Rudel von Wolfswandlern, und ihr Alpha ist niemand anderes als der Junge, der vor sechs Jahren verschwunden ist. 

Der gleiche Junge, der nicht weiß, dass er mir mehr hinterlassen hat als ein gebrochenes Herz...

Er hat mir seinen Sohn hinterlassen. 

Warnung! Diese Geschichte ist ein Reverse-Harem und enthält explizite Szenen, einschließlich BxB-Inhalten. ",1,ct-v1-werewolf-alpha|werewolf-alpha|Alpha（狼人首领）|Alpha
nrv_b946d9248a696e016070bfc7,"[""RAW_LANGUAGE_SCOPE_V1"",""[\""number\"",\""20\""]"",[""null""]]",嫡女策：權王傾天下,"她是穿越而來的鬼魅閻羅，重活一世，她只想恣意隨性的活一生。
但天不遂人願。
一紙婚書，她被親父逼著為她人替嫁。
一場刺殺，她與未婚夫婿捲入權鬥陰謀。
原本想金蟬脫殼不問世事，卻不曾想——
恩師失蹤，下落不明，無名人追殺，她無處可逃。
為活命，她藏匿侯府，隻身入局，查清真相。
才知她身世成謎，註定做不了閒雲野鶴之人。
所幸有一人，始終伴她身旁。
“你不想要這天下，我便不爭，你想要，我便為你取來。”",2,ct-v1-time-travel|time-travel|穿越|穿越 ;; ct-v1-substitute-marriage|substitute-marriage|替嫁|替嫁
nrv_b96f05020b5a0f80252e63a7,"[""RAW_LANGUAGE_SCOPE_V1"",""[\""number\"",\""6\""]"",[""string"",""法语""]]",L'épouse divorcée choyée par le magnat,"Pendant trois ans, Cathryn et son mari Liam ont vécu un mariage sans intimité. Elle croyait que Liam se noyait dans le travail pour leur avenir. 

Mais le jour où sa mère est décédée, elle a découvert la vérité : il la trompait avec sa demi-sœur depuis leur nuit de noces. 

Elle a abandonné tout espoir et a demandé le divorce. Les moqueries ont suivi, elle reviendrait en rampant, disaient-ils. 

Cependant, les choses se sont avérées tout à fait contraires : Liam était à genoux sous la pluie. 

Lorsqu'un journaliste a demandé Cathryn si elle envisageait de se remettre avec lui, elle a haussé les épaules. « Il n'a aucune estime de soi et ne fera que me harceler sans cesse. »

Un magnat puissant a passé un bras autour de ses épaules. « Quiconque convoite ma femme en paiera le prix. »",1,ct-v1-divorce|divorce|离婚|divorce
nrv_b9d5920eeb3fda38e899997b,"[""RAW_LANGUAGE_SCOPE_V1"",""[\""number\"",\""3\""]"",[""string"",""英语""]]",SEVEN KNIGTH,"
""I know you are wondering why you are so special and who you really are.If you want to know the source of your powers come to the 9t warehouse at 7b vile estate by 9:00pm . I will be waiting."" 
Mysterious message popped up on seven different people phones at the same time . As they found out the reasons of there supernatural powers . They must work together to protect the humans and supernatural realm from the evil Viamper King.",1,ct-v1-supernatural|supernatural|灵异|supernatural
nrv_bcaeb917d4eaa0e914b7bf5f,"[""RAW_LANGUAGE_SCOPE_V1"",""[\""number\"",\""4\""]"",[""string"",""西语""]]",Entre las redes,"Romance en tiempos modernos. Los personajes se caracterizan por no tener nombres ni mucha descripción física,  ya que mi intención es que puedas imaginar a Esa persona especial, y así tu imaginación te brindará una experiencia nueva.",1,ct-v1-romance|romance|言情|Romance
nrv_bdab21cdbe0617ee03121ff1,"[""RAW_LANGUAGE_SCOPE_V1"",""[\""number\"",\""3\""]"",[""string"",""英语""]]",Love's Limit,"Because of the mysterious disappearance of his best friend, Uri Wayne has to ask for the help of Alex Dominic - the captain of the FBI task force team who is a talented man but cold, domineering and enigmatic.


From there, Uri discovers a shocking secret: another influence exists parallel to humanity, possessing thousands of times stronger than humans. They are cruel, barbaric, and loveless. It's the Vampire World.


Since then, Uri's peaceful life has been turned upside down. Like fate was destined, he and Alex would not stop being entangled. Two seemingly unrelated people are caught up in the whirlpool of crime and intrigue.


A cruel conspiracy was meticulously planned.


Who is the person behind it all?


When love between humans and vampires is taboo, will love be great enough to defeat all limits?!


When night falls, that's when a crime is most obvious...


",2,ct-v1-crime|crime|犯罪|crime ;; ct-v1-vampire|vampire|吸血鬼|Vampire
nrv_c5fcc25852510e8a1d1646c6,"[""RAW_LANGUAGE_SCOPE_V1"",""[\""number\"",\""3\""]"",[""string"",""英语""]]",Wired For His Betrayal,"The cold silver wires felt like ice against my skin, a stark contrast to the familiar warmth of my lab.

Three years of my life, three years of marriage, were supposed to lead to our shared triumph, not this.

Not me strapped to a chair in our penthouse, the neural interface humming ominously as it pressed against my temple.

This was Mark' s project, but it was my creation.

The MindSync algorithm was my soul, coded into existence.

I, Ava Green, a software engineer who believed in technology that could connect people, had designed it to personalize user experience on a level never seen before.

I gave it to my husband, Mark, the brilliant tech CEO I loved, the man I thought loved me.

He re-engineered MindSync to extract a user\'s deepest desires, their most private emotional data, turning human feeling into a commodity he could monetize for unparalleled market control.

And I never knew.

 ""Ava, Sophia\'s condition is agonizing,""  he said, his voice flat.  ""Only your personalized MindSync can truly help her. Your emotional core is the key."" 

He didn\'t look at my tears.

He watched the monitor, tracking the progress of the extraction.

The machine whirred to life, and a piercing pain shot through my skull.

It felt like my thoughts were being ripped out one by one, my memories shredded, my feelings siphoned away into the humming device.

Tears streamed down my face.

 ""Mark, why?""  I begged, my voice cracking.

He looked at me like I was a piece of hardware.

When it was over, he detached the wires.

I slumped in the chair, a hollowed-out shell.

The vibrant world of emotions I once lived in was gone, replaced by a gray, empty void.

He handled the glowing data chip with more care than he had ever shown me.

I became a shadow, following him from a distance, a desperate attempt to stay connected to the last piece of myself.

Without the MindSync core, my cognitive functions were degrading.

My mind would fray, my thoughts would unravel, and soon I would be a vegetable.

Mark never offered to help.

 ""You\'re not human, how could you possibly understand her pain?""  he said, his voice sharp.

Three years of marriage, and in his eyes, I was just a tool.

I managed to get inside the building, my movements stiff and uncoordinated.

I found them in the lobby.

Sophia, seeing me, feigned surprise and shrank into Mark\'s arms.

 ""Can I have my MindSync back?""  I asked, my voice thin.

 ""That\'s just a shell now, it' s useless to you,""  he said dismissively.  ""It' s for the greater good."" 

My last hope, my only chance.

My decision was made.

I would take back what was mine.",2,ct-v1-wealthy-ceo|wealthy-ceo|豪门总裁|CEO ;; ct-v1-marriage|marriage|婚姻题材|marriage
nrv_c66b8eb80e6e51b3fca22aba,"[""RAW_LANGUAGE_SCOPE_V1"",""[\""number\"",\""4\""]"",[""string"",""西语""]]",Arquitecto en sombra,"Era el arquitecto estrella de ""Estudio Cénit"", una empresa que levanté de la nada con mi prometida, Isabela. Nuestras vidas parecían un sueño, hasta que hallé un error fatal en el diseño de Leo, el protegido inepto de Isabela.

Al revelar que su negligencia causaría el colapso de un rascacielos, Isabela me humilló públicamente, exigiendo que me convirtiera en la sombra de Leo.

Me negué.

Le devolví el anillo y renuncié a nuestra firma.

El golpe más duro llegó después: ¡Isabela había vaciado mis cuentas bancarias durante ocho años enteros! Estaba en la miseria.

Leo y ella se burlaron de mi desgracia, me acusaron falsamente de espionaje y difamaron mi nombre, destruyendo mi reputación y mi futuro.

¿Mi prometida, la mujer que amaba, me había apuñalado así?

Mi esfuerzo, mis sueños, mi vida entera, reducidos a cenizas por su traición y ambición.

La incredulidad se tornó en una rabia helada.

¿Cómo pudo ser tan cruel?

En mi hora más oscura, recordé la propuesta de Ricardo Vega, el poderoso CEO de ""Vértice Global"", la firma de arquitectura líder mundial.

Le hice una llamada.

""Estoy listo"", le dije, sellando mi resurgimiento y el inicio de mi venganza.",1,ct-v1-wealthy-ceo|wealthy-ceo|豪门总裁|CEO
nrv_c6d41bc417942d7b6d5a2ef6,"[""RAW_LANGUAGE_SCOPE_V1"",""[\""number\"",\""3\""]"",[""string"",""英语""]]",Outcast of the Unions ,"Sisters; Ainsley and Ashton live blissfully unaware of the war until their father, a covert Union soldier, brutally murders their mother.
Forced to flee, the sisters become outcasts, abandoned and alone. Their lives take a drastic turn when Alfie, a soldier, rescues them. Under his guidance, Ainsley and Ashton undergo rigorous training, transforming into skilled fighters ready to take on the Unions. 
Will they forgive their father?
How will they fight their enemies?",1,ct-v1-military|military|军旅|soldier
nrv_c78c470f29a353565c84312e,"[""RAW_LANGUAGE_SCOPE_V1"",""[\""number\"",\""3\""]"",[""string"",""英语""]]",FORBIDDEN PLEASURE,"This book is a compilation of short erotic stories which includes forbidden romance, dominating & Submissive romance, erotic romance and taboo romance, with cliffhangers. This book is a work of fiction and any resemblance to persons, living or dead, or places, events or locales is purely coincidental.This Erotic collection is loaded with hot, graphic sex! It is intended only for adults over the age of 18 and all characters are represented as 18 or over.
",2,ct-v1-mature-content|mature-content|成人向内容|erotic ;; ct-v1-romance|romance|言情|romance
nrv_c886312f7a3518bce2f7b730,"[""RAW_LANGUAGE_SCOPE_V1"",""[\""number\"",\""16\""]"",[""string"",""德语""]]",Von der verstoßenen Gefährtin zum Gamma des Feindes,"Sieben Jahre lang war ich die treue Gefährtin von Alpha Zane, bereit, an unserem heutigen Jubiläum endlich seine Luna zu werden. Ich kannte jede seiner Vorlieben und opferte alles für sein Rudel.

Doch als ich ihn überraschen wollte, belauschte ich ihn in seinem Arbeitszimmer.

„Ihre Blutlinie ist gewöhnlich. Sie war nur ein nützliches Werkzeug. Seraphina bringt uns die wahre Macht.“

Meine Welt zerbrach. Am nächsten Morgen stellte er mir Seraphina vor, als wäre ich nur ein unbedeutendes Dienstmädchen. Ich hinterließ ihm einen formellen Brief, um unsere Gefährtenbindung zu lösen, und verließ das Blackwood-Territorium für immer. Aber Zane las meinen Abschied nicht einmal. Er warf ihn achtlos beiseite, bis ein Putzmann ihn im Kamin verbrannte. Während ich in die feindliche Wildnis floh, stieß er vor dem gesamten Rudel öffentlich auf seine neue Zukunft mit Seraphina an und löschte meine Existenz einfach aus.

Das Schlimmste war nicht der Verrat, sondern seine absolute Gleichgültigkeit. Tage später drang er plötzlich über unsere Gedankenverbindung in meinen Kopf ein und befahl mir kalt, ihm Akten zu bringen. Er hatte nicht einmal bemerkt, dass ich weg war. Für ihn war ich nur ein gehorsamer Hund, der in seinem Zimmer schmollte und darauf wartete, wieder an die Leine genommen zu werden.

In diesem Moment blockte ich unsere Verbindung endgültig ab. Ich schloss mich dem verfeindeten Sterling-Rudel an und erkämpfte mir den Rang ihres obersten Militärstrategen. Heute Abend bin ich auf eine Feier in meinem alten Rudel eingeladen. Ich werde dorthin gehen, aber nicht als weinende Ex, sondern um Zanes wichtigstes Territorium an seinen größten Feind zu übergeben.",2,ct-v1-werewolf-luna|werewolf-luna|Luna（狼人女首领）|Luna ;; ct-v1-werewolf-alpha|werewolf-alpha|Alpha（狼人首领）|Alpha
nrv_c9bad565098666339b327119,"[""RAW_LANGUAGE_SCOPE_V1"",""[\""number\"",\""5\""]"",[""string"",""葡语""]]","Tarde Demais, Meu Ex Herdeiro da Máfia","Meu noivo há sete anos, o herdeiro de uma dinastia do crime organizado, alegou ter amnésia três semanas antes do nosso casamento, esquecendo apenas de mim. Então, eu o ouvi rindo em uma videochamada, chamando isso de ""passe livre"" perfeito para dormir com uma influenciadora antes de se amarrar.

Ele exibia seu caso, me abandonou com um braço quebrado após um acidente de carro forjado para salvá-la de um arranhão, e planejou me deixar sem teto. Ele me chamou de sua ""propriedade"", uma boneca com a qual ele podia brincar e colocar de volta na prateleira quando terminasse.

Ele pensou que eu estaria esperando por sua ""recuperação milagrosa"". Em vez disso, eu desapareci, deixando para trás seu anel e um bilhete simples: ""Eu me lembro de tudo. Eu também.""",1,ct-v1-crime|crime|犯罪|crime
nrv_cc2ac31d5ce2966c4cfdaabf,"[""RAW_LANGUAGE_SCOPE_V1"",""[\""number\"",\""6\""]"",[""string"",""法语""]]",Le Regret de l'Alpha : La Louve Blanche qu'il a Rejetée,"Ma sœur, la future Luna adulée de la meute, se mourait d'une insuffisance rénale.

Axel Beaumont, l'Alpha Suprême et l'homme que j'aimais en secret depuis toujours, a utilisé sa Voix d'Alpha pour forcer le stylo dans ma main tremblante.

« Signe ces papiers, Jana », gronda-t-il, ses yeux brillant d'une lueur rouge prédatrice. « Arrête d'être égoïste. Kylia a besoin d'une greffe, et tu es la seule compatible. »

J'ai essayé de le supplier. J'ai essayé de lui dire que je ne survivrais pas à l'opération.

J'ai essayé de lui dire que j'avais déjà secrètement donné un rein à notre père cinq ans plus tôt – un sacrifice dont ma sœur s'était attribué tout le mérite.

Mais Axel m'a jeté une pile de scanners médicaux falsifiés au visage.

« Arrête de mentir pour sauver ta peau », cracha-t-il. « Tu es une Oméga inutile, une sans-loup. C'est ta seule chance de servir à quelque chose pour cette meute. »

Il ne savait pas que Kylia m'empoisonnait à l'aconit depuis dix ans pour réprimer ma Louve Blanche intérieure.

Il ne savait pas que l'anesthésie ne fonctionnerait pas sur mon corps empoisonné.

J'ai senti chaque centimètre du scalpel en argent pur alors qu'ils m'ouvraient pour prélever mon unique rein restant.

Je suis morte sur cette table, en écoutant l'homme que j'aimais me traiter de comédienne.

Mais la mort n'était pas la fin. Mon esprit flottait au-dessus du chaos, observant le visage du chirurgien pâlir d'horreur.

« Elle n'en avait qu'un ! » hurla le médecin, brandissant l'organe noirci. « Alpha, regardez les anciennes cicatrices ! On vient de la tuer ! »

Ce n'est qu'après l'arrêt de mon cœur que les médicaments masquant mon odeur se sont dissipés.

Axel est tombé à genoux dans la pièce inondée de sang, sentant enfin ce parfum de pluie et de pin qu'il avait cherché toute sa vie.

Il a réalisé qu'il venait de massacrer sa véritable partenaire pour sauver une menteuse.

« Jana ? » hurla-t-il, griffant sa poitrine.

Mais j'étais déjà partie.",1,ct-v1-werewolf-luna|werewolf-luna|Luna（狼人女首领）|Luna
nrv_ce86468b49ae3489ada87817,"[""RAW_LANGUAGE_SCOPE_V1"",""[\""number\"",\""20\""]"",[""null""]]",御妖：我的寵物全是衝主逆獸,妖魔世界，人類和妖魔共存，靠馴服妖魔對戰，生活，冒險。還有專門培育妖魔訓練師的學校。藏鋒穿越妖魔世界，獲得提示系統。通過提示，得知稀有妖魔在哪，如何捕捉，如何進行隱藏進化。從此，訓練師學院中，多了一個奇蹟傳說。,1,ct-v1-time-travel|time-travel|穿越|穿越
nrv_cef8dbbc83feacaf7bb2de5d,"[""RAW_LANGUAGE_SCOPE_V1"",""[\""number\"",\""3\""]"",[""string"",""英语""]]",Craving The Forbidden ,"🔞 Contents are highly explicit.

""Today, I'll teach you, Nick, how to make a woman cum effortlessly."" She tells Nick. 

Turning to Isla, the hot sexologist says, ""Today, your fantasy will become a reality. Ready?""
**
The forbidden fruit, they say, has the sweetest taste, so this collection of hot, steamy ales is here to satisfy your cravings and keep your desires flaring. 

The book contains completely unconventional stories that break inhibitions. Filled with love, passion, and forbidden cravings, the book will leave you wet and needy with each new page you turn to. 
Want a taste of the forbidden fruit? Dive in.",1,ct-v1-fantasy|fantasy|奇幻|fantasy
nrv_cf9364f69d373c7d99a2b905,"[""RAW_LANGUAGE_SCOPE_V1"",""[\""number\"",\""3\""]"",[""string"",""英语""]]",Wuthering height,"Wuthering Heights is a classic novel by Alex Emmanuel.
The novel delves into themes of love, revenge, and the destructive power of obsession. Heathcliff is consumed with his love for Catherine, and his revenge against those who stood in the way of their relationship. As the story unfolds, it becomes clear that Heathcliff's desires have driven both himself and those around him to madness and destruction.

The novel also explores the class divide and social norms of the time period, with Heathcliff's lowly origins being one of the key factors in his inability to have a proper relationship with Catherine, who comes from a wealthy and respectable family.

Overall, Wuthering Heights is a haunting and intense novel that explores the darker sides of human nature. Its themes and characters continue to resonate with readers today.",1,ct-v1-revenge|revenge|复仇|revenge
nrv_d31e997dd23a739fc7820ab7,"[""RAW_LANGUAGE_SCOPE_V1"",""[\""number\"",\""20\""]"",[""null""]]","絕色狂妃:王爺,來入贅","
雲輕狂前世為第一殺手,高貴冷豔,嗜血無雙.

重生後她卻成了東霄國雲家第一廢柴,奇醜無比,低賤如蟻.

後母毒辣,嫡姐陰狠,庶妹囂張,就連個丫鬟也能往她頭上踩!

強魂再世,誰還敢說她是天生廢物?

豔傾天下,傭兵在手,焚天大陸最為狂傲尊貴的男人寵她上天,驕傲不羈的東霄太子視她為夢中女神,五大神獸甘願為她倒水捶背.

某妖孽企圖翻身做主人,將她壓在身下殷勤地笑道:「承蒙雲爺收留,小的一定裡裡外外都把雲爺伺候好了......」

雲輕狂冷笑,一掌拍飛之:「妖孽,我一心向往把異界鬧個雞飛狗跳,你能滾一邊別妨礙爺麼?」

且看廢柴如何完美逆襲,醜女如何變身女神,雲爺如何寵冠後宮,手執妖孽,笑傲天下!
",2,ct-v1-crown-prince|crown-prince|太子|太子 ;; ct-v1-rebirth|rebirth|重生|重生
nrv_d49b7f10bc8f52278a183481,"[""RAW_LANGUAGE_SCOPE_V1"",""[\""number\"",\""3\""]"",[""string"",""英语""]]",Bound By The Legacy Pact: My Protector,"The crystal chandeliers of the Plaza Hotel screamed money, framing the wedding of Chelsea Grimes and Julian Davidson as the ultimate corporate merger. But as the officiant prepared to unite two of the city's most powerful dynasties, the heavy double doors didn't just open-they exploded inward.

Gideon Combs stood in the wreckage, a man in a frayed trench coat and grime-caked boots, looking like a stain on a pristine canvas. He wasn't there to object; he was there to enforce a ""Legacy Pact,"" coldly informing the bride that her debt to a dead man hadn't been fulfilled and she didn't get to walk away.

In seconds, the ballroom turned into a butchery as Gideon dismantled elite bodyguards with nothing but a broken wine bottle, eventually sending the groom flying into a tower of shattering champagne glass. When the military arrived, the room expected a firing squad, but instead, a four-star General snapped a sharp salute to the ""vagrant,"" calling him a national asset. My family, the Singletons, saw this as a threat rather than a salvation; when I chose to stand by Gideon, my own grandmother stripped me of my keys, my cards, and my inheritance, casting me out into the pouring rain.

I couldn't wrap my head around why the world's most powerful men trembled at the mention of Gideon's mentor, or what secret was etched into the black iron ring on his finger. I had traded my billionaire lifestyle for a man who looked like a drifter but fought like a god, and I had no idea if he was my protector or my ultimate ruin.

As we stood on the sidewalk with nothing but twelve dollars and the clothes on our backs, Gideon's phone buzzed with a half-million-dollar bounty already active on the dark web. He didn't flinch; he just looked at the shadows closing in and whispered.

""Game on.""",1,ct-v1-military|military|军旅|military
nrv_d9aa3f969d5878363ad836ff,"[""RAW_LANGUAGE_SCOPE_V1"",""[\""number\"",\""3\""]"",[""string"",""英语""]]",The Debt of Deception,"My bank account was a graveyard of numbers, each one a testament to my crushing debt.

One hundred and fifty-two thousand, four hundred and eighty-one dollars and sixty-two cents, to be exact.

It all started when Jennifer Chavez, my ex-colleague, whispered about an impending grid collapse.

I believed her. I drained credit cards, took out high-interest loans, and filled my Portland apartment with freeze-dried food and solar generators.

Then Jennifer posted from Bali, ""#blessed.""

The grid never went down. My life, however, did.

Eviction notices piled up, and my phone wouldn't stop buzzing with collection calls.

I hated Jennifer. I hated her effortless success while I stared at a mountain of useless survival gear, suffocating under my own stupidity.

Just when I considered oblivion, my obnoxious upstairs neighbor, Sweet_Caroline, shrieked, ""I make more money in one of these livestreams than you probably make in a month.""

Something snapped.

What if I gave them an apocalypse?",1,ct-v1-apocalypse|apocalypse|末世|apocalypse
nrv_d9bfda749b49212d3185c418,"[""RAW_LANGUAGE_SCOPE_V1"",""[\""number\"",\""3\""]"",[""string"",""英语""]]",Montezuma's Daughter,"A series of misadventures lead Englishman Thomas Wingfield to join a Spanish expedition to New Spain. There he witnesses the first meeting between the conquerers and the natives, and the many abuses of the latter at the hands of the former. He marries the daughter of a native king, only to see his native family killed. He wreaks his revenge before returning to England.",1,ct-v1-revenge|revenge|复仇|revenge
nrv_d9f213f0500e1e57fb0898e8,"[""RAW_LANGUAGE_SCOPE_V1"",""[\""number\"",\""5\""]"",[""string"",""葡语""]]",A Maldição do Alfa,"""Você será minha esta noite, e me dará um herdeiro alfa...""

O mundo era cruel para aqueles que não eram abençoados pela deusa da Lua. Elowen era uma bruxa e seu povo era escravo do Rei Alfa no grande império dos lobos. Um dia ela foi escolhida por ele para ser sua escrava pessoal e mãe de seu filho, e assim seu inferno começaria naquele momento. 
Tharion era o Rei Alfa mais cruel de toda história do império dos lobos. Mas uma escrava o levará a loucura e tudo mudará quando a deusa da Lua abençoar o ventre da bruxa, fazendo tudo o que o rei acreditava mudar radicalmente.
Será possível um Rei Alfa cruel começar a amar? Uma bruxa poderia se tornar uma Luna? O filho gerado dessa união seria um bruxo ou um lobisomem? 

Livro 2: A Escolhida do Alfa

Livro 3: Apaixonada pelos gêmeos

Livro 4: De ômega a Alfa
",1,ct-v1-werewolf-luna|werewolf-luna|Luna（狼人女首领）|Luna
nrv_dcf7667a94c80b5d763bb826,"[""RAW_LANGUAGE_SCOPE_V1"",""[\""number\"",\""20\""]"",[""null""]]",掌上歡：戰王盛寵小醫妃,"她本是神醫世家傳人，卻意外穿成了爹不疼娘早逝的相府嫡長女。
穿越當日，便被誣陷成謀害侯府夫人的真兇。她力挽狂瀾，扭轉乾坤，自證清白。
她以為困境結束，卻不知她將面對的，是無盡深淵。
堂堂相府嫡女，過得四面楚歌，人人都能踩她一腳。
父親不管她的死活，繼母妹妹們以折磨她為樂，渣男未婚夫一心想踩著她往上爬，就連一母同胞的親弟弟，也是個吃裡扒外的東西！
於是她開始鬥渣男，虐繼母，收拾弟弟妹妹。
她在虐渣路上過得風生水起，卻不知何時招惹上戰王殿下。她幹壞事，他放風，她要殺人，他挖坑。
她終於忍不住了，“戰王殿下，我要想滅了這不公的人世，你也要幫嗎？”
他一臉無懼，“只要你在我身邊，縱然天下，我也能給你。”",2,ct-v1-legitimate-daughter|legitimate-daughter|嫡女|嫡女 ;; ct-v1-time-travel|time-travel|穿越|穿越
nrv_dd8e7869a64f6c743d1212bd,"[""RAW_LANGUAGE_SCOPE_V1"",""[\""number\"",\""3\""]"",[""string"",""英语""]]",Ms. CEO vs. Mr. CEO,"Alexandra Yang was simple but a terrible woman. Timothy Huang was also a terrible man. They fated to meet but will Timothy fall for her when he knew that Alexandra Yang was a more terrible than him?  She is a leader of underground organization, a lawyer and a CEO too? ",1,ct-v1-lawyer|lawyer|律师|lawyer
nrv_de6b8ed10d44798a323a5d36,"[""RAW_LANGUAGE_SCOPE_V1"",""[\""number\"",\""11\""]"",[""string"",""印尼""]]",Mantan Jadi Bos,"Karena tidak mau menjadi istri keempat dari direktur tempatnya bekerja, Alula harus menerima bahwa dirinya dipecat dari perusahaan itu. Parahnya lagi, dia dipecat tanpa mendapatkan pesangon. 

Alula sangat kesal karena dipecat dengan cara tidak terhormat. Padahal Alula harus bekerja untuk membantu perekonomian keluarganya setelah ayahnya meninggal.  Meski ibunya membuka warung kecil di kampung, ia tetap merasa bertanggung jawab untuk membantu perekonomian keluarga, apalagi saudara kembarnya masih duduk di bangku SMA.

Atas rekomendasi teman Alula, ia pun kembali mendapatkan pekerjaan. Sayangnya, CEO/bos di tempat Alula bekerja adalah mantan pacar Alula.  Dulu Alula memutuskan hubungan mereka tanpa alasan yang jelas.

  Menjadi CEO/bos dari  Alula tentu saja merupakan kesempatan emas bagi mantan pacar Alula untuk membalas dendam atas lukanya.

Alula yang awalnya sudah melupakan sang mantan, lambat laun mulai merasakan kembali benih-benih cinta yang dulu pernah ada, meskipun sang mantan sering membuatnya kesal, dan sakit hati. 

  Akankah Alula siap menerima balas dendam dari mantannya?",1,ct-v1-wealthy-ceo|wealthy-ceo|豪门总裁|CEO
nrv_dfceb7cbd9b02aa8740ccf1f,"[""RAW_LANGUAGE_SCOPE_V1"",""[\""number\"",\""20\""]"",[""null""]]",好運六零,"劉伊伊，代號椿鬼，原本是世界末日颶風基地得基地長，因爲喪屍王喪命，重生到類似地球平行空間的Z國，她不僅繼承了自己原來的異能，而且還多了一股莫名的神祕力量，由此開啓了在六七十年代撿撿撿，買買買，吃吃吃的蘇爽生活，本文是超級爽文，女豬腳有超級金手指。
  本以爲是一個種田流，沒想到竟然遇到了各種妖魔鬼怪，看來這個看似和平的世界也存在危險，她覺得有必要好好看看這個世界。",1,ct-v1-rebirth|rebirth|重生|重生
nrv_e079309d15a7a2bfddc69ca0,"[""RAW_LANGUAGE_SCOPE_V1"",""[\""number\"",\""20\""]"",[""null""]]",婉後傳,"元鼎元年，蕭家庶房長女蕭婉奉旨入宮.
三年之後，蕭家正房嫡女入宮，一族無二妃，她蕭婉是就此認命還是搏上一搏？
拼了性命生下的孩子，卻成為後宮的棋子，她蕭婉是選擇反抗還是順從？
原以為可以信賴的親信，轉眼間卻成了宮妃，而她卻是被栽贓陷害打入冷宮，她是選擇在冷宮孤老，還是放棄一切，重新踏上這條不歸路？
當她終於站在這後宮的至高位上，卻覺得內心淒涼，親情，愛情，友情，她最後到底還擁有什麼？
後宮四十載，什麼是世家女的悲哀，什麼又是她蕭婉的悲哀？",1,ct-v1-legitimate-daughter|legitimate-daughter|嫡女|嫡女
nrv_e0ec23c5200600298f466f63,"[""RAW_LANGUAGE_SCOPE_V1"",""[\""number\"",\""19\""]"",[""null""]]",都市异能高手,"《都市异能高手1》之异形魔兽战场.上
全系列讲述：7个普通都市男女，以平凡之躯，对抗生活中各种光怪陆离的奇幻事件。
秘书溶化，助理爆炸，以命换命，友情燃烧，爱情激荡，透明人来袭，机器公敌，尖端科技，东方赶鬼，西方驱魔，妖怪潜行……难道凡人只有死？
看异能高手翻云覆雨，对抗外星怪物入侵，拯救人类于末世之中！",3,ct-v1-apocalypse|apocalypse|末世|末世 ;; ct-v1-fantasy|fantasy|奇幻|奇幻 ;; ct-v1-secretary|secretary|秘书|秘书
nrv_e15b80f983b5702e3514059e,"[""RAW_LANGUAGE_SCOPE_V1"",""[\""number\"",\""6\""]"",[""string"",""法语""]]","Vœux brisés, l'implacable vengeance du sang","Pendant sept ans, j'ai investi la fortune de ma famille dans l'entreprise de mon mari, Chris, le Groupe Moreau. Puis, sa maîtresse, le Dr Camille Luna, a délibérément saboté l'opération de routine de mon père, le laissant branché à des machines qui le maintenaient artificiellement en vie.

Ils m'ont enfermée dans la chambre d'hôpital, une cage dorée, pendant que Chris ignorait mes appels frénétiques. Camille est apparue, un sourire cruel aux lèvres, me révélant une vérité terrifiante : chaque crise de ma vie – la mort de ma mère, un accident de voiture presque mortel, et même la fausse couche de ce que je croyais être notre bébé – tout avait été orchestré par eux.

« Il était avec moi à chaque fois », a-t-elle ricané. « Tu n'étais qu'un obstacle. »

Ils ont assassiné mon père en débranchant son assistance respiratoire sous mes yeux, tout ça parce que j'ai refusé de signer une décharge innocentant Camille de son crime. Chris m'a ensuite fait interner, m'a fait prélever mon sang pour leurs futurs projets de GPA, et a fait annuler notre mariage pour l'épouser.

Il pensait m'avoir effacée, m'avoir brisée complètement.

Mais il avait oublié le contrat de mariage sur lequel mon père avait insisté. Un contrat qui me laissait 25 % du Groupe Moreau. Maintenant, armée de ce dernier cadeau de mon père, je ne pleurerai pas. Je me vengerai.",2,ct-v1-crime|crime|犯罪|crime ;; ct-v1-werewolf-luna|werewolf-luna|Luna（狼人女首领）|Luna
nrv_e338dcf6e4fd28f65cac8ba7,"[""RAW_LANGUAGE_SCOPE_V1"",""[\""number\"",\""5\""]"",[""string"",""葡语""]]",O Segredo da Nova Babá do CEO,"Ela invadiu a cobertura dele para roubar uma fortuna, mas acabou roubando o coração da sua filha. Jinx é uma ladra de elite acostumada a não deixar rastros. Aeron Vale é um bilionário frio que não confia em ninguém. Quando o assalto perfeito dá errado, Jinx é confundida com a nova babá e, para não ser presa, aceita o papel. Agora, sob o disfarce da desajeitada Sarah, ela tem acesso livre à mansão e ao cofre. O plano é simples: encontrar o chip, roubá-lo e sumir. Mas há dois problemas: a pequena Luna, que só fala com ela, e a atração avassaladora que Aeron sente por sua nova funcionária mentirosa. Jinx está brincando com fogo. O que acontecerá quando o homem que ela deve destruir se tornar o único que ela quer proteger?",1,ct-v1-werewolf-luna|werewolf-luna|Luna（狼人女首领）|Luna
nrv_e47f944eb5e420aae6960463,"[""RAW_LANGUAGE_SCOPE_V1"",""[\""number\"",\""11\""]"",[""string"",""印尼""]]",SUAMI JANTANKU,"Hanya untuk pembaca dewasa dengan rating usia 21+

Kakak beradik Brian Teja Kusuma dan Thalita Teja Kusuma tak pernah menyangka bahwa mereka akan terjebak dalam pernikahan kilat dengan orang yang baru mereka kenal dalam hitungan hari.

Sebuah prasyarat untuk memenangkan tender mega proyek pembangunan resort di pulau dewata membuat Brian harus mencari istri kontrak, sedangkan adiknya tanpa diduga harus berurusan dengan rival bisnisnya karena one-night-stand saat ia mabuk di nightclub.

Dua gadis yang masih belia harus menjalani kehidupan pernikahan instan bersama dua suami ganteng nan perkasa yang usianya jauh di atas mereka. Adakah cinta hadir setelah pernikahan di atas kertas itu? Ataukah mereka harus mengakhiri hubungan suami istri tersebut usai mega proyek kedua pria itu selesai?

Temukan jawabannya hanya di novel karya terbaru Agneslovely2014, Suami Jantanku. Selamat membaca!",1,ct-v1-one-night-stand|one-night-stand|一夜情|one-night-stand
nrv_e545109fdd74586e714124a2,"[""RAW_LANGUAGE_SCOPE_V1"",""[\""number\"",\""22\""]"",[""string"",""土耳其语""]]","Onun Panzehiri, Kadının Izdırabı","Beş yıl boyunca Aras Karahan'ın kirli küçük sırrıydım. Bir teknoloji imparatorluğunun CEO'su olarak o bir kraldı, ama nadir bir nörotoksin onu bir mahkûma çevirmişti. Benim eşsiz biyokimyam onun tek panzehiriydi ve onu hayatta tutmak için saatlerce süren yakın temas gerekiyordu.

Beni, onu zehirleyen kişinin ben olduğuna ikna etmişti; onu iğrenç bir bağımlılığa hapsetmiş takıntılı bir sapık.

Bu gece, her zaman arzuladığımı söylediği ""ilgiyi"" bana verdi; en özel anlarımızın videosunu özel bir müzayedeye canlı yayınladı.

Teklifler yükselirken, beni yeni nişanlısı Lara ile tanıştırdı. Gerçek kurtarıcısının o olduğunu duyurdu. Ailesi, benim kanımdan elde edilen kalıcı bir tedavi geliştirmişti. Bu geceden sonra nihayet benden kurtulacaktı.

Her şeyi yanlış anlamıştı. Ben panzehirle doğmamıştım. Ben, çocukluğumdan beri sevdiğim adamı kurtarmak için gizli bir laboratuvarda bir yıl boyunca kendi genetik kodumu değiştiren, kendimi yaşayan bir tedaviye dönüştüren bir biyokimyagerdim.

Beni o odada, canlı yayın devam ederken bıraktı, kahkahası koridorda yankılanıyordu. Ona duyduğum aşk küle döndü.

Dışarı çıktım, bir ankesörlü telefon buldum ve gerçeği bilen tek kişiyi aradım.

""Öldüğümü sanmalarını sağlamana yardım etmeni istiyorum.""",1,ct-v1-wealthy-ceo|wealthy-ceo|豪门总裁|CEO
nrv_e845e2f5372c5714c534affb,"[""RAW_LANGUAGE_SCOPE_V1"",""[\""number\"",\""20\""]"",[""null""]]",奉旨二嫁:嫡女醫妃,"一朝穿越,醫毒雙絕的頂級僱傭兵竟成廢柴癡女醜八怪.
兩番設計,她被狼心狗肺的未婚夫夥同惡女踹進深淵.
被逼至集癱瘓,中毒,內傷,腦疾於一身的墨蒼雲的洞房,邪王冷笑,「想怎麼死?」
她手捏喜帕銀針,緩緩而笑,「王爺想怎麼活?」
*
「不好了!王妃要拆皇家寺院了!」
「累到王妃怎麼辦?去,幫她拆!」
「主子!不好了!王妃要闖宮中禁地!」
「去,把禁地開啟,讓王妃隨意參觀!」
「主子!不好了!王妃要揍皇上!」
「去,攔著大內密探,讓王妃揍得開心點!」
眾人憂心忡忡:「主子,這樣真的好嗎?」
",1,ct-v1-time-travel|time-travel|穿越|穿越
nrv_ea1162ef6352625c1ba3bd3c,"[""RAW_LANGUAGE_SCOPE_V1"",""[\""number\"",\""3\""]"",[""string"",""英语""]]","Beyond Her Lies, My True Destiny","The scholarship trophy, the culmination of years of relentless effort, was almost in my grasp.

Then the world tipped sideways, and Madison' s tear-streaked face appeared, her trembling finger pointing directly at me.

""She cheated,"" her voice echoed, accusing me of plagiarism in front of the entire faculty and student body.

That was the final blow in the ruthless campaign Madison, my seemingly innocent roommate, had waged against me ever since we moved in.

She' d subtly undermined my grades, isolated me from friends with ""worried"" lies about my sanity, and now, she' d orchestrated the destruction of my future.

Expelled, my name dragged through the mud, the shame a suffocating weight-I ended it all on a cold, rainy night, unable to bear the torment.

But then, a sharp poke jolted me awake.

""Chloe? Are you awake?"" Madison stood over me, holding a textbook, wearing that same vacant, innocent look I once fell for.

Professor Miller' s class. This was it. The very beginning of her calculated destruction.

Rage, pure and blinding, surged through me.

I snatched the textbook from her, tossed it, and pulled the covers over my head, my voice flat, ""Figure it out yourself.""

The silence that followed was deafening. She was confused.

I had a second chance. And this time, I wasn't just going to survive. I was going to make Madison pay for every single tear.",1,ct-v1-student|student|学生|student
nrv_eb05c2506f31ce1939049116,"[""RAW_LANGUAGE_SCOPE_V1"",""[\""number\"",\""19\""]"",[""null""]]",探险之寻找萤异草,"      首先介绍一下小说里的主人公吧　何澈-一名大学生，一个没事的时候玩玩游戏　打打篮球的大一新生。
     十五年前的一别，已经从曾经流着鼻涕的小鬼长成了如今帅气的大男孩。
     十五年前的一别，你还是那个有点害羞却十分要强的女孩，你知道吗？你的笑容一直给我似曾相识的味道。
     谢谢我们的相遇。谢谢心中一直不曾抹去的温柔。以后的时光，我希望我们可以一起从容的走下去。
     在以后的探险中，一起冲过无数磨难，甚至经历生死，终于想起来你是谁。原来我们早就见过，原来不是后会无期，原来并不是等不到你。
     宫洋-与何澈同宿舍的游戏迷…他们被迫无奈参加了一次探险，却不知道自己已深陷无数麻烦与艰险之中。
     欧阳一一，骨灰级的电脑高手，在以后的文章中，大家就可以看到人家是怎么玩电脑的。。。
     深入丛林、翻越大山、进入不见底的海洋只为探寻一个古老的传说……",1,ct-v1-student|student|学生|学生
nrv_eb5459d93df0c78f4ea2e577,"[""RAW_LANGUAGE_SCOPE_V1"",""[\""number\"",\""3\""]"",[""string"",""英语""]]",My Nasty Ex-girlfriend ,"Ethan is a businessman with a secret. His calm life gets shaken up when his ex, Madison, shows up out of the blue. She has surprising news: she's pregnant and has been caught up in a mess created by a guy named Aaron. Aaron is mean and greedy, and he has been pulling the strings in both their lives.

When Ethan finds out about Aaron's lies and shady dealings, he decides it's time to fight back. As Ethan digs deeper, it becomes clear that Aaron won't back down easily. He starts making threats, making things even scarier for Ethan and Madison.

With danger closing in, Ethan and Madison have no choice but to team up. They have to tackle lies and old hurts while trying to stay safe. As they work together, feelings that they thought were gone start bubbling up again. But trust is hard to find.

As the plot thickens, Ethan and Madison's battle against Aaron heats up. They face unexpected twists and confront their pasts. They must figure out if they can truly break free from Aaron or if the scars from their past will keep them trapped. Their fight isn't just about stopping Aaron; it's about taking control of their lives and their future.
",1,ct-v1-pregnancy|pregnancy|孕期|pregnant
nrv_eb95d876bd678c1cba165e9e,"[""RAW_LANGUAGE_SCOPE_V1"",""[\""number\"",\""19\""]"",[""null""]]",我，妖神，万物之主,"身具圣眼却被算计挖取，传承人皇血脉仍沦为宗门弃徒。
且看一介废柴如何逆天而行，踏天庭逗九天玄女，乱魔界镇压至尊女王；笑主十道轮回，亲掌诸天沉浮。",1,ct-v1-xianxia|xianxia|仙侠修真|宗门
nrv_ebe9c53345b3c13f4b3e8c8d,"[""RAW_LANGUAGE_SCOPE_V1"",""[\""number\"",\""3\""]"",[""string"",""英语""]]",The Scarlet Letter,"Delve into The Scarlet Letter, Nathaniel Hawthorne's meditation on human alienation and its effect on the soul in this story set in seventeenth-century Massachusetts and be dazzled by literature.

In Nathaniel Hawthorne's dark novel, The Scarlet Letter, a single sinful act ruins the lives of three people. None more so than Hester Prynne, a young, beautiful, and dignified woman, who conceived a child out of wedlock and receives the public punishment of having to always wear a scarlet ""A"" on her clothing.

She refuses to reveal the father of her child, which could lighten her sentence. Her husband, the aptly-named Roger Chillingworth, who Hester thought had died in a shipwreck but was actually being held captive by Native Americans, arrives at the exact moment of her deepest public shaming and vows to get revenge. Her lover, Arthur Dimmesdale, remains safely unidentified, but is wracked with guilt.

Though originally published in 1850, the story is set in seventeenth-century Massachusetts among Hawthorne's Puritan ancestors. In The Scarlet Letter, he created a story that highlighted both their weaknesses and their strengths. His knowledge of their beliefs and his admiration for their way of life was balanced by his concerns about their rigid and oppressive rules.

Complete and unabridged, this elegantly designed, clothbound edition features an elastic closure and a new introduction by Mike Lee Davis.",1,ct-v1-revenge|revenge|复仇|revenge
nrv_ef9e18e5601f5f1eecfd9ecb,"[""RAW_LANGUAGE_SCOPE_V1"",""[\""number\"",\""19\""]"",[""null""]]",盛世医妃：皇叔宠妻无度,"某日，皇后扶墙呕吐！
皇上大怒：“朕从未碰过你，你肚子里的孽种是谁的？”
皇叔霸道搂过皇后，剑眉一挑：“是本王的，你有意见？”
前世她权谋算计，只为助他登上大位，结果换来的却是满门抄斩，就连她和腹中未出生的孩儿也未曾幸免于难！
重生一世，她只为复仇而来，手撕绿茶虐渣，毁他帝王之路！
复仇途中，顺便搭上他那瘸腿又眼瞎的皇叔，做他的皇婶！",2,ct-v1-revenge|revenge|复仇|复仇 ;; ct-v1-rebirth|rebirth|重生|重生
nrv_efaac14ec07a10fa0214528a,"[""RAW_LANGUAGE_SCOPE_V1"",""[\""number\"",\""19\""]"",[""null""]]",万界神尊,"万千世界，各族争锋；亿万天才，群雄逐鹿。
遭人陷害而死的赵若尘逆天改命，重回十六岁。
这一世，他势必要弥补所有遗憾，再次追逐武道巅峰，亲手谱写一曲热血沸腾的传奇史诗！",1,ct-v1-genius|genius|天才|天才
nrv_f21af6a3763b7b5adcd94887,"[""RAW_LANGUAGE_SCOPE_V1"",""[\""number\"",\""3\""]"",[""string"",""英语""]]",The Hidden Medical Genius: Healing My Crippled Mafia Boss,"One wedding. Two brides. A lethal trap.
My stepsister got the sparkling gown and the Mafia’s golden heir.
I got a five-dollar dress and a dying groom.
My father traded me away to seal a silent assassination, selling me to Damien Carlisle—a paralyzed, disfigured warlord whose enemies were eagerly waiting for sepsis to claim his life.
""He won't last a month,"" my stepsister mocked, pouring wine down my back. ""Enjoy being a widow, dear sister.""
Stranded in a cold, decaying manor with a dying man and traitorous servants, I was expected to weep and perish in the dark.
They made one fatal mistake.
The weak, pathetic girl they trampled on is gone. In her place stands a soul back from another world—armed with supreme medical tech, lethal toxin mastery, and the V-9 AI system.
I opened my medical bag and looked at the sleeping beast beside me.
They sent me here to die with a crippled outcast.
Instead, I’m going to build an Emperor—and tear their world apart piece by piece.",1,ct-v1-emperor|emperor|皇帝|Emperor
nrv_f2fa231451dbb14952453621,"[""RAW_LANGUAGE_SCOPE_V1"",""[\""number\"",\""6\""]"",[""string"",""法语""]]",Vœux brisés: Le retour éclatant de l'héritière secrète,"Clementine avait passé deux ans à jouer l'épouse parfaite et soumise du milliardaire Donovan Bray.

Jusqu'au soir où elle a découvert qu'elle n'était classée dans ses dossiers que comme un « actif collatéral ». Un simple outil acheté pour rendre son ex, Gisela, jalouse.

Lorsqu'elle a osé se rebeller, la fureur de Donovan a explosé. Dans la violence de la dispute, elle a fait une chute terrible dans les escaliers de marbre de leur penthouse.

À son réveil à l'hôpital, le médecin lui a annoncé qu'elle venait de perdre le bébé qu'elle portait depuis six semaines.

Mais le véritable coup de grâce est venu du couloir.

À travers la porte entrouverte, elle a entendu son mari parler d'une voix glaciale.

« Ça ne change rien. C'était probablement mieux ainsi. »

Il a même menti à son ami en affirmant qu'elle était désormais définitivement stérile, balayant la mort de leur enfant comme un simple problème résolu.

Allongée dans le silence de sa chambre, le corps meurtri et l'âme en miettes, Clementine a senti une fureur ardente remplacer son désespoir. Donovan la croyait faible, fauchée et entièrement à sa merci.

Il ignorait qu'elle possédait vingt-sept millions de dollars sur un compte secret.

Il ne savait pas qu'elle était « C. », la créatrice anonyme de la marque de haute joaillerie la plus exclusive au monde.

Dès sa sortie de l'hôpital, elle a rédigé la demande de divorce et a bloqué la carte de crédit illimitée qu'il utilisait. Le jeu de l'épouse docile était terminé, l'heure de la vengeance avait sonné.",1,ct-v1-divorce|divorce|离婚|divorce
nrv_f4742692a67101a6f2c2e313,"[""RAW_LANGUAGE_SCOPE_V1"",""[\""number\"",\""20\""]"",[""null""]]",嬌妻養成守則,"男主寵女主，寵成小公主



餘生死了……

死前匆忙的梳妝打扮了一番，倉促的飯都沒顧得上吃

穿着妥當心滿意足又急不可耐的去死

像懷春少女急着去會小情人一樣



---你叫什麼名字？

---餘生

---嗯，很好聽的名字

---姓餘的女人生的，餘生，多餘的餘

---不是多餘，是餘生請多指教



你會喜歡我嗎，不會啊，那我教你好了。



上面那矯情兮兮的文案是那個狗慫寫的，真是胡幾把亂扯！



明明就是個心機凱臭不要臉的從小拐個媳婦回家養，然後媳婦長大重生了再養一遍的垃圾故事，講得那麼文藝小清新。



---良心排雷-使用指南---



1.青梅竹馬童養媳，重生



2.女主不小白，雙商在線



3寵文，妻控，從小寵到大

4.每天更新時間18:00之前，坑品有保障，有事會請假。",2,ct-v1-princess|princess|公主|公主 ;; ct-v1-rebirth|rebirth|重生|重生
nrv_f4b4b266d6a312edbfb76938,"[""RAW_LANGUAGE_SCOPE_V1"",""[\""number\"",\""19\""]"",[""null""]]",相女惊华,"丞相！ 
你与将军文武勾结欺君罔上女扮男装上朝朕忍了，你骂朕是智障朕也忍了，你戏弄邻国亲王朕好不容易忍了，你辜负朕妹妹的芳心朕咬碎了牙忍着，你企图嫁人当朕的舅妈做朕的长辈朕最后忍你一次。你居然要把一个个丑女塞进朕的后宫？八嘎呀路！你给朕滚过来！ 
什么？你居然是和朕一起穿越过来的同学？好吧朕原谅你了。 
但是你不能连朕梦中的皇后都和朕抢吧！ 
你把朕的皇后抢走了，朕娶你啊？ 
好主意，虽然你长得没有朕的皇后好看，朕再忍忍吧。 
可是你居然嫌弃英俊潇洒的朕？ 
丞相你等着，我们俩的账好好算算！",1,ct-v1-time-travel|time-travel|穿越|穿越
nrv_f53a55012dd5a9f7ab7fe384,"[""RAW_LANGUAGE_SCOPE_V1"",""[\""number\"",\""19\""]"",[""null""]]",御妖：我的宠物全是冲主逆兽,妖魔世界，人类和妖魔共存，靠驯服妖魔对战，生活，冒险。还有专门培育妖魔训练师的学校。藏锋穿越妖魔世界，获得提示系统。通过提示，得知稀有妖魔在哪，如何捕捉，如何进行隐藏进化。从此，训练师学院中，多了一个奇迹传说。,2,ct-v1-adventure|adventure|冒险|冒险 ;; ct-v1-time-travel|time-travel|穿越|穿越
nrv_f584b0af0953387efd165617,"[""RAW_LANGUAGE_SCOPE_V1"",""[\""number\"",\""6\""]"",[""string"",""法语""]]",Sous une lune rouge ,"SYNOPSIS 

Luna, jeune louve-garou de 17 ans, était la fierté de sa meute. Fille des Alphas Mikhail et Anastasia, elle vivait une existence paisible, bercée par l'amour de ses parents et la tendresse de son compagnon, Serebryany (qu'elle surnommait affectueusement Sereja). Tout lui souriait... jusqu'au jour où les ténèbres vinrent tout bouleverser.  

Un pacte fut scellé entre sa meute et leurs ennemis jurés, les Volkov, une lignée cruelle dirigée par l'impitoyable Dmitri ""Dark"" Volkov et son fils, Viktor ""Crow"" Volkov, un guerrier aussi séduisant que redoutable. La paix avait un prix, et Luna, malgré son statut de princesse de la meute, se retrouva piégée dans un jeu bien plus sombre que tout ce qu'elle avait connu.  

Sereja, furieux, serra les poings. ""Ils ne t'auront pas.""
Mais Viktor, avec un sourire empreint de danger, murmura : ""Trop tard, malyshka. Tu m'appartiens déjà.""  

Désormais, Luna devra choisir entre son devoir... et les secrets que cachent ses nouveaux alliés.
 
PROLOGUE 

Une nuit de trahison et de sang, où tout a commencé...


Territoire des Volkov, 17 ans plus tôt.

La pleine lune baignait la clairière d'une lumière spectrale, peignant d'argent les corps massifs des loups rassemblés en silence. L'odeur du sang flottait encore dans l'air, mélange âcre de fourrure brûlée et de terre souillée par les affrontements récents.

Au centre du cercle, deux Alphas se faisaient face.

Dmitri ""Dark"" Volkov, silhouette imposante aux yeux brûlants d'une lueur dorée, se tenait droit, son torse couvert de blessures encore fraîches. Face à lui, Mikhail Bielov, Alpha du clan rival, respirait difficilement. Son bras gauche pendait, disloqué, et une plaie béante courait sur son flanc. Mais malgré la douleur, un sourire amer flottait sur ses lèvres.

- ""C'est fini, Dark.""

Un grondement sourd parcourut l'assemblée des Volkov. Fini ? Non, ce n'était pas fini. Ils avaient perdu la guerre, mais pas leur fierté.

Dmitri avança lentement, son ombre démesurée s'étirant sur le sol.

- ""Je t'avais accordé ma confiance, Mikhail."" Sa voix, grave et rauque, portait la rage d'une bête trahie. ""Tu devais sceller notre alliance par le sang, et pourtant... Tu as osé briser le pacte.""

Mikhail ne répondit pas immédiatement. Son regard glissa vers une silhouette à demi dissimulée dans l'ombre, près du cercle des guerriers Volkov. Anastasia. Son épouse. La mère de sa fille à naître.

Elle portait contre elle un objet enveloppé de tissu noir. Un artefact, un fragment du pouvoir ancien que les Volkov gardaient précieusement depuis des générations. Et elle... elle le volait sous leurs yeux.

Dark pivota lentement, ses yeux d'or s'écarquillant.

- ""Anastasia..."" Son murmure était un venin qui glissa entre ses crocs. ""C'est toi qui l'as convaincu de me trahir.""

Elle ne nia pas. Elle serra juste plus fort le paquet contre sa poitrine.

- ""Je l'ai fait pour notre fille."" Sa voix ne trembla pas. ""Pour qu'elle ne naisse pas sous le joug d'une malédiction.""

Un silence de plomb s'abattit sur la clairière. Puis un hurlement déchira la nuit.

Dark Volkov se jeta sur eux.

La bataille fut brève mais impitoyable. Mikhail, malgré ses blessures, défendit Anastasia jusqu'au bout, repoussant les Volkov qui tentaient de les encercler. Mais ils étaient trop nombreux. Anastasia, dans un dernier regard désespéré, croisa celui de son époux avant de fuir dans les bois, emportant l'artefact avec elle.

Les arbres se refermèrent sur sa silhouette.

Mikhail tomba à genoux.

Dmitri Volkov, couvert du sang de son rival, se redressa. Son souffle était rauque, son regard, impitoyable.

- ""Ce n'est pas fini, Bielov."" Sa voix résonna comme une sentence. ""Un jour, votre lignée paiera cette trahison. Quand le sang de votre fille se mêlera au nôtre... alors seulement, nous serons quittes.""

Et ainsi fut scellée la prophétie qui, dix-sept ans plus tard, ramènerait Luna Volkova sur le territoire des Volkov.

Sous une lune rouge.",2,ct-v1-werewolf-luna|werewolf-luna|Luna（狼人女首领）|Luna ;; ct-v1-werewolf-alpha|werewolf-alpha|Alpha（狼人首领）|Alpha
nrv_f5e7825c5521f66f1f26bcee,"[""RAW_LANGUAGE_SCOPE_V1"",""[\""number\"",\""5\""]"",[""string"",""葡语""]]",A última Pedrom,"Rejeitada pelo pai, ela descobre o verdadeiro sentido de família.
Com um sorriso fácil tudo leva a crer que é uma ingênua e sucumbirá as maldades que passam na mente de Demom, um homem que teve o destino traçado por seu pai e seu consigleire, que anos mais tarde foi o responsável pela morte do mesmo.

Mas a vida desta garota foi traçada com base em segredos, e a cada reviravolta ele descobrirá algo sobre a sua inimiga..., ódio e amor a linha mais tênue que ja foi traçada.
Vamos embarcar nesta história, vamos do inicio ao fim do livro ver os descaminhos que eles vão enfrentar.

Trata-se de uma obra é um romance dark.",1,ct-v1-romance|romance|言情|romance
nrv_f89d13bfb0fe0b6ba64f6801,"[""RAW_LANGUAGE_SCOPE_V1"",""[\""number\"",\""6\""]"",[""string"",""法语""]]",Folie meurtrière,"Au cours de l'automne 2014, une série de meurtres ébranle la capitale française. En moins d'un mois, trois prostituées, appartenant à un réseau de proxénétisme, sont brutalement assassinées. Sur chaque scène de crime se trouve une empreinte de main ensanglantée. Alors que la lieutenante de police Patricia Monroe et ses collègues mènent des enquêtes nuit et jour, Débora Logan, une journaliste ayant surnommé le criminel « le Tueur à la Main Rouge », semble s'intéresser de trop près à l'affaire. Quelque temps après un quatrième homicide, Débora se retrouve captive. Dès lors, une course contre la montre s'enclenche entre le meurtrier et Patricia qui tente de la sauver. Ainsi, les motivations de l'assassin, liées au passé de ses proches et susceptibles de mettre sa famille en danger, ne resteront pas un secret pour la jeune femme.


À PROPOS DE L'AUTEUR


Féru de la littérature policière, Logan Lambert s'évade dans cet univers qui, au-delà de l'aspect de la résolution d'enquête, l'emmène à s'identifier aux personnages de l'histoire. Avec Folie meurtrière, il propose un récit de parents, d'amis et de policiers dévoués qui ont pour objectif de trouver un équilibre entre la justice et la sécurité dans un monde périlleux.",2,ct-v1-crime|crime|犯罪|crime ;; ct-v1-assassin|assassin|刺客|assassin
nrv_f9240bddb4689830dab8a930,"[""RAW_LANGUAGE_SCOPE_V1"",""[\""number\"",\""19\""]"",[""null""]]",枕上蜜宠：腹黑影帝请投降,"上一世她任打任骂只是他的玩偶，付出了真心得到的却是他的一句你只是我的玩物而已。

这一世她穿越而来不想重蹈覆辙，谁知他也穿梭而来，不想放手的他究竟要怎样对她，而她又该何去何从。",1,ct-v1-time-travel|time-travel|穿越|穿越
nrv_f948b62041effffeb5391ee0,"[""RAW_LANGUAGE_SCOPE_V1"",""[\""number\"",\""20\""]"",[""null""]]",傾城毒妃；邪王榻上輕寵,她本是二十一世紀王牌特工，一朝穿越成了將軍府大小姐。結果父母過世，財產被二叔二嬸吞噬，就連未婚夫也被自家白蓮花妹妹欲奪去，這就算了，還搞各種暗殺偷襲的！居然自己撞到老娘槍口上來了！好！很好！看她怎麼絕地反擊！讓渣男渣女吃不了兜著走！本以為能舒適的過個土豪日子，結果報應來了！“九王爺這是幹啥，說好了君子動口不動手，您怎麼一塊動了！”“我在動我的女人人有毛病？”。。。“這輩子你只能做我的女人，給我生一堆的孩子！不用感動，這...是本王分內之事。”凰北夏：“...”感動你大爺！        ,1,ct-v1-time-travel|time-travel|穿越|穿越
nrv_fa01c5d363719c8a29645543,"[""RAW_LANGUAGE_SCOPE_V1"",""[\""number\"",\""19\""]"",[""null""]]",医妃：新婚夜，短命王爷他疯狂撩我,【医妃+空间+替嫁+甜宠+男强女更强】一代天才医者带着神秘空间穿越到一个崭新的世界，成了替亲妹妹出嫁冲喜的工具人王妃。王府里有人想她死，娘家有人要她命，就连皇宫里也有人看她不顺眼。她的好妹妹，不是你自己当初要姐姐替你出嫁的吗，怎么现在看着王爷活蹦乱跳的，就想除掉姐姐，自己上位了？朝中大臣设计陷害，还要在耳边搞阴谋论。何沉烟：“王爷，有人觊觎我~”楚骁：“走开！王妃只能是我一个人的。”,3,ct-v1-sweetness|sweetness|甜宠|甜宠 ;; ct-v1-genius|genius|天才|天才 ;; ct-v1-substitute-marriage|substitute-marriage|替嫁|替嫁
nrv_fb24721f8149c9be3566a2ff,"[""RAW_LANGUAGE_SCOPE_V1"",""[\""number\"",\""22\""]"",[""string"",""土耳其语""]]",Kaderin Seçimi: Sevilmez Dedikleri Adamla Evlendi,"Sude, kız kardeşi yerine geçerek kötü şöhretli, çirkin görünüşlü ve sorunlu bir geçmişe sahip bir adamla evlendi.

Düğün gününde damadın kendi ailesi bile onu yalnız bıraktı, kasaba halkı ise bu evliliğin çökeceğinden emin bir şekilde fısıltılar ve alaylarla onları izledi.

Ancak Sude'nin kariyeri hızla yükselişe geçti ve aralarındaki aşk günden güne daha da derinleşti.

Daha sonra, büyük bir organizasyonda, dünyaca ünlü bir holdingin CEO'su maskesini çıkardı. Ortaya çıkan yüz, Sude'nin kocasından başkası değildi ve herkesi şok etti.

***

Arda, ailesinin dayattığı bu eşe ilgi duymuyordu ve onun kaçıp gitmesini umarak kimliğini gizlemişti.

Fakat Sude'nin gerçekten gitmeye hazırlandığını gördüğünde, Arda'nın soğuk ve kontrolcü tavrı bir anda çöktü. Onu kollarına çekip alçak bir sesle fısıldadı: ""Lütfen gitme, Sude. Bana bir öpücük ver, sana dünyanın kapılarını açayım.""",1,ct-v1-wealthy-ceo|wealthy-ceo|豪门总裁|CEO
nrv_fd06403847bcd28bd140cadc,"[""RAW_LANGUAGE_SCOPE_V1"",""[\""number\"",\""3\""]"",[""string"",""英语""]]",The Immortals Awaited Mate,"On your 18th birthday, you don't get cake; you get cursed!"" 

Riley's life suddenly fell apart on his 18th birthday when he turned into a werewolf during his game. 

Confused and lost, he was told he no longer belonged to the world he's always known. 

He never believed in a supernatural world and planned his escape, but what he doesn't know is that he is already bound to three immortals. 

The lycan, Dragon, and Vampire, who is not planning on letting him go

Riley does not plan on staying either.


",3,ct-v1-vampire|vampire|吸血鬼|Vampire ;; ct-v1-supernatural|supernatural|灵异|supernatural ;; ct-v1-werewolf|werewolf|狼人|werewolf
nrv_fd75852b4b0e1ad77bdef3a1,"[""RAW_LANGUAGE_SCOPE_V1"",""[\""number\"",\""20\""]"",[""null""]]",萬古妖皇,"

曾經他是叱詫風雲的北冥戰神,劍鋒所指無人能擋.如今卻因族人背叛險些形神俱滅,一縷殘魂落入妖獸體內.

數載之後,虛空破碎,幻世妖皇再臨萬界!

",1,ct-v1-betrayal|betrayal|背叛|背叛
nrv_fe71ec77b7aaee64ba8eaf35,"[""RAW_LANGUAGE_SCOPE_V1"",""[\""number\"",\""13\""]"",[""string"",""越南语""]]","Bị Alpha của tôi từ chối, được vương miện của tôi tuyên bố","Chồng tôi, CEO Trịnh Đức Thắng, đã tổ chức một buổi tiệc đầy tháng hoành tráng cho con trai của nhân tình. Và tôi, Giản Hồng Anh, người vợ danh chính ngôn thuận đang mang thai bốn tháng đứa con thừa kế thực sự của anh, lại là người duy nhất không được mời.

Khi tôi đến đối chất, anh ta lại đứng che chắn cho cô ta, lạnh lùng ra lệnh cho tôi cút đi.

Ả nhân tình không buông tha, cô ta cố tình xô tôi ngã. Tôi ngã xuống sàn, máu bắt đầu chảy ra từ dưới váy.

Nhưng chồng tôi, anh ta thậm chí không liếc nhìn tôi lấy một lần.

Anh ta vội vàng bế đứa con của nhân tình, lo lắng đi tìm bác sĩ, bỏ mặc tôi và người thừa kế thực sự của anh ta đang chờ chết trên sàn nhà lạnh lẽo.

Tình yêu ba năm, sự hy sinh của tôi, tất cả đã trở thành một trò cười. Hóa ra trong mắt anh ta, tôi chỉ là một cô gái mồ côi không nơi nương tựa, có thể tùy ý vứt bỏ.

Nhưng anh ta không biết, chỉ cần tôi muốn, cả thế giới này có thể là của tôi. Được thôi, Trịnh Đức Thắng, anh đã chọn con đường của mình. Vậy thì, hãy để tôi cho anh thấy, cái giá phải trả khi vứt bỏ một công chúa là gì.",1,ct-v1-wealthy-ceo|wealthy-ceo|豪门总裁|CEO
nrv_fe99fe4dbd6a1f77cb24c734,"[""RAW_LANGUAGE_SCOPE_V1"",""[\""number\"",\""3\""]"",[""string"",""英语""]]",An English Writer,"When an inquisitive young man finds a tattered old poetry book which had slipped behind shelves at the back of a musty second-hand book shop in Rangoon/Yangon, his curiosity about the long-forgotten author is sparked. But bookworm Lin’s quest to find out more about the life of the mysterious, unheralded colonial author takes him into a labyrinth where he discovers truth and lies. When bewildered Lin accidentally loses the book, is everything lost? This suspense-filled tale reveals heart-warming surprises, and ultimately, secrets about life remembering and immortality.
The novel is mainly about the forgotten British poet/writer named C. J Richards who lived in Burma/Myanmar in colonial times and he believed himself as a Burmophile. He served as I.C.S (Indian Civil Servant) and when he retired from I.C.S service, he was a D.C (District Commissioner) and he left for England a year before Burma gained its independence in 1948. He came to Burma in 1920 to work in civil service after passing the hardest I.C.S examination. He wrote several books on Burma and contributed many monthly articles to Guardian Magazine published in Burma from 1953 to 1974 or 1975. Though he wrote several books which had much literary merit to both communities, Britain and Burma (Myanmar), people failed to recognize him. 
The story has three parts: one part is set in the contemporary Yangon  (then called Rangoon) in 2016 and 2017 context and a young literary enthusiast named “Lin” found out unexpectedly the forgotten writer's poetry book and there is surely a good deal of time gap that led him into a quest to know more about the author’s life. The setting is quite different compared to colonial Burma and independence Myanmar (Burma), early twentieth century and 2016 which is a transitional period in Myanmar. 
The writer’s life is fictionalized in the novel and most of the facts are taken from his personal stories and other reference books. It is a kind of historical novel with a twist and it has comparatively constructed the two different periods in Myanmar history to convince readers, locally and abroad more about history, authorship, humanity, colonialism, and transitional development in Myanmar today.
",1,ct-v1-suspense|suspense|悬疑|suspense
nrv_ff6a57d9060e383e53ec60a7,"[""RAW_LANGUAGE_SCOPE_V1"",""[\""number\"",\""3\""]"",[""string"",""英语""]]","His Unwanted Fiancée, The Rival King's Obsession","I was three days away from marrying the Underboss of the Fazio crime family when I unlocked his burner phone.

The screen glowed toxic bright in the dark next to my sleeping fiancé.

A message from a contact saved as 'Little Trouble' read: ""She is just a statue, Dante. Come back to bed.""

Attached was a photo of a woman lying in the sheets of his private office, wearing his shirt.

My heart didn't break; it simply stopped.

For eight years, I believed Dante was the hero who pulled me from a burning opera house. I played the perfect, loyal Mafia Princess for him.

But heroes don't give their mistresses rare pink diamonds while giving their fiancées cubic zirconia replicas.

He didn't just cheat. He humiliated me.

He defended his mistress over his own soldiers in public. He even abandoned me on the side of the road on my birthday because she faked a pregnancy emergency.

He thought I was weak. He thought I would accept the fake ring and the disrespect because I was just a political pawn.

He was wrong.

I didn't cry. Tears are for women who have options. I had a strategy.

I walked into the bathroom and dialed a number I hadn't dared to call in a decade.

""Speak,"" a voice like gravel growled on the other end.

Lorenzo Moretti. The Capo of the rival family. The man my father called the Devil.

""The wedding is off,"" I whispered, staring at my reflection.

""I want an alliance with you, Enzo. And I want the Fazio family burned to the ground.""",3,ct-v1-crime|crime|犯罪|crime ;; ct-v1-princess|princess|公主|Princess ;; ct-v1-mafia|mafia|黑帮|Mafia
